userId,locality,keywords,u_type,dest_fav
3037,Banga Bakundu,"Assistance bagages,Sièges inclinables",Traveler,Fontem
484,Bonakouamouang,"Sièges inclinables,Espace de rangement,Chauffeur expérimenté,Boisson gratuite,Connectivité,Cuisine",Traveler,Boutours
4385,Gazawa,Ponctualité,Planner,Bonamoussadi
4299,Bonakouamouang,"Navigation GPS,Cuisine,Assistance bagages,Espace de rangement,Silence,Musique,Connectivité,Éclairage tamisé,Vue panoramique,Animaux acceptés,Conversation,Climatisation,Ponctualité,Sport,Conduite souple,Ambiance chaleureuse,Langue parlée,Sièges inclinables,Confort",Planner,Buea
772,Douala,"Éclairage tamisé,Sport,Animaux acceptés,Navigation GPS,Silence",Traveler,Figuif
1773,Buea,"Espace de rangement,Chauffeur expérimenté,Climatisation,Vue panoramique,Assistance bagages,Navigation GPS,Sport",Planner,Messa
835,Belo,"Sport,Silence,Navigation GPS,Confort,Vue panoramique,Assistance bagages,Boisson gratuite,Conversation,Sièges inclinables,Conduite souple,Espace de rangement,Wi-Fi gratuit,Musique,Climatisation,Animaux acceptés,Connectivité,Cuisine,Ponctualité,Éclairage tamisé",Traveler,Edéa
4641,Bafoussam,"Espace de rangement,Musique,Conduite souple,Chauffeur expérimenté,Animaux acceptés,Climatisation,Ambiance chaleureuse,Cuisine,Vue panoramique,Boisson gratuite,Wi-Fi gratuit",Traveler,Maroua
4270,Edéa,"Ambiance chaleureuse,Confort,Sièges inclinables,Silence,Sport,Connectivité,Assistance bagages,Éclairage tamisé,Climatisation,Musique,Espace de rangement,Vue panoramique,Boisson gratuite",Traveler,Bandjoun
1949,Campo,"Éclairage tamisé,Musique,Boisson gratuite,Ponctualité,Conversation,Espace de rangement,Langue parlée,Navigation GPS,Assistance bagages,Animaux acceptés,Ambiance chaleureuse,Confort,Sièges inclinables,Wi-Fi gratuit",Planner,Mora
4029,Nkongsamba,"Ponctualité,Conduite souple,Silence,Éclairage tamisé,Navigation GPS,Conversation,Wi-Fi gratuit,Langue parlée,Connectivité,Chauffeur expérimenté,Musique,Sièges inclinables,Confort,Animaux acceptés,Assistance bagages,Boisson gratuite,Sport,Cuisine,Ambiance chaleureuse",Traveler,Figuif
2487,Fontem,"Vue panoramique,Connectivité,Climatisation,Espace de rangement,Cuisine,Confort,Ambiance chaleureuse,Wi-Fi gratuit,Animaux acceptés,Conduite souple",Planner,Essos
2555,Figuif,"Espace de rangement,Climatisation,Silence,Animaux acceptés,Boisson gratuite,Confort,Ambiance chaleureuse,Conduite souple,Wi-Fi gratuit,Chauffeur expérimenté,Ponctualité,Sièges inclinables,Conversation",Traveler,Buea
2707,Nkongsamba,"Confort,Chauffeur expérimenté,Animaux acceptés,Wi-Fi gratuit,Sport,Navigation GPS,Espace de rangement,Vue panoramique,Boisson gratuite,Ponctualité,Sièges inclinables,Cuisine,Assistance bagages,Conversation",Planner,Bamenda
1206,Belabo,"Boisson gratuite,Ponctualité,Assistance bagages,Animaux acceptés,Conduite souple,Confort,Wi-Fi gratuit,Musique,Vue panoramique,Cuisine",Planner,Bertoua
3440,Kribi,"Langue parlée,Ambiance chaleureuse,Conduite souple,Musique,Wi-Fi gratuit,Sièges inclinables,Navigation GPS,Confort,Connectivité,Silence,Vue panoramique,Conversation,Boisson gratuite,Espace de rangement,Animaux acceptés,Cuisine,Assistance bagages",Traveler,Fontem
593,Bertoua,"Musique,Sport,Animaux acceptés,Confort,Boisson gratuite,Assistance bagages,Silence,Conversation,Wi-Fi gratuit,Connectivité,Ponctualité,Langue parlée,Chauffeur expérimenté",Planner,Bertoua
2441,Campo,"Navigation GPS,Climatisation,Confort,Sport,Vue panoramique,Ponctualité,Éclairage tamisé,Wi-Fi gratuit,Langue parlée,Connectivité,Assistance bagages,Musique,Chauffeur expérimenté,Sièges inclinables,Animaux acceptés,Cuisine,Boisson gratuite,Ambiance chaleureuse,Espace de rangement,Conversation,Silence,Conduite souple",Planner,Edéa
3906,Mbandjock,"Boisson gratuite,Wi-Fi gratuit,Assistance bagages,Ponctualité,Conversation,Silence,Langue parlée,Ambiance chaleureuse,Cuisine",Planner,Mokolo
2368,Bimbia,"Conversation,Vue panoramique,Silence,Navigation GPS,Confort,Wi-Fi gratuit,Assistance bagages,Chauffeur expérimenté,Boisson gratuite,Conduite souple,Musique,Cuisine,Éclairage tamisé,Connectivité,Sport,Espace de rangement,Ambiance chaleureuse",Planner,Mbouda
4168,Banga Bakundu,"Ponctualité,Vue panoramique,Connectivité,Animaux acceptés,Climatisation,Conduite souple,Langue parlée,Chauffeur expérimenté,Sièges inclinables,Éclairage tamisé,Navigation GPS,Cuisine,Silence,Musique,Sport,Assistance bagages,Confort,Ambiance chaleureuse",Traveler,Dibombari
2032,Maroua,"Cuisine,Sièges inclinables,Éclairage tamisé,Boisson gratuite,Espace de rangement,Musique,Confort,Langue parlée,Connectivité,Chauffeur expérimenté,Silence",Planner,Boutours
1918,Mbandjock,"Assistance bagages,Connectivité,Climatisation,Sièges inclinables,Navigation GPS,Sport,Conduite souple,Langue parlée",Planner,Bafang
1016,Beti,"Chauffeur expérimenté,Sièges inclinables,Ambiance chaleureuse,Musique,Confort,Ponctualité,Cuisine,Animaux acceptés,Boisson gratuite,Espace de rangement,Navigation GPS,Éclairage tamisé,Sport,Connectivité,Vue panoramique,Assistance bagages,Conduite souple,Climatisation",Traveler,Kribi
1847,Campo,"Wi-Fi gratuit,Ambiance chaleureuse,Conduite souple",Planner,Beti
4972,Bali Nyonga,"Vue panoramique,Sièges inclinables,Wi-Fi gratuit,Silence,Langue parlée,Assistance bagages,Chauffeur expérimenté,Ambiance chaleureuse,Navigation GPS",Traveler,Nanga-Eboko
514,Belo,"Confort,Langue parlée,Connectivité,Musique,Éclairage tamisé,Cuisine,Conduite souple,Sport,Ponctualité,Silence,Chauffeur expérimenté,Conversation,Climatisation,Assistance bagages,Espace de rangement",Traveler,Mora
299,Yagoua,"Confort,Wi-Fi gratuit,Connectivité,Conversation,Boisson gratuite",Planner,Mora
1174,Meiganga,"Espace de rangement,Boisson gratuite,Langue parlée,Navigation GPS,Sport,Connectivité,Ambiance chaleureuse,Chauffeur expérimenté,Éclairage tamisé",Traveler,Gazawa
4777,Bonanjo,"Musique,Chauffeur expérimenté,Boisson gratuite,Éclairage tamisé,Confort,Assistance bagages,Espace de rangement,Navigation GPS,Conduite souple,Animaux acceptés,Climatisation,Conversation,Cuisine,Sièges inclinables,Vue panoramique",Traveler,Nkongsamba
2627,Garoua,"Chauffeur expérimenté,Silence,Navigation GPS,Langue parlée,Animaux acceptés,Vue panoramique,Éclairage tamisé,Sièges inclinables,Conversation,Confort,Connectivité,Cuisine,Wi-Fi gratuit,Assistance bagages,Sport,Ambiance chaleureuse,Ponctualité,Boisson gratuite,Musique,Climatisation,Espace de rangement",Planner,Batibo
237,Bonabéri,"Wi-Fi gratuit,Sièges inclinables,Musique,Navigation GPS,Ambiance chaleureuse,Cuisine,Vue panoramique",Traveler,Bimbia
3625,Bonanjo,"Navigation GPS,Chauffeur expérimenté,Connectivité,Cuisine,Confort,Éclairage tamisé,Espace de rangement,Musique,Sièges inclinables,Assistance bagages,Conversation,Boisson gratuite",Planner,Limbe
3449,Banga Bakundu,"Musique,Vue panoramique",Traveler,Beti
3110,Bertoua,"Navigation GPS,Wi-Fi gratuit,Ambiance chaleureuse,Éclairage tamisé",Traveler,Mbouda
439,Messa,"Climatisation,Conduite souple,Confort,Navigation GPS",Traveler,Yaounde
3449,Figuif,"Espace de rangement,Confort,Sièges inclinables,Cuisine,Ponctualité,Sport,Connectivité,Climatisation,Musique,Silence",Planner,Yaounde
1493,Meiganga,"Vue panoramique,Cuisine,Langue parlée",Planner,Bafang
1541,Figuif,"Wi-Fi gratuit,Connectivité,Musique,Langue parlée,Silence,Ambiance chaleureuse,Conduite souple,Climatisation,Ponctualité",Planner,Bafia
4110,Dibombari,Conduite souple,Traveler,Bali
605,Dibombari,"Climatisation,Assistance bagages,Wi-Fi gratuit,Sport,Éclairage tamisé,Boisson gratuite,Conduite souple,Conversation,Chauffeur expérimenté,Navigation GPS,Confort,Ambiance chaleureuse,Animaux acceptés,Langue parlée,Sièges inclinables",Traveler,Mbandjock
4415,Bafang,"Chauffeur expérimenté,Éclairage tamisé,Sièges inclinables,Climatisation,Confort,Musique,Conduite souple,Langue parlée,Ponctualité,Silence",Planner,Boutours
521,Beti,"Ponctualité,Climatisation,Wi-Fi gratuit,Cuisine,Connectivité,Boisson gratuite,Sièges inclinables,Ambiance chaleureuse,Confort,Langue parlée,Éclairage tamisé,Animaux acceptés,Conversation,Sport,Conduite souple,Chauffeur expérimenté,Vue panoramique,Musique",Planner,Bonaberi
2546,Loum,"Sièges inclinables,Conversation",Planner,Kousseri
2660,Bertoua,"Sport,Boisson gratuite,Connectivité,Confort,Climatisation,Animaux acceptés,Éclairage tamisé,Cuisine,Ponctualité,Conduite souple,Silence,Wi-Fi gratuit,Musique,Ambiance chaleureuse,Conversation,Assistance bagages,Langue parlée,Chauffeur expérimenté,Navigation GPS,Vue panoramique,Sièges inclinables,Espace de rangement",Planner,Figuif
1605,Yaounde,"Navigation GPS,Ambiance chaleureuse,Silence,Sport,Confort,Sièges inclinables,Wi-Fi gratuit,Boisson gratuite,Vue panoramique,Chauffeur expérimenté,Assistance bagages,Conduite souple,Climatisation,Animaux acceptés,Éclairage tamisé,Cuisine,Conversation,Connectivité,Ponctualité,Langue parlée,Espace de rangement",Traveler,Bonakouamouang
3750,Figuif,"Animaux acceptés,Éclairage tamisé,Conversation,Vue panoramique,Ambiance chaleureuse,Wi-Fi gratuit,Chauffeur expérimenté,Langue parlée,Silence,Navigation GPS,Sièges inclinables,Ponctualité,Assistance bagages,Musique,Conduite souple,Confort,Climatisation,Sport,Espace de rangement,Boisson gratuite,Connectivité",Traveler,Bimbia
1436,Limbe,"Cuisine,Éclairage tamisé,Navigation GPS,Animaux acceptés,Sièges inclinables,Assistance bagages,Wi-Fi gratuit,Chauffeur expérimenté,Confort,Vue panoramique,Connectivité,Conversation",Traveler,Bertoua
3170,Figuif,"Climatisation,Cuisine,Sièges inclinables,Éclairage tamisé,Musique,Ambiance chaleureuse,Sport,Connectivité,Vue panoramique,Ponctualité,Confort,Langue parlée,Animaux acceptés,Espace de rangement,Wi-Fi gratuit,Navigation GPS",Traveler,Guider
1371,Mutengene,"Espace de rangement,Conduite souple,Conversation,Ponctualité,Sièges inclinables,Vue panoramique,Musique,Éclairage tamisé,Assistance bagages,Wi-Fi gratuit,Silence,Langue parlée,Animaux acceptés,Navigation GPS,Confort,Sport,Ambiance chaleureuse,Connectivité,Cuisine,Chauffeur expérimenté,Boisson gratuite,Climatisation",Planner,Bonamoussadi
2679,Bertoua,"Éclairage tamisé,Vue panoramique,Navigation GPS,Boisson gratuite,Animaux acceptés,Musique,Confort,Cuisine,Ambiance chaleureuse,Sport,Assistance bagages,Langue parlée,Sièges inclinables,Climatisation,Conversation,Silence,Conduite souple",Traveler,Dibombari
4625,Boutours,"Climatisation,Conduite souple,Assistance bagages,Sièges inclinables,Musique,Wi-Fi gratuit,Silence,Confort,Ambiance chaleureuse,Animaux acceptés",Planner,Yagoua
3858,Bimbia,Langue parlée,Planner,Bafang
289,Maroua,"Sièges inclinables,Assistance bagages,Confort,Espace de rangement,Ambiance chaleureuse,Ponctualité,Vue panoramique,Navigation GPS,Musique,Connectivité,Conduite souple,Éclairage tamisé,Climatisation,Wi-Fi gratuit,Silence,Langue parlée,Sport,Boisson gratuite,Cuisine,Animaux acceptés,Chauffeur expérimenté",Planner,Batibo
2765,Banga Bakundu,"Éclairage tamisé,Musique,Confort,Boisson gratuite,Langue parlée,Sport,Ponctualité,Silence,Chauffeur expérimenté,Vue panoramique",Planner,Bonabéri
2006,Yaounde,"Animaux acceptés,Cuisine,Espace de rangement,Navigation GPS,Assistance bagages,Sièges inclinables,Musique,Wi-Fi gratuit,Conversation,Silence,Vue panoramique,Éclairage tamisé,Boisson gratuite,Conduite souple,Ponctualité,Langue parlée,Climatisation,Confort,Sport,Ambiance chaleureuse,Connectivité,Chauffeur expérimenté",Planner,Douala
1429,Bali,Chauffeur expérimenté,Traveler,Meiganga
4601,Bali Nyonga,"Climatisation,Boisson gratuite,Animaux acceptés,Éclairage tamisé,Connectivité",Traveler,Edéa
515,Essos,"Animaux acceptés,Cuisine,Musique",Traveler,Bonabéri
73,Boutours,"Climatisation,Cuisine,Espace de rangement,Conduite souple,Conversation,Animaux acceptés,Sièges inclinables,Sport,Assistance bagages,Boisson gratuite,Ponctualité,Wi-Fi gratuit,Navigation GPS",Traveler,Garoua
4100,Bali,"Connectivité,Animaux acceptés,Sièges inclinables,Espace de rangement,Éclairage tamisé,Conversation,Musique",Traveler,Douala
2503,Batibo,Espace de rangement,Planner,Dibombari
1855,Kribi,"Espace de rangement,Navigation GPS,Conversation,Climatisation,Sport,Ambiance chaleureuse",Planner,Banga Bakundu
4641,Muyuka,"Conduite souple,Sport,Confort,Boisson gratuite,Musique,Climatisation,Chauffeur expérimenté,Assistance bagages,Espace de rangement,Animaux acceptés,Sièges inclinables,Langue parlée,Cuisine,Vue panoramique,Éclairage tamisé,Navigation GPS,Connectivité,Conversation,Wi-Fi gratuit",Planner,Bimbia
4146,Garoua,"Cuisine,Climatisation,Sièges inclinables,Ambiance chaleureuse,Confort,Animaux acceptés,Langue parlée,Connectivité,Chauffeur expérimenté,Boisson gratuite,Espace de rangement,Assistance bagages,Conversation,Vue panoramique,Silence,Ponctualité,Wi-Fi gratuit",Planner,Bimbia
858,Mbanga,Vue panoramique,Traveler,Batibo
1840,Garoua,"Musique,Chauffeur expérimenté,Navigation GPS,Assistance bagages,Climatisation,Boisson gratuite,Cuisine,Éclairage tamisé,Sport",Planner,Bafoussam
3461,Kumba,"Chauffeur expérimenté,Cuisine,Vue panoramique",Planner,Bali Nyonga
4862,Bafang,"Silence,Animaux acceptés,Espace de rangement,Confort,Assistance bagages,Musique,Climatisation,Sièges inclinables,Connectivité,Chauffeur expérimenté,Ponctualité,Boisson gratuite,Éclairage tamisé,Navigation GPS,Sport,Conduite souple,Conversation,Wi-Fi gratuit,Langue parlée,Vue panoramique",Planner,Nanga-Eboko
4867,Kribi,"Éclairage tamisé,Confort,Langue parlée,Ponctualité,Cuisine",Planner,Banga Bakundu
3669,Meiganga,"Ponctualité,Vue panoramique,Navigation GPS,Sièges inclinables,Wi-Fi gratuit,Langue parlée,Ambiance chaleureuse,Boisson gratuite,Éclairage tamisé,Sport,Musique,Connectivité,Conduite souple,Assistance bagages,Climatisation,Animaux acceptés,Confort,Espace de rangement,Chauffeur expérimenté,Conversation",Traveler,Mbandjock
1646,Banga Bakundu,"Musique,Espace de rangement,Cuisine,Wi-Fi gratuit,Éclairage tamisé,Chauffeur expérimenté,Ponctualité,Sièges inclinables,Conversation,Climatisation,Vue panoramique,Conduite souple,Sport",Traveler,Yagoua
1881,Mutengene,"Connectivité,Vue panoramique,Boisson gratuite,Assistance bagages,Conduite souple",Traveler,Messa
3797,Bogo,"Chauffeur expérimenté,Connectivité,Boisson gratuite,Wi-Fi gratuit,Cuisine",Traveler,Mutengene
3889,Mutengene,"Conversation,Cuisine,Langue parlée,Espace de rangement,Vue panoramique,Animaux acceptés,Silence",Traveler,Bali Nyonga
750,Fontem,"Espace de rangement,Confort,Ambiance chaleureuse,Connectivité,Vue panoramique,Wi-Fi gratuit,Sport,Conduite souple,Navigation GPS,Cuisine",Traveler,Nkongsamba
2174,Bertoua,"Espace de rangement,Wi-Fi gratuit,Sièges inclinables,Éclairage tamisé,Conduite souple,Langue parlée,Cuisine,Vue panoramique,Chauffeur expérimenté,Climatisation,Boisson gratuite,Navigation GPS,Conversation,Animaux acceptés,Sport,Confort",Planner,Dibombari
3829,Bonaberi,"Climatisation,Cuisine,Connectivité,Conduite souple,Ambiance chaleureuse,Wi-Fi gratuit,Chauffeur expérimenté",Traveler,Edéa
878,Belabo,"Musique,Animaux acceptés,Langue parlée,Ambiance chaleureuse,Navigation GPS,Vue panoramique,Connectivité,Chauffeur expérimenté,Cuisine,Sièges inclinables,Silence,Assistance bagages,Wi-Fi gratuit,Confort",Traveler,Mutengene
3324,Beti,"Sport,Climatisation,Espace de rangement",Planner,Edéa
2027,Banga Bakundu,"Musique,Connectivité,Langue parlée,Ambiance chaleureuse,Sport,Boisson gratuite,Wi-Fi gratuit,Navigation GPS,Conversation,Vue panoramique,Cuisine,Sièges inclinables,Silence,Éclairage tamisé,Chauffeur expérimenté,Ponctualité,Confort,Animaux acceptés,Assistance bagages",Traveler,Mbalmayo
4106,Bali,"Silence,Confort,Espace de rangement,Animaux acceptés,Wi-Fi gratuit,Vue panoramique,Cuisine",Traveler,Edéa
3131,Kousseri,"Connectivité,Ambiance chaleureuse,Navigation GPS,Wi-Fi gratuit,Conduite souple,Ponctualité,Confort,Boisson gratuite,Langue parlée,Animaux acceptés,Musique,Vue panoramique,Conversation,Cuisine,Chauffeur expérimenté,Espace de rangement",Traveler,Yagoua
4918,Batibo,"Conversation,Ponctualité,Chauffeur expérimenté,Vue panoramique,Boisson gratuite,Sièges inclinables,Connectivité,Climatisation,Silence",Planner,Nanga-Eboko
645,Nanga-Eboko,"Confort,Espace de rangement,Sport,Ambiance chaleureuse,Connectivité,Sièges inclinables",Planner,Bertoua
3828,Bonanjo,"Chauffeur expérimenté,Boisson gratuite,Sièges inclinables,Ponctualité,Conversation,Confort,Vue panoramique,Éclairage tamisé,Silence,Wi-Fi gratuit,Navigation GPS,Musique,Cuisine,Animaux acceptés,Conduite souple,Assistance bagages,Sport",Traveler,Maroua
2470,Buea,"Ponctualité,Assistance bagages,Sièges inclinables",Traveler,Meiganga
619,Edéa,"Silence,Cuisine,Connectivité,Assistance bagages,Ambiance chaleureuse,Navigation GPS,Sièges inclinables,Vue panoramique,Ponctualité,Boisson gratuite",Planner,Buea
299,Dibombari,"Chauffeur expérimenté,Wi-Fi gratuit,Connectivité,Conversation",Planner,Bertoua
4972,Bimbia,"Conversation,Chauffeur expérimenté,Ambiance chaleureuse,Navigation GPS",Traveler,Nkongsamba
4232,Guider,"Boisson gratuite,Éclairage tamisé,Silence,Wi-Fi gratuit,Assistance bagages,Musique,Animaux acceptés,Sièges inclinables,Langue parlée,Conversation,Connectivité,Sport,Confort,Navigation GPS,Climatisation,Espace de rangement,Ambiance chaleureuse,Cuisine,Ponctualité,Chauffeur expérimenté",Traveler,Bafang
1164,Banga Bakundu,"Éclairage tamisé,Sport,Musique,Boisson gratuite,Conversation,Navigation GPS,Cuisine,Confort,Connectivité,Assistance bagages,Ambiance chaleureuse,Chauffeur expérimenté,Langue parlée,Silence,Climatisation,Animaux acceptés,Espace de rangement,Wi-Fi gratuit,Sièges inclinables,Ponctualité,Conduite souple",Traveler,Figuif
1173,Mora,"Ponctualité,Animaux acceptés,Connectivité,Silence,Conversation,Espace de rangement,Vue panoramique,Boisson gratuite,Chauffeur expérimenté,Wi-Fi gratuit,Assistance bagages,Climatisation,Sièges inclinables",Planner,Limbe
3808,Kousseri,"Vue panoramique,Musique,Chauffeur expérimenté,Ambiance chaleureuse,Sport,Boisson gratuite,Langue parlée,Sièges inclinables,Connectivité,Climatisation,Silence,Ponctualité,Cuisine,Conduite souple,Animaux acceptés,Confort,Assistance bagages,Éclairage tamisé,Espace de rangement,Conversation,Navigation GPS",Traveler,Bamenda
4921,Mbouda,"Cuisine,Connectivité,Chauffeur expérimenté,Ponctualité,Sport,Ambiance chaleureuse,Musique,Vue panoramique,Sièges inclinables,Boisson gratuite,Langue parlée,Conduite souple,Animaux acceptés,Assistance bagages,Navigation GPS,Confort,Wi-Fi gratuit,Conversation,Silence,Climatisation,Éclairage tamisé",Planner,Nkongsamba
3351,Bonabéri,"Langue parlée,Espace de rangement,Musique,Conduite souple,Ambiance chaleureuse,Sport,Animaux acceptés,Connectivité,Climatisation,Vue panoramique,Confort,Assistance bagages,Navigation GPS,Wi-Fi gratuit,Sièges inclinables,Conversation,Cuisine,Silence",Planner,Melong
3165,Gazawa,"Cuisine,Chauffeur expérimenté,Assistance bagages,Silence,Sport,Connectivité,Confort,Éclairage tamisé,Vue panoramique",Traveler,Bafoussam
4652,Mbouda,"Sport,Espace de rangement,Conduite souple,Silence,Navigation GPS,Ponctualité,Connectivité,Ambiance chaleureuse,Musique,Langue parlée,Conversation,Wi-Fi gratuit,Cuisine,Éclairage tamisé,Animaux acceptés,Assistance bagages",Planner,Melong
913,Bonakouamouang,"Cuisine,Silence,Animaux acceptés,Sport,Chauffeur expérimenté,Vue panoramique",Planner,Bamenda
2598,Mbanga,"Climatisation,Connectivité,Cuisine,Langue parlée,Wi-Fi gratuit,Confort,Éclairage tamisé,Espace de rangement,Conduite souple,Silence,Ambiance chaleureuse,Navigation GPS",Traveler,Mokolo
3242,Loum,"Éclairage tamisé,Climatisation,Confort,Conduite souple,Chauffeur expérimenté,Cuisine,Espace de rangement,Vue panoramique,Connectivité,Ponctualité,Musique,Sport,Wi-Fi gratuit,Langue parlée,Sièges inclinables,Assistance bagages,Ambiance chaleureuse,Navigation GPS,Animaux acceptés",Planner,Bertoua
352,Melong,"Musique,Ponctualité,Wi-Fi gratuit,Connectivité,Ambiance chaleureuse,Espace de rangement,Sièges inclinables,Animaux acceptés,Climatisation,Navigation GPS",Traveler,Gazawa
1229,Garoua,"Wi-Fi gratuit,Assistance bagages,Conduite souple,Ponctualité,Connectivité,Cuisine,Chauffeur expérimenté,Éclairage tamisé,Ambiance chaleureuse,Sport,Confort,Conversation,Espace de rangement,Boisson gratuite,Musique,Climatisation,Animaux acceptés",Traveler,Bali Nyonga
541,Batibo,"Connectivité,Wi-Fi gratuit,Navigation GPS,Vue panoramique,Animaux acceptés,Musique,Ponctualité,Boisson gratuite,Climatisation,Chauffeur expérimenté,Confort,Ambiance chaleureuse,Éclairage tamisé,Conversation,Sièges inclinables,Cuisine,Conduite souple,Langue parlée",Planner,Banga Bakundu
1430,Bafang,"Conduite souple,Connectivité,Vue panoramique,Animaux acceptés",Traveler,Kumba
562,Limbe,"Ambiance chaleureuse,Navigation GPS,Conversation,Animaux acceptés,Sièges inclinables,Éclairage tamisé,Musique,Espace de rangement,Cuisine,Silence,Chauffeur expérimenté,Langue parlée,Assistance bagages,Climatisation,Ponctualité,Connectivité,Conduite souple,Wi-Fi gratuit,Sport,Vue panoramique,Confort,Boisson gratuite",Traveler,Boutours
3341,Bafoussam,"Sièges inclinables,Confort,Silence,Chauffeur expérimenté,Éclairage tamisé,Connectivité,Conduite souple,Espace de rangement,Vue panoramique,Boisson gratuite,Langue parlée,Wi-Fi gratuit,Conversation,Sport",Traveler,Mbouda
4668,Bonakouamouang,"Espace de rangement,Éclairage tamisé,Wi-Fi gratuit,Sport,Ponctualité,Vue panoramique,Animaux acceptés,Boisson gratuite,Langue parlée,Navigation GPS,Cuisine,Climatisation,Ambiance chaleureuse,Sièges inclinables,Musique,Assistance bagages,Chauffeur expérimenté,Conversation,Connectivité,Confort,Silence",Planner,Kribi
4080,Mbanga,"Animaux acceptés,Wi-Fi gratuit,Musique,Espace de rangement,Éclairage tamisé,Boisson gratuite",Planner,Kousseri
3019,Batibo,"Confort,Conversation,Wi-Fi gratuit,Ponctualité,Climatisation,Sièges inclinables,Ambiance chaleureuse,Éclairage tamisé",Traveler,Nkongsamba
582,Figuif,"Langue parlée,Confort,Navigation GPS,Cuisine,Wi-Fi gratuit,Sièges inclinables,Éclairage tamisé,Musique,Animaux acceptés,Silence,Ambiance chaleureuse,Conversation,Climatisation,Ponctualité,Boisson gratuite",Traveler,Bafia
4699,Boutours,"Silence,Assistance bagages,Ambiance chaleureuse,Éclairage tamisé,Sport,Vue panoramique,Sièges inclinables,Climatisation,Navigation GPS,Confort",Planner,Bertoua
4806,Gazawa,"Vue panoramique,Chauffeur expérimenté,Espace de rangement,Sport,Cuisine,Connectivité,Navigation GPS,Wi-Fi gratuit,Ponctualité,Éclairage tamisé,Climatisation,Animaux acceptés,Ambiance chaleureuse,Boisson gratuite,Langue parlée,Confort,Conduite souple,Conversation",Planner,Yaounde
529,Beti,"Vue panoramique,Sièges inclinables,Confort,Musique,Éclairage tamisé,Wi-Fi gratuit,Climatisation,Ambiance chaleureuse,Chauffeur expérimenté,Ponctualité,Navigation GPS,Boisson gratuite",Traveler,Bamenda
4529,Batibo,"Espace de rangement,Cuisine,Sport",Traveler,Batibo
2760,Muyuka,"Climatisation,Navigation GPS,Sièges inclinables,Langue parlée,Conversation,Assistance bagages,Sport,Connectivité,Ponctualité,Animaux acceptés,Boisson gratuite,Vue panoramique,Silence,Musique,Cuisine,Confort",Planner,Kribi
3018,Beti,"Assistance bagages,Sport,Vue panoramique,Ambiance chaleureuse,Conversation,Cuisine,Espace de rangement,Silence,Wi-Fi gratuit,Climatisation,Éclairage tamisé,Musique",Planner,Guider
1745,Banga Bakundu,"Espace de rangement,Musique,Boisson gratuite,Cuisine,Connectivité,Sièges inclinables,Conduite souple,Langue parlée,Silence,Animaux acceptés,Climatisation,Confort,Vue panoramique,Navigation GPS,Assistance bagages,Wi-Fi gratuit,Sport,Chauffeur expérimenté",Planner,Gazawa
350,Nanga-Eboko,"Confort,Espace de rangement,Connectivité,Conversation,Assistance bagages,Chauffeur expérimenté,Vue panoramique",Planner,Gazawa
3612,Messa,"Espace de rangement,Silence,Ambiance chaleureuse,Cuisine,Conduite souple,Boisson gratuite",Planner,Figuif
2710,Bertoua,"Animaux acceptés,Conduite souple,Assistance bagages",Planner,Bonaberi
1141,Melong,"Ponctualité,Climatisation,Vue panoramique,Wi-Fi gratuit,Langue parlée,Sièges inclinables,Musique,Confort,Sport,Éclairage tamisé,Navigation GPS,Connectivité",Traveler,Bafang
3445,Dibombari,Espace de rangement,Planner,Melong
2792,Boutours,"Chauffeur expérimenté,Confort",Planner,Buea
2224,Loum,"Ambiance chaleureuse,Climatisation,Sport,Boisson gratuite,Connectivité,Navigation GPS,Confort,Silence",Traveler,Bafia
2529,Bogo,"Sièges inclinables,Silence",Traveler,Edéa
4604,Buea,"Vue panoramique,Confort,Sièges inclinables,Espace de rangement,Musique,Langue parlée,Sport,Chauffeur expérimenté,Cuisine,Conversation",Traveler,Bertoua
4031,Batibo,"Éclairage tamisé,Conduite souple,Silence,Ponctualité,Musique,Wi-Fi gratuit,Langue parlée,Connectivité,Boisson gratuite,Assistance bagages,Ambiance chaleureuse,Conversation,Espace de rangement,Climatisation,Confort,Animaux acceptés,Vue panoramique,Sièges inclinables",Planner,Boutours
524,Loum,Sièges inclinables,Planner,Bafia
2758,Buea,"Langue parlée,Ponctualité,Boisson gratuite,Confort,Cuisine,Conduite souple,Animaux acceptés,Wi-Fi gratuit",Planner,Nkongsamba
1608,Nanga-Eboko,"Boisson gratuite,Silence,Espace de rangement,Éclairage tamisé,Sièges inclinables,Vue panoramique,Conversation,Confort,Langue parlée,Navigation GPS,Sport,Climatisation,Connectivité,Conduite souple,Wi-Fi gratuit,Chauffeur expérimenté,Cuisine,Ambiance chaleureuse,Assistance bagages,Ponctualité",Traveler,Kousseri
2055,Bogo,"Silence,Vue panoramique,Animaux acceptés,Éclairage tamisé,Langue parlée,Sport",Planner,Bertoua
1005,Limbe,"Conversation,Confort,Navigation GPS,Climatisation,Espace de rangement,Animaux acceptés,Sièges inclinables",Planner,Bafang
348,Dibombari,"Ponctualité,Animaux acceptés,Cuisine,Confort,Ambiance chaleureuse,Boisson gratuite,Conduite souple,Sport",Planner,Buea
2348,Maroua,Chauffeur expérimenté,Traveler,Bamenda
272,Bertoua,"Conversation,Wi-Fi gratuit,Vue panoramique,Navigation GPS,Ambiance chaleureuse,Assistance bagages,Sièges inclinables,Confort,Animaux acceptés,Cuisine,Musique",Traveler,Bafia
1205,Bertoua,"Ponctualité,Boisson gratuite,Sport",Traveler,Bertoua
1223,Meiganga,"Éclairage tamisé,Cuisine,Confort,Climatisation,Ambiance chaleureuse,Boisson gratuite,Chauffeur expérimenté,Assistance bagages,Vue panoramique,Musique,Wi-Fi gratuit,Langue parlée,Sièges inclinables,Connectivité,Ponctualité,Conduite souple,Animaux acceptés,Sport,Conversation",Traveler,Bonanjo
2218,Kribi,"Assistance bagages,Confort,Navigation GPS,Connectivité,Musique,Conversation,Espace de rangement,Boisson gratuite,Conduite souple,Vue panoramique,Climatisation,Langue parlée,Ponctualité",Planner,Bertoua
4099,Bandjoun,"Conversation,Langue parlée,Climatisation,Animaux acceptés,Silence,Confort,Sièges inclinables,Conduite souple,Musique,Vue panoramique,Ponctualité,Sport,Ambiance chaleureuse,Cuisine,Wi-Fi gratuit",Traveler,Messa
926,Bimbia,"Ponctualité,Éclairage tamisé,Vue panoramique,Cuisine,Boisson gratuite",Planner,Kousseri
4339,Yaounde,"Chauffeur expérimenté,Sport,Langue parlée",Planner,Melong
518,Limbe,"Cuisine,Conduite souple,Vue panoramique,Conversation,Animaux acceptés,Ponctualité",Planner,Kousseri
4234,Yagoua,"Cuisine,Conversation,Langue parlée,Climatisation,Assistance bagages,Espace de rangement,Wi-Fi gratuit",Traveler,Gazawa
1760,Muyuka,"Wi-Fi gratuit,Éclairage tamisé,Conversation,Ambiance chaleureuse,Langue parlée,Espace de rangement,Climatisation,Conduite souple,Sport,Navigation GPS,Silence,Ponctualité",Planner,Bogo
3133,Yagoua,"Espace de rangement,Assistance bagages,Climatisation",Traveler,Bonanjo
1568,Mbanga,"Animaux acceptés,Sport,Espace de rangement,Éclairage tamisé,Ambiance chaleureuse,Sièges inclinables,Musique,Ponctualité,Climatisation,Conversation",Planner,Gazawa
18,Buea,"Wi-Fi gratuit,Musique,Silence,Boisson gratuite,Chauffeur expérimenté,Sièges inclinables,Climatisation,Espace de rangement,Cuisine,Assistance bagages,Animaux acceptés,Navigation GPS,Connectivité,Langue parlée,Ponctualité",Traveler,Mutengene
1212,Belo,"Ponctualité,Sièges inclinables,Silence,Ambiance chaleureuse,Éclairage tamisé,Sport,Connectivité,Assistance bagages,Climatisation,Conduite souple",Planner,Bonaberi
3892,Guider,"Conduite souple,Boisson gratuite",Planner,Meiganga
3986,Mbandjock,"Boisson gratuite,Silence,Assistance bagages,Sport,Chauffeur expérimenté,Cuisine,Connectivité,Animaux acceptés,Éclairage tamisé,Wi-Fi gratuit,Sièges inclinables,Conduite souple,Navigation GPS,Musique,Climatisation,Ambiance chaleureuse",Traveler,Mbalmayo
3751,Batibo,"Ponctualité,Navigation GPS,Assistance bagages,Conduite souple,Silence,Éclairage tamisé,Boisson gratuite,Climatisation,Sièges inclinables,Ambiance chaleureuse,Chauffeur expérimenté,Musique,Langue parlée,Sport,Conversation,Vue panoramique,Connectivité,Espace de rangement",Traveler,Mbanga
4855,Bamenda,"Confort,Conduite souple,Boisson gratuite,Cuisine,Wi-Fi gratuit,Connectivité,Chauffeur expérimenté",Planner,Bonaberi
2951,Belo,"Musique,Boisson gratuite,Sport,Climatisation,Sièges inclinables,Silence,Éclairage tamisé,Confort,Ponctualité,Assistance bagages,Ambiance chaleureuse",Traveler,Muyuka
3920,Belo,"Conduite souple,Assistance bagages,Wi-Fi gratuit,Ponctualité,Conversation,Animaux acceptés,Vue panoramique,Cuisine,Ambiance chaleureuse,Sièges inclinables,Chauffeur expérimenté,Musique,Éclairage tamisé,Sport,Boisson gratuite,Navigation GPS,Langue parlée",Traveler,Garoua
4803,Mbouda,"Confort,Climatisation,Sièges inclinables,Éclairage tamisé,Ambiance chaleureuse",Traveler,Mora
2812,Beti,"Sport,Espace de rangement,Silence",Traveler,Dibombari
2492,Mbalmayo,"Connectivité,Conduite souple,Vue panoramique,Silence,Cuisine",Planner,Bonanjo
3973,Belo,"Vue panoramique,Ambiance chaleureuse,Silence,Éclairage tamisé,Chauffeur expérimenté,Sièges inclinables,Sport,Assistance bagages,Animaux acceptés,Conversation,Boisson gratuite,Wi-Fi gratuit,Ponctualité,Climatisation,Langue parlée,Cuisine,Espace de rangement,Musique,Conduite souple",Planner,Beti
3632,Mbanga,"Connectivité,Musique,Éclairage tamisé,Confort,Navigation GPS,Chauffeur expérimenté,Ponctualité,Animaux acceptés,Vue panoramique,Climatisation,Ambiance chaleureuse,Conversation,Sièges inclinables,Sport,Assistance bagages",Planner,Kribi
1515,Garoua,"Vue panoramique,Silence,Wi-Fi gratuit,Connectivité,Assistance bagages,Éclairage tamisé,Ponctualité,Conversation,Sièges inclinables,Ambiance chaleureuse,Chauffeur expérimenté,Espace de rangement,Sport,Boisson gratuite,Conduite souple,Langue parlée,Animaux acceptés,Navigation GPS,Musique",Planner,Boutours
4152,Meiganga,"Musique,Conversation,Ponctualité,Boisson gratuite,Vue panoramique,Espace de rangement,Climatisation,Chauffeur expérimenté,Navigation GPS,Connectivité,Animaux acceptés",Traveler,Belabo
4282,Campo,"Sièges inclinables,Langue parlée,Wi-Fi gratuit,Éclairage tamisé,Conduite souple,Boisson gratuite,Assistance bagages,Ponctualité,Connectivité,Chauffeur expérimenté,Animaux acceptés,Sport,Climatisation,Confort,Musique",Planner,Yagoua
1016,Bamenda,"Espace de rangement,Climatisation,Silence,Ambiance chaleureuse,Wi-Fi gratuit,Musique,Navigation GPS,Ponctualité,Conversation,Vue panoramique,Langue parlée,Éclairage tamisé,Confort,Sièges inclinables,Boisson gratuite,Conduite souple,Animaux acceptés,Chauffeur expérimenté,Assistance bagages,Sport",Traveler,Muyuka
4324,Gazawa,"Conversation,Langue parlée,Wi-Fi gratuit,Musique,Navigation GPS,Assistance bagages,Confort,Conduite souple,Vue panoramique,Chauffeur expérimenté,Cuisine,Espace de rangement",Traveler,Mbanga
764,Mbandjock,"Éclairage tamisé,Sièges inclinables,Confort",Planner,Bafia
3391,Kousseri,"Conversation,Navigation GPS,Sport,Cuisine,Confort,Espace de rangement,Boisson gratuite,Éclairage tamisé,Assistance bagages,Ambiance chaleureuse,Wi-Fi gratuit,Ponctualité,Musique",Traveler,Bafoussam
2066,Yaounde,"Boisson gratuite,Langue parlée,Assistance bagages,Sièges inclinables,Connectivité,Ponctualité,Cuisine,Espace de rangement,Navigation GPS",Traveler,Kumba
2697,Mbouda,"Espace de rangement,Langue parlée,Ponctualité,Conduite souple,Cuisine,Boisson gratuite,Silence,Sièges inclinables,Ambiance chaleureuse,Navigation GPS,Climatisation,Éclairage tamisé,Vue panoramique,Wi-Fi gratuit",Traveler,Fontem
1897,Mbalmayo,"Langue parlée,Éclairage tamisé,Espace de rangement,Sport",Planner,Mora
1425,Nanga-Eboko,"Chauffeur expérimenté,Connectivité,Animaux acceptés,Climatisation,Conduite souple,Cuisine,Navigation GPS,Ambiance chaleureuse,Sport,Musique,Conversation,Espace de rangement,Langue parlée,Éclairage tamisé,Silence,Wi-Fi gratuit,Confort,Boisson gratuite",Traveler,Bafoussam
620,Belabo,"Ambiance chaleureuse,Ponctualité,Espace de rangement,Wi-Fi gratuit,Connectivité,Sport,Vue panoramique,Cuisine,Conversation,Boisson gratuite,Silence,Musique,Climatisation,Assistance bagages,Animaux acceptés,Sièges inclinables,Navigation GPS,Conduite souple,Chauffeur expérimenté,Éclairage tamisé",Traveler,Bafoussam
3704,Bali Nyonga,"Assistance bagages,Conduite souple,Vue panoramique,Langue parlée,Musique,Espace de rangement,Chauffeur expérimenté,Éclairage tamisé,Climatisation,Conversation,Connectivité,Ponctualité,Sport",Traveler,Essos
2485,Bimbia,"Silence,Assistance bagages,Espace de rangement,Animaux acceptés,Connectivité",Planner,Bertoua
4965,Mbalmayo,"Connectivité,Silence,Vue panoramique,Éclairage tamisé",Planner,Bertoua
1865,Bamenda,"Langue parlée,Navigation GPS,Ponctualité,Espace de rangement,Cuisine,Assistance bagages,Musique,Boisson gratuite,Sport,Connectivité,Éclairage tamisé,Ambiance chaleureuse,Sièges inclinables,Confort,Vue panoramique,Conduite souple,Silence",Traveler,Bonakouamouang
3388,Figuif,"Boisson gratuite,Climatisation",Planner,Buea
1694,Bali Nyonga,"Wi-Fi gratuit,Conversation,Climatisation,Boisson gratuite,Espace de rangement,Musique,Silence,Vue panoramique,Connectivité,Ambiance chaleureuse,Sièges inclinables,Cuisine,Assistance bagages,Navigation GPS,Conduite souple,Confort,Ponctualité,Sport,Animaux acceptés,Éclairage tamisé,Chauffeur expérimenté",Traveler,Melong
2967,Kumba,"Musique,Conduite souple,Langue parlée,Sport,Éclairage tamisé,Wi-Fi gratuit,Climatisation,Vue panoramique,Boisson gratuite,Silence,Connectivité,Conversation",Traveler,Banga Bakundu
1015,Mbalmayo,"Assistance bagages,Navigation GPS,Connectivité,Silence,Ambiance chaleureuse,Animaux acceptés,Climatisation",Planner,Yagoua
706,Batibo,"Sport,Ponctualité,Assistance bagages,Éclairage tamisé,Cuisine,Animaux acceptés,Conversation,Vue panoramique,Silence,Conduite souple,Ambiance chaleureuse,Confort,Climatisation,Sièges inclinables,Langue parlée,Espace de rangement,Chauffeur expérimenté",Traveler,Fontem
3013,Bali Nyonga,"Conversation,Ambiance chaleureuse,Confort,Connectivité,Ponctualité,Musique,Langue parlée,Boisson gratuite,Conduite souple,Animaux acceptés,Cuisine,Assistance bagages,Éclairage tamisé,Wi-Fi gratuit,Silence",Traveler,Maroua
1030,Messa,"Connectivité,Silence,Espace de rangement,Ponctualité,Wi-Fi gratuit,Climatisation,Vue panoramique,Ambiance chaleureuse,Cuisine,Musique,Sièges inclinables,Conversation,Conduite souple,Éclairage tamisé,Animaux acceptés,Langue parlée,Confort,Chauffeur expérimenté,Assistance bagages,Sport,Navigation GPS",Planner,Gazawa
740,Mbouda,"Connectivité,Éclairage tamisé,Animaux acceptés,Ponctualité,Conversation,Cuisine,Silence,Musique,Sport,Wi-Fi gratuit,Ambiance chaleureuse,Sièges inclinables,Espace de rangement,Chauffeur expérimenté,Boisson gratuite",Traveler,Bali
2607,Guider,"Conversation,Éclairage tamisé,Assistance bagages,Ambiance chaleureuse,Connectivité",Planner,Douala
3160,Bonamoussadi,"Ambiance chaleureuse,Espace de rangement,Assistance bagages,Vue panoramique,Connectivité,Ponctualité,Sièges inclinables,Silence,Boisson gratuite,Langue parlée,Conversation,Climatisation,Animaux acceptés,Chauffeur expérimenté,Éclairage tamisé,Wi-Fi gratuit,Musique,Cuisine,Navigation GPS",Planner,Banga Bakundu
390,Bafoussam,"Conversation,Animaux acceptés",Traveler,Bali
3900,Limbe,"Ambiance chaleureuse,Climatisation,Chauffeur expérimenté,Sièges inclinables,Vue panoramique,Boisson gratuite,Conversation,Ponctualité,Connectivité,Musique,Confort,Assistance bagages,Espace de rangement,Langue parlée,Cuisine,Conduite souple,Éclairage tamisé,Sport",Traveler,Mbandjock
3349,Bafia,"Animaux acceptés,Conversation",Traveler,Belo
1179,Bafoussam,"Éclairage tamisé,Animaux acceptés,Sport,Assistance bagages,Langue parlée,Navigation GPS,Boisson gratuite,Ambiance chaleureuse,Espace de rangement,Ponctualité,Silence",Planner,Bonaberi
1344,Bertoua,"Musique,Conduite souple,Vue panoramique,Animaux acceptés,Connectivité,Wi-Fi gratuit,Silence,Sport,Sièges inclinables,Chauffeur expérimenté,Espace de rangement,Navigation GPS,Assistance bagages,Ambiance chaleureuse,Confort",Traveler,Mbandjock
208,Yaounde,"Sport,Ambiance chaleureuse,Sièges inclinables,Wi-Fi gratuit",Planner,Banga Bakundu
233,Bonabéri,"Sport,Confort",Traveler,Banga Bakundu
2710,Bamenda,"Navigation GPS,Climatisation,Vue panoramique,Animaux acceptés,Ponctualité,Cuisine,Espace de rangement,Assistance bagages,Confort,Langue parlée,Éclairage tamisé",Planner,Kousseri
969,Gazawa,"Wi-Fi gratuit,Navigation GPS,Cuisine,Sièges inclinables,Musique,Ambiance chaleureuse,Sport,Conduite souple,Conversation,Langue parlée,Éclairage tamisé",Traveler,Kribi
4162,Bonaberi,"Animaux acceptés,Espace de rangement,Confort,Boisson gratuite,Wi-Fi gratuit,Sièges inclinables,Vue panoramique,Cuisine",Traveler,Loum
3031,Meiganga,"Animaux acceptés,Musique,Sport,Ambiance chaleureuse,Climatisation,Navigation GPS,Conduite souple,Ponctualité,Éclairage tamisé,Connectivité,Conversation,Langue parlée,Chauffeur expérimenté,Assistance bagages,Wi-Fi gratuit,Cuisine,Espace de rangement,Boisson gratuite,Sièges inclinables",Traveler,Bonaberi
37,Batibo,"Ambiance chaleureuse,Chauffeur expérimenté,Navigation GPS,Sport,Cuisine,Vue panoramique,Wi-Fi gratuit,Musique,Boisson gratuite,Connectivité,Langue parlée,Conduite souple,Confort",Planner,Bimbia
2677,Buea,"Conversation,Confort,Ambiance chaleureuse,Langue parlée,Chauffeur expérimenté,Connectivité,Musique,Sièges inclinables,Éclairage tamisé,Espace de rangement,Navigation GPS,Animaux acceptés,Climatisation,Ponctualité,Assistance bagages,Boisson gratuite,Wi-Fi gratuit,Cuisine,Silence,Conduite souple,Sport,Vue panoramique",Traveler,Beti
3234,Bogo,"Assistance bagages,Ponctualité,Animaux acceptés,Langue parlée,Ambiance chaleureuse,Espace de rangement,Éclairage tamisé,Confort,Climatisation,Wi-Fi gratuit,Cuisine,Sièges inclinables,Conduite souple",Traveler,Melong
229,Bamenda,"Animaux acceptés,Éclairage tamisé,Espace de rangement,Navigation GPS,Musique,Cuisine,Sport,Ponctualité,Langue parlée,Wi-Fi gratuit,Connectivité",Planner,Buea
3534,Edéa,"Navigation GPS,Ponctualité,Musique",Planner,Limbe
2002,Gazawa,"Navigation GPS,Wi-Fi gratuit,Chauffeur expérimenté,Conversation",Traveler,Bonaberi
1011,Bonamoussadi,"Sièges inclinables,Conversation,Assistance bagages,Éclairage tamisé,Cuisine,Silence,Vue panoramique,Navigation GPS,Musique,Animaux acceptés,Conduite souple,Ambiance chaleureuse,Wi-Fi gratuit,Sport,Confort,Chauffeur expérimenté,Langue parlée,Ponctualité,Boisson gratuite,Climatisation,Connectivité,Espace de rangement",Traveler,Banga Bakundu
480,Gazawa,"Confort,Langue parlée,Connectivité,Wi-Fi gratuit",Planner,Nanga-Eboko
1298,Bimbia,"Sport,Connectivité,Chauffeur expérimenté,Espace de rangement,Sièges inclinables,Ponctualité,Assistance bagages,Cuisine,Langue parlée,Ambiance chaleureuse,Silence,Boisson gratuite,Musique,Animaux acceptés",Traveler,Mbanga
4076,Guider,"Conversation,Animaux acceptés,Boisson gratuite,Connectivité,Ambiance chaleureuse,Confort,Vue panoramique,Silence,Chauffeur expérimenté,Éclairage tamisé,Conduite souple,Sièges inclinables,Assistance bagages,Cuisine,Climatisation",Planner,Douala
1667,Mbouda,"Climatisation,Éclairage tamisé,Conversation,Chauffeur expérimenté,Silence,Ponctualité,Sièges inclinables,Animaux acceptés,Wi-Fi gratuit,Cuisine,Assistance bagages,Conduite souple,Connectivité,Navigation GPS,Boisson gratuite,Espace de rangement",Traveler,Fontem
2928,Kribi,"Chauffeur expérimenté,Connectivité,Ponctualité,Cuisine,Sport,Vue panoramique,Navigation GPS,Conversation,Boisson gratuite,Langue parlée,Ambiance chaleureuse,Sièges inclinables,Espace de rangement",Traveler,Bertoua
4889,Bertoua,"Silence,Animaux acceptés,Ambiance chaleureuse,Connectivité,Conduite souple,Sièges inclinables,Conversation,Langue parlée",Planner,Bonamoussadi
2528,Mbanga,"Boisson gratuite,Navigation GPS,Connectivité,Musique,Éclairage tamisé,Assistance bagages,Chauffeur expérimenté,Espace de rangement,Conduite souple,Ambiance chaleureuse,Silence,Sièges inclinables",Traveler,Guider
4077,Muyuka,"Climatisation,Espace de rangement,Musique,Vue panoramique,Cuisine,Conversation,Connectivité,Chauffeur expérimenté,Animaux acceptés,Wi-Fi gratuit,Navigation GPS,Assistance bagages,Sièges inclinables",Planner,Guider
4326,Bonanjo,"Animaux acceptés,Musique,Climatisation,Conduite souple,Vue panoramique,Espace de rangement",Planner,Gazawa
1736,Buea,"Vue panoramique,Éclairage tamisé,Navigation GPS,Espace de rangement,Wi-Fi gratuit,Conduite souple,Langue parlée,Sport,Climatisation,Ambiance chaleureuse,Conversation,Assistance bagages,Chauffeur expérimenté,Cuisine,Boisson gratuite,Animaux acceptés,Ponctualité,Confort,Connectivité,Silence",Traveler,Bertoua
848,Bandjoun,"Musique,Ambiance chaleureuse,Confort,Animaux acceptés,Éclairage tamisé,Cuisine,Conversation,Boisson gratuite,Espace de rangement,Climatisation,Conduite souple,Chauffeur expérimenté,Ponctualité,Wi-Fi gratuit",Planner,Bonabéri
840,Buea,"Musique,Sièges inclinables,Animaux acceptés,Climatisation,Ponctualité,Conversation,Navigation GPS,Cuisine,Ambiance chaleureuse,Wi-Fi gratuit,Silence,Langue parlée,Connectivité,Sport",Planner,Bonanjo
1000,Kumba,"Silence,Conduite souple,Animaux acceptés,Climatisation,Ponctualité,Vue panoramique,Espace de rangement",Planner,Guider
733,Bertoua,"Éclairage tamisé,Confort",Traveler,Bamenda
2309,Buea,"Éclairage tamisé,Boisson gratuite,Ambiance chaleureuse,Espace de rangement,Vue panoramique,Silence,Animaux acceptés,Langue parlée,Sièges inclinables,Connectivité,Conduite souple,Assistance bagages,Confort,Climatisation,Chauffeur expérimenté,Ponctualité,Musique,Conversation",Traveler,Fontem
877,Mbanga,Wi-Fi gratuit,Traveler,Bafang
592,Yagoua,"Animaux acceptés,Sport,Climatisation,Chauffeur expérimenté,Wi-Fi gratuit,Ponctualité,Éclairage tamisé,Conduite souple,Ambiance chaleureuse,Vue panoramique,Cuisine,Musique,Assistance bagages,Sièges inclinables,Confort,Conversation,Langue parlée,Navigation GPS,Connectivité,Silence,Boisson gratuite,Espace de rangement",Planner,Maroua
4904,Bali Nyonga,"Sport,Conduite souple,Wi-Fi gratuit,Boisson gratuite,Conversation,Musique,Assistance bagages,Espace de rangement,Ponctualité,Animaux acceptés",Traveler,Mbalmayo
2024,Boutours,"Boisson gratuite,Navigation GPS,Wi-Fi gratuit,Ambiance chaleureuse,Conversation,Assistance bagages,Climatisation,Espace de rangement,Vue panoramique,Conduite souple,Sport,Animaux acceptés,Langue parlée",Traveler,Douala
615,Muyuka,"Conversation,Sièges inclinables,Chauffeur expérimenté,Cuisine,Climatisation,Wi-Fi gratuit,Sport,Ambiance chaleureuse,Vue panoramique,Conduite souple,Assistance bagages,Éclairage tamisé",Traveler,Loum
3174,Mutengene,"Chauffeur expérimenté,Boisson gratuite,Climatisation,Vue panoramique,Espace de rangement,Sièges inclinables,Ponctualité",Planner,Mora
4261,Kousseri,"Musique,Conversation,Éclairage tamisé,Sport,Conduite souple,Connectivité,Climatisation",Planner,Melong
1135,Batibo,"Animaux acceptés,Wi-Fi gratuit,Espace de rangement,Confort,Vue panoramique,Climatisation,Sport",Traveler,Mbalmayo
4572,Bandjoun,"Chauffeur expérimenté,Sport,Ambiance chaleureuse,Navigation GPS,Assistance bagages,Wi-Fi gratuit,Sièges inclinables",Traveler,Bertoua
1808,Batibo,"Assistance bagages,Langue parlée,Boisson gratuite,Chauffeur expérimenté,Sièges inclinables",Traveler,Batibo
4408,Limbe,"Langue parlée,Conversation,Sport,Éclairage tamisé,Animaux acceptés,Conduite souple,Boisson gratuite,Wi-Fi gratuit,Musique,Ambiance chaleureuse,Silence",Planner,Garoua
4237,Bali,"Ponctualité,Sièges inclinables",Planner,Belabo
3911,Nkongsamba,"Vue panoramique,Animaux acceptés,Chauffeur expérimenté,Silence,Musique,Ponctualité,Cuisine,Sport,Conversation,Éclairage tamisé",Planner,Muyuka
263,Yagoua,"Climatisation,Conversation,Animaux acceptés,Wi-Fi gratuit,Ambiance chaleureuse,Ponctualité,Conduite souple,Sport,Navigation GPS,Assistance bagages,Musique,Langue parlée,Espace de rangement,Cuisine",Traveler,Belo
3657,Edéa,"Boisson gratuite,Wi-Fi gratuit,Navigation GPS,Chauffeur expérimenté,Sièges inclinables,Conduite souple,Vue panoramique,Sport,Confort,Silence,Musique,Conversation,Animaux acceptés,Ambiance chaleureuse,Espace de rangement,Assistance bagages",Traveler,Kousseri
3685,Dibombari,"Musique,Sièges inclinables,Climatisation,Langue parlée,Conduite souple,Chauffeur expérimenté,Animaux acceptés,Boisson gratuite",Traveler,Bafoussam
1023,Mbalmayo,"Vue panoramique,Chauffeur expérimenté,Animaux acceptés,Espace de rangement,Cuisine,Wi-Fi gratuit,Connectivité,Musique,Sièges inclinables,Éclairage tamisé,Boisson gratuite,Ambiance chaleureuse,Assistance bagages,Ponctualité,Silence",Planner,Kumba
3728,Bonakouamouang,"Assistance bagages,Sièges inclinables,Espace de rangement,Musique,Conduite souple,Confort,Connectivité,Navigation GPS,Éclairage tamisé,Ponctualité,Cuisine,Wi-Fi gratuit,Animaux acceptés",Traveler,Gazawa
2016,Buea,"Climatisation,Animaux acceptés,Sièges inclinables,Wi-Fi gratuit,Ponctualité,Confort,Conduite souple,Cuisine,Navigation GPS,Boisson gratuite,Conversation,Musique,Connectivité,Silence,Assistance bagages,Chauffeur expérimenté,Vue panoramique,Sport,Ambiance chaleureuse,Éclairage tamisé",Planner,Bafia
1317,Bertoua,"Confort,Connectivité,Silence,Ambiance chaleureuse,Conduite souple,Animaux acceptés,Sport,Vue panoramique,Espace de rangement,Cuisine,Éclairage tamisé,Boisson gratuite,Langue parlée,Wi-Fi gratuit,Conversation,Chauffeur expérimenté,Assistance bagages,Ponctualité,Sièges inclinables",Planner,Bafoussam
4696,Mbandjock,"Climatisation,Ambiance chaleureuse,Langue parlée,Ponctualité,Animaux acceptés,Confort,Chauffeur expérimenté,Wi-Fi gratuit,Conduite souple,Sièges inclinables,Cuisine,Silence,Musique,Boisson gratuite,Assistance bagages,Conversation,Connectivité,Espace de rangement,Navigation GPS,Vue panoramique,Éclairage tamisé",Traveler,Mbanga
710,Bandjoun,Connectivité,Planner,Buea
652,Nkongsamba,"Wi-Fi gratuit,Éclairage tamisé,Assistance bagages,Espace de rangement,Confort,Animaux acceptés,Langue parlée,Climatisation,Vue panoramique,Ambiance chaleureuse,Sport,Conversation,Musique,Conduite souple,Ponctualité,Navigation GPS,Chauffeur expérimenté,Connectivité,Silence,Sièges inclinables,Boisson gratuite,Cuisine",Planner,Buea
954,Meiganga,Confort,Planner,Kribi
757,Gazawa,"Connectivité,Confort,Espace de rangement,Ambiance chaleureuse,Assistance bagages,Musique,Conversation",Traveler,Guider
3667,Meiganga,"Langue parlée,Connectivité,Musique,Ponctualité,Vue panoramique,Conversation,Conduite souple",Planner,Bonaberi
337,Buea,"Animaux acceptés,Vue panoramique,Ambiance chaleureuse,Ponctualité,Climatisation,Chauffeur expérimenté,Navigation GPS,Boisson gratuite,Connectivité,Éclairage tamisé,Langue parlée,Cuisine,Conduite souple,Sièges inclinables,Conversation,Espace de rangement,Musique,Assistance bagages,Confort,Sport,Wi-Fi gratuit",Traveler,Bertoua
1934,Bafoussam,"Ambiance chaleureuse,Silence,Musique,Boisson gratuite,Assistance bagages,Vue panoramique,Confort,Connectivité,Wi-Fi gratuit",Traveler,Douala
4720,Boutours,"Conduite souple,Conversation,Confort,Espace de rangement,Boisson gratuite,Navigation GPS,Vue panoramique,Langue parlée,Sport,Cuisine,Ambiance chaleureuse,Wi-Fi gratuit,Éclairage tamisé",Planner,Bonamoussadi
1117,Bali Nyonga,"Ponctualité,Vue panoramique,Langue parlée,Musique,Sièges inclinables,Éclairage tamisé,Espace de rangement,Navigation GPS,Cuisine,Confort,Boisson gratuite,Conduite souple",Traveler,Bogo
2684,Buea,"Climatisation,Éclairage tamisé,Langue parlée,Cuisine,Sport,Ponctualité,Conversation,Connectivité",Planner,Bertoua
865,Bamenda,"Conversation,Ponctualité,Climatisation,Silence,Sport,Vue panoramique,Langue parlée,Cuisine,Boisson gratuite,Ambiance chaleureuse,Animaux acceptés,Conduite souple,Navigation GPS,Assistance bagages,Sièges inclinables,Wi-Fi gratuit,Éclairage tamisé,Connectivité,Confort,Chauffeur expérimenté,Espace de rangement",Traveler,Nkongsamba
741,Belo,"Wi-Fi gratuit,Conduite souple,Langue parlée,Silence,Musique,Vue panoramique",Traveler,Bali
3757,Belo,"Vue panoramique,Boisson gratuite,Connectivité,Cuisine,Conduite souple,Animaux acceptés,Confort,Éclairage tamisé,Assistance bagages,Langue parlée,Silence,Navigation GPS,Espace de rangement,Musique,Ambiance chaleureuse,Climatisation,Sièges inclinables,Sport,Chauffeur expérimenté,Conversation",Planner,Bamenda
1743,Bimbia,"Boisson gratuite,Navigation GPS,Animaux acceptés,Cuisine,Espace de rangement",Traveler,Yagoua
1612,Kousseri,"Cuisine,Silence,Wi-Fi gratuit,Animaux acceptés,Conduite souple,Sièges inclinables,Langue parlée,Confort,Éclairage tamisé,Ambiance chaleureuse,Navigation GPS,Ponctualité,Climatisation,Espace de rangement,Assistance bagages,Boisson gratuite,Conversation",Traveler,Gazawa
3735,Gazawa,"Silence,Cuisine,Espace de rangement,Vue panoramique,Connectivité,Confort,Éclairage tamisé",Planner,Nkongsamba
918,Mbouda,"Musique,Éclairage tamisé,Espace de rangement,Silence,Wi-Fi gratuit,Climatisation,Connectivité,Conduite souple,Sport,Conversation,Navigation GPS,Confort,Sièges inclinables,Animaux acceptés,Ambiance chaleureuse,Assistance bagages,Chauffeur expérimenté,Boisson gratuite,Langue parlée,Cuisine",Planner,Guider
4958,Kribi,"Chauffeur expérimenté,Climatisation,Connectivité,Silence,Wi-Fi gratuit,Cuisine,Musique,Confort,Ambiance chaleureuse,Sport,Navigation GPS,Langue parlée,Conversation,Conduite souple,Animaux acceptés,Ponctualité,Boisson gratuite,Sièges inclinables,Assistance bagages,Espace de rangement,Éclairage tamisé,Vue panoramique",Planner,Boutours
1464,Kumba,"Ponctualité,Chauffeur expérimenté,Vue panoramique,Confort,Assistance bagages,Musique,Sièges inclinables,Ambiance chaleureuse,Boisson gratuite,Espace de rangement,Conversation,Silence,Langue parlée,Sport,Connectivité,Éclairage tamisé,Wi-Fi gratuit,Animaux acceptés,Cuisine,Conduite souple",Traveler,Belabo
1989,Bertoua,"Ambiance chaleureuse,Connectivité,Chauffeur expérimenté,Navigation GPS,Conduite souple,Boisson gratuite,Cuisine,Ponctualité,Wi-Fi gratuit,Vue panoramique,Climatisation,Espace de rangement,Langue parlée,Musique,Assistance bagages,Sport,Confort,Silence,Sièges inclinables",Planner,Bamenda
4961,Messa,"Conversation,Chauffeur expérimenté,Langue parlée,Vue panoramique,Ambiance chaleureuse,Espace de rangement,Animaux acceptés,Conduite souple,Ponctualité,Assistance bagages,Sièges inclinables,Wi-Fi gratuit,Silence,Cuisine,Éclairage tamisé,Boisson gratuite,Connectivité,Musique,Confort,Sport,Navigation GPS,Climatisation",Traveler,Nanga-Eboko
1315,Boutours,"Éclairage tamisé,Animaux acceptés,Conduite souple,Sport,Espace de rangement,Connectivité,Ambiance chaleureuse",Planner,Mbandjock
4191,Edéa,"Espace de rangement,Ambiance chaleureuse,Wi-Fi gratuit,Connectivité,Animaux acceptés,Confort,Sièges inclinables,Climatisation,Langue parlée,Chauffeur expérimenté,Musique,Sport,Navigation GPS,Conduite souple,Silence,Cuisine,Assistance bagages",Planner,Bonaberi
1236,Yagoua,"Langue parlée,Vue panoramique,Sport,Conduite souple,Espace de rangement,Éclairage tamisé,Ambiance chaleureuse,Ponctualité,Chauffeur expérimenté,Confort",Traveler,Belo
2446,Bafoussam,"Conduite souple,Boisson gratuite,Climatisation,Wi-Fi gratuit,Éclairage tamisé,Silence,Ambiance chaleureuse,Assistance bagages,Musique,Espace de rangement",Traveler,Figuif
2855,Mutengene,"Cuisine,Boisson gratuite,Silence,Wi-Fi gratuit,Ambiance chaleureuse,Connectivité,Animaux acceptés,Langue parlée,Musique,Confort,Navigation GPS,Ponctualité",Traveler,Banga Bakundu
2916,Muyuka,"Musique,Cuisine,Conduite souple,Conversation,Connectivité",Traveler,Kousseri
1540,Belo,"Animaux acceptés,Vue panoramique,Sport,Boisson gratuite,Conduite souple,Espace de rangement,Climatisation,Confort,Conversation,Silence,Musique,Chauffeur expérimenté,Éclairage tamisé,Assistance bagages,Navigation GPS,Sièges inclinables,Ambiance chaleureuse,Langue parlée,Ponctualité,Wi-Fi gratuit,Cuisine",Planner,Mokolo
4256,Nkongsamba,"Cuisine,Conduite souple,Sport,Connectivité,Navigation GPS,Sièges inclinables",Traveler,Bonabéri
3721,Mbouda,"Navigation GPS,Assistance bagages,Conduite souple,Éclairage tamisé,Chauffeur expérimenté,Wi-Fi gratuit,Langue parlée,Confort",Planner,Gazawa
4200,Bertoua,"Ponctualité,Sport,Boisson gratuite,Conversation,Cuisine,Langue parlée,Climatisation,Connectivité,Chauffeur expérimenté,Éclairage tamisé,Wi-Fi gratuit,Ambiance chaleureuse,Animaux acceptés,Navigation GPS,Silence,Musique",Planner,Melong
2346,Bonamoussadi,"Cuisine,Connectivité,Ambiance chaleureuse,Confort,Boisson gratuite,Ponctualité,Climatisation,Chauffeur expérimenté,Langue parlée,Sièges inclinables,Conversation,Wi-Fi gratuit,Animaux acceptés,Vue panoramique,Espace de rangement,Sport,Éclairage tamisé",Traveler,Mora
610,Boutours,"Ponctualité,Wi-Fi gratuit,Confort,Espace de rangement,Vue panoramique,Chauffeur expérimenté,Éclairage tamisé,Assistance bagages,Conduite souple",Traveler,Bonamoussadi
3500,Bafoussam,"Confort,Langue parlée,Navigation GPS,Chauffeur expérimenté,Climatisation,Silence,Boisson gratuite,Musique,Conversation,Assistance bagages,Ambiance chaleureuse,Cuisine,Ponctualité,Conduite souple,Éclairage tamisé,Sièges inclinables,Animaux acceptés,Wi-Fi gratuit",Planner,Yagoua
1055,Garoua,"Ambiance chaleureuse,Ponctualité,Conduite souple,Vue panoramique,Espace de rangement,Silence,Boisson gratuite,Wi-Fi gratuit,Connectivité,Navigation GPS,Confort,Musique,Assistance bagages,Climatisation,Éclairage tamisé,Sièges inclinables,Animaux acceptés,Chauffeur expérimenté,Conversation,Langue parlée,Cuisine,Sport",Planner,Figuif
2222,Bafoussam,"Sport,Conversation,Assistance bagages,Wi-Fi gratuit,Conduite souple",Traveler,Limbe
2727,Mbandjock,"Espace de rangement,Silence,Langue parlée,Animaux acceptés,Chauffeur expérimenté,Assistance bagages,Boisson gratuite",Planner,Mbalmayo
4173,Melong,"Éclairage tamisé,Sièges inclinables,Cuisine,Vue panoramique,Animaux acceptés,Confort,Climatisation,Assistance bagages,Navigation GPS,Musique,Sport,Espace de rangement",Planner,Belabo
1912,Bafia,"Boisson gratuite,Ambiance chaleureuse,Wi-Fi gratuit,Vue panoramique,Conduite souple,Conversation,Sièges inclinables,Musique,Éclairage tamisé,Cuisine,Assistance bagages,Confort,Silence,Langue parlée,Navigation GPS",Traveler,Maroua
1092,Mora,Conversation,Traveler,Bandjoun
3784,Bamenda,"Vue panoramique,Climatisation,Espace de rangement,Assistance bagages,Musique,Sièges inclinables,Conduite souple,Conversation,Éclairage tamisé,Navigation GPS,Silence,Ponctualité",Traveler,Dibombari
3144,Bamenda,"Climatisation,Connectivité,Chauffeur expérimenté,Silence,Navigation GPS,Musique,Conduite souple,Cuisine,Confort,Boisson gratuite,Ambiance chaleureuse,Espace de rangement,Sièges inclinables,Assistance bagages,Langue parlée,Vue panoramique,Ponctualité,Sport",Planner,Meiganga
1135,Belabo,"Assistance bagages,Confort,Animaux acceptés,Sport,Éclairage tamisé,Ambiance chaleureuse,Conduite souple",Planner,Limbe
3257,Mora,"Conduite souple,Ambiance chaleureuse,Conversation,Musique,Wi-Fi gratuit,Éclairage tamisé,Navigation GPS,Boisson gratuite,Animaux acceptés,Sport,Assistance bagages,Espace de rangement,Chauffeur expérimenté,Vue panoramique",Traveler,Limbe
3229,Buea,Wi-Fi gratuit,Planner,Bonakouamouang
3516,Figuif,"Silence,Espace de rangement",Planner,Belabo
729,Bonabéri,"Ambiance chaleureuse,Climatisation,Connectivité,Navigation GPS,Confort,Éclairage tamisé,Conduite souple,Assistance bagages,Sport,Silence,Animaux acceptés,Chauffeur expérimenté,Conversation,Sièges inclinables,Langue parlée,Boisson gratuite",Planner,Bali
2863,Bimbia,"Sport,Langue parlée,Ambiance chaleureuse,Conduite souple,Chauffeur expérimenté,Cuisine,Connectivité,Vue panoramique,Climatisation,Musique",Traveler,Yagoua
3230,Meiganga,"Climatisation,Espace de rangement,Éclairage tamisé,Vue panoramique,Animaux acceptés,Silence,Chauffeur expérimenté,Navigation GPS,Cuisine,Conversation",Planner,Boutours
2906,Mora,"Animaux acceptés,Connectivité,Cuisine,Assistance bagages,Confort,Conversation,Boisson gratuite,Sièges inclinables,Ambiance chaleureuse,Navigation GPS,Silence,Chauffeur expérimenté,Vue panoramique,Conduite souple,Wi-Fi gratuit,Sport,Éclairage tamisé,Ponctualité,Musique,Climatisation",Traveler,Beti
863,Bogo,"Vue panoramique,Cuisine,Confort,Boisson gratuite,Wi-Fi gratuit,Climatisation,Sièges inclinables,Sport,Ponctualité,Animaux acceptés,Éclairage tamisé,Conduite souple",Traveler,Bimbia
2585,Bimbia,Wi-Fi gratuit,Traveler,Batibo
3568,Yagoua,"Climatisation,Conduite souple,Animaux acceptés,Connectivité",Traveler,Fontem
1078,Mora,"Conversation,Wi-Fi gratuit,Sport,Langue parlée,Chauffeur expérimenté,Ponctualité,Assistance bagages,Conduite souple,Éclairage tamisé,Musique,Vue panoramique,Navigation GPS,Cuisine,Espace de rangement,Climatisation,Confort,Silence,Animaux acceptés,Ambiance chaleureuse,Sièges inclinables,Connectivité,Boisson gratuite",Traveler,Meiganga
945,Gazawa,"Conduite souple,Vue panoramique",Traveler,Beti
3473,Boutours,"Musique,Animaux acceptés,Wi-Fi gratuit,Sièges inclinables,Chauffeur expérimenté,Confort,Silence,Ambiance chaleureuse,Climatisation,Cuisine,Vue panoramique",Traveler,Kousseri
3764,Maroua,"Navigation GPS,Ambiance chaleureuse,Ponctualité,Confort,Éclairage tamisé,Conduite souple,Animaux acceptés,Connectivité,Assistance bagages,Wi-Fi gratuit",Traveler,Bonanjo
1383,Bafia,"Ambiance chaleureuse,Navigation GPS,Connectivité,Assistance bagages,Animaux acceptés,Climatisation,Espace de rangement,Sièges inclinables,Boisson gratuite,Sport,Conduite souple,Chauffeur expérimenté,Conversation,Wi-Fi gratuit,Confort,Langue parlée,Silence,Ponctualité,Éclairage tamisé,Cuisine,Vue panoramique",Planner,Messa
2965,Figuif,"Ponctualité,Confort,Cuisine,Chauffeur expérimenté,Navigation GPS,Sport,Conduite souple,Espace de rangement,Ambiance chaleureuse,Wi-Fi gratuit,Conversation,Connectivité,Langue parlée,Vue panoramique,Assistance bagages,Musique,Animaux acceptés,Climatisation",Traveler,Buea
2126,Batibo,Sièges inclinables,Traveler,Gazawa
3329,Buea,"Chauffeur expérimenté,Sport,Langue parlée,Navigation GPS,Éclairage tamisé,Conversation,Sièges inclinables,Musique,Wi-Fi gratuit,Espace de rangement,Confort",Planner,Bandjoun
3232,Yaounde,"Climatisation,Éclairage tamisé,Conduite souple,Musique,Navigation GPS,Conversation,Confort,Connectivité,Sport",Planner,Bogo
3634,Bamenda,"Sport,Navigation GPS,Espace de rangement,Sièges inclinables,Animaux acceptés,Chauffeur expérimenté,Éclairage tamisé",Planner,Bamenda
4508,Essos,"Climatisation,Langue parlée,Sièges inclinables,Musique,Silence,Navigation GPS,Ponctualité,Animaux acceptés,Boisson gratuite,Confort,Vue panoramique,Conduite souple,Éclairage tamisé",Planner,Essos
3786,Melong,"Assistance bagages,Conversation,Musique,Conduite souple,Espace de rangement,Boisson gratuite,Ponctualité,Confort,Sport,Ambiance chaleureuse,Vue panoramique,Cuisine,Navigation GPS,Silence,Connectivité,Éclairage tamisé,Animaux acceptés,Climatisation,Wi-Fi gratuit,Langue parlée",Planner,Nkongsamba
1051,Yaounde,"Chauffeur expérimenté,Animaux acceptés,Sport,Conduite souple,Climatisation,Ponctualité,Cuisine,Éclairage tamisé",Planner,Nkongsamba
2170,Bonamoussadi,"Conduite souple,Climatisation,Espace de rangement,Animaux acceptés,Silence,Confort,Cuisine,Wi-Fi gratuit,Sièges inclinables,Sport,Chauffeur expérimenté,Connectivité,Vue panoramique,Navigation GPS,Assistance bagages,Ponctualité,Éclairage tamisé,Boisson gratuite,Ambiance chaleureuse,Conversation,Langue parlée,Musique",Planner,Guider
4616,Nkongsamba,"Confort,Silence,Chauffeur expérimenté,Ambiance chaleureuse,Climatisation,Wi-Fi gratuit,Connectivité,Assistance bagages,Éclairage tamisé,Espace de rangement,Boisson gratuite,Animaux acceptés,Cuisine,Sport,Sièges inclinables,Vue panoramique,Conversation",Planner,Edéa
1481,Bertoua,"Confort,Musique,Climatisation,Navigation GPS,Ponctualité,Chauffeur expérimenté,Wi-Fi gratuit,Langue parlée,Vue panoramique,Sport,Conversation,Ambiance chaleureuse,Animaux acceptés,Assistance bagages,Silence,Sièges inclinables,Conduite souple,Espace de rangement",Planner,Mora
4473,Fontem,"Confort,Boisson gratuite,Conversation,Chauffeur expérimenté,Wi-Fi gratuit,Connectivité,Ambiance chaleureuse,Sièges inclinables,Climatisation,Éclairage tamisé",Traveler,Boutours
1629,Fontem,"Cuisine,Ambiance chaleureuse,Assistance bagages",Traveler,Essos
2171,Mbalmayo,"Vue panoramique,Silence,Conduite souple,Conversation,Langue parlée,Connectivité",Planner,Essos
4551,Banga Bakundu,"Ambiance chaleureuse,Connectivité,Silence,Cuisine,Navigation GPS,Musique,Chauffeur expérimenté,Éclairage tamisé",Planner,Bafoussam
4377,Guider,"Chauffeur expérimenté,Connectivité,Boisson gratuite,Confort,Éclairage tamisé",Traveler,Batibo
1362,Garoua,"Wi-Fi gratuit,Cuisine,Éclairage tamisé,Espace de rangement,Ponctualité,Navigation GPS,Musique,Boisson gratuite,Animaux acceptés,Sièges inclinables",Planner,Buea
860,Bonabéri,"Sièges inclinables,Assistance bagages,Conversation,Éclairage tamisé,Vue panoramique,Wi-Fi gratuit",Planner,Bali
458,Douala,"Sport,Sièges inclinables,Connectivité,Conduite souple,Conversation,Confort,Espace de rangement,Boisson gratuite",Planner,Mora
4889,Banga Bakundu,"Assistance bagages,Silence",Traveler,Muyuka
4255,Bogo,"Animaux acceptés,Silence",Traveler,Gazawa
1821,Edéa,"Navigation GPS,Langue parlée,Ponctualité,Wi-Fi gratuit,Conversation,Sièges inclinables,Chauffeur expérimenté,Musique,Assistance bagages,Conduite souple,Confort,Climatisation,Ambiance chaleureuse",Planner,Boutours
195,Banga Bakundu,"Sièges inclinables,Silence,Animaux acceptés,Ponctualité,Conduite souple,Connectivité,Climatisation,Cuisine,Musique,Assistance bagages,Conversation,Éclairage tamisé,Langue parlée",Planner,Bertoua
3443,Kousseri,"Chauffeur expérimenté,Ponctualité",Traveler,Buea
3133,Bonanjo,"Ponctualité,Connectivité,Wi-Fi gratuit",Traveler,Guider
3132,Douala,"Sièges inclinables,Climatisation,Langue parlée,Éclairage tamisé,Navigation GPS,Ponctualité,Assistance bagages,Animaux acceptés,Chauffeur expérimenté,Cuisine,Boisson gratuite,Conversation,Confort",Planner,Edéa
3340,Bafang,"Conduite souple,Sport",Traveler,Bamenda
2828,Essos,"Navigation GPS,Conversation,Assistance bagages,Musique,Éclairage tamisé",Planner,Dibombari
3653,Gazawa,"Chauffeur expérimenté,Boisson gratuite,Cuisine,Espace de rangement,Climatisation,Sport,Animaux acceptés,Silence,Confort,Wi-Fi gratuit",Traveler,Kribi
4247,Nanga-Eboko,"Conversation,Climatisation,Navigation GPS,Ponctualité,Sièges inclinables,Conduite souple,Éclairage tamisé,Ambiance chaleureuse,Langue parlée,Assistance bagages,Cuisine,Espace de rangement,Musique",Traveler,Fontem
4290,Essos,Langue parlée,Traveler,Mbouda
3185,Messa,"Animaux acceptés,Connectivité,Wi-Fi gratuit,Éclairage tamisé,Sièges inclinables,Chauffeur expérimenté,Musique,Assistance bagages,Ponctualité,Sport",Traveler,Mora
3104,Bonabéri,"Ambiance chaleureuse,Vue panoramique,Cuisine,Ponctualité,Sièges inclinables,Espace de rangement,Climatisation,Conduite souple",Planner,Bali
3040,Batibo,"Wi-Fi gratuit,Ambiance chaleureuse,Musique",Planner,Edéa
503,Boutours,"Conduite souple,Conversation,Connectivité,Assistance bagages,Musique,Espace de rangement,Éclairage tamisé,Boisson gratuite,Confort,Ponctualité,Sièges inclinables,Wi-Fi gratuit,Sport,Langue parlée,Cuisine",Traveler,Mokolo
2618,Bonanjo,"Connectivité,Langue parlée,Éclairage tamisé,Conduite souple,Animaux acceptés,Conversation,Espace de rangement,Wi-Fi gratuit,Musique,Chauffeur expérimenté,Silence,Climatisation,Navigation GPS,Sport",Planner,Meiganga
4448,Bonanjo,"Silence,Ambiance chaleureuse,Animaux acceptés,Conduite souple,Espace de rangement,Assistance bagages,Langue parlée,Climatisation,Boisson gratuite,Musique,Sièges inclinables,Navigation GPS,Ponctualité,Sport,Confort",Planner,Garoua
3312,Bafia,"Ambiance chaleureuse,Navigation GPS,Boisson gratuite,Silence,Langue parlée,Chauffeur expérimenté,Sport,Éclairage tamisé,Animaux acceptés,Sièges inclinables,Confort,Conversation,Cuisine,Vue panoramique",Planner,Fontem
728,Bamenda,"Chauffeur expérimenté,Cuisine,Sport,Éclairage tamisé,Ambiance chaleureuse,Boisson gratuite,Silence,Musique",Traveler,Guider
3556,Mbalmayo,"Boisson gratuite,Connectivité,Animaux acceptés,Ponctualité,Conversation,Wi-Fi gratuit,Assistance bagages,Cuisine,Sièges inclinables,Sport",Planner,Bali
2363,Mbandjock,"Animaux acceptés,Boisson gratuite,Connectivité",Planner,Bandjoun
862,Dibombari,"Climatisation,Conversation,Silence,Cuisine,Sport,Confort,Assistance bagages,Vue panoramique,Conduite souple,Navigation GPS",Planner,Bertoua
3021,Loum,"Connectivité,Confort,Silence,Boisson gratuite,Éclairage tamisé,Cuisine,Chauffeur expérimenté,Conduite souple",Traveler,Figuif
3059,Meiganga,"Animaux acceptés,Sport,Espace de rangement,Chauffeur expérimenté,Confort,Navigation GPS,Wi-Fi gratuit,Ambiance chaleureuse,Silence,Conduite souple,Boisson gratuite,Connectivité,Musique,Langue parlée,Conversation,Sièges inclinables,Cuisine",Planner,Bonabéri
1097,Garoua,"Ponctualité,Conversation,Animaux acceptés,Conduite souple,Navigation GPS,Assistance bagages,Cuisine,Wi-Fi gratuit,Sport,Confort,Chauffeur expérimenté,Sièges inclinables,Espace de rangement,Ambiance chaleureuse,Boisson gratuite,Silence,Musique,Langue parlée,Éclairage tamisé,Vue panoramique,Connectivité",Planner,Buea
4882,Guider,"Climatisation,Ambiance chaleureuse,Boisson gratuite,Connectivité,Wi-Fi gratuit,Navigation GPS,Sport,Vue panoramique,Confort",Traveler,Mora
4175,Bertoua,"Boisson gratuite,Langue parlée,Ponctualité,Sièges inclinables,Wi-Fi gratuit,Espace de rangement,Assistance bagages,Sport,Confort,Silence,Conversation,Conduite souple",Traveler,Batibo
737,Bandjoun,"Silence,Wi-Fi gratuit",Traveler,Meiganga
673,Bogo,"Climatisation,Sport,Animaux acceptés,Wi-Fi gratuit,Conversation,Sièges inclinables,Cuisine,Vue panoramique,Chauffeur expérimenté,Assistance bagages,Boisson gratuite",Traveler,Loum
370,Garoua,"Vue panoramique,Cuisine,Assistance bagages,Langue parlée",Planner,Buea
2909,Bali,"Cuisine,Boisson gratuite,Ponctualité,Confort,Sièges inclinables,Conduite souple,Connectivité,Chauffeur expérimenté,Éclairage tamisé,Navigation GPS,Musique,Assistance bagages,Ambiance chaleureuse,Animaux acceptés,Espace de rangement,Langue parlée,Silence,Climatisation,Conversation",Planner,Buea
1836,Gazawa,"Climatisation,Ponctualité,Sport,Connectivité,Confort,Animaux acceptés,Navigation GPS,Conduite souple,Boisson gratuite,Chauffeur expérimenté,Assistance bagages",Traveler,Yagoua
1954,Limbe,"Climatisation,Wi-Fi gratuit,Sport,Silence,Conversation,Espace de rangement,Chauffeur expérimenté,Animaux acceptés,Boisson gratuite,Ponctualité",Traveler,Bertoua
1497,Beti,"Langue parlée,Vue panoramique,Silence,Cuisine,Conduite souple,Confort,Ambiance chaleureuse,Boisson gratuite",Traveler,Figuif
4736,Bali Nyonga,"Langue parlée,Wi-Fi gratuit,Climatisation,Confort,Éclairage tamisé,Connectivité,Chauffeur expérimenté,Silence,Sièges inclinables,Musique,Conversation,Navigation GPS,Cuisine,Sport,Animaux acceptés,Assistance bagages,Vue panoramique",Planner,Figuif
1784,Edéa,"Espace de rangement,Cuisine,Conversation,Confort,Sièges inclinables,Navigation GPS,Connectivité,Silence,Chauffeur expérimenté,Assistance bagages,Ambiance chaleureuse,Climatisation,Conduite souple",Planner,Bertoua
3769,Bafang,"Ambiance chaleureuse,Sport,Musique,Silence",Planner,Mbalmayo
3426,Buea,"Assistance bagages,Sièges inclinables,Wi-Fi gratuit,Ponctualité,Langue parlée,Boisson gratuite,Conversation,Éclairage tamisé,Vue panoramique,Chauffeur expérimenté,Navigation GPS,Climatisation,Conduite souple,Animaux acceptés,Musique,Espace de rangement,Confort",Traveler,Belabo
4148,Melong,"Sport,Ambiance chaleureuse,Musique,Conduite souple,Climatisation,Chauffeur expérimenté,Boisson gratuite,Confort,Langue parlée,Espace de rangement,Cuisine,Silence,Conversation,Navigation GPS,Éclairage tamisé,Connectivité,Vue panoramique,Sièges inclinables",Traveler,Bamenda
3062,Bonabéri,"Assistance bagages,Sport,Conversation,Cuisine,Connectivité,Climatisation,Vue panoramique",Traveler,Buea
2508,Maroua,"Chauffeur expérimenté,Sièges inclinables,Ponctualité",Traveler,Bamenda
999,Mbanga,"Sport,Musique,Assistance bagages,Confort,Chauffeur expérimenté,Langue parlée,Silence,Cuisine,Éclairage tamisé,Ponctualité,Conversation,Espace de rangement,Animaux acceptés,Boisson gratuite,Connectivité,Ambiance chaleureuse,Wi-Fi gratuit,Climatisation,Vue panoramique,Navigation GPS",Planner,Bertoua
406,Gazawa,"Climatisation,Conversation",Traveler,Gazawa
3159,Batibo,"Sport,Ambiance chaleureuse,Langue parlée,Connectivité,Sièges inclinables,Chauffeur expérimenté,Cuisine,Silence,Wi-Fi gratuit",Planner,Kousseri
226,Bali,"Musique,Ponctualité,Sport,Connectivité,Conversation,Conduite souple,Wi-Fi gratuit,Sièges inclinables,Cuisine,Langue parlée,Boisson gratuite",Traveler,Bafia
540,Mbandjock,"Wi-Fi gratuit,Ponctualité,Ambiance chaleureuse",Planner,Bafia
2430,Bali Nyonga,"Sièges inclinables,Navigation GPS,Climatisation,Boisson gratuite,Conduite souple,Langue parlée,Musique,Assistance bagages,Vue panoramique,Sport,Silence,Ambiance chaleureuse,Wi-Fi gratuit,Chauffeur expérimenté,Connectivité,Cuisine,Animaux acceptés,Conversation,Ponctualité,Confort",Planner,Mutengene
194,Essos,"Cuisine,Confort,Boisson gratuite,Sport,Sièges inclinables,Vue panoramique,Assistance bagages,Silence,Animaux acceptés,Conduite souple,Ponctualité,Ambiance chaleureuse,Langue parlée,Conversation,Chauffeur expérimenté,Navigation GPS,Connectivité",Traveler,Nanga-Eboko
298,Mutengene,"Confort,Cuisine,Sièges inclinables,Ambiance chaleureuse,Ponctualité,Espace de rangement",Traveler,Mbandjock
688,Edéa,"Wi-Fi gratuit,Éclairage tamisé,Connectivité,Silence,Espace de rangement,Climatisation,Sport,Chauffeur expérimenté,Conversation,Boisson gratuite,Ambiance chaleureuse,Navigation GPS,Musique,Langue parlée,Vue panoramique",Planner,Bali
2768,Edéa,"Silence,Animaux acceptés,Cuisine,Conduite souple,Conversation,Langue parlée,Musique",Planner,Mokolo
1749,Bonakouamouang,"Langue parlée,Ambiance chaleureuse,Conduite souple,Wi-Fi gratuit,Assistance bagages,Connectivité,Sport,Navigation GPS,Conversation,Cuisine",Traveler,Bogo
2462,Kousseri,"Boisson gratuite,Cuisine,Navigation GPS,Sport,Conduite souple,Conversation,Éclairage tamisé,Langue parlée,Confort,Climatisation,Animaux acceptés,Assistance bagages,Silence,Vue panoramique,Ponctualité,Sièges inclinables,Espace de rangement,Musique,Ambiance chaleureuse,Wi-Fi gratuit,Chauffeur expérimenté,Connectivité",Planner,Bonanjo
3328,Mora,Cuisine,Planner,Nanga-Eboko
4591,Bali,"Silence,Connectivité,Climatisation,Confort,Espace de rangement,Cuisine",Planner,Melong
2046,Belo,"Confort,Langue parlée,Assistance bagages,Éclairage tamisé,Sièges inclinables,Climatisation,Ponctualité,Cuisine,Espace de rangement,Wi-Fi gratuit,Boisson gratuite,Navigation GPS,Conduite souple",Planner,Garoua
2445,Bertoua,"Cuisine,Conduite souple,Ambiance chaleureuse,Wi-Fi gratuit,Ponctualité,Connectivité,Assistance bagages,Animaux acceptés,Navigation GPS,Sièges inclinables,Musique,Conversation,Silence,Chauffeur expérimenté",Planner,Mbouda
2473,Mbanga,"Assistance bagages,Cuisine,Éclairage tamisé",Planner,Douala
2227,Mutengene,"Musique,Vue panoramique,Conduite souple,Ponctualité,Sport,Chauffeur expérimenté,Assistance bagages,Wi-Fi gratuit,Navigation GPS,Animaux acceptés,Éclairage tamisé,Connectivité,Espace de rangement,Cuisine,Sièges inclinables,Confort,Conversation,Silence,Boisson gratuite,Langue parlée,Climatisation,Ambiance chaleureuse",Planner,Nkongsamba
2754,Nanga-Eboko,"Assistance bagages,Espace de rangement,Ponctualité,Sièges inclinables,Boisson gratuite,Navigation GPS,Ambiance chaleureuse,Confort,Vue panoramique,Animaux acceptés,Cuisine,Connectivité,Éclairage tamisé,Musique,Silence,Wi-Fi gratuit,Climatisation,Conversation,Sport",Planner,Bonabéri
1185,Bonamoussadi,"Confort,Boisson gratuite,Wi-Fi gratuit,Connectivité,Ambiance chaleureuse,Chauffeur expérimenté,Sport,Climatisation,Espace de rangement,Cuisine",Planner,Kribi
2323,Boutours,"Animaux acceptés,Langue parlée,Confort,Ponctualité,Sièges inclinables,Cuisine,Éclairage tamisé,Wi-Fi gratuit,Boisson gratuite,Silence,Navigation GPS,Chauffeur expérimenté,Vue panoramique,Ambiance chaleureuse,Sport",Traveler,Banga Bakundu
2203,Campo,"Cuisine,Navigation GPS,Confort,Conduite souple,Wi-Fi gratuit,Conversation,Ponctualité,Chauffeur expérimenté,Assistance bagages,Éclairage tamisé,Climatisation,Connectivité,Langue parlée,Boisson gratuite,Animaux acceptés,Vue panoramique,Silence,Sièges inclinables,Ambiance chaleureuse,Espace de rangement,Musique,Sport",Traveler,Melong
3282,Bafoussam,"Climatisation,Sièges inclinables,Musique,Conduite souple,Confort,Conversation,Ambiance chaleureuse,Ponctualité,Chauffeur expérimenté,Éclairage tamisé,Animaux acceptés,Langue parlée,Sport,Wi-Fi gratuit,Boisson gratuite,Vue panoramique,Connectivité,Assistance bagages,Espace de rangement,Silence,Navigation GPS",Traveler,Bafia
3321,Yagoua,"Ponctualité,Sport,Boisson gratuite,Assistance bagages,Navigation GPS,Chauffeur expérimenté,Silence,Connectivité,Langue parlée,Vue panoramique,Conduite souple,Éclairage tamisé,Animaux acceptés,Cuisine",Planner,Banga Bakundu
473,Bertoua,"Sièges inclinables,Cuisine,Conduite souple,Conversation,Confort,Éclairage tamisé,Espace de rangement,Climatisation,Assistance bagages,Navigation GPS,Vue panoramique,Boisson gratuite,Ponctualité,Animaux acceptés,Sport",Planner,Campo
4601,Bertoua,"Connectivité,Musique,Ponctualité,Wi-Fi gratuit,Sièges inclinables,Conduite souple,Confort,Langue parlée,Éclairage tamisé,Cuisine",Planner,Loum
3904,Loum,"Connectivité,Wi-Fi gratuit,Langue parlée",Planner,Mbanga
2198,Loum,"Musique,Langue parlée,Assistance bagages,Ponctualité,Chauffeur expérimenté,Wi-Fi gratuit,Conduite souple,Climatisation",Traveler,Bertoua
138,Guider,"Éclairage tamisé,Sièges inclinables,Silence,Langue parlée,Conduite souple,Ponctualité,Espace de rangement,Climatisation,Musique,Assistance bagages,Cuisine",Traveler,Melong
778,Bamenda,"Ambiance chaleureuse,Cuisine,Ponctualité,Climatisation,Confort,Assistance bagages,Conversation,Vue panoramique,Langue parlée,Conduite souple,Espace de rangement,Wi-Fi gratuit,Animaux acceptés,Chauffeur expérimenté,Connectivité,Boisson gratuite,Musique,Silence,Navigation GPS,Sièges inclinables",Traveler,Kribi
2076,Bafang,"Confort,Langue parlée,Climatisation,Éclairage tamisé,Musique,Ponctualité,Conduite souple,Boisson gratuite,Espace de rangement,Animaux acceptés,Assistance bagages,Conversation",Traveler,Mbouda
818,Douala,"Navigation GPS,Sièges inclinables,Ambiance chaleureuse,Boisson gratuite",Planner,Yaounde
3504,Bafang,"Navigation GPS,Conduite souple,Silence,Connectivité,Animaux acceptés,Vue panoramique,Confort,Ambiance chaleureuse,Musique,Sport,Langue parlée,Ponctualité,Conversation",Traveler,Bonakouamouang
4491,Gazawa,"Boisson gratuite,Ambiance chaleureuse,Ponctualité,Navigation GPS,Sport,Vue panoramique,Wi-Fi gratuit,Cuisine,Conduite souple,Conversation,Musique,Chauffeur expérimenté,Assistance bagages,Confort,Climatisation,Animaux acceptés,Éclairage tamisé,Espace de rangement,Sièges inclinables",Traveler,Mbalmayo
3827,Figuif,"Conversation,Ponctualité,Silence,Assistance bagages,Ambiance chaleureuse,Climatisation,Sièges inclinables,Navigation GPS,Éclairage tamisé,Animaux acceptés,Espace de rangement,Chauffeur expérimenté,Vue panoramique,Conduite souple,Boisson gratuite,Musique,Wi-Fi gratuit,Confort",Traveler,Bonakouamouang
2457,Gazawa,"Confort,Climatisation,Vue panoramique,Conversation,Animaux acceptés,Connectivité,Conduite souple,Langue parlée,Sièges inclinables,Boisson gratuite,Silence,Assistance bagages,Musique,Éclairage tamisé,Sport,Ponctualité,Navigation GPS,Wi-Fi gratuit,Ambiance chaleureuse",Traveler,Figuif
4738,Edéa,"Espace de rangement,Musique,Navigation GPS,Conduite souple,Langue parlée,Boisson gratuite,Vue panoramique,Sièges inclinables,Chauffeur expérimenté,Climatisation,Animaux acceptés,Connectivité,Éclairage tamisé,Ambiance chaleureuse,Assistance bagages,Confort",Traveler,Limbe
4330,Dibombari,"Langue parlée,Confort,Climatisation,Ponctualité,Assistance bagages,Sièges inclinables,Ambiance chaleureuse,Chauffeur expérimenté,Connectivité,Animaux acceptés,Musique,Silence,Boisson gratuite,Vue panoramique,Navigation GPS,Conversation,Sport",Planner,Bonakouamouang
437,Mora,"Éclairage tamisé,Sport,Confort,Vue panoramique,Espace de rangement,Ponctualité,Sièges inclinables,Conduite souple,Animaux acceptés,Conversation,Silence,Navigation GPS",Traveler,Banga Bakundu
3564,Mbanga,"Sport,Connectivité,Sièges inclinables,Musique,Langue parlée,Conversation,Wi-Fi gratuit,Conduite souple,Ambiance chaleureuse",Planner,Bonabéri
1577,Mora,"Espace de rangement,Wi-Fi gratuit,Cuisine,Climatisation,Musique,Sièges inclinables,Ponctualité,Connectivité,Sport,Boisson gratuite,Silence,Langue parlée,Animaux acceptés,Confort,Conduite souple,Chauffeur expérimenté,Assistance bagages,Ambiance chaleureuse,Navigation GPS,Conversation",Planner,Bimbia
644,Bertoua,"Espace de rangement,Animaux acceptés,Langue parlée,Cuisine,Assistance bagages,Ambiance chaleureuse,Éclairage tamisé,Conversation,Conduite souple,Silence,Musique",Traveler,Bandjoun
83,Bertoua,"Connectivité,Langue parlée,Musique,Conduite souple,Climatisation,Ponctualité",Traveler,Mbandjock
775,Campo,"Confort,Langue parlée,Musique,Boisson gratuite,Vue panoramique,Silence,Chauffeur expérimenté,Animaux acceptés",Traveler,Mbouda
3006,Limbe,"Langue parlée,Silence,Éclairage tamisé,Cuisine,Ponctualité,Conduite souple,Ambiance chaleureuse,Conversation,Wi-Fi gratuit,Boisson gratuite,Navigation GPS,Musique,Animaux acceptés,Sièges inclinables,Chauffeur expérimenté,Climatisation",Planner,Fontem
1726,Nkongsamba,"Navigation GPS,Chauffeur expérimenté,Assistance bagages,Boisson gratuite,Sièges inclinables,Musique,Espace de rangement,Silence,Conversation,Conduite souple,Wi-Fi gratuit,Cuisine,Éclairage tamisé,Animaux acceptés,Vue panoramique,Sport,Langue parlée,Ponctualité,Connectivité,Climatisation,Ambiance chaleureuse,Confort",Traveler,Maroua
1525,Batibo,"Chauffeur expérimenté,Conversation,Conduite souple,Espace de rangement,Cuisine,Ponctualité,Climatisation,Assistance bagages,Sièges inclinables,Silence,Langue parlée,Ambiance chaleureuse,Sport,Éclairage tamisé,Vue panoramique",Planner,Mora
479,Belo,"Confort,Sport,Cuisine,Langue parlée,Boisson gratuite,Espace de rangement,Ambiance chaleureuse,Connectivité,Chauffeur expérimenté,Conduite souple",Traveler,Nanga-Eboko
3029,Mokolo,"Éclairage tamisé,Espace de rangement,Assistance bagages,Connectivité,Wi-Fi gratuit,Conversation,Animaux acceptés,Vue panoramique,Conduite souple,Boisson gratuite,Cuisine,Ponctualité,Confort,Sport,Musique,Sièges inclinables,Silence,Navigation GPS,Ambiance chaleureuse,Chauffeur expérimenté,Climatisation,Langue parlée",Planner,Edéa
2852,Nkongsamba,"Espace de rangement,Éclairage tamisé,Cuisine,Animaux acceptés,Ponctualité,Chauffeur expérimenté,Connectivité",Planner,Kousseri
2266,Yaounde,"Climatisation,Conversation,Assistance bagages,Ponctualité,Ambiance chaleureuse,Chauffeur expérimenté,Boisson gratuite,Animaux acceptés,Silence,Sièges inclinables",Planner,Bafang
4076,Kumba,"Sièges inclinables,Connectivité,Langue parlée,Conduite souple,Climatisation,Sport,Vue panoramique,Wi-Fi gratuit,Navigation GPS,Ponctualité,Conversation,Espace de rangement,Cuisine,Silence,Confort,Animaux acceptés,Musique,Ambiance chaleureuse,Boisson gratuite,Assistance bagages,Éclairage tamisé,Chauffeur expérimenté",Traveler,Messa
264,Bimbia,"Ambiance chaleureuse,Musique,Sport,Ponctualité,Conduite souple,Cuisine,Wi-Fi gratuit,Confort,Sièges inclinables,Connectivité,Langue parlée,Vue panoramique,Animaux acceptés,Navigation GPS,Espace de rangement,Chauffeur expérimenté,Climatisation,Éclairage tamisé",Traveler,Gazawa
3740,Campo,"Cuisine,Silence",Traveler,Bafia
3452,Bertoua,"Conversation,Éclairage tamisé,Cuisine,Sport",Traveler,Garoua
1257,Douala,"Ponctualité,Éclairage tamisé,Connectivité,Vue panoramique,Sièges inclinables,Silence,Cuisine,Musique,Conduite souple,Confort,Boisson gratuite,Assistance bagages,Sport,Navigation GPS,Ambiance chaleureuse",Planner,Essos
4799,Loum,"Animaux acceptés,Connectivité,Wi-Fi gratuit",Planner,Douala
2209,Maroua,"Vue panoramique,Animaux acceptés,Langue parlée,Ambiance chaleureuse,Conversation,Navigation GPS,Ponctualité,Espace de rangement,Silence,Climatisation,Connectivité,Cuisine,Conduite souple,Chauffeur expérimenté,Éclairage tamisé,Confort,Sport,Musique,Wi-Fi gratuit,Assistance bagages,Sièges inclinables",Planner,Bafia
2721,Meiganga,"Boisson gratuite,Cuisine,Silence,Espace de rangement,Éclairage tamisé,Ambiance chaleureuse,Chauffeur expérimenté,Animaux acceptés,Climatisation",Planner,Belabo
1662,Belabo,"Chauffeur expérimenté,Animaux acceptés,Conversation,Navigation GPS,Sport,Boisson gratuite,Musique,Climatisation,Conduite souple,Langue parlée,Ambiance chaleureuse,Assistance bagages,Confort,Silence,Vue panoramique,Espace de rangement,Wi-Fi gratuit",Planner,Nkongsamba
911,Kribi,"Assistance bagages,Sièges inclinables,Connectivité,Langue parlée,Ambiance chaleureuse,Silence,Conversation,Conduite souple,Wi-Fi gratuit,Navigation GPS,Chauffeur expérimenté,Éclairage tamisé,Climatisation,Cuisine,Animaux acceptés,Vue panoramique,Confort",Planner,Gazawa
4154,Mora,"Chauffeur expérimenté,Conversation,Assistance bagages,Wi-Fi gratuit,Sport,Conduite souple,Connectivité,Confort,Silence,Cuisine,Ambiance chaleureuse,Ponctualité,Navigation GPS",Traveler,Bonabéri
599,Kousseri,"Cuisine,Confort,Wi-Fi gratuit,Éclairage tamisé,Conversation,Ponctualité,Vue panoramique,Espace de rangement,Musique,Silence,Connectivité,Animaux acceptés,Assistance bagages,Sport,Boisson gratuite,Sièges inclinables,Ambiance chaleureuse,Conduite souple,Navigation GPS",Planner,Edéa
2207,Maroua,"Cuisine,Navigation GPS,Boisson gratuite,Langue parlée,Espace de rangement,Ambiance chaleureuse,Vue panoramique,Animaux acceptés,Sièges inclinables,Ponctualité,Assistance bagages,Confort,Climatisation,Éclairage tamisé,Wi-Fi gratuit,Chauffeur expérimenté,Connectivité,Sport,Silence,Conversation",Traveler,Bafang
3237,Buea,"Éclairage tamisé,Ambiance chaleureuse,Ponctualité,Confort,Boisson gratuite,Vue panoramique",Traveler,Belabo
3305,Bertoua,"Navigation GPS,Climatisation,Musique,Vue panoramique,Conduite souple,Confort,Espace de rangement,Boisson gratuite,Animaux acceptés,Sièges inclinables,Sport,Connectivité,Chauffeur expérimenté,Silence,Langue parlée,Assistance bagages,Wi-Fi gratuit",Planner,Bandjoun
3741,Buea,"Cuisine,Sièges inclinables,Navigation GPS,Éclairage tamisé,Wi-Fi gratuit,Conduite souple,Confort,Silence,Animaux acceptés,Assistance bagages,Connectivité,Boisson gratuite,Chauffeur expérimenté,Vue panoramique,Langue parlée",Planner,Loum
392,Mbanga,"Connectivité,Musique,Éclairage tamisé,Silence,Vue panoramique,Conduite souple,Cuisine,Sport,Boisson gratuite,Sièges inclinables,Chauffeur expérimenté,Navigation GPS,Ponctualité,Langue parlée,Wi-Fi gratuit,Conversation,Climatisation,Assistance bagages,Animaux acceptés,Confort,Espace de rangement",Planner,Nkongsamba
2800,Mbanga,"Langue parlée,Espace de rangement,Chauffeur expérimenté",Traveler,Bertoua
3929,Batibo,"Assistance bagages,Boisson gratuite,Ambiance chaleureuse,Langue parlée,Ponctualité,Espace de rangement,Conduite souple,Confort,Wi-Fi gratuit,Musique,Sièges inclinables,Animaux acceptés,Sport,Silence,Climatisation,Navigation GPS,Chauffeur expérimenté,Éclairage tamisé,Conversation,Vue panoramique",Traveler,Mutengene
3542,Mora,"Climatisation,Boisson gratuite,Assistance bagages,Sport,Espace de rangement,Wi-Fi gratuit,Musique,Ponctualité,Confort,Cuisine,Éclairage tamisé",Planner,Buea
12,Beti,"Connectivité,Sièges inclinables,Animaux acceptés,Conversation",Traveler,Kribi
4500,Bonakouamouang,"Confort,Langue parlée,Conversation",Planner,Banga Bakundu
2507,Garoua,"Ambiance chaleureuse,Vue panoramique,Conduite souple,Musique,Cuisine,Langue parlée,Ponctualité,Navigation GPS,Silence",Planner,Bonakouamouang
2040,Bertoua,"Wi-Fi gratuit,Langue parlée,Vue panoramique",Traveler,Nkongsamba
1525,Mbouda,"Musique,Silence,Conversation,Confort,Navigation GPS,Langue parlée,Ambiance chaleureuse,Boisson gratuite,Assistance bagages,Chauffeur expérimenté,Ponctualité,Cuisine",Traveler,Banga Bakundu
1187,Essos,"Sièges inclinables,Ponctualité,Éclairage tamisé,Sport,Boisson gratuite,Espace de rangement,Chauffeur expérimenté,Wi-Fi gratuit,Navigation GPS,Animaux acceptés,Assistance bagages,Vue panoramique,Musique,Cuisine,Confort,Langue parlée,Conversation,Climatisation",Traveler,Loum
714,Meiganga,"Ambiance chaleureuse,Boisson gratuite,Espace de rangement,Navigation GPS",Traveler,Bafia
2457,Bonaberi,"Boisson gratuite,Sport,Sièges inclinables,Silence,Cuisine,Climatisation",Traveler,Kribi
4941,Yagoua,"Langue parlée,Ponctualité,Conduite souple,Wi-Fi gratuit,Sièges inclinables,Conversation,Assistance bagages,Climatisation,Chauffeur expérimenté,Sport,Confort,Boisson gratuite,Vue panoramique,Cuisine,Navigation GPS,Musique,Silence,Espace de rangement,Ambiance chaleureuse,Connectivité,Animaux acceptés",Traveler,Guider
1133,Guider,"Sport,Sièges inclinables,Assistance bagages,Chauffeur expérimenté,Ambiance chaleureuse,Climatisation,Cuisine,Éclairage tamisé",Traveler,Bonaberi
2022,Batibo,"Langue parlée,Connectivité,Confort,Musique",Planner,Yagoua
896,Bonakouamouang,"Langue parlée,Éclairage tamisé,Musique,Navigation GPS,Wi-Fi gratuit,Ponctualité,Conversation",Traveler,Bonamoussadi
3308,Mokolo,"Conduite souple,Sport,Conversation,Animaux acceptés,Ponctualité,Chauffeur expérimenté,Silence,Connectivité,Assistance bagages,Langue parlée,Musique",Traveler,Bali
1808,Bonamoussadi,"Animaux acceptés,Sport,Navigation GPS,Sièges inclinables,Wi-Fi gratuit,Musique,Confort,Ponctualité,Ambiance chaleureuse,Connectivité,Assistance bagages,Éclairage tamisé,Langue parlée,Silence,Boisson gratuite,Vue panoramique,Climatisation,Conduite souple",Planner,Mutengene
1288,Dibombari,Cuisine,Traveler,Muyuka
3957,Yaounde,"Espace de rangement,Climatisation,Conduite souple,Assistance bagages,Langue parlée,Ponctualité,Sport,Animaux acceptés,Vue panoramique,Connectivité,Musique,Confort",Traveler,Nanga-Eboko
1862,Muyuka,"Musique,Espace de rangement,Ambiance chaleureuse,Chauffeur expérimenté,Confort,Cuisine,Vue panoramique,Navigation GPS,Sport,Animaux acceptés,Éclairage tamisé,Sièges inclinables,Langue parlée,Wi-Fi gratuit,Conduite souple,Assistance bagages,Climatisation,Conversation,Ponctualité,Silence,Connectivité",Planner,Bali
3176,Bali Nyonga,"Éclairage tamisé,Climatisation,Confort,Ambiance chaleureuse,Boisson gratuite,Animaux acceptés,Wi-Fi gratuit,Chauffeur expérimenté,Sièges inclinables,Assistance bagages,Vue panoramique,Navigation GPS,Conduite souple,Sport,Cuisine,Connectivité,Silence,Espace de rangement,Langue parlée,Musique,Conversation,Ponctualité",Traveler,Meiganga
1559,Bonaberi,"Vue panoramique,Boisson gratuite,Sièges inclinables,Silence,Cuisine,Animaux acceptés,Confort,Conversation,Musique,Espace de rangement,Sport,Éclairage tamisé,Conduite souple,Climatisation",Traveler,Mbouda
3565,Beti,"Navigation GPS,Confort,Assistance bagages,Silence,Animaux acceptés,Conduite souple,Éclairage tamisé,Connectivité,Chauffeur expérimenté,Ponctualité,Vue panoramique,Conversation,Langue parlée,Sièges inclinables",Traveler,Bertoua
3865,Loum,"Conversation,Animaux acceptés",Planner,Buea
4069,Messa,"Climatisation,Éclairage tamisé,Ambiance chaleureuse,Wi-Fi gratuit,Sport,Navigation GPS,Connectivité",Planner,Mbouda
1154,Belo,"Conversation,Langue parlée,Boisson gratuite,Climatisation,Silence,Animaux acceptés,Wi-Fi gratuit,Musique,Éclairage tamisé,Connectivité,Cuisine,Confort,Vue panoramique,Conduite souple,Assistance bagages,Chauffeur expérimenté,Navigation GPS,Sport,Espace de rangement",Traveler,Mbouda
363,Muyuka,"Langue parlée,Vue panoramique,Silence,Musique,Assistance bagages,Boisson gratuite,Conversation,Chauffeur expérimenté",Planner,Messa
3712,Essos,"Navigation GPS,Éclairage tamisé,Sièges inclinables,Climatisation,Sport,Boisson gratuite,Ambiance chaleureuse,Conduite souple,Vue panoramique,Chauffeur expérimenté,Assistance bagages,Ponctualité,Conversation,Confort,Wi-Fi gratuit,Connectivité,Musique,Espace de rangement,Cuisine,Langue parlée,Animaux acceptés",Traveler,Mbouda
2556,Beti,"Connectivité,Wi-Fi gratuit,Musique,Animaux acceptés,Conversation,Sièges inclinables,Navigation GPS,Langue parlée,Éclairage tamisé,Confort,Boisson gratuite,Espace de rangement,Ponctualité,Cuisine,Vue panoramique,Assistance bagages,Sport,Conduite souple,Silence,Climatisation,Chauffeur expérimenté,Ambiance chaleureuse",Traveler,Campo
2407,Beti,"Animaux acceptés,Sièges inclinables,Chauffeur expérimenté,Conversation,Ambiance chaleureuse,Connectivité,Boisson gratuite,Wi-Fi gratuit,Assistance bagages,Sport,Vue panoramique,Climatisation,Cuisine,Confort",Traveler,Douala
1278,Bonanjo,"Navigation GPS,Ambiance chaleureuse,Conduite souple,Sièges inclinables,Ponctualité,Boisson gratuite,Conversation,Éclairage tamisé,Sport,Vue panoramique,Espace de rangement,Musique",Traveler,Bonabéri
3028,Bonamoussadi,"Boisson gratuite,Assistance bagages,Conduite souple,Conversation,Wi-Fi gratuit,Chauffeur expérimenté,Sport,Connectivité,Cuisine,Confort,Espace de rangement,Sièges inclinables,Ambiance chaleureuse,Silence,Navigation GPS,Climatisation,Musique,Langue parlée,Vue panoramique,Animaux acceptés,Ponctualité",Planner,Beti
2837,Bafia,"Ambiance chaleureuse,Climatisation,Sièges inclinables,Connectivité,Navigation GPS,Vue panoramique,Cuisine,Chauffeur expérimenté,Boisson gratuite,Animaux acceptés,Espace de rangement,Conversation,Ponctualité,Conduite souple,Musique",Traveler,Yagoua
3765,Campo,"Éclairage tamisé,Cuisine,Boisson gratuite,Silence,Conversation,Conduite souple,Chauffeur expérimenté,Ambiance chaleureuse,Confort,Assistance bagages,Navigation GPS,Animaux acceptés,Climatisation,Wi-Fi gratuit,Musique,Vue panoramique,Espace de rangement,Ponctualité,Connectivité",Planner,Guider
4649,Edéa,"Musique,Espace de rangement,Conversation,Ponctualité,Silence,Connectivité,Navigation GPS,Cuisine,Boisson gratuite,Sport,Sièges inclinables,Confort,Ambiance chaleureuse,Animaux acceptés,Chauffeur expérimenté,Assistance bagages,Climatisation,Wi-Fi gratuit",Planner,Batibo
4767,Beti,Wi-Fi gratuit,Planner,Fontem
663,Mutengene,"Espace de rangement,Chauffeur expérimenté,Musique,Sièges inclinables,Langue parlée,Sport,Ambiance chaleureuse,Animaux acceptés,Connectivité,Confort,Silence,Assistance bagages",Traveler,Bali
4668,Yagoua,"Ambiance chaleureuse,Conversation,Langue parlée,Cuisine,Wi-Fi gratuit,Assistance bagages,Conduite souple,Chauffeur expérimenté,Animaux acceptés,Navigation GPS,Confort,Silence,Connectivité,Musique,Sport,Vue panoramique,Éclairage tamisé,Espace de rangement,Ponctualité,Sièges inclinables",Planner,Banga Bakundu
3026,Gazawa,"Animaux acceptés,Silence,Sport,Confort,Ambiance chaleureuse,Wi-Fi gratuit,Climatisation,Langue parlée,Vue panoramique,Sièges inclinables,Cuisine,Chauffeur expérimenté,Éclairage tamisé,Ponctualité,Navigation GPS,Connectivité",Traveler,Buea
2245,Mbandjock,"Espace de rangement,Langue parlée,Éclairage tamisé,Chauffeur expérimenté,Navigation GPS,Confort,Silence,Conduite souple,Assistance bagages,Conversation,Animaux acceptés,Climatisation,Boisson gratuite,Vue panoramique",Planner,Messa
2096,Batibo,"Boisson gratuite,Musique,Ponctualité,Espace de rangement,Wi-Fi gratuit,Animaux acceptés,Langue parlée,Navigation GPS,Éclairage tamisé,Conduite souple,Confort",Traveler,Campo
1617,Buea,"Boisson gratuite,Sièges inclinables,Vue panoramique",Traveler,Bimbia
1435,Belo,"Confort,Espace de rangement,Sport,Ponctualité",Traveler,Bertoua
1830,Bafoussam,"Confort,Sièges inclinables,Vue panoramique,Wi-Fi gratuit,Chauffeur expérimenté,Boisson gratuite,Animaux acceptés,Connectivité,Ponctualité,Éclairage tamisé,Ambiance chaleureuse,Espace de rangement",Planner,Yagoua
2210,Campo,Connectivité,Traveler,Mokolo
3704,Beti,"Sièges inclinables,Confort,Musique,Conversation,Langue parlée,Wi-Fi gratuit,Navigation GPS,Ambiance chaleureuse,Éclairage tamisé,Vue panoramique,Climatisation,Boisson gratuite,Connectivité,Ponctualité,Sport,Conduite souple,Assistance bagages,Animaux acceptés,Chauffeur expérimenté",Traveler,Batibo
2222,Bonanjo,"Silence,Ambiance chaleureuse,Musique,Conversation,Ponctualité",Traveler,Bandjoun
97,Batibo,"Musique,Éclairage tamisé,Chauffeur expérimenté,Sièges inclinables,Ambiance chaleureuse,Vue panoramique,Silence,Boisson gratuite,Navigation GPS,Animaux acceptés,Climatisation,Sport",Planner,Buea
4119,Meiganga,"Sièges inclinables,Conduite souple,Conversation,Éclairage tamisé,Confort,Navigation GPS,Cuisine,Assistance bagages,Sport,Vue panoramique,Wi-Fi gratuit,Boisson gratuite",Traveler,Bamenda
1023,Maroua,"Chauffeur expérimenté,Cuisine,Connectivité,Silence,Espace de rangement,Langue parlée,Climatisation,Assistance bagages,Wi-Fi gratuit,Éclairage tamisé,Confort,Ponctualité,Conduite souple",Planner,Figuif
3705,Bonanjo,"Connectivité,Conduite souple,Navigation GPS,Conversation,Cuisine,Espace de rangement,Sport,Ponctualité,Chauffeur expérimenté,Confort,Ambiance chaleureuse,Vue panoramique,Éclairage tamisé,Assistance bagages",Planner,Buea
4169,Bafoussam,Conversation,Planner,Bonakouamouang
720,Bali Nyonga,"Éclairage tamisé,Sièges inclinables,Ponctualité,Assistance bagages",Planner,Bogo
3822,Bali Nyonga,"Éclairage tamisé,Sièges inclinables,Navigation GPS",Traveler,Bamenda
2086,Mbandjock,"Confort,Ponctualité,Conduite souple,Animaux acceptés,Langue parlée,Navigation GPS,Cuisine,Chauffeur expérimenté,Connectivité,Boisson gratuite,Sport,Sièges inclinables,Climatisation,Vue panoramique",Traveler,Bertoua
3584,Yagoua,"Ambiance chaleureuse,Ponctualité,Assistance bagages,Boisson gratuite,Sièges inclinables,Connectivité,Confort",Planner,Beti
1674,Bonamoussadi,"Silence,Climatisation,Chauffeur expérimenté",Traveler,Bali
345,Banga Bakundu,"Silence,Connectivité,Chauffeur expérimenté",Planner,Bertoua
2837,Banga Bakundu,"Boisson gratuite,Conduite souple,Espace de rangement,Éclairage tamisé,Wi-Fi gratuit,Sièges inclinables,Chauffeur expérimenté,Confort,Sport,Vue panoramique,Connectivité,Langue parlée,Climatisation,Assistance bagages,Conversation,Ponctualité,Cuisine,Musique,Animaux acceptés,Ambiance chaleureuse,Silence",Traveler,Kousseri
82,Meiganga,"Vue panoramique,Conduite souple,Silence,Connectivité,Langue parlée,Assistance bagages,Chauffeur expérimenté,Ponctualité,Musique,Espace de rangement,Animaux acceptés,Navigation GPS,Boisson gratuite,Éclairage tamisé,Climatisation,Sièges inclinables,Confort,Sport,Ambiance chaleureuse",Planner,Banga Bakundu
669,Kousseri,"Animaux acceptés,Espace de rangement,Chauffeur expérimenté,Éclairage tamisé",Traveler,Kousseri
3128,Gazawa,"Chauffeur expérimenté,Connectivité,Éclairage tamisé,Espace de rangement,Navigation GPS,Langue parlée",Traveler,Boutours
1502,Edéa,"Boisson gratuite,Ponctualité,Espace de rangement,Silence,Chauffeur expérimenté,Ambiance chaleureuse,Conduite souple,Confort,Navigation GPS,Cuisine,Wi-Fi gratuit,Langue parlée,Éclairage tamisé,Climatisation",Planner,Belo
1781,Bali,"Boisson gratuite,Animaux acceptés,Wi-Fi gratuit,Sport,Vue panoramique,Conversation,Chauffeur expérimenté,Espace de rangement",Traveler,Douala
3898,Loum,"Conversation,Climatisation,Wi-Fi gratuit,Assistance bagages,Ambiance chaleureuse,Sièges inclinables",Planner,Mbandjock
4436,Bogo,"Vue panoramique,Silence,Ambiance chaleureuse,Wi-Fi gratuit,Assistance bagages,Confort,Animaux acceptés,Sport,Boisson gratuite,Musique,Éclairage tamisé,Espace de rangement,Langue parlée,Conduite souple,Navigation GPS,Chauffeur expérimenté",Traveler,Essos
2716,Kumba,"Conversation,Sport,Wi-Fi gratuit,Connectivité,Climatisation,Musique,Langue parlée,Assistance bagages,Cuisine,Ponctualité",Traveler,Buea
1087,Yagoua,"Ponctualité,Ambiance chaleureuse,Silence,Assistance bagages,Espace de rangement,Wi-Fi gratuit,Conduite souple,Animaux acceptés,Navigation GPS,Éclairage tamisé,Chauffeur expérimenté,Confort,Climatisation,Vue panoramique,Sièges inclinables,Boisson gratuite",Planner,Yaounde
2009,Mbandjock,"Silence,Ponctualité,Animaux acceptés",Traveler,Belo
2269,Mora,"Sièges inclinables,Ponctualité,Confort,Conversation,Assistance bagages",Planner,Mbandjock
4201,Mbanga,"Boisson gratuite,Assistance bagages,Wi-Fi gratuit,Navigation GPS,Conduite souple,Ponctualité,Ambiance chaleureuse,Animaux acceptés,Chauffeur expérimenté,Espace de rangement,Climatisation",Planner,Nanga-Eboko
2375,Garoua,"Connectivité,Cuisine,Animaux acceptés,Langue parlée,Confort,Silence,Sport,Boisson gratuite,Musique,Assistance bagages,Vue panoramique,Ponctualité,Conversation,Chauffeur expérimenté,Éclairage tamisé,Ambiance chaleureuse,Climatisation,Sièges inclinables,Conduite souple",Planner,Bali Nyonga
2678,Meiganga,"Assistance bagages,Silence,Connectivité,Sièges inclinables,Espace de rangement,Ponctualité,Conversation,Ambiance chaleureuse,Musique,Sport,Animaux acceptés,Éclairage tamisé,Cuisine,Chauffeur expérimenté,Navigation GPS,Langue parlée",Traveler,Nanga-Eboko
4543,Nkongsamba,"Navigation GPS,Wi-Fi gratuit,Sport,Musique,Cuisine,Sièges inclinables,Conversation,Assistance bagages",Planner,Nkongsamba
2882,Garoua,"Conduite souple,Sport,Wi-Fi gratuit,Ponctualité,Confort,Connectivité,Espace de rangement,Cuisine,Ambiance chaleureuse,Conversation,Musique,Silence,Animaux acceptés,Vue panoramique,Chauffeur expérimenté,Boisson gratuite",Planner,Bogo
1407,Figuif,"Musique,Animaux acceptés,Assistance bagages",Planner,Loum
1881,Garoua,"Cuisine,Sièges inclinables,Éclairage tamisé,Boisson gratuite,Silence,Wi-Fi gratuit,Langue parlée,Musique,Navigation GPS,Confort,Climatisation,Ambiance chaleureuse,Animaux acceptés,Assistance bagages,Sport,Ponctualité,Vue panoramique,Espace de rangement",Traveler,Bafang
3000,Guider,"Boisson gratuite,Conduite souple,Climatisation,Espace de rangement,Silence,Conversation,Connectivité,Sièges inclinables,Navigation GPS,Langue parlée,Chauffeur expérimenté,Assistance bagages,Sport,Ponctualité,Cuisine,Wi-Fi gratuit,Musique,Animaux acceptés,Confort,Éclairage tamisé,Ambiance chaleureuse,Vue panoramique",Planner,Figuif
2531,Kumba,"Animaux acceptés,Climatisation,Chauffeur expérimenté,Conversation,Espace de rangement,Cuisine,Conduite souple,Sièges inclinables,Ponctualité,Musique,Assistance bagages,Sport,Vue panoramique,Wi-Fi gratuit,Éclairage tamisé,Confort,Boisson gratuite,Silence,Navigation GPS,Ambiance chaleureuse,Langue parlée",Planner,Yagoua
3975,Bogo,"Sport,Musique,Éclairage tamisé,Espace de rangement",Planner,Bandjoun
2383,Bafoussam,"Ponctualité,Ambiance chaleureuse,Animaux acceptés,Connectivité,Assistance bagages,Chauffeur expérimenté,Confort,Éclairage tamisé,Navigation GPS",Traveler,Bimbia
3516,Kumba,"Langue parlée,Navigation GPS,Ambiance chaleureuse,Assistance bagages,Conduite souple,Musique,Boisson gratuite,Silence,Espace de rangement,Connectivité,Sport,Animaux acceptés,Conversation,Cuisine,Chauffeur expérimenté,Confort",Planner,Maroua
3591,Buea,"Sport,Climatisation,Langue parlée,Connectivité",Traveler,Bonabéri
3294,Yaounde,"Éclairage tamisé,Langue parlée,Conduite souple,Climatisation,Sièges inclinables,Cuisine,Silence,Chauffeur expérimenté,Animaux acceptés,Ponctualité,Vue panoramique,Sport,Confort,Musique,Connectivité,Boisson gratuite,Assistance bagages",Planner,Belabo
1631,Bonaberi,"Cuisine,Chauffeur expérimenté,Ambiance chaleureuse",Planner,Douala
408,Bonakouamouang,"Sièges inclinables,Conduite souple,Éclairage tamisé",Traveler,Buea
4551,Mutengene,"Confort,Musique,Ponctualité,Espace de rangement,Cuisine,Assistance bagages,Climatisation,Silence",Planner,Mbanga
3297,Nanga-Eboko,"Navigation GPS,Ambiance chaleureuse,Éclairage tamisé,Sport,Ponctualité,Animaux acceptés,Sièges inclinables,Vue panoramique,Confort,Musique,Chauffeur expérimenté,Conduite souple",Planner,Nanga-Eboko
441,Bali,"Chauffeur expérimenté,Wi-Fi gratuit,Vue panoramique,Silence,Cuisine,Assistance bagages",Planner,Beti
4326,Mutengene,"Conversation,Chauffeur expérimenté,Climatisation,Vue panoramique,Langue parlée,Wi-Fi gratuit,Assistance bagages,Confort,Animaux acceptés,Connectivité",Planner,Douala
1822,Mbouda,"Vue panoramique,Espace de rangement,Ambiance chaleureuse,Climatisation,Confort,Assistance bagages,Connectivité,Sièges inclinables,Wi-Fi gratuit,Silence,Boisson gratuite,Langue parlée,Musique,Conduite souple,Éclairage tamisé,Conversation,Cuisine,Chauffeur expérimenté,Navigation GPS",Planner,Mutengene
945,Kousseri,"Ponctualité,Cuisine,Sport,Sièges inclinables,Confort,Silence,Climatisation,Espace de rangement,Assistance bagages,Navigation GPS,Ambiance chaleureuse,Chauffeur expérimenté,Conduite souple,Éclairage tamisé",Planner,Limbe
4027,Bali Nyonga,"Sièges inclinables,Ponctualité,Climatisation,Silence,Ambiance chaleureuse,Espace de rangement,Wi-Fi gratuit,Conduite souple",Planner,Kumba
2437,Messa,"Silence,Chauffeur expérimenté,Conduite souple",Traveler,Melong
3752,Mokolo,"Assistance bagages,Espace de rangement,Vue panoramique,Conversation,Boisson gratuite,Ambiance chaleureuse,Silence,Connectivité,Cuisine,Ponctualité,Navigation GPS,Sièges inclinables,Chauffeur expérimenté,Animaux acceptés,Musique",Planner,Bonanjo
4237,Dibombari,"Vue panoramique,Éclairage tamisé",Planner,Fontem
2166,Nkongsamba,"Navigation GPS,Sièges inclinables,Boisson gratuite,Confort",Traveler,Belabo
2525,Kousseri,"Boisson gratuite,Ambiance chaleureuse,Conduite souple,Vue panoramique,Navigation GPS,Langue parlée,Chauffeur expérimenté,Silence,Cuisine,Conversation,Musique,Wi-Fi gratuit,Sport,Espace de rangement,Connectivité,Confort,Ponctualité,Sièges inclinables,Climatisation,Éclairage tamisé",Traveler,Mora
4725,Mutengene,"Langue parlée,Navigation GPS,Connectivité,Vue panoramique,Wi-Fi gratuit,Chauffeur expérimenté,Sport,Silence,Animaux acceptés,Cuisine,Éclairage tamisé,Conduite souple,Musique,Conversation",Traveler,Loum
2084,Nanga-Eboko,"Silence,Musique,Ponctualité,Conduite souple,Éclairage tamisé,Sport,Assistance bagages,Connectivité,Animaux acceptés,Conversation,Espace de rangement,Wi-Fi gratuit,Cuisine,Boisson gratuite,Chauffeur expérimenté,Navigation GPS",Traveler,Gazawa
3722,Mbouda,"Conduite souple,Cuisine,Assistance bagages,Wi-Fi gratuit,Éclairage tamisé,Climatisation,Silence,Conversation,Navigation GPS,Chauffeur expérimenté,Ambiance chaleureuse,Ponctualité,Animaux acceptés",Traveler,Bafang
601,Douala,"Wi-Fi gratuit,Vue panoramique,Musique,Boisson gratuite,Sièges inclinables,Langue parlée,Navigation GPS,Connectivité,Animaux acceptés,Ponctualité,Espace de rangement",Traveler,Beti
4024,Kribi,"Cuisine,Vue panoramique,Boisson gratuite,Ponctualité,Confort,Musique,Sport,Langue parlée,Navigation GPS,Sièges inclinables,Silence,Connectivité,Animaux acceptés,Conduite souple,Conversation,Climatisation,Ambiance chaleureuse,Wi-Fi gratuit",Traveler,Edéa
1687,Mokolo,Sport,Planner,Melong
4019,Belabo,"Langue parlée,Ponctualité,Chauffeur expérimenté,Sièges inclinables,Conduite souple,Vue panoramique,Animaux acceptés,Conversation,Espace de rangement,Musique,Confort,Navigation GPS,Wi-Fi gratuit,Climatisation,Sport,Assistance bagages,Ambiance chaleureuse,Connectivité,Éclairage tamisé,Silence",Planner,Mokolo
2170,Melong,"Conversation,Climatisation,Navigation GPS,Sièges inclinables,Éclairage tamisé,Connectivité,Chauffeur expérimenté,Animaux acceptés,Silence,Ponctualité,Assistance bagages,Ambiance chaleureuse,Espace de rangement,Conduite souple,Confort,Musique,Cuisine,Vue panoramique",Planner,Mbouda
3244,Figuif,"Espace de rangement,Sport,Climatisation,Sièges inclinables,Navigation GPS,Confort,Musique,Langue parlée,Vue panoramique,Silence,Wi-Fi gratuit,Assistance bagages",Traveler,Bali
1084,Fontem,"Langue parlée,Vue panoramique",Traveler,Bandjoun
4406,Belo,"Sport,Wi-Fi gratuit,Ponctualité,Climatisation",Planner,Yagoua
223,Bafoussam,"Cuisine,Ponctualité,Climatisation,Animaux acceptés,Vue panoramique,Assistance bagages,Chauffeur expérimenté,Conduite souple,Éclairage tamisé,Confort,Langue parlée,Silence,Navigation GPS,Espace de rangement,Ambiance chaleureuse",Planner,Bonabéri
2182,Mbandjock,"Éclairage tamisé,Conduite souple,Assistance bagages,Sport,Espace de rangement,Conversation,Confort,Musique,Animaux acceptés,Langue parlée,Wi-Fi gratuit,Ambiance chaleureuse,Boisson gratuite,Vue panoramique,Ponctualité,Connectivité,Cuisine,Navigation GPS",Traveler,Douala
3559,Bali Nyonga,"Conduite souple,Sport,Assistance bagages,Silence,Musique,Connectivité,Climatisation,Wi-Fi gratuit,Ponctualité,Animaux acceptés,Éclairage tamisé,Sièges inclinables,Conversation,Confort,Espace de rangement,Langue parlée,Chauffeur expérimenté,Navigation GPS,Ambiance chaleureuse,Cuisine,Vue panoramique,Boisson gratuite",Planner,Garoua
440,Kribi,"Sièges inclinables,Sport,Vue panoramique,Espace de rangement,Éclairage tamisé,Assistance bagages,Conversation,Boisson gratuite,Animaux acceptés,Connectivité,Ambiance chaleureuse,Musique,Ponctualité,Silence,Wi-Fi gratuit,Cuisine,Confort,Chauffeur expérimenté,Langue parlée,Navigation GPS,Climatisation,Conduite souple",Traveler,Muyuka
854,Mbouda,"Conversation,Wi-Fi gratuit,Sport",Planner,Garoua
2730,Bafoussam,"Wi-Fi gratuit,Boisson gratuite",Planner,Bafang
4324,Banga Bakundu,"Conduite souple,Sièges inclinables,Confort,Musique,Langue parlée,Wi-Fi gratuit,Vue panoramique,Ponctualité,Chauffeur expérimenté,Ambiance chaleureuse",Planner,Bandjoun
3567,Buea,"Sièges inclinables,Connectivité,Sport,Conversation,Climatisation,Conduite souple,Boisson gratuite,Navigation GPS,Chauffeur expérimenté,Cuisine,Éclairage tamisé,Assistance bagages,Espace de rangement",Traveler,Mbandjock
834,Kumba,"Connectivité,Cuisine,Musique,Sport,Silence,Espace de rangement,Confort,Animaux acceptés,Wi-Fi gratuit,Vue panoramique,Climatisation,Sièges inclinables,Assistance bagages",Traveler,Bonanjo
4303,Bamenda,"Éclairage tamisé,Climatisation",Planner,Bonabéri
1766,Maroua,"Éclairage tamisé,Langue parlée,Assistance bagages,Conversation,Confort,Ambiance chaleureuse,Climatisation,Ponctualité,Musique,Chauffeur expérimenté,Connectivité,Espace de rangement,Cuisine,Navigation GPS,Vue panoramique,Conduite souple,Animaux acceptés,Sport,Boisson gratuite",Traveler,Garoua
4826,Limbe,"Ambiance chaleureuse,Boisson gratuite,Espace de rangement,Éclairage tamisé,Langue parlée,Silence,Wi-Fi gratuit,Climatisation,Vue panoramique,Connectivité,Animaux acceptés,Navigation GPS,Sièges inclinables,Ponctualité,Chauffeur expérimenté,Musique,Conversation,Assistance bagages,Cuisine,Conduite souple",Planner,Dibombari
2086,Bali,"Ambiance chaleureuse,Assistance bagages,Cuisine",Planner,Bafang
1330,Loum,"Sièges inclinables,Connectivité,Cuisine,Chauffeur expérimenté,Silence,Espace de rangement,Langue parlée,Wi-Fi gratuit,Conduite souple,Confort,Ponctualité,Animaux acceptés,Conversation,Ambiance chaleureuse,Musique,Sport,Éclairage tamisé,Boisson gratuite,Navigation GPS,Assistance bagages,Climatisation,Vue panoramique",Traveler,Belo
4021,Limbe,"Éclairage tamisé,Wi-Fi gratuit,Confort,Climatisation,Sièges inclinables,Assistance bagages,Silence,Navigation GPS,Sport,Espace de rangement,Connectivité,Langue parlée,Boisson gratuite",Planner,Limbe
4823,Maroua,"Confort,Climatisation,Navigation GPS,Connectivité,Wi-Fi gratuit,Boisson gratuite,Cuisine,Conversation",Traveler,Belo
4117,Bogo,"Vue panoramique,Boisson gratuite,Sport,Ponctualité,Chauffeur expérimenté,Navigation GPS,Cuisine,Conversation,Musique,Langue parlée,Connectivité,Éclairage tamisé,Ambiance chaleureuse,Animaux acceptés,Wi-Fi gratuit,Sièges inclinables,Conduite souple,Silence",Planner,Boutours
810,Bonamoussadi,"Assistance bagages,Navigation GPS,Boisson gratuite,Climatisation,Conversation,Ambiance chaleureuse",Traveler,Maroua
2084,Belo,"Sport,Cuisine,Chauffeur expérimenté,Confort,Conversation,Sièges inclinables,Assistance bagages,Animaux acceptés,Silence,Espace de rangement,Éclairage tamisé,Navigation GPS,Boisson gratuite",Planner,Bafoussam
1390,Limbe,"Conduite souple,Connectivité,Éclairage tamisé,Vue panoramique,Cuisine,Langue parlée,Ponctualité,Chauffeur expérimenté,Silence",Planner,Bafoussam
509,Campo,"Ponctualité,Confort,Assistance bagages,Cuisine,Vue panoramique,Musique,Ambiance chaleureuse,Climatisation,Wi-Fi gratuit,Navigation GPS,Espace de rangement,Silence,Sport,Langue parlée,Boisson gratuite,Conversation,Sièges inclinables,Chauffeur expérimenté,Éclairage tamisé,Animaux acceptés,Conduite souple,Connectivité",Traveler,Bonanjo
3594,Kousseri,"Climatisation,Conduite souple,Connectivité,Sport,Sièges inclinables,Cuisine",Planner,Bogo
3340,Mbalmayo,"Vue panoramique,Connectivité,Sièges inclinables,Musique,Animaux acceptés,Éclairage tamisé,Ponctualité,Confort,Assistance bagages,Ambiance chaleureuse",Planner,Messa
1735,Mbandjock,"Langue parlée,Sièges inclinables,Climatisation,Conduite souple,Wi-Fi gratuit,Ambiance chaleureuse,Navigation GPS,Animaux acceptés,Confort,Silence,Musique,Cuisine,Conversation,Vue panoramique,Sport,Ponctualité,Éclairage tamisé,Connectivité,Assistance bagages,Boisson gratuite",Planner,Bamenda
823,Garoua,"Espace de rangement,Climatisation,Assistance bagages,Ambiance chaleureuse",Planner,Banga Bakundu
4430,Limbe,"Confort,Ponctualité,Cuisine,Wi-Fi gratuit,Sport,Chauffeur expérimenté,Conversation,Silence",Traveler,Kousseri
3577,Belo,"Cuisine,Boisson gratuite,Navigation GPS",Traveler,Bamenda
4088,Bimbia,"Climatisation,Vue panoramique,Animaux acceptés,Sport,Connectivité,Éclairage tamisé",Planner,Bimbia
4863,Bonakouamouang,"Ponctualité,Langue parlée,Musique,Silence,Sièges inclinables,Sport,Assistance bagages,Climatisation,Animaux acceptés,Wi-Fi gratuit,Conduite souple",Traveler,Mbandjock
4681,Kousseri,"Silence,Assistance bagages,Musique",Planner,Melong
3594,Bonanjo,"Ponctualité,Musique,Connectivité,Vue panoramique,Espace de rangement,Boisson gratuite,Conversation,Silence,Animaux acceptés,Conduite souple,Langue parlée,Navigation GPS,Assistance bagages,Cuisine,Climatisation,Wi-Fi gratuit,Sport,Ambiance chaleureuse,Chauffeur expérimenté,Confort",Traveler,Bafia
146,Edéa,"Climatisation,Musique,Éclairage tamisé,Conversation,Espace de rangement,Sièges inclinables,Assistance bagages,Wi-Fi gratuit,Sport,Langue parlée,Silence,Conduite souple,Boisson gratuite,Confort",Traveler,Mbandjock
4551,Figuif,"Sièges inclinables,Climatisation,Navigation GPS,Confort,Ambiance chaleureuse,Boisson gratuite,Vue panoramique,Conversation,Assistance bagages,Animaux acceptés,Langue parlée,Cuisine,Sport,Connectivité,Chauffeur expérimenté,Éclairage tamisé,Conduite souple,Wi-Fi gratuit,Ponctualité,Musique,Silence",Traveler,Yaounde
4564,Mbandjock,"Ambiance chaleureuse,Conduite souple,Musique,Sièges inclinables,Éclairage tamisé,Vue panoramique,Conversation,Ponctualité,Confort,Silence,Climatisation,Sport,Wi-Fi gratuit,Boisson gratuite,Cuisine,Navigation GPS,Connectivité,Espace de rangement,Assistance bagages,Chauffeur expérimenté",Traveler,Yagoua
1017,Bandjoun,"Musique,Animaux acceptés,Confort",Traveler,Gazawa
1126,Bonanjo,"Éclairage tamisé,Vue panoramique,Navigation GPS",Planner,Guider
1148,Kribi,"Animaux acceptés,Espace de rangement,Chauffeur expérimenté,Conversation,Éclairage tamisé,Wi-Fi gratuit,Langue parlée,Sport,Ponctualité,Climatisation,Vue panoramique,Assistance bagages,Conduite souple",Planner,Bonaberi
1146,Maroua,"Navigation GPS,Confort,Cuisine,Wi-Fi gratuit,Climatisation,Connectivité",Planner,Belabo
958,Bonakouamouang,"Confort,Sièges inclinables,Wi-Fi gratuit,Sport,Éclairage tamisé,Espace de rangement,Assistance bagages,Boisson gratuite,Silence,Connectivité,Climatisation,Conversation",Planner,Bamenda
4868,Mora,"Ponctualité,Animaux acceptés,Cuisine,Musique,Assistance bagages,Sport,Langue parlée,Connectivité,Vue panoramique,Ambiance chaleureuse,Climatisation,Sièges inclinables,Chauffeur expérimenté,Conversation,Boisson gratuite",Traveler,Beti
4297,Belabo,"Cuisine,Confort,Climatisation,Conduite souple,Navigation GPS,Espace de rangement,Vue panoramique,Sièges inclinables,Chauffeur expérimenté,Conversation",Traveler,Kribi
3716,Banga Bakundu,"Silence,Conversation,Espace de rangement,Climatisation,Sièges inclinables",Planner,Meiganga
1162,Melong,"Boisson gratuite,Confort,Animaux acceptés,Sièges inclinables,Langue parlée,Connectivité,Musique,Wi-Fi gratuit,Espace de rangement,Silence,Sport,Vue panoramique,Conversation,Cuisine,Assistance bagages,Navigation GPS,Climatisation,Ponctualité,Conduite souple,Éclairage tamisé,Chauffeur expérimenté,Ambiance chaleureuse",Traveler,Garoua
4784,Batibo,"Confort,Conduite souple,Vue panoramique,Langue parlée,Musique,Chauffeur expérimenté,Sport,Animaux acceptés,Silence,Wi-Fi gratuit,Navigation GPS,Sièges inclinables,Climatisation,Ambiance chaleureuse,Connectivité,Éclairage tamisé,Espace de rangement",Traveler,Mbouda
672,Gazawa,"Vue panoramique,Climatisation,Confort,Sport,Ambiance chaleureuse,Boisson gratuite,Langue parlée,Wi-Fi gratuit,Navigation GPS,Silence,Conduite souple,Animaux acceptés,Ponctualité",Planner,Nkongsamba
145,Bali Nyonga,"Vue panoramique,Assistance bagages,Espace de rangement,Conduite souple,Cuisine,Conversation",Planner,Edéa
3,Gazawa,"Silence,Conversation,Wi-Fi gratuit,Boisson gratuite,Ponctualité,Langue parlée,Confort,Sport,Connectivité,Ambiance chaleureuse,Navigation GPS,Animaux acceptés,Sièges inclinables,Chauffeur expérimenté,Éclairage tamisé,Espace de rangement,Vue panoramique,Climatisation,Conduite souple",Traveler,Melong
4203,Batibo,Navigation GPS,Traveler,Mbanga
2405,Belabo,"Climatisation,Musique,Wi-Fi gratuit,Sièges inclinables,Chauffeur expérimenté,Conduite souple,Éclairage tamisé,Sport,Connectivité,Navigation GPS,Boisson gratuite,Langue parlée,Animaux acceptés,Silence,Ambiance chaleureuse,Ponctualité,Confort,Espace de rangement,Assistance bagages",Planner,Gazawa
2312,Maroua,"Musique,Connectivité,Chauffeur expérimenté,Animaux acceptés,Ambiance chaleureuse,Ponctualité,Wi-Fi gratuit,Confort",Traveler,Kumba
1567,Mbalmayo,"Langue parlée,Conversation,Conduite souple,Connectivité,Confort,Animaux acceptés,Musique,Navigation GPS,Sport,Assistance bagages,Chauffeur expérimenté,Ambiance chaleureuse,Éclairage tamisé,Espace de rangement,Cuisine,Climatisation,Vue panoramique,Sièges inclinables,Boisson gratuite",Traveler,Dibombari
3245,Bertoua,"Confort,Langue parlée,Navigation GPS,Silence,Cuisine,Éclairage tamisé,Conversation,Sport,Boisson gratuite,Vue panoramique,Musique,Connectivité,Chauffeur expérimenté",Planner,Fontem
898,Kribi,"Climatisation,Confort,Langue parlée,Cuisine,Animaux acceptés,Espace de rangement,Ambiance chaleureuse,Boisson gratuite,Sport,Musique,Wi-Fi gratuit",Traveler,Bali
3747,Bonakouamouang,"Ponctualité,Musique,Chauffeur expérimenté,Cuisine,Connectivité,Espace de rangement,Boisson gratuite,Sport,Conduite souple,Vue panoramique,Ambiance chaleureuse,Animaux acceptés,Langue parlée,Conversation,Confort,Sièges inclinables,Wi-Fi gratuit,Assistance bagages,Éclairage tamisé,Climatisation,Navigation GPS,Silence",Traveler,Garoua
1917,Bogo,"Chauffeur expérimenté,Ambiance chaleureuse,Confort,Sport,Cuisine,Silence,Espace de rangement,Navigation GPS,Boisson gratuite,Conduite souple,Sièges inclinables,Musique,Conversation,Connectivité,Climatisation,Vue panoramique,Éclairage tamisé,Wi-Fi gratuit",Traveler,Yaounde
1441,Bonanjo,"Conversation,Éclairage tamisé,Conduite souple",Traveler,Bimbia
540,Garoua,"Connectivité,Confort,Ponctualité,Espace de rangement,Ambiance chaleureuse,Assistance bagages,Musique,Langue parlée,Vue panoramique,Sièges inclinables,Chauffeur expérimenté,Boisson gratuite,Conduite souple",Planner,Meiganga
202,Douala,"Chauffeur expérimenté,Musique,Cuisine,Confort,Sport,Navigation GPS,Wi-Fi gratuit,Animaux acceptés,Boisson gratuite",Traveler,Muyuka
4403,Banga Bakundu,"Éclairage tamisé,Ponctualité,Assistance bagages,Conduite souple,Navigation GPS,Vue panoramique,Ambiance chaleureuse",Planner,Bimbia
1901,Boutours,"Assistance bagages,Vue panoramique,Langue parlée,Boisson gratuite,Cuisine,Navigation GPS,Conduite souple,Éclairage tamisé,Conversation,Ponctualité",Planner,Garoua
3073,Bandjoun,"Conduite souple,Éclairage tamisé,Cuisine,Assistance bagages",Traveler,Beti
2170,Edéa,"Ambiance chaleureuse,Éclairage tamisé,Espace de rangement,Cuisine,Sièges inclinables,Vue panoramique,Connectivité,Assistance bagages,Silence,Confort,Conversation,Sport,Climatisation,Conduite souple,Chauffeur expérimenté,Navigation GPS,Animaux acceptés,Ponctualité,Boisson gratuite",Planner,Bertoua
2690,Belabo,"Animaux acceptés,Climatisation",Planner,Bonamoussadi
4686,Bali,"Cuisine,Connectivité,Ambiance chaleureuse,Assistance bagages,Silence,Chauffeur expérimenté,Musique,Vue panoramique,Confort,Langue parlée,Wi-Fi gratuit,Conduite souple,Sièges inclinables,Conversation,Ponctualité",Traveler,Yaounde
798,Banga Bakundu,"Connectivité,Espace de rangement,Musique,Ponctualité,Langue parlée,Cuisine,Conduite souple,Silence,Climatisation,Chauffeur expérimenté,Navigation GPS,Vue panoramique,Ambiance chaleureuse,Éclairage tamisé,Sport,Boisson gratuite,Wi-Fi gratuit,Confort,Animaux acceptés",Traveler,Buea
2208,Bonanjo,"Langue parlée,Conduite souple,Ponctualité,Silence,Connectivité,Animaux acceptés,Éclairage tamisé,Navigation GPS,Confort,Sièges inclinables,Espace de rangement,Conversation,Musique,Chauffeur expérimenté,Cuisine,Vue panoramique",Planner,Batibo
1169,Douala,"Assistance bagages,Conversation,Langue parlée,Ambiance chaleureuse,Chauffeur expérimenté,Cuisine,Musique,Wi-Fi gratuit,Silence",Planner,Guider
1198,Bonanjo,"Wi-Fi gratuit,Conversation,Boisson gratuite,Confort,Connectivité,Ambiance chaleureuse,Espace de rangement,Conduite souple,Éclairage tamisé,Musique,Langue parlée,Silence,Sièges inclinables,Assistance bagages,Sport",Traveler,Messa
1761,Bamenda,"Silence,Connectivité,Ponctualité,Cuisine,Sièges inclinables,Confort,Navigation GPS,Langue parlée,Animaux acceptés,Espace de rangement,Conduite souple,Ambiance chaleureuse,Assistance bagages,Sport,Éclairage tamisé,Wi-Fi gratuit,Musique",Planner,Mbalmayo
4135,Muyuka,"Animaux acceptés,Espace de rangement,Conduite souple,Silence,Musique,Langue parlée,Boisson gratuite,Climatisation,Wi-Fi gratuit,Connectivité,Vue panoramique,Sport,Cuisine,Ponctualité,Chauffeur expérimenté,Éclairage tamisé,Navigation GPS,Conversation,Ambiance chaleureuse,Sièges inclinables",Planner,Guider
179,Figuif,"Navigation GPS,Musique,Boisson gratuite,Cuisine",Traveler,Bonanjo
3137,Maroua,"Ponctualité,Cuisine,Musique,Chauffeur expérimenté,Assistance bagages,Sport,Éclairage tamisé,Espace de rangement,Animaux acceptés,Navigation GPS,Confort,Langue parlée",Traveler,Yaounde
3465,Campo,Éclairage tamisé,Planner,Bertoua
1706,Mokolo,"Éclairage tamisé,Assistance bagages,Sport,Ponctualité,Climatisation,Langue parlée,Cuisine",Traveler,Buea
4990,Bimbia,"Confort,Navigation GPS,Langue parlée,Boisson gratuite,Musique,Sièges inclinables,Ambiance chaleureuse,Wi-Fi gratuit,Silence,Ponctualité,Cuisine,Assistance bagages,Éclairage tamisé,Chauffeur expérimenté,Conversation,Sport,Vue panoramique,Connectivité,Conduite souple,Espace de rangement",Planner,Messa
3194,Campo,"Ambiance chaleureuse,Éclairage tamisé,Navigation GPS,Espace de rangement,Ponctualité,Silence,Assistance bagages,Boisson gratuite,Musique,Confort,Wi-Fi gratuit,Conversation,Connectivité,Cuisine,Sport,Vue panoramique,Sièges inclinables,Langue parlée,Climatisation,Chauffeur expérimenté,Conduite souple,Animaux acceptés",Planner,Beti
4873,Bonamoussadi,"Confort,Éclairage tamisé,Animaux acceptés,Sport,Chauffeur expérimenté,Espace de rangement,Silence,Ambiance chaleureuse,Ponctualité",Traveler,Yagoua
3960,Bonanjo,"Éclairage tamisé,Climatisation,Musique",Planner,Belo
4159,Bafang,Éclairage tamisé,Planner,Dibombari
4165,Douala,"Climatisation,Vue panoramique,Navigation GPS,Wi-Fi gratuit,Boisson gratuite,Langue parlée,Conversation,Silence,Ambiance chaleureuse,Sport,Éclairage tamisé,Confort,Ponctualité,Conduite souple,Sièges inclinables,Espace de rangement,Chauffeur expérimenté",Traveler,Bertoua
3350,Dibombari,Espace de rangement,Planner,Bertoua
29,Guider,"Animaux acceptés,Silence,Vue panoramique,Chauffeur expérimenté,Conduite souple,Ambiance chaleureuse,Éclairage tamisé,Sièges inclinables,Musique,Assistance bagages,Sport,Navigation GPS,Espace de rangement,Connectivité,Ponctualité,Confort,Conversation,Wi-Fi gratuit,Boisson gratuite",Traveler,Boutours
4215,Bogo,"Cuisine,Boisson gratuite,Ponctualité",Planner,Figuif
2734,Figuif,"Conversation,Confort,Vue panoramique,Conduite souple,Chauffeur expérimenté,Ambiance chaleureuse,Connectivité,Sport",Traveler,Buea
1384,Bali Nyonga,"Éclairage tamisé,Connectivité,Musique,Langue parlée,Climatisation,Sièges inclinables,Confort,Conversation,Espace de rangement,Boisson gratuite,Silence,Cuisine,Ponctualité,Wi-Fi gratuit,Assistance bagages,Chauffeur expérimenté,Sport",Traveler,Belabo
2535,Douala,"Langue parlée,Climatisation,Boisson gratuite,Vue panoramique,Éclairage tamisé,Sport,Connectivité,Chauffeur expérimenté,Ambiance chaleureuse,Sièges inclinables,Cuisine,Wi-Fi gratuit",Traveler,Melong
3470,Batibo,"Animaux acceptés,Conduite souple,Silence,Connectivité,Conversation,Ambiance chaleureuse,Wi-Fi gratuit,Sièges inclinables,Musique,Vue panoramique,Confort,Sport,Langue parlée,Espace de rangement,Climatisation",Traveler,Campo
3775,Belabo,"Vue panoramique,Espace de rangement,Éclairage tamisé,Boisson gratuite,Wi-Fi gratuit,Sport,Langue parlée,Silence,Sièges inclinables,Climatisation,Conduite souple,Animaux acceptés,Conversation,Chauffeur expérimenté",Planner,Garoua
284,Kousseri,"Boisson gratuite,Conversation",Traveler,Nanga-Eboko
2365,Beti,"Cuisine,Boisson gratuite,Ambiance chaleureuse,Éclairage tamisé,Langue parlée,Chauffeur expérimenté,Animaux acceptés,Silence",Traveler,Bonakouamouang
3566,Bonanjo,"Boisson gratuite,Espace de rangement,Confort,Connectivité,Ponctualité,Silence",Traveler,Gazawa
1738,Meiganga,"Langue parlée,Espace de rangement,Assistance bagages,Musique,Conduite souple,Connectivité,Vue panoramique,Silence,Navigation GPS,Ambiance chaleureuse,Conversation,Sport,Boisson gratuite,Confort,Chauffeur expérimenté,Animaux acceptés,Ponctualité",Traveler,Bertoua
561,Banga Bakundu,"Navigation GPS,Wi-Fi gratuit,Animaux acceptés,Conduite souple",Planner,Bonanjo
3134,Buea,"Sièges inclinables,Vue panoramique,Conduite souple,Sport,Musique,Ponctualité,Wi-Fi gratuit,Espace de rangement,Langue parlée,Connectivité,Ambiance chaleureuse,Boisson gratuite,Climatisation,Conversation,Confort,Cuisine,Assistance bagages,Silence",Traveler,Banga Bakundu
4325,Bonakouamouang,"Ambiance chaleureuse,Conversation,Ponctualité,Musique,Cuisine,Conduite souple,Éclairage tamisé",Traveler,Boutours
3463,Loum,"Espace de rangement,Chauffeur expérimenté,Musique,Éclairage tamisé,Assistance bagages,Connectivité,Silence",Planner,Mbandjock
446,Mora,"Ponctualité,Cuisine,Conduite souple,Espace de rangement,Silence,Wi-Fi gratuit,Vue panoramique,Boisson gratuite,Éclairage tamisé,Connectivité,Navigation GPS,Ambiance chaleureuse,Langue parlée,Musique,Climatisation,Chauffeur expérimenté,Sièges inclinables,Confort,Assistance bagages,Conversation,Animaux acceptés",Traveler,Messa
4628,Mbouda,"Vue panoramique,Cuisine",Planner,Bonabéri
1039,Essos,"Éclairage tamisé,Chauffeur expérimenté,Climatisation,Cuisine,Conduite souple,Connectivité,Assistance bagages,Animaux acceptés,Silence,Ponctualité,Confort,Ambiance chaleureuse,Sport,Langue parlée,Espace de rangement,Wi-Fi gratuit,Navigation GPS,Conversation,Vue panoramique,Sièges inclinables,Musique,Boisson gratuite",Planner,Kumba
390,Bonamoussadi,"Silence,Espace de rangement,Sport,Navigation GPS,Ambiance chaleureuse,Cuisine,Langue parlée,Assistance bagages,Connectivité,Sièges inclinables,Conversation,Chauffeur expérimenté",Planner,Bonanjo
285,Muyuka,"Chauffeur expérimenté,Sport,Vue panoramique,Conversation,Ponctualité,Éclairage tamisé,Wi-Fi gratuit,Sièges inclinables,Cuisine,Musique,Boisson gratuite,Connectivité",Planner,Guider
615,Mbandjock,"Boisson gratuite,Climatisation,Navigation GPS,Cuisine,Langue parlée,Confort,Animaux acceptés,Vue panoramique,Connectivité",Planner,Kousseri
4184,Bali Nyonga,"Wi-Fi gratuit,Boisson gratuite,Assistance bagages,Espace de rangement,Chauffeur expérimenté,Vue panoramique,Ambiance chaleureuse,Cuisine,Navigation GPS,Ponctualité,Sport,Silence,Animaux acceptés,Climatisation",Planner,Bafia
317,Fontem,"Boisson gratuite,Connectivité,Cuisine,Silence,Wi-Fi gratuit,Animaux acceptés,Navigation GPS,Confort,Espace de rangement,Sport,Chauffeur expérimenté,Climatisation,Musique,Assistance bagages,Ponctualité,Vue panoramique",Traveler,Bandjoun
1184,Bertoua,"Ponctualité,Espace de rangement,Sièges inclinables,Ambiance chaleureuse,Boisson gratuite,Vue panoramique,Sport,Navigation GPS,Silence,Animaux acceptés,Cuisine,Conversation,Éclairage tamisé,Confort,Wi-Fi gratuit",Traveler,Nanga-Eboko
1779,Messa,"Vue panoramique,Chauffeur expérimenté,Ambiance chaleureuse,Wi-Fi gratuit,Connectivité,Boisson gratuite,Éclairage tamisé,Conduite souple,Assistance bagages,Sport,Climatisation,Langue parlée,Ponctualité,Confort,Espace de rangement,Cuisine,Animaux acceptés,Silence,Musique",Traveler,Douala
4582,Bandjoun,"Silence,Climatisation,Connectivité,Sièges inclinables,Conduite souple,Ambiance chaleureuse,Boisson gratuite,Langue parlée,Cuisine,Confort,Animaux acceptés,Musique,Conversation,Vue panoramique,Chauffeur expérimenté,Sport,Wi-Fi gratuit",Planner,Bali Nyonga
4804,Mutengene,"Cuisine,Silence,Confort,Espace de rangement,Assistance bagages,Chauffeur expérimenté,Animaux acceptés,Éclairage tamisé,Climatisation,Langue parlée,Ambiance chaleureuse,Navigation GPS,Connectivité,Boisson gratuite,Wi-Fi gratuit,Conduite souple,Conversation,Vue panoramique,Sport,Musique",Planner,Fontem
1950,Gazawa,"Ponctualité,Animaux acceptés,Climatisation,Navigation GPS,Cuisine,Sport,Espace de rangement,Wi-Fi gratuit,Ambiance chaleureuse,Boisson gratuite,Musique,Conduite souple,Éclairage tamisé,Chauffeur expérimenté,Vue panoramique",Planner,Gazawa
2193,Mbouda,"Assistance bagages,Cuisine,Navigation GPS,Animaux acceptés,Confort,Ambiance chaleureuse,Conduite souple,Sport,Langue parlée,Conversation,Ponctualité,Éclairage tamisé,Chauffeur expérimenté,Climatisation,Vue panoramique,Silence,Sièges inclinables,Wi-Fi gratuit,Espace de rangement,Boisson gratuite",Traveler,Batibo
4740,Mutengene,"Ponctualité,Boisson gratuite,Silence,Navigation GPS,Wi-Fi gratuit,Climatisation",Planner,Mbandjock
1767,Mbalmayo,"Sport,Ponctualité,Ambiance chaleureuse,Connectivité,Animaux acceptés,Sièges inclinables,Silence,Musique,Wi-Fi gratuit,Cuisine,Boisson gratuite,Climatisation,Éclairage tamisé,Conversation",Traveler,Kribi
2215,Limbe,"Ponctualité,Sièges inclinables,Confort,Ambiance chaleureuse,Navigation GPS,Climatisation,Vue panoramique,Sport,Conversation,Chauffeur expérimenté,Assistance bagages,Wi-Fi gratuit,Boisson gratuite,Espace de rangement,Éclairage tamisé",Planner,Bafang
3912,Maroua,"Musique,Cuisine,Ponctualité,Chauffeur expérimenté,Connectivité,Éclairage tamisé,Conversation,Silence,Langue parlée,Sièges inclinables,Boisson gratuite,Animaux acceptés,Espace de rangement,Ambiance chaleureuse",Traveler,Douala
552,Kribi,"Chauffeur expérimenté,Animaux acceptés",Planner,Kousseri
1278,Gazawa,"Climatisation,Boisson gratuite,Assistance bagages,Conduite souple,Éclairage tamisé,Ponctualité,Conversation,Ambiance chaleureuse,Wi-Fi gratuit,Confort,Chauffeur expérimenté,Cuisine,Sport,Connectivité,Navigation GPS,Sièges inclinables",Planner,Essos
1309,Bertoua,"Ponctualité,Wi-Fi gratuit,Vue panoramique,Climatisation",Planner,Mbandjock
2776,Belo,"Vue panoramique,Chauffeur expérimenté,Conduite souple,Assistance bagages,Musique,Silence,Ambiance chaleureuse,Langue parlée,Animaux acceptés,Connectivité,Wi-Fi gratuit,Confort,Sport",Planner,Bogo
760,Maroua,"Langue parlée,Chauffeur expérimenté,Confort,Wi-Fi gratuit,Ambiance chaleureuse,Navigation GPS",Planner,Bimbia
151,Mutengene,"Espace de rangement,Connectivité,Chauffeur expérimenté",Planner,Buea
4600,Mbanga,"Wi-Fi gratuit,Ponctualité,Sport,Silence",Traveler,Bonamoussadi
4405,Bandjoun,"Musique,Conversation,Animaux acceptés,Chauffeur expérimenté,Éclairage tamisé,Connectivité,Confort,Navigation GPS,Sièges inclinables,Cuisine",Planner,Essos
3998,Messa,"Boisson gratuite,Ponctualité,Cuisine,Chauffeur expérimenté",Planner,Garoua
1492,Mutengene,"Espace de rangement,Vue panoramique,Langue parlée,Silence,Navigation GPS,Confort,Ambiance chaleureuse,Musique,Chauffeur expérimenté,Ponctualité,Éclairage tamisé,Sièges inclinables,Animaux acceptés,Conversation,Climatisation,Connectivité,Conduite souple,Boisson gratuite",Planner,Bogo
4863,Bimbia,"Chauffeur expérimenté,Navigation GPS,Espace de rangement,Éclairage tamisé,Climatisation,Ambiance chaleureuse,Wi-Fi gratuit,Sièges inclinables,Conduite souple,Confort,Silence,Cuisine,Animaux acceptés,Langue parlée,Vue panoramique,Assistance bagages,Musique,Conversation,Connectivité,Boisson gratuite,Ponctualité,Sport",Traveler,Belo
1419,Bafang,"Boisson gratuite,Wi-Fi gratuit,Confort,Silence,Navigation GPS,Sport,Assistance bagages",Planner,Bafang
2774,Batibo,"Conduite souple,Musique,Sièges inclinables,Silence,Chauffeur expérimenté,Sport,Climatisation,Espace de rangement,Confort,Vue panoramique,Cuisine,Navigation GPS,Boisson gratuite,Animaux acceptés,Ponctualité,Ambiance chaleureuse,Langue parlée,Éclairage tamisé,Conversation,Assistance bagages,Connectivité,Wi-Fi gratuit",Planner,Bogo
4452,Kribi,"Éclairage tamisé,Boisson gratuite,Cuisine,Connectivité,Vue panoramique,Conversation,Ponctualité,Chauffeur expérimenté,Musique,Silence,Confort,Sièges inclinables",Planner,Garoua
2524,Yaounde,"Langue parlée,Boisson gratuite",Traveler,Bertoua
3690,Fontem,"Connectivité,Éclairage tamisé,Musique,Sièges inclinables,Animaux acceptés,Chauffeur expérimenté,Cuisine,Silence,Boisson gratuite,Ambiance chaleureuse,Navigation GPS,Espace de rangement,Vue panoramique,Conversation,Confort,Sport,Langue parlée,Conduite souple,Wi-Fi gratuit",Traveler,Bogo
3780,Nkongsamba,"Connectivité,Sièges inclinables,Espace de rangement,Climatisation,Ponctualité,Silence,Langue parlée,Animaux acceptés,Boisson gratuite,Confort,Cuisine,Chauffeur expérimenté,Navigation GPS",Traveler,Bertoua
1896,Campo,"Conduite souple,Langue parlée,Espace de rangement,Assistance bagages,Vue panoramique,Ambiance chaleureuse,Musique,Sport,Silence,Ponctualité,Connectivité,Chauffeur expérimenté,Navigation GPS,Cuisine",Planner,Dibombari
1328,Bali Nyonga,"Chauffeur expérimenté,Langue parlée,Silence",Traveler,Gazawa
4720,Bonamoussadi,"Boisson gratuite,Espace de rangement,Ponctualité,Wi-Fi gratuit,Connectivité,Silence,Éclairage tamisé,Cuisine,Conversation,Navigation GPS,Climatisation,Musique",Traveler,Dibombari
2578,Dibombari,"Vue panoramique,Chauffeur expérimenté,Animaux acceptés,Cuisine,Climatisation,Musique,Navigation GPS,Silence,Assistance bagages,Conduite souple,Ponctualité,Sièges inclinables",Planner,Bogo
4816,Bertoua,"Confort,Boisson gratuite,Chauffeur expérimenté,Sport,Vue panoramique,Ambiance chaleureuse,Sièges inclinables,Climatisation,Musique,Wi-Fi gratuit,Ponctualité,Silence,Conduite souple,Cuisine",Traveler,Limbe
958,Bertoua,"Climatisation,Musique,Navigation GPS,Langue parlée,Chauffeur expérimenté,Conversation,Sport,Cuisine,Espace de rangement,Vue panoramique,Ambiance chaleureuse,Silence,Conduite souple,Connectivité,Confort,Ponctualité,Animaux acceptés,Éclairage tamisé,Assistance bagages",Traveler,Batibo
2201,Mbouda,"Assistance bagages,Espace de rangement,Chauffeur expérimenté,Connectivité,Langue parlée,Cuisine,Conduite souple,Musique,Ponctualité,Éclairage tamisé,Boisson gratuite,Conversation,Ambiance chaleureuse,Vue panoramique,Sièges inclinables,Sport,Navigation GPS,Silence",Traveler,Banga Bakundu
4202,Maroua,Boisson gratuite,Planner,Campo
4310,Mbalmayo,"Climatisation,Cuisine,Conduite souple,Ponctualité,Ambiance chaleureuse,Assistance bagages,Confort,Sièges inclinables,Wi-Fi gratuit,Vue panoramique,Éclairage tamisé,Animaux acceptés,Espace de rangement,Boisson gratuite,Musique,Chauffeur expérimenté,Conversation,Navigation GPS",Traveler,Kumba
1339,Melong,"Navigation GPS,Silence,Langue parlée",Traveler,Bonakouamouang
2195,Bali,"Sièges inclinables,Assistance bagages,Éclairage tamisé,Ambiance chaleureuse,Conduite souple,Sport,Boisson gratuite",Planner,Bafang
992,Figuif,Animaux acceptés,Planner,Maroua
4516,Mbalmayo,"Assistance bagages,Sièges inclinables,Connectivité,Navigation GPS,Climatisation,Silence,Boisson gratuite,Chauffeur expérimenté,Vue panoramique,Conversation,Éclairage tamisé,Cuisine",Planner,Kousseri
563,Figuif,"Navigation GPS,Wi-Fi gratuit,Assistance bagages,Musique,Ponctualité,Silence,Vue panoramique,Chauffeur expérimenté,Ambiance chaleureuse,Conversation,Sièges inclinables,Langue parlée",Planner,Bali Nyonga
760,Loum,"Conduite souple,Chauffeur expérimenté,Éclairage tamisé,Silence,Sièges inclinables,Vue panoramique,Ambiance chaleureuse,Cuisine,Langue parlée,Ponctualité,Connectivité",Traveler,Bertoua
3421,Messa,"Vue panoramique,Boisson gratuite,Confort,Sièges inclinables,Conduite souple,Ambiance chaleureuse,Musique",Planner,Mora
1225,Douala,"Animaux acceptés,Ponctualité,Conversation,Confort,Vue panoramique,Ambiance chaleureuse,Musique,Sièges inclinables,Cuisine,Wi-Fi gratuit,Éclairage tamisé,Chauffeur expérimenté,Espace de rangement,Silence,Assistance bagages,Langue parlée,Conduite souple,Climatisation,Navigation GPS,Boisson gratuite,Sport,Connectivité",Traveler,Campo
4232,Figuif,"Ambiance chaleureuse,Connectivité,Animaux acceptés,Sport,Confort,Conduite souple,Éclairage tamisé,Chauffeur expérimenté,Vue panoramique,Climatisation",Traveler,Kousseri
2448,Fontem,"Climatisation,Navigation GPS,Conduite souple,Chauffeur expérimenté,Vue panoramique,Conversation,Animaux acceptés",Planner,Bafang
114,Belo,"Cuisine,Connectivité,Sport,Vue panoramique,Climatisation,Animaux acceptés,Wi-Fi gratuit,Boisson gratuite,Navigation GPS,Confort,Conversation,Éclairage tamisé,Musique,Langue parlée,Conduite souple,Ponctualité,Ambiance chaleureuse,Espace de rangement",Planner,Yaounde
3481,Bertoua,"Chauffeur expérimenté,Cuisine,Sièges inclinables,Navigation GPS,Espace de rangement,Connectivité,Silence,Climatisation,Confort,Sport,Musique,Conversation,Ponctualité,Wi-Fi gratuit,Vue panoramique,Ambiance chaleureuse,Conduite souple,Assistance bagages,Animaux acceptés,Boisson gratuite",Planner,Bandjoun
3851,Nkongsamba,"Cuisine,Vue panoramique,Conversation,Conduite souple",Traveler,Batibo
3240,Bafoussam,"Éclairage tamisé,Sport,Chauffeur expérimenté,Navigation GPS,Climatisation,Conduite souple,Langue parlée,Boisson gratuite,Espace de rangement,Animaux acceptés,Conversation,Ponctualité,Cuisine,Musique,Vue panoramique,Connectivité,Sièges inclinables,Confort",Traveler,Bonaberi
1459,Bafia,"Connectivité,Cuisine,Chauffeur expérimenté,Sièges inclinables,Musique,Boisson gratuite,Confort,Ambiance chaleureuse,Navigation GPS,Éclairage tamisé,Assistance bagages,Conduite souple,Animaux acceptés,Climatisation",Planner,Guider
4903,Bandjoun,"Ambiance chaleureuse,Confort",Traveler,Bonabéri
2919,Messa,"Navigation GPS,Éclairage tamisé,Assistance bagages,Conversation,Espace de rangement,Ambiance chaleureuse,Silence,Ponctualité,Confort,Wi-Fi gratuit,Climatisation",Planner,Beti
2874,Figuif,"Confort,Climatisation,Conduite souple,Conversation,Animaux acceptés,Wi-Fi gratuit,Navigation GPS,Sport,Ambiance chaleureuse,Éclairage tamisé,Silence,Chauffeur expérimenté,Musique,Boisson gratuite,Espace de rangement,Connectivité,Cuisine,Langue parlée,Ponctualité",Traveler,Bandjoun
2571,Mokolo,"Espace de rangement,Confort,Cuisine,Navigation GPS,Conduite souple,Sièges inclinables,Ponctualité,Conversation,Vue panoramique,Silence,Climatisation,Langue parlée",Planner,Nanga-Eboko
4944,Meiganga,"Vue panoramique,Cuisine,Conduite souple,Climatisation,Ambiance chaleureuse,Éclairage tamisé,Conversation,Espace de rangement,Connectivité,Chauffeur expérimenté,Confort,Ponctualité",Planner,Limbe
401,Figuif,"Ponctualité,Sièges inclinables,Navigation GPS,Langue parlée,Climatisation,Boisson gratuite,Animaux acceptés,Musique,Ambiance chaleureuse,Éclairage tamisé,Sport,Conversation",Planner,Mbouda
653,Bonaberi,"Sport,Navigation GPS,Vue panoramique,Connectivité,Langue parlée,Confort,Conversation",Planner,Garoua
1700,Kumba,"Silence,Chauffeur expérimenté,Espace de rangement,Ambiance chaleureuse,Animaux acceptés,Musique,Connectivité,Wi-Fi gratuit,Navigation GPS,Langue parlée,Conduite souple,Cuisine,Sport,Confort,Climatisation",Planner,Muyuka
1003,Garoua,"Sièges inclinables,Conduite souple,Climatisation,Cuisine,Sport,Conversation,Boisson gratuite,Espace de rangement,Éclairage tamisé,Navigation GPS,Chauffeur expérimenté,Silence,Langue parlée,Connectivité,Confort,Assistance bagages",Traveler,Belabo
93,Batibo,"Sport,Assistance bagages",Traveler,Muyuka
4681,Fontem,"Animaux acceptés,Navigation GPS,Climatisation,Vue panoramique,Sièges inclinables",Traveler,Boutours
1241,Bonakouamouang,"Confort,Éclairage tamisé,Musique,Langue parlée,Navigation GPS,Silence,Sport,Animaux acceptés,Climatisation,Wi-Fi gratuit,Ponctualité,Chauffeur expérimenté,Connectivité,Conversation,Conduite souple,Assistance bagages,Vue panoramique,Cuisine",Planner,Bonakouamouang
1194,Mbouda,"Éclairage tamisé,Animaux acceptés,Assistance bagages,Vue panoramique,Sport,Langue parlée,Ponctualité,Espace de rangement,Musique,Chauffeur expérimenté,Conversation,Climatisation,Silence,Ambiance chaleureuse,Confort,Boisson gratuite,Connectivité,Cuisine,Navigation GPS,Sièges inclinables,Wi-Fi gratuit",Traveler,Kousseri
3904,Essos,"Sport,Espace de rangement",Planner,Bali Nyonga
311,Beti,"Boisson gratuite,Sièges inclinables,Conduite souple,Silence,Musique,Vue panoramique,Cuisine,Confort,Climatisation,Assistance bagages,Animaux acceptés,Connectivité,Ponctualité,Langue parlée,Éclairage tamisé,Espace de rangement,Conversation",Planner,Nanga-Eboko
4805,Bandjoun,"Ponctualité,Connectivité,Wi-Fi gratuit,Langue parlée,Animaux acceptés,Éclairage tamisé,Climatisation,Confort",Planner,Bonamoussadi
255,Mbalmayo,Éclairage tamisé,Planner,Loum
4025,Kumba,"Confort,Assistance bagages",Planner,Yagoua
2240,Fontem,Conversation,Planner,Bertoua
2329,Loum,"Conduite souple,Ponctualité,Sièges inclinables,Climatisation,Animaux acceptés,Connectivité,Boisson gratuite,Musique",Planner,Buea
4577,Yagoua,"Navigation GPS,Espace de rangement,Animaux acceptés,Vue panoramique,Langue parlée,Ambiance chaleureuse,Silence,Assistance bagages,Connectivité,Éclairage tamisé,Musique,Chauffeur expérimenté,Boisson gratuite,Wi-Fi gratuit,Cuisine,Sièges inclinables,Ponctualité,Climatisation,Confort,Conversation",Traveler,Fontem
3199,Batibo,"Wi-Fi gratuit,Navigation GPS,Assistance bagages,Connectivité,Cuisine,Chauffeur expérimenté,Langue parlée,Vue panoramique,Climatisation,Ponctualité,Éclairage tamisé,Boisson gratuite",Traveler,Bali
4754,Kumba,"Vue panoramique,Navigation GPS,Connectivité,Musique,Conduite souple,Sièges inclinables,Conversation,Silence,Cuisine,Climatisation,Wi-Fi gratuit,Animaux acceptés,Sport,Ponctualité,Assistance bagages,Ambiance chaleureuse,Éclairage tamisé",Planner,Bonaberi
2321,Bamenda,"Espace de rangement,Musique,Cuisine,Ponctualité,Climatisation,Assistance bagages,Animaux acceptés",Planner,Belabo
3242,Douala,"Animaux acceptés,Wi-Fi gratuit,Éclairage tamisé,Navigation GPS,Assistance bagages,Langue parlée,Sport,Sièges inclinables,Chauffeur expérimenté,Boisson gratuite,Silence,Conversation,Cuisine,Climatisation,Confort,Vue panoramique,Espace de rangement",Traveler,Mbanga
1904,Essos,"Climatisation,Animaux acceptés",Planner,Yagoua
504,Nanga-Eboko,"Éclairage tamisé,Connectivité,Sièges inclinables,Wi-Fi gratuit",Planner,Yaounde
4326,Messa,"Cuisine,Éclairage tamisé,Chauffeur expérimenté,Boisson gratuite,Ponctualité,Confort,Conversation,Silence,Connectivité,Navigation GPS",Traveler,Bandjoun
415,Maroua,"Boisson gratuite,Assistance bagages,Climatisation,Wi-Fi gratuit",Traveler,Bogo
878,Mutengene,"Silence,Ambiance chaleureuse,Animaux acceptés,Connectivité,Espace de rangement,Conversation,Navigation GPS",Planner,Guider
1680,Kousseri,"Cuisine,Sport",Planner,Essos
2477,Bafoussam,"Boisson gratuite,Wi-Fi gratuit,Assistance bagages,Conduite souple,Langue parlée,Éclairage tamisé,Musique,Chauffeur expérimenté,Connectivité,Sport,Climatisation,Vue panoramique,Silence,Sièges inclinables,Ponctualité,Conversation,Cuisine,Animaux acceptés",Traveler,Garoua
1622,Kousseri,"Espace de rangement,Boisson gratuite,Éclairage tamisé,Connectivité,Conversation,Conduite souple,Silence,Navigation GPS",Traveler,Nanga-Eboko
449,Edéa,"Conduite souple,Boisson gratuite,Confort,Navigation GPS,Ambiance chaleureuse",Traveler,Mbanga
2567,Gazawa,"Climatisation,Navigation GPS,Ponctualité,Silence,Assistance bagages,Animaux acceptés,Espace de rangement,Éclairage tamisé,Chauffeur expérimenté,Sport,Langue parlée,Confort,Sièges inclinables,Musique,Wi-Fi gratuit,Boisson gratuite,Cuisine,Ambiance chaleureuse,Vue panoramique,Connectivité,Conversation",Traveler,Melong
1809,Meiganga,"Langue parlée,Climatisation,Chauffeur expérimenté,Ponctualité,Conversation,Cuisine,Musique,Navigation GPS,Ambiance chaleureuse,Sport,Assistance bagages,Connectivité,Wi-Fi gratuit,Éclairage tamisé,Confort",Planner,Bafia
2838,Fontem,"Connectivité,Conduite souple",Planner,Bafia
4078,Buea,"Vue panoramique,Assistance bagages,Boisson gratuite",Traveler,Bertoua
1977,Messa,"Wi-Fi gratuit,Musique,Animaux acceptés,Sièges inclinables,Silence,Ponctualité,Navigation GPS,Cuisine,Boisson gratuite,Climatisation,Conduite souple,Assistance bagages,Conversation,Confort,Chauffeur expérimenté,Connectivité,Éclairage tamisé,Langue parlée,Espace de rangement,Sport",Traveler,Bonamoussadi
3983,Mora,"Confort,Cuisine,Ponctualité,Langue parlée,Éclairage tamisé,Silence,Animaux acceptés,Climatisation,Conversation,Sport,Vue panoramique,Navigation GPS,Connectivité,Ambiance chaleureuse,Conduite souple,Chauffeur expérimenté,Wi-Fi gratuit,Sièges inclinables,Musique,Boisson gratuite",Traveler,Bonamoussadi
69,Mbanga,"Climatisation,Animaux acceptés,Sièges inclinables,Vue panoramique,Wi-Fi gratuit,Sport,Ponctualité,Chauffeur expérimenté,Connectivité,Cuisine,Musique,Langue parlée,Conduite souple,Assistance bagages,Confort,Silence,Espace de rangement,Boisson gratuite,Ambiance chaleureuse",Planner,Dibombari
119,Banga Bakundu,"Conversation,Confort,Sièges inclinables,Assistance bagages,Connectivité,Cuisine,Boisson gratuite,Espace de rangement,Navigation GPS,Conduite souple,Ambiance chaleureuse",Traveler,Boutours
4513,Beti,"Navigation GPS,Musique,Cuisine,Confort,Assistance bagages,Vue panoramique,Sièges inclinables,Ambiance chaleureuse,Ponctualité,Espace de rangement,Éclairage tamisé,Sport,Silence,Animaux acceptés,Conversation,Climatisation",Traveler,Nkongsamba
4711,Beti,"Conversation,Espace de rangement,Confort,Conduite souple,Boisson gratuite,Connectivité,Assistance bagages",Traveler,Guider
2924,Nanga-Eboko,"Ponctualité,Conduite souple,Silence,Wi-Fi gratuit,Sport,Animaux acceptés,Chauffeur expérimenté,Confort,Assistance bagages,Musique,Espace de rangement,Langue parlée,Conversation,Cuisine,Vue panoramique,Climatisation",Traveler,Bamenda
1202,Bonaberi,"Navigation GPS,Wi-Fi gratuit,Musique,Éclairage tamisé,Conduite souple,Sièges inclinables",Traveler,Mbalmayo
1735,Melong,"Chauffeur expérimenté,Sport,Boisson gratuite,Éclairage tamisé,Silence,Sièges inclinables,Animaux acceptés,Assistance bagages,Vue panoramique,Langue parlée,Espace de rangement,Wi-Fi gratuit,Connectivité,Climatisation,Cuisine,Conduite souple,Musique,Ambiance chaleureuse,Ponctualité",Traveler,Figuif
4972,Mutengene,"Connectivité,Éclairage tamisé,Vue panoramique,Ponctualité,Ambiance chaleureuse,Animaux acceptés,Conduite souple,Musique,Climatisation,Chauffeur expérimenté,Espace de rangement,Boisson gratuite,Sièges inclinables,Assistance bagages",Traveler,Loum
2500,Guider,"Conversation,Climatisation,Assistance bagages,Espace de rangement,Confort,Langue parlée,Animaux acceptés,Conduite souple",Planner,Loum
1080,Bonanjo,"Ambiance chaleureuse,Conversation,Connectivité,Assistance bagages,Musique,Boisson gratuite,Sièges inclinables",Planner,Belabo
4016,Essos,"Climatisation,Éclairage tamisé,Conduite souple",Planner,Guider
3569,Meiganga,"Cuisine,Animaux acceptés,Sport,Conduite souple,Wi-Fi gratuit,Musique,Navigation GPS,Conversation,Espace de rangement,Connectivité,Ambiance chaleureuse,Assistance bagages",Planner,Limbe
2002,Limbe,"Confort,Sièges inclinables,Espace de rangement,Boisson gratuite,Navigation GPS,Cuisine,Animaux acceptés,Musique,Vue panoramique,Conversation,Éclairage tamisé,Silence,Conduite souple,Langue parlée,Sport,Wi-Fi gratuit,Connectivité",Planner,Melong
2588,Mbandjock,"Chauffeur expérimenté,Éclairage tamisé,Boisson gratuite",Planner,Bogo
291,Bafia,"Conduite souple,Navigation GPS,Connectivité,Confort,Éclairage tamisé,Conversation,Wi-Fi gratuit,Langue parlée,Musique,Vue panoramique,Sièges inclinables",Traveler,Muyuka
4534,Essos,"Assistance bagages,Cuisine,Musique,Ponctualité",Traveler,Bafoussam
4698,Kribi,"Silence,Climatisation,Langue parlée,Conversation,Assistance bagages,Animaux acceptés,Espace de rangement,Confort,Connectivité,Navigation GPS,Vue panoramique,Wi-Fi gratuit,Musique,Sièges inclinables,Cuisine,Chauffeur expérimenté,Conduite souple,Sport",Traveler,Mbandjock
3699,Bafia,"Cuisine,Animaux acceptés,Chauffeur expérimenté,Langue parlée,Ponctualité,Confort,Climatisation,Conversation,Éclairage tamisé,Boisson gratuite",Planner,Bali
1896,Meiganga,"Musique,Conduite souple,Cuisine,Conversation,Sport,Chauffeur expérimenté,Navigation GPS,Espace de rangement,Animaux acceptés,Climatisation",Traveler,Mbandjock
2764,Buea,"Assistance bagages,Conduite souple,Éclairage tamisé,Boisson gratuite,Navigation GPS,Sport,Wi-Fi gratuit,Silence,Sièges inclinables,Climatisation,Vue panoramique,Conversation,Langue parlée,Cuisine",Planner,Bafia
579,Bafoussam,"Animaux acceptés,Éclairage tamisé,Conversation,Connectivité,Assistance bagages,Boisson gratuite,Sport,Musique,Conduite souple,Espace de rangement,Silence,Ponctualité,Confort,Sièges inclinables,Cuisine",Planner,Bonanjo
3627,Bonakouamouang,"Sport,Navigation GPS,Sièges inclinables,Boisson gratuite,Silence,Conduite souple,Langue parlée,Confort,Conversation,Ambiance chaleureuse,Assistance bagages,Connectivité,Musique,Chauffeur expérimenté,Éclairage tamisé,Ponctualité,Wi-Fi gratuit",Planner,Guider
4458,Mora,"Langue parlée,Climatisation,Conduite souple,Navigation GPS,Ponctualité,Boisson gratuite,Connectivité,Sièges inclinables,Confort,Musique,Animaux acceptés,Éclairage tamisé,Cuisine,Sport,Vue panoramique,Conversation,Ambiance chaleureuse,Chauffeur expérimenté,Wi-Fi gratuit,Silence,Espace de rangement",Planner,Essos
351,Kousseri,"Connectivité,Ambiance chaleureuse,Boisson gratuite,Conversation",Planner,Buea
1188,Bonaberi,"Animaux acceptés,Navigation GPS,Assistance bagages",Traveler,Guider
1644,Bamenda,"Navigation GPS,Chauffeur expérimenté,Cuisine,Silence,Wi-Fi gratuit,Assistance bagages,Sport,Conduite souple",Traveler,Mbandjock
1353,Garoua,"Espace de rangement,Boisson gratuite,Musique,Climatisation,Éclairage tamisé,Ambiance chaleureuse,Sport,Conversation,Animaux acceptés,Connectivité,Vue panoramique,Conduite souple",Planner,Edéa
810,Bogo,"Éclairage tamisé,Confort,Chauffeur expérimenté,Sport,Musique,Animaux acceptés,Boisson gratuite",Planner,Mbandjock
3644,Douala,"Ponctualité,Sièges inclinables,Vue panoramique,Assistance bagages,Cuisine,Ambiance chaleureuse,Sport",Planner,Fontem
2010,Dibombari,"Confort,Espace de rangement,Conduite souple,Chauffeur expérimenté,Vue panoramique,Musique,Ponctualité,Sièges inclinables,Ambiance chaleureuse,Conversation,Climatisation,Boisson gratuite,Connectivité,Éclairage tamisé,Animaux acceptés",Planner,Kousseri
522,Nkongsamba,"Wi-Fi gratuit,Vue panoramique,Espace de rangement,Musique,Ponctualité,Éclairage tamisé,Boisson gratuite,Sport",Planner,Buea
1727,Garoua,"Sièges inclinables,Conversation,Ambiance chaleureuse,Ponctualité,Confort,Climatisation,Cuisine,Sport,Wi-Fi gratuit,Navigation GPS,Espace de rangement,Vue panoramique,Langue parlée,Chauffeur expérimenté",Planner,Boutours
4968,Bertoua,"Sport,Conversation,Langue parlée,Musique,Vue panoramique,Confort,Ponctualité,Chauffeur expérimenté,Navigation GPS,Assistance bagages,Éclairage tamisé,Connectivité,Cuisine,Boisson gratuite,Silence,Conduite souple,Animaux acceptés,Wi-Fi gratuit,Espace de rangement,Ambiance chaleureuse,Sièges inclinables",Planner,Belo
1823,Bafang,"Chauffeur expérimenté,Navigation GPS,Conversation,Silence,Sièges inclinables,Musique,Boisson gratuite",Planner,Messa
1812,Edéa,"Ponctualité,Assistance bagages,Boisson gratuite,Navigation GPS,Confort,Conduite souple,Climatisation,Sport,Silence,Ambiance chaleureuse,Chauffeur expérimenté,Connectivité,Animaux acceptés,Éclairage tamisé,Wi-Fi gratuit",Planner,Meiganga
4969,Figuif,"Boisson gratuite,Chauffeur expérimenté,Conversation,Wi-Fi gratuit,Climatisation,Vue panoramique,Ponctualité,Sièges inclinables,Conduite souple,Ambiance chaleureuse,Assistance bagages,Musique,Connectivité,Navigation GPS",Planner,Bafoussam
2260,Bamenda,"Sport,Vue panoramique,Espace de rangement,Boisson gratuite,Navigation GPS,Conduite souple",Traveler,Muyuka
1744,Guider,"Boisson gratuite,Éclairage tamisé,Climatisation,Conversation,Assistance bagages,Chauffeur expérimenté",Traveler,Bimbia
931,Belo,"Conversation,Musique,Assistance bagages,Navigation GPS,Conduite souple,Ambiance chaleureuse,Cuisine,Ponctualité,Boisson gratuite,Sièges inclinables,Espace de rangement",Traveler,Figuif
4392,Douala,"Connectivité,Cuisine,Boisson gratuite,Sièges inclinables,Chauffeur expérimenté,Assistance bagages,Éclairage tamisé,Sport,Musique,Ambiance chaleureuse,Ponctualité,Navigation GPS",Planner,Mbouda
1347,Dibombari,Silence,Planner,Bonanjo
3426,Nkongsamba,"Conversation,Confort,Conduite souple,Éclairage tamisé,Silence,Navigation GPS,Ambiance chaleureuse,Boisson gratuite,Cuisine,Connectivité,Ponctualité,Langue parlée,Climatisation,Animaux acceptés,Musique,Sport,Wi-Fi gratuit,Espace de rangement,Chauffeur expérimenté,Vue panoramique",Traveler,Mbalmayo
2867,Dibombari,"Sport,Vue panoramique,Silence",Planner,Bafoussam
1372,Belabo,"Vue panoramique,Animaux acceptés,Sièges inclinables,Navigation GPS,Silence,Langue parlée,Connectivité,Éclairage tamisé",Traveler,Mbalmayo
4113,Banga Bakundu,"Cuisine,Musique,Chauffeur expérimenté,Navigation GPS,Ambiance chaleureuse,Silence,Confort,Assistance bagages,Vue panoramique,Conversation,Éclairage tamisé,Ponctualité,Espace de rangement,Sport,Wi-Fi gratuit,Langue parlée,Conduite souple,Connectivité,Animaux acceptés,Boisson gratuite,Climatisation",Traveler,Limbe
4732,Muyuka,"Vue panoramique,Wi-Fi gratuit,Sièges inclinables,Climatisation,Ambiance chaleureuse,Musique",Planner,Melong
3071,Bonakouamouang,"Chauffeur expérimenté,Animaux acceptés,Connectivité,Musique,Éclairage tamisé,Wi-Fi gratuit,Langue parlée",Planner,Bamenda
463,Dibombari,"Chauffeur expérimenté,Espace de rangement,Assistance bagages,Musique,Ambiance chaleureuse,Confort,Silence,Connectivité,Vue panoramique",Traveler,Mutengene
3322,Muyuka,"Connectivité,Cuisine,Musique,Ambiance chaleureuse,Navigation GPS,Animaux acceptés,Boisson gratuite,Sièges inclinables,Sport,Climatisation,Conduite souple,Espace de rangement,Silence,Vue panoramique",Traveler,Meiganga
3479,Buea,"Sièges inclinables,Vue panoramique,Sport,Langue parlée,Ponctualité,Conduite souple,Climatisation,Cuisine,Silence,Musique,Éclairage tamisé,Connectivité,Boisson gratuite,Confort,Navigation GPS,Animaux acceptés,Conversation,Assistance bagages",Planner,Maroua
1593,Yagoua,"Animaux acceptés,Boisson gratuite,Conduite souple,Chauffeur expérimenté,Sport,Éclairage tamisé,Cuisine,Vue panoramique,Espace de rangement,Navigation GPS,Sièges inclinables,Ponctualité",Planner,Mbouda
2730,Bonaberi,"Animaux acceptés,Éclairage tamisé,Conduite souple,Musique,Assistance bagages,Connectivité,Climatisation,Wi-Fi gratuit,Navigation GPS,Chauffeur expérimenté,Ambiance chaleureuse,Ponctualité,Conversation,Silence,Espace de rangement,Sport,Cuisine,Vue panoramique,Langue parlée,Sièges inclinables",Planner,Yagoua
1591,Bamenda,"Sport,Langue parlée,Sièges inclinables,Wi-Fi gratuit,Musique,Animaux acceptés,Connectivité,Vue panoramique,Éclairage tamisé,Cuisine,Chauffeur expérimenté,Boisson gratuite,Ponctualité,Silence,Navigation GPS,Confort",Planner,Mbouda
3647,Bogo,Assistance bagages,Planner,Melong
2723,Yaounde,"Boisson gratuite,Langue parlée,Confort,Chauffeur expérimenté,Conduite souple",Traveler,Kousseri
2866,Mbalmayo,"Vue panoramique,Animaux acceptés,Climatisation,Éclairage tamisé,Sport",Planner,Dibombari
4246,Bafia,"Sport,Climatisation,Espace de rangement,Sièges inclinables,Animaux acceptés,Cuisine,Wi-Fi gratuit,Musique,Silence,Conversation,Navigation GPS,Conduite souple,Éclairage tamisé,Confort,Vue panoramique,Ponctualité,Langue parlée,Chauffeur expérimenté,Assistance bagages,Boisson gratuite,Connectivité",Traveler,Edéa
1441,Beti,"Conduite souple,Ambiance chaleureuse,Vue panoramique,Climatisation,Boisson gratuite,Assistance bagages,Musique,Silence,Confort,Chauffeur expérimenté,Sport,Wi-Fi gratuit,Navigation GPS",Traveler,Fontem
4574,Bonabéri,"Chauffeur expérimenté,Langue parlée,Boisson gratuite,Sièges inclinables,Sport,Confort,Connectivité,Musique,Conduite souple,Éclairage tamisé,Espace de rangement,Conversation",Planner,Mbandjock
277,Bonanjo,"Langue parlée,Chauffeur expérimenté,Silence,Connectivité,Wi-Fi gratuit,Conduite souple,Animaux acceptés,Boisson gratuite,Cuisine,Navigation GPS,Confort,Sport,Ambiance chaleureuse,Ponctualité,Conversation,Climatisation,Assistance bagages,Vue panoramique",Traveler,Meiganga
4611,Bonaberi,"Conduite souple,Ponctualité,Boisson gratuite,Ambiance chaleureuse,Musique,Langue parlée,Silence,Assistance bagages,Sport,Connectivité,Chauffeur expérimenté,Espace de rangement,Confort,Cuisine,Conversation,Navigation GPS,Animaux acceptés,Wi-Fi gratuit,Éclairage tamisé,Vue panoramique,Sièges inclinables",Traveler,Mora
609,Mbouda,"Animaux acceptés,Confort,Wi-Fi gratuit,Boisson gratuite,Langue parlée,Assistance bagages,Cuisine,Sport,Silence,Ponctualité,Connectivité",Traveler,Limbe
1088,Melong,"Sièges inclinables,Langue parlée,Connectivité,Vue panoramique,Musique,Sport,Confort,Espace de rangement",Planner,Kumba
3510,Guider,"Musique,Connectivité,Conversation",Planner,Dibombari
1721,Bimbia,"Sièges inclinables,Ambiance chaleureuse,Climatisation,Conversation,Connectivité,Silence,Cuisine,Langue parlée,Sport,Chauffeur expérimenté,Espace de rangement,Conduite souple,Animaux acceptés,Vue panoramique,Ponctualité,Navigation GPS,Musique,Éclairage tamisé,Wi-Fi gratuit",Traveler,Mbanga
2944,Bimbia,"Climatisation,Confort,Sport,Ponctualité,Sièges inclinables,Conduite souple,Animaux acceptés,Boisson gratuite,Assistance bagages,Silence,Éclairage tamisé,Navigation GPS,Langue parlée",Planner,Edéa
2803,Mbanga,"Langue parlée,Éclairage tamisé,Ponctualité,Confort,Cuisine,Chauffeur expérimenté,Ambiance chaleureuse,Connectivité,Espace de rangement,Boisson gratuite,Navigation GPS,Vue panoramique",Planner,Beti
4343,Douala,"Ponctualité,Conversation,Ambiance chaleureuse,Animaux acceptés,Sièges inclinables,Éclairage tamisé,Confort,Espace de rangement,Vue panoramique,Climatisation,Connectivité,Langue parlée,Sport,Wi-Fi gratuit,Silence,Musique,Conduite souple,Boisson gratuite,Navigation GPS,Chauffeur expérimenté,Assistance bagages,Cuisine",Planner,Essos
3181,Mbandjock,"Climatisation,Connectivité,Confort,Ponctualité,Silence",Traveler,Limbe
980,Mbouda,"Chauffeur expérimenté,Assistance bagages,Cuisine,Vue panoramique,Conversation,Boisson gratuite",Traveler,Bali Nyonga
2989,Dibombari,"Navigation GPS,Espace de rangement,Silence",Planner,Guider
610,Bonabéri,"Sièges inclinables,Ambiance chaleureuse,Animaux acceptés,Conversation,Espace de rangement,Navigation GPS,Musique,Connectivité,Silence,Ponctualité,Conduite souple,Cuisine,Chauffeur expérimenté",Planner,Gazawa
1599,Bafoussam,"Langue parlée,Conduite souple,Ambiance chaleureuse,Vue panoramique,Cuisine,Silence,Animaux acceptés,Wi-Fi gratuit,Ponctualité,Sièges inclinables,Éclairage tamisé,Navigation GPS,Conversation,Boisson gratuite,Confort,Climatisation,Musique",Planner,Belo
4819,Buea,"Ambiance chaleureuse,Confort,Boisson gratuite,Assistance bagages,Langue parlée,Espace de rangement,Conduite souple,Conversation,Éclairage tamisé,Cuisine,Vue panoramique,Musique,Climatisation",Traveler,Loum
3926,Bandjoun,"Conduite souple,Connectivité,Sport,Ponctualité,Wi-Fi gratuit,Langue parlée,Conversation,Silence,Climatisation,Sièges inclinables,Chauffeur expérimenté,Confort,Ambiance chaleureuse,Cuisine,Navigation GPS,Animaux acceptés,Musique,Boisson gratuite,Vue panoramique",Planner,Bogo
2711,Bonamoussadi,"Sport,Wi-Fi gratuit",Traveler,Kousseri
143,Kousseri,"Confort,Langue parlée,Espace de rangement,Silence,Assistance bagages,Wi-Fi gratuit",Traveler,Essos
383,Mbouda,"Assistance bagages,Silence,Chauffeur expérimenté,Confort,Sièges inclinables,Conversation,Éclairage tamisé,Ponctualité,Langue parlée,Climatisation,Conduite souple,Boisson gratuite,Animaux acceptés,Ambiance chaleureuse,Vue panoramique,Espace de rangement,Cuisine,Connectivité",Traveler,Bonabéri
1138,Buea,"Boisson gratuite,Langue parlée",Planner,Mbanga
1953,Bonamoussadi,"Chauffeur expérimenté,Sièges inclinables,Boisson gratuite,Conduite souple,Wi-Fi gratuit,Climatisation,Musique,Connectivité,Espace de rangement,Ponctualité,Silence,Assistance bagages,Éclairage tamisé,Animaux acceptés,Langue parlée,Vue panoramique,Navigation GPS,Conversation",Traveler,Nkongsamba
188,Yaounde,"Musique,Ponctualité,Conversation,Espace de rangement",Planner,Mbanga
3857,Edéa,"Ambiance chaleureuse,Silence,Assistance bagages,Wi-Fi gratuit,Conduite souple,Connectivité,Ponctualité,Animaux acceptés",Planner,Belo
3860,Bandjoun,"Ambiance chaleureuse,Wi-Fi gratuit,Connectivité,Espace de rangement,Langue parlée,Vue panoramique,Chauffeur expérimenté,Confort,Sport,Ponctualité,Cuisine,Éclairage tamisé,Boisson gratuite,Animaux acceptés",Traveler,Limbe
4475,Bertoua,"Navigation GPS,Ponctualité,Sièges inclinables,Ambiance chaleureuse,Conduite souple,Wi-Fi gratuit,Connectivité,Silence,Assistance bagages,Langue parlée,Espace de rangement,Cuisine,Sport,Chauffeur expérimenté,Vue panoramique,Musique,Conversation,Éclairage tamisé,Animaux acceptés,Climatisation",Planner,Kousseri
4749,Yaounde,"Confort,Sièges inclinables,Conduite souple,Sport,Animaux acceptés,Wi-Fi gratuit,Chauffeur expérimenté,Musique,Éclairage tamisé,Silence,Ponctualité,Cuisine,Ambiance chaleureuse,Climatisation,Langue parlée,Espace de rangement,Vue panoramique",Traveler,Bafia
735,Fontem,"Éclairage tamisé,Cuisine,Chauffeur expérimenté,Ambiance chaleureuse,Ponctualité,Langue parlée,Silence,Assistance bagages,Conduite souple,Espace de rangement,Sièges inclinables,Wi-Fi gratuit,Sport",Traveler,Campo
2464,Essos,"Sièges inclinables,Connectivité,Assistance bagages,Ambiance chaleureuse,Sport,Espace de rangement,Silence",Planner,Limbe
3261,Maroua,"Conduite souple,Éclairage tamisé,Confort,Wi-Fi gratuit,Conversation,Langue parlée,Sport,Animaux acceptés,Navigation GPS,Ponctualité",Planner,Beti
200,Kousseri,"Éclairage tamisé,Conduite souple,Connectivité,Chauffeur expérimenté,Confort,Navigation GPS,Wi-Fi gratuit,Ambiance chaleureuse,Sport,Silence,Animaux acceptés,Cuisine,Boisson gratuite,Climatisation,Assistance bagages,Ponctualité,Musique",Planner,Dibombari
2078,Batibo,"Sièges inclinables,Ponctualité,Conversation,Connectivité,Assistance bagages,Espace de rangement,Chauffeur expérimenté,Climatisation,Langue parlée,Conduite souple,Confort,Musique,Silence,Vue panoramique,Animaux acceptés,Éclairage tamisé",Traveler,Limbe
3583,Bonabéri,"Silence,Sièges inclinables,Vue panoramique,Wi-Fi gratuit,Animaux acceptés,Assistance bagages,Connectivité,Climatisation,Cuisine,Ponctualité,Musique,Sport,Navigation GPS,Boisson gratuite,Espace de rangement,Langue parlée,Chauffeur expérimenté,Conversation,Confort",Planner,Limbe
3317,Mutengene,"Espace de rangement,Connectivité,Vue panoramique,Wi-Fi gratuit,Boisson gratuite,Éclairage tamisé,Chauffeur expérimenté,Conversation,Ambiance chaleureuse",Planner,Messa
3234,Figuif,"Boisson gratuite,Connectivité,Navigation GPS,Chauffeur expérimenté,Assistance bagages,Silence,Espace de rangement,Langue parlée,Vue panoramique,Animaux acceptés,Musique,Wi-Fi gratuit,Ambiance chaleureuse,Cuisine,Conduite souple,Climatisation,Ponctualité,Sièges inclinables,Conversation,Confort",Traveler,Belabo
3511,Belo,"Cuisine,Assistance bagages,Sièges inclinables,Conversation,Ambiance chaleureuse,Wi-Fi gratuit,Éclairage tamisé,Boisson gratuite,Musique,Confort,Chauffeur expérimenté,Navigation GPS,Animaux acceptés,Vue panoramique,Conduite souple,Espace de rangement,Climatisation,Connectivité,Silence,Langue parlée,Sport",Planner,Dibombari
3296,Mutengene,"Animaux acceptés,Conversation,Musique,Navigation GPS,Assistance bagages,Espace de rangement,Éclairage tamisé,Conduite souple,Ponctualité,Langue parlée,Chauffeur expérimenté,Silence,Cuisine,Vue panoramique,Sièges inclinables,Connectivité,Ambiance chaleureuse,Boisson gratuite",Traveler,Mbanga
1874,Buea,"Confort,Chauffeur expérimenté,Vue panoramique,Silence,Connectivité,Espace de rangement,Navigation GPS",Traveler,Yaounde
3265,Buea,"Ponctualité,Chauffeur expérimenté,Confort,Boisson gratuite,Navigation GPS,Éclairage tamisé,Cuisine,Espace de rangement,Vue panoramique,Assistance bagages,Animaux acceptés,Langue parlée,Wi-Fi gratuit,Connectivité,Conduite souple,Silence,Conversation,Ambiance chaleureuse,Climatisation",Traveler,Loum
4576,Essos,"Connectivité,Navigation GPS,Vue panoramique,Ambiance chaleureuse,Sport,Conduite souple,Silence,Climatisation,Assistance bagages,Chauffeur expérimenté",Planner,Bertoua
1628,Figuif,"Ponctualité,Confort,Ambiance chaleureuse,Animaux acceptés,Chauffeur expérimenté,Conversation,Cuisine,Sport,Climatisation,Silence,Connectivité,Espace de rangement,Assistance bagages,Musique,Langue parlée",Planner,Mbandjock
972,Bandjoun,"Connectivité,Confort,Langue parlée,Vue panoramique,Boisson gratuite,Conduite souple,Silence,Chauffeur expérimenté,Wi-Fi gratuit,Navigation GPS,Sport,Cuisine,Éclairage tamisé,Ponctualité,Sièges inclinables,Animaux acceptés,Climatisation,Musique,Espace de rangement,Assistance bagages,Conversation,Ambiance chaleureuse",Traveler,Nanga-Eboko
1161,Messa,"Musique,Silence,Conduite souple,Ponctualité,Espace de rangement,Ambiance chaleureuse,Sport,Chauffeur expérimenté,Animaux acceptés,Connectivité,Sièges inclinables,Conversation,Cuisine,Éclairage tamisé,Navigation GPS,Boisson gratuite,Wi-Fi gratuit,Confort,Vue panoramique,Assistance bagages,Climatisation,Langue parlée",Planner,Bonamoussadi
3677,Bertoua,"Vue panoramique,Cuisine",Traveler,Meiganga
2816,Essos,"Ponctualité,Sport,Langue parlée,Climatisation,Wi-Fi gratuit,Confort,Ambiance chaleureuse,Boisson gratuite,Navigation GPS,Chauffeur expérimenté,Assistance bagages,Sièges inclinables,Silence,Éclairage tamisé,Conversation,Conduite souple,Musique,Cuisine,Espace de rangement,Animaux acceptés,Vue panoramique",Planner,Yagoua
3207,Nanga-Eboko,"Sièges inclinables,Navigation GPS,Confort",Traveler,Mbalmayo
3291,Banga Bakundu,"Navigation GPS,Musique,Wi-Fi gratuit,Conversation,Sièges inclinables,Boisson gratuite,Ponctualité,Vue panoramique,Assistance bagages,Ambiance chaleureuse,Sport,Connectivité,Chauffeur expérimenté,Éclairage tamisé,Cuisine,Confort,Langue parlée,Silence",Planner,Fontem
3120,Meiganga,"Confort,Assistance bagages,Musique,Conduite souple,Sport,Conversation,Boisson gratuite,Vue panoramique,Climatisation,Sièges inclinables,Ambiance chaleureuse,Espace de rangement,Cuisine,Éclairage tamisé",Traveler,Mbanga
4316,Mutengene,Musique,Traveler,Mbandjock
4447,Kousseri,"Musique,Boisson gratuite,Sport,Conversation",Planner,Nkongsamba
1121,Bali Nyonga,"Connectivité,Cuisine,Espace de rangement,Navigation GPS,Assistance bagages,Conversation,Confort,Sièges inclinables,Chauffeur expérimenté,Ambiance chaleureuse,Boisson gratuite,Silence,Animaux acceptés,Sport,Wi-Fi gratuit",Planner,Belabo
3187,Beti,"Ponctualité,Assistance bagages,Boisson gratuite,Musique,Espace de rangement,Éclairage tamisé,Langue parlée,Wi-Fi gratuit,Silence,Confort,Vue panoramique,Climatisation,Connectivité,Ambiance chaleureuse,Sièges inclinables,Conduite souple,Sport,Animaux acceptés",Planner,Yaounde
4521,Bamenda,"Wi-Fi gratuit,Climatisation,Assistance bagages,Boisson gratuite,Musique,Ponctualité,Animaux acceptés",Traveler,Mutengene
1280,Mbandjock,"Ponctualité,Sièges inclinables,Connectivité,Silence,Vue panoramique,Boisson gratuite,Chauffeur expérimenté,Navigation GPS,Langue parlée,Musique,Éclairage tamisé,Assistance bagages,Cuisine,Conduite souple",Traveler,Bali
161,Bertoua,"Langue parlée,Musique,Vue panoramique",Traveler,Dibombari
2385,Fontem,"Langue parlée,Confort,Climatisation,Ambiance chaleureuse,Navigation GPS,Éclairage tamisé,Cuisine,Sièges inclinables",Traveler,Beti
4332,Bonakouamouang,"Sièges inclinables,Langue parlée,Éclairage tamisé,Animaux acceptés,Climatisation,Boisson gratuite,Chauffeur expérimenté,Assistance bagages,Conversation",Traveler,Bafang
511,Bafia,"Assistance bagages,Langue parlée,Wi-Fi gratuit,Climatisation,Connectivité,Musique,Ponctualité,Sport,Espace de rangement,Confort,Silence,Chauffeur expérimenté,Cuisine,Ambiance chaleureuse,Vue panoramique,Boisson gratuite",Traveler,Douala
3811,Loum,Navigation GPS,Planner,Loum
2605,Mokolo,Ambiance chaleureuse,Traveler,Bali
4127,Bali,"Musique,Ambiance chaleureuse,Éclairage tamisé,Navigation GPS,Sport,Connectivité,Boisson gratuite,Chauffeur expérimenté,Assistance bagages",Planner,Yagoua
3517,Kribi,"Ambiance chaleureuse,Espace de rangement,Animaux acceptés,Assistance bagages,Connectivité,Boisson gratuite,Chauffeur expérimenté,Cuisine,Wi-Fi gratuit,Conduite souple,Sièges inclinables,Silence",Planner,Guider
4231,Bamenda,"Wi-Fi gratuit,Musique,Ambiance chaleureuse,Connectivité,Éclairage tamisé,Animaux acceptés,Sièges inclinables,Navigation GPS,Ponctualité,Boisson gratuite,Climatisation,Chauffeur expérimenté,Sport,Cuisine,Conversation,Vue panoramique,Espace de rangement,Langue parlée,Confort,Assistance bagages",Traveler,Dibombari
4274,Muyuka,"Confort,Musique,Boisson gratuite,Sièges inclinables,Assistance bagages,Wi-Fi gratuit,Conversation,Langue parlée,Espace de rangement,Chauffeur expérimenté",Planner,Bonanjo
793,Bandjoun,"Ambiance chaleureuse,Chauffeur expérimenté,Silence,Animaux acceptés,Navigation GPS,Éclairage tamisé,Conduite souple,Boisson gratuite,Conversation,Cuisine,Sièges inclinables,Sport,Ponctualité,Confort,Assistance bagages,Climatisation,Vue panoramique,Espace de rangement,Connectivité,Musique,Wi-Fi gratuit",Planner,Bonamoussadi
4761,Bonakouamouang,"Vue panoramique,Navigation GPS,Connectivité,Assistance bagages,Ambiance chaleureuse,Conversation,Climatisation",Traveler,Batibo
4538,Bonaberi,"Animaux acceptés,Éclairage tamisé,Ponctualité,Assistance bagages,Ambiance chaleureuse,Langue parlée,Conduite souple,Sièges inclinables,Sport,Conversation,Wi-Fi gratuit,Connectivité,Espace de rangement,Silence,Vue panoramique,Confort,Navigation GPS",Traveler,Mokolo
3667,Essos,"Langue parlée,Espace de rangement,Ponctualité,Conversation,Climatisation,Ambiance chaleureuse",Traveler,Messa
3983,Mbanga,"Langue parlée,Wi-Fi gratuit,Vue panoramique,Sièges inclinables,Connectivité",Traveler,Guider
2639,Bandjoun,"Sport,Vue panoramique,Conduite souple,Langue parlée,Ponctualité,Climatisation,Espace de rangement,Conversation,Animaux acceptés,Éclairage tamisé,Navigation GPS,Sièges inclinables,Wi-Fi gratuit,Silence,Assistance bagages,Musique,Ambiance chaleureuse,Connectivité,Chauffeur expérimenté,Confort,Boisson gratuite",Traveler,Bonakouamouang
1810,Bimbia,"Ambiance chaleureuse,Langue parlée,Éclairage tamisé,Boisson gratuite,Ponctualité,Chauffeur expérimenté,Musique,Conduite souple,Navigation GPS,Conversation,Silence,Climatisation,Animaux acceptés,Sport",Traveler,Bonaberi
3503,Essos,"Connectivité,Musique,Wi-Fi gratuit,Conduite souple,Silence,Cuisine,Chauffeur expérimenté,Animaux acceptés,Espace de rangement,Climatisation,Ambiance chaleureuse,Sport,Ponctualité,Confort,Conversation",Planner,Bali Nyonga
1185,Mbanga,"Chauffeur expérimenté,Sièges inclinables,Silence,Musique,Vue panoramique,Éclairage tamisé,Climatisation,Conduite souple,Sport,Langue parlée,Boisson gratuite,Wi-Fi gratuit",Traveler,Maroua
4649,Melong,"Langue parlée,Espace de rangement,Navigation GPS,Animaux acceptés,Sièges inclinables,Ambiance chaleureuse,Connectivité,Vue panoramique,Wi-Fi gratuit,Climatisation,Sport,Éclairage tamisé,Musique,Cuisine,Confort,Boisson gratuite,Conduite souple,Ponctualité",Traveler,Gazawa
2375,Bonabéri,Cuisine,Planner,Mbalmayo
3434,Muyuka,"Ponctualité,Ambiance chaleureuse,Chauffeur expérimenté,Animaux acceptés,Éclairage tamisé,Conversation,Wi-Fi gratuit,Confort,Boisson gratuite,Musique,Cuisine,Sièges inclinables,Conduite souple,Climatisation,Sport,Assistance bagages",Planner,Meiganga
2056,Mora,"Espace de rangement,Ambiance chaleureuse,Silence,Wi-Fi gratuit,Conversation,Boisson gratuite,Sport,Vue panoramique,Connectivité,Animaux acceptés,Sièges inclinables,Langue parlée",Planner,Fontem
266,Beti,"Connectivité,Navigation GPS,Langue parlée,Animaux acceptés,Musique,Sièges inclinables,Wi-Fi gratuit,Ambiance chaleureuse",Traveler,Mbouda
1276,Mora,"Éclairage tamisé,Vue panoramique,Navigation GPS,Ponctualité,Confort,Assistance bagages,Silence,Sièges inclinables,Wi-Fi gratuit",Traveler,Douala
533,Bertoua,Confort,Planner,Bali
2884,Bamenda,"Boisson gratuite,Langue parlée,Espace de rangement,Assistance bagages,Navigation GPS,Conduite souple,Confort,Chauffeur expérimenté,Silence",Traveler,Bonakouamouang
1601,Mbalmayo,"Connectivité,Espace de rangement,Conduite souple,Cuisine,Chauffeur expérimenté,Confort,Assistance bagages,Sièges inclinables,Langue parlée,Conversation",Planner,Banga Bakundu
3726,Guider,"Confort,Animaux acceptés,Sport,Climatisation,Connectivité,Sièges inclinables,Cuisine,Éclairage tamisé,Boisson gratuite,Wi-Fi gratuit,Assistance bagages,Conversation,Langue parlée,Espace de rangement,Silence,Ambiance chaleureuse,Ponctualité,Vue panoramique,Conduite souple,Chauffeur expérimenté,Musique,Navigation GPS",Traveler,Beti
2093,Bonanjo,"Wi-Fi gratuit,Connectivité,Assistance bagages,Vue panoramique,Langue parlée,Éclairage tamisé,Ponctualité,Navigation GPS,Sièges inclinables,Animaux acceptés",Planner,Maroua
2509,Essos,"Boisson gratuite,Animaux acceptés",Planner,Bertoua
700,Garoua,"Animaux acceptés,Vue panoramique,Conduite souple,Chauffeur expérimenté,Éclairage tamisé,Silence,Boisson gratuite,Espace de rangement,Cuisine",Planner,Mutengene
4462,Kribi,"Silence,Cuisine,Confort,Musique",Planner,Mbalmayo
4988,Mbouda,"Animaux acceptés,Ponctualité,Ambiance chaleureuse,Vue panoramique,Connectivité,Sport,Confort,Conduite souple,Éclairage tamisé,Cuisine,Chauffeur expérimenté",Planner,Bamenda
1556,Yaounde,"Éclairage tamisé,Confort,Sièges inclinables,Conduite souple,Vue panoramique,Chauffeur expérimenté,Ponctualité",Traveler,Messa
4899,Mora,"Éclairage tamisé,Assistance bagages,Ambiance chaleureuse,Conversation,Ponctualité,Animaux acceptés,Navigation GPS,Conduite souple,Confort,Vue panoramique,Wi-Fi gratuit,Sièges inclinables,Sport,Musique,Boisson gratuite,Chauffeur expérimenté,Espace de rangement,Langue parlée,Silence",Traveler,Melong
1823,Bonamoussadi,"Cuisine,Sièges inclinables,Climatisation,Navigation GPS,Éclairage tamisé,Confort,Musique,Wi-Fi gratuit,Conversation,Sport,Espace de rangement,Boisson gratuite,Langue parlée,Conduite souple,Assistance bagages",Planner,Bonakouamouang
1991,Garoua,"Animaux acceptés,Navigation GPS,Langue parlée,Espace de rangement,Ambiance chaleureuse,Sièges inclinables,Sport",Traveler,Bertoua
2464,Bali Nyonga,"Wi-Fi gratuit,Confort,Espace de rangement,Langue parlée,Silence,Musique,Boisson gratuite,Chauffeur expérimenté,Animaux acceptés,Navigation GPS,Climatisation,Conduite souple,Connectivité,Cuisine",Planner,Muyuka
4483,Beti,"Connectivité,Animaux acceptés,Navigation GPS,Éclairage tamisé",Planner,Banga Bakundu
1703,Yaounde,"Wi-Fi gratuit,Vue panoramique,Silence,Cuisine",Traveler,Buea
2464,Banga Bakundu,"Espace de rangement,Connectivité,Climatisation,Animaux acceptés,Wi-Fi gratuit,Ponctualité,Vue panoramique,Cuisine,Éclairage tamisé,Silence,Conduite souple,Assistance bagages,Conversation,Ambiance chaleureuse,Musique,Sièges inclinables,Langue parlée,Boisson gratuite,Chauffeur expérimenté,Sport,Navigation GPS,Confort",Planner,Mbouda
2184,Mbandjock,"Ponctualité,Confort,Animaux acceptés,Chauffeur expérimenté,Connectivité,Cuisine,Silence,Navigation GPS,Sièges inclinables,Langue parlée",Traveler,Mbandjock
4323,Beti,"Animaux acceptés,Cuisine,Confort",Traveler,Bali
4344,Bonaberi,"Langue parlée,Wi-Fi gratuit,Sièges inclinables,Conversation,Éclairage tamisé,Espace de rangement,Boisson gratuite,Sport,Ambiance chaleureuse,Chauffeur expérimenté,Assistance bagages,Cuisine,Confort,Ponctualité,Navigation GPS,Connectivité,Animaux acceptés,Vue panoramique",Traveler,Kousseri
1108,Mokolo,"Sièges inclinables,Assistance bagages,Cuisine,Wi-Fi gratuit,Silence,Conversation,Confort,Musique,Ponctualité,Animaux acceptés,Climatisation,Espace de rangement,Sport,Chauffeur expérimenté",Traveler,Beti
1697,Douala,"Climatisation,Éclairage tamisé",Planner,Dibombari
690,Figuif,Langue parlée,Planner,Batibo
1817,Gazawa,"Conduite souple,Sport,Ambiance chaleureuse,Espace de rangement,Chauffeur expérimenté,Vue panoramique,Langue parlée,Boisson gratuite,Wi-Fi gratuit,Assistance bagages,Navigation GPS,Cuisine,Éclairage tamisé,Climatisation,Musique,Conversation,Sièges inclinables",Planner,Limbe
2030,Beti,"Navigation GPS,Ambiance chaleureuse,Confort,Conduite souple,Éclairage tamisé,Boisson gratuite,Espace de rangement,Conversation,Silence,Animaux acceptés,Sport,Ponctualité,Musique,Langue parlée,Chauffeur expérimenté,Sièges inclinables,Cuisine,Assistance bagages,Vue panoramique,Climatisation,Connectivité",Planner,Boutours
4278,Meiganga,"Chauffeur expérimenté,Cuisine,Connectivité,Assistance bagages,Navigation GPS,Sièges inclinables,Conversation",Traveler,Messa
3827,Boutours,"Ambiance chaleureuse,Connectivité,Conduite souple,Cuisine,Navigation GPS,Confort,Assistance bagages,Climatisation,Langue parlée,Éclairage tamisé,Animaux acceptés,Wi-Fi gratuit,Espace de rangement,Vue panoramique,Silence,Sport,Musique,Sièges inclinables,Ponctualité,Conversation",Traveler,Mbanga
3614,Muyuka,Silence,Traveler,Bonanjo
3917,Bertoua,"Ponctualité,Connectivité,Chauffeur expérimenté,Wi-Fi gratuit,Langue parlée,Animaux acceptés,Vue panoramique,Éclairage tamisé,Climatisation,Ambiance chaleureuse,Boisson gratuite,Assistance bagages,Confort,Navigation GPS,Conduite souple,Sport,Sièges inclinables,Conversation,Cuisine,Musique,Silence",Planner,Yaounde
3932,Edéa,"Conduite souple,Animaux acceptés,Ambiance chaleureuse",Planner,Gazawa
409,Guider,"Confort,Ponctualité,Ambiance chaleureuse,Espace de rangement,Sport,Chauffeur expérimenté,Boisson gratuite",Traveler,Belo
4484,Gazawa,"Sièges inclinables,Musique,Connectivité,Chauffeur expérimenté,Langue parlée,Éclairage tamisé,Conversation,Vue panoramique,Wi-Fi gratuit,Espace de rangement,Ponctualité,Assistance bagages,Animaux acceptés,Cuisine",Traveler,Bimbia
4655,Beti,"Climatisation,Musique,Conduite souple,Ambiance chaleureuse,Ponctualité,Confort,Connectivité,Éclairage tamisé,Silence,Espace de rangement,Wi-Fi gratuit,Navigation GPS,Vue panoramique,Chauffeur expérimenté,Assistance bagages",Planner,Beti
4081,Mutengene,"Vue panoramique,Ponctualité,Langue parlée",Traveler,Mbanga
783,Kribi,"Conversation,Navigation GPS,Espace de rangement,Chauffeur expérimenté,Sport,Connectivité,Musique,Conduite souple,Boisson gratuite,Wi-Fi gratuit,Vue panoramique,Climatisation,Éclairage tamisé,Cuisine",Traveler,Bali
3556,Campo,"Boisson gratuite,Éclairage tamisé,Silence,Climatisation,Ambiance chaleureuse,Animaux acceptés,Wi-Fi gratuit,Chauffeur expérimenté,Vue panoramique,Assistance bagages,Cuisine,Confort,Ponctualité,Sport,Langue parlée",Traveler,Muyuka
246,Maroua,"Climatisation,Espace de rangement,Confort,Chauffeur expérimenté,Boisson gratuite,Sièges inclinables,Musique,Animaux acceptés,Langue parlée,Conduite souple,Assistance bagages,Ambiance chaleureuse,Vue panoramique,Éclairage tamisé,Ponctualité,Silence",Planner,Muyuka
4281,Messa,"Espace de rangement,Animaux acceptés,Climatisation,Confort",Traveler,Boutours
1729,Guider,"Chauffeur expérimenté,Ponctualité,Vue panoramique,Sièges inclinables,Espace de rangement,Animaux acceptés,Navigation GPS,Wi-Fi gratuit,Confort,Climatisation,Cuisine,Langue parlée,Musique,Boisson gratuite,Sport,Connectivité",Traveler,Belabo
1807,Kousseri,"Assistance bagages,Boisson gratuite,Wi-Fi gratuit,Navigation GPS,Conversation,Ambiance chaleureuse",Planner,Fontem
3884,Mbalmayo,"Animaux acceptés,Silence,Conduite souple,Sièges inclinables,Navigation GPS,Ambiance chaleureuse,Espace de rangement,Sport,Ponctualité,Boisson gratuite,Connectivité",Traveler,Yagoua
3498,Bali Nyonga,"Sport,Musique,Silence,Assistance bagages",Traveler,Mora
1186,Bamenda,"Boisson gratuite,Wi-Fi gratuit,Langue parlée,Sièges inclinables,Ambiance chaleureuse,Cuisine,Chauffeur expérimenté,Confort",Traveler,Mutengene
4310,Fontem,"Musique,Assistance bagages",Planner,Mbanga
55,Maroua,"Langue parlée,Silence,Ambiance chaleureuse,Climatisation",Planner,Nkongsamba
3067,Mutengene,"Ambiance chaleureuse,Conversation,Climatisation,Silence,Wi-Fi gratuit,Musique,Cuisine,Boisson gratuite,Éclairage tamisé,Animaux acceptés,Conduite souple,Ponctualité,Chauffeur expérimenté,Sport,Vue panoramique,Assistance bagages,Langue parlée,Navigation GPS,Espace de rangement",Traveler,Buea
458,Maroua,"Navigation GPS,Espace de rangement,Animaux acceptés,Connectivité,Ambiance chaleureuse,Climatisation,Vue panoramique,Sport,Confort,Musique,Chauffeur expérimenté,Conversation",Traveler,Bertoua
3807,Messa,"Assistance bagages,Conversation,Ponctualité,Navigation GPS,Animaux acceptés,Langue parlée,Vue panoramique,Chauffeur expérimenté,Sièges inclinables,Musique,Espace de rangement,Wi-Fi gratuit,Confort,Climatisation,Éclairage tamisé,Silence,Ambiance chaleureuse,Connectivité,Sport,Boisson gratuite,Cuisine,Conduite souple",Traveler,Figuif
2369,Belabo,"Sport,Animaux acceptés,Sièges inclinables,Musique,Espace de rangement,Silence,Wi-Fi gratuit,Ponctualité,Ambiance chaleureuse,Conduite souple,Langue parlée,Assistance bagages,Climatisation,Conversation,Cuisine",Traveler,Bali
4281,Mbandjock,"Climatisation,Animaux acceptés,Ponctualité,Wi-Fi gratuit,Conduite souple,Connectivité,Confort,Musique,Chauffeur expérimenté,Vue panoramique,Éclairage tamisé,Assistance bagages",Planner,Douala
4208,Mutengene,"Ponctualité,Confort,Animaux acceptés,Boisson gratuite,Chauffeur expérimenté,Vue panoramique,Cuisine,Assistance bagages,Sièges inclinables,Conduite souple,Langue parlée,Ambiance chaleureuse,Sport,Climatisation,Connectivité,Navigation GPS",Traveler,Loum
1146,Yagoua,"Musique,Sièges inclinables,Chauffeur expérimenté,Connectivité",Traveler,Bafoussam
3292,Bafang,Boisson gratuite,Traveler,Bonakouamouang
706,Bertoua,"Conversation,Ponctualité,Ambiance chaleureuse,Musique,Wi-Fi gratuit,Boisson gratuite,Climatisation,Vue panoramique,Silence,Animaux acceptés,Langue parlée,Confort,Chauffeur expérimenté",Planner,Maroua
3600,Melong,"Vue panoramique,Sport,Éclairage tamisé,Boisson gratuite,Conversation,Sièges inclinables,Conduite souple,Silence,Cuisine,Langue parlée,Navigation GPS,Confort,Espace de rangement,Ambiance chaleureuse,Wi-Fi gratuit,Musique,Chauffeur expérimenté,Assistance bagages,Climatisation,Connectivité,Animaux acceptés,Ponctualité",Traveler,Messa
2857,Limbe,"Connectivité,Silence,Chauffeur expérimenté,Confort,Assistance bagages,Wi-Fi gratuit,Conduite souple,Climatisation,Espace de rangement,Cuisine,Musique,Animaux acceptés,Sport,Ponctualité,Boisson gratuite,Éclairage tamisé,Navigation GPS",Planner,Buea
1741,Figuif,"Conversation,Confort,Ambiance chaleureuse,Langue parlée,Wi-Fi gratuit,Musique,Éclairage tamisé,Ponctualité,Sport,Silence,Sièges inclinables,Climatisation,Navigation GPS,Espace de rangement,Chauffeur expérimenté,Boisson gratuite",Planner,Belo
3930,Bafang,"Connectivité,Ponctualité,Vue panoramique,Assistance bagages,Sport,Espace de rangement,Conversation,Navigation GPS,Chauffeur expérimenté,Conduite souple,Cuisine,Musique,Animaux acceptés,Éclairage tamisé,Confort,Climatisation,Wi-Fi gratuit,Boisson gratuite,Silence,Sièges inclinables,Ambiance chaleureuse,Langue parlée",Planner,Bafang
685,Campo,"Assistance bagages,Chauffeur expérimenté,Animaux acceptés,Navigation GPS,Ponctualité,Cuisine,Silence,Musique,Conversation,Vue panoramique,Éclairage tamisé,Conduite souple,Langue parlée,Connectivité,Sport,Espace de rangement,Boisson gratuite,Sièges inclinables,Climatisation",Planner,Bonaberi
2881,Kousseri,"Silence,Sièges inclinables,Chauffeur expérimenté,Ponctualité,Langue parlée",Traveler,Guider
1387,Garoua,"Espace de rangement,Wi-Fi gratuit,Langue parlée,Chauffeur expérimenté,Confort,Connectivité,Sport,Navigation GPS,Conversation,Vue panoramique",Planner,Maroua
2380,Bamenda,"Chauffeur expérimenté,Éclairage tamisé,Langue parlée,Boisson gratuite,Wi-Fi gratuit,Sport,Sièges inclinables,Musique,Animaux acceptés,Ambiance chaleureuse",Planner,Essos
4619,Kousseri,"Chauffeur expérimenté,Ponctualité,Confort,Wi-Fi gratuit,Conversation,Navigation GPS,Sport,Animaux acceptés,Boisson gratuite,Cuisine,Conduite souple,Climatisation,Éclairage tamisé,Vue panoramique,Langue parlée,Connectivité,Espace de rangement",Planner,Yagoua
800,Boutours,"Sièges inclinables,Climatisation,Cuisine,Musique,Conduite souple,Conversation,Navigation GPS,Ponctualité,Wi-Fi gratuit,Animaux acceptés,Sport,Boisson gratuite,Espace de rangement,Assistance bagages,Silence,Chauffeur expérimenté",Planner,Meiganga
493,Buea,"Boisson gratuite,Confort,Sport,Espace de rangement,Musique,Ponctualité,Éclairage tamisé",Planner,Maroua
2036,Nanga-Eboko,"Ponctualité,Musique,Éclairage tamisé",Planner,Fontem
2050,Bertoua,"Ponctualité,Cuisine,Climatisation,Animaux acceptés,Confort,Connectivité,Navigation GPS,Musique,Espace de rangement,Silence,Sport,Wi-Fi gratuit,Assistance bagages",Traveler,Buea
206,Bonabéri,"Éclairage tamisé,Langue parlée,Animaux acceptés,Climatisation,Boisson gratuite,Chauffeur expérimenté",Traveler,Melong
717,Belo,"Conduite souple,Assistance bagages,Cuisine,Langue parlée,Conversation,Vue panoramique,Chauffeur expérimenté,Silence,Sport,Éclairage tamisé,Confort,Musique,Navigation GPS,Sièges inclinables,Espace de rangement,Ambiance chaleureuse,Boisson gratuite,Animaux acceptés,Wi-Fi gratuit,Ponctualité",Planner,Batibo
1483,Bafang,"Confort,Musique,Éclairage tamisé,Sport,Connectivité,Ponctualité",Traveler,Guider
4983,Kumba,"Boisson gratuite,Musique,Éclairage tamisé,Navigation GPS,Silence,Wi-Fi gratuit,Vue panoramique,Chauffeur expérimenté,Conduite souple,Cuisine,Ambiance chaleureuse,Confort,Climatisation,Sièges inclinables,Langue parlée,Animaux acceptés,Sport,Espace de rangement",Planner,Bonabéri
4479,Messa,"Ambiance chaleureuse,Ponctualité,Wi-Fi gratuit,Musique",Planner,Bonaberi
1506,Garoua,"Confort,Wi-Fi gratuit,Sièges inclinables,Climatisation",Planner,Batibo
1379,Buea,"Ambiance chaleureuse,Sport,Climatisation,Confort,Ponctualité,Chauffeur expérimenté,Navigation GPS,Langue parlée,Vue panoramique,Espace de rangement,Assistance bagages",Planner,Figuif
1714,Bafang,"Navigation GPS,Wi-Fi gratuit,Chauffeur expérimenté,Conduite souple,Vue panoramique,Ponctualité,Connectivité,Éclairage tamisé,Cuisine,Assistance bagages,Espace de rangement,Confort,Langue parlée,Conversation,Musique,Sièges inclinables,Animaux acceptés,Silence,Ambiance chaleureuse,Climatisation,Boisson gratuite,Sport",Planner,Belo
1309,Garoua,"Sport,Vue panoramique,Assistance bagages,Sièges inclinables,Ponctualité,Musique,Espace de rangement,Silence,Boisson gratuite,Éclairage tamisé,Conversation,Ambiance chaleureuse",Traveler,Bertoua
4895,Bonabéri,"Ponctualité,Assistance bagages,Confort,Wi-Fi gratuit,Animaux acceptés,Ambiance chaleureuse,Chauffeur expérimenté,Connectivité,Musique,Cuisine,Vue panoramique,Conduite souple,Silence",Traveler,Kribi
872,Bali Nyonga,"Vue panoramique,Éclairage tamisé,Wi-Fi gratuit,Sièges inclinables,Silence,Ponctualité,Conduite souple,Connectivité,Cuisine,Boisson gratuite,Confort,Sport,Animaux acceptés,Assistance bagages,Ambiance chaleureuse,Navigation GPS",Planner,Maroua
2677,Limbe,"Éclairage tamisé,Musique,Ambiance chaleureuse,Silence,Connectivité,Espace de rangement,Assistance bagages,Animaux acceptés,Navigation GPS,Chauffeur expérimenté,Sport,Confort,Cuisine,Boisson gratuite,Conduite souple,Langue parlée,Conversation,Ponctualité,Vue panoramique,Climatisation,Sièges inclinables,Wi-Fi gratuit",Planner,Gazawa
3202,Banga Bakundu,"Conduite souple,Navigation GPS",Planner,Kousseri
3915,Douala,"Confort,Climatisation,Animaux acceptés,Espace de rangement,Musique,Ponctualité,Navigation GPS,Conversation,Langue parlée,Connectivité,Sport,Conduite souple",Traveler,Buea
2724,Fontem,"Navigation GPS,Connectivité",Planner,Bonakouamouang
3515,Douala,"Éclairage tamisé,Sièges inclinables,Musique,Conduite souple,Cuisine,Wi-Fi gratuit,Connectivité,Chauffeur expérimenté,Animaux acceptés,Navigation GPS,Confort,Ambiance chaleureuse,Sport,Langue parlée,Climatisation,Vue panoramique,Conversation",Traveler,Gazawa
1967,Nkongsamba,"Vue panoramique,Sport,Wi-Fi gratuit,Éclairage tamisé,Navigation GPS,Conversation,Espace de rangement,Climatisation",Traveler,Dibombari
538,Gazawa,"Chauffeur expérimenté,Espace de rangement,Climatisation,Musique,Silence,Confort,Langue parlée,Navigation GPS,Boisson gratuite,Wi-Fi gratuit,Conversation,Sport,Ponctualité,Cuisine,Vue panoramique,Connectivité,Assistance bagages,Animaux acceptés",Traveler,Banga Bakundu
2228,Edéa,"Langue parlée,Conduite souple,Silence,Éclairage tamisé,Wi-Fi gratuit,Musique,Ambiance chaleureuse,Sport,Climatisation,Cuisine,Ponctualité,Confort,Boisson gratuite,Connectivité,Sièges inclinables,Assistance bagages,Conversation,Chauffeur expérimenté,Vue panoramique,Espace de rangement,Animaux acceptés",Planner,Guider
1591,Nkongsamba,"Silence,Confort,Animaux acceptés,Langue parlée,Climatisation,Connectivité,Boisson gratuite,Éclairage tamisé,Ambiance chaleureuse",Planner,Bonabéri
507,Bali,"Animaux acceptés,Boisson gratuite,Connectivité,Climatisation,Éclairage tamisé,Conversation,Vue panoramique,Wi-Fi gratuit,Sièges inclinables,Navigation GPS,Conduite souple,Ponctualité,Confort,Silence",Planner,Buea
3547,Mora,"Conversation,Ambiance chaleureuse,Silence,Langue parlée,Sport,Espace de rangement,Chauffeur expérimenté,Wi-Fi gratuit,Connectivité,Vue panoramique,Musique,Climatisation,Navigation GPS,Ponctualité,Conduite souple,Éclairage tamisé,Animaux acceptés,Cuisine,Boisson gratuite,Sièges inclinables,Confort,Assistance bagages",Traveler,Kribi
2122,Mbouda,"Wi-Fi gratuit,Silence,Boisson gratuite,Climatisation,Conversation,Musique,Vue panoramique,Navigation GPS,Éclairage tamisé,Cuisine,Connectivité,Conduite souple,Ambiance chaleureuse,Confort,Sièges inclinables,Langue parlée,Sport",Planner,Kribi
3583,Bonanjo,"Cuisine,Climatisation,Espace de rangement,Assistance bagages,Éclairage tamisé,Ponctualité,Wi-Fi gratuit,Ambiance chaleureuse,Animaux acceptés,Musique,Vue panoramique,Chauffeur expérimenté",Traveler,Mbalmayo
2889,Bonabéri,"Conduite souple,Conversation",Planner,Nanga-Eboko
943,Yagoua,"Wi-Fi gratuit,Vue panoramique,Confort,Connectivité,Animaux acceptés,Langue parlée,Éclairage tamisé",Planner,Beti
3629,Bonamoussadi,"Musique,Connectivité,Espace de rangement,Ambiance chaleureuse,Cuisine,Conversation,Silence,Langue parlée,Climatisation",Traveler,Limbe
158,Douala,"Ambiance chaleureuse,Conversation,Ponctualité,Chauffeur expérimenté,Cuisine,Éclairage tamisé,Vue panoramique,Langue parlée,Boisson gratuite,Climatisation,Wi-Fi gratuit,Silence,Confort,Espace de rangement,Sport,Musique",Planner,Mora
4295,Figuif,"Conduite souple,Boisson gratuite,Ponctualité,Espace de rangement,Éclairage tamisé,Wi-Fi gratuit,Connectivité,Animaux acceptés,Sport,Climatisation,Navigation GPS,Chauffeur expérimenté,Conversation,Sièges inclinables",Traveler,Bogo
2722,Campo,"Silence,Sport,Cuisine,Wi-Fi gratuit,Espace de rangement,Assistance bagages,Chauffeur expérimenté,Ponctualité,Vue panoramique,Conduite souple,Sièges inclinables,Confort,Climatisation",Planner,Campo
3991,Messa,"Ponctualité,Sièges inclinables,Éclairage tamisé,Boisson gratuite,Vue panoramique,Ambiance chaleureuse,Connectivité,Navigation GPS,Conduite souple,Espace de rangement",Planner,Mbouda
1240,Muyuka,"Chauffeur expérimenté,Wi-Fi gratuit,Navigation GPS,Langue parlée,Assistance bagages,Ambiance chaleureuse,Sièges inclinables,Confort",Traveler,Kumba
1642,Melong,"Espace de rangement,Sport,Langue parlée,Animaux acceptés,Wi-Fi gratuit",Traveler,Bonamoussadi
2876,Bonamoussadi,"Conversation,Sièges inclinables,Éclairage tamisé,Ambiance chaleureuse,Sport,Confort,Boisson gratuite,Silence",Planner,Meiganga
4983,Dibombari,"Assistance bagages,Chauffeur expérimenté,Animaux acceptés,Musique,Éclairage tamisé,Sièges inclinables,Ponctualité,Conduite souple,Cuisine,Langue parlée,Vue panoramique,Espace de rangement,Silence,Climatisation,Conversation,Connectivité,Confort,Wi-Fi gratuit",Planner,Boutours
3646,Edéa,"Animaux acceptés,Éclairage tamisé,Assistance bagages,Sièges inclinables,Sport,Boisson gratuite,Climatisation,Navigation GPS,Confort,Musique,Vue panoramique,Chauffeur expérimenté,Ponctualité,Langue parlée,Silence,Connectivité,Conversation,Cuisine,Wi-Fi gratuit,Conduite souple,Ambiance chaleureuse,Espace de rangement",Traveler,Mbanga
4477,Bertoua,"Assistance bagages,Ambiance chaleureuse,Sièges inclinables,Wi-Fi gratuit,Conduite souple,Espace de rangement,Boisson gratuite,Chauffeur expérimenté",Traveler,Yaounde
1177,Yaounde,"Ponctualité,Ambiance chaleureuse,Confort,Langue parlée,Cuisine,Conduite souple,Espace de rangement,Éclairage tamisé,Chauffeur expérimenté,Musique",Traveler,Mbandjock
738,Douala,"Climatisation,Vue panoramique,Espace de rangement,Confort,Sièges inclinables,Cuisine",Planner,Bali Nyonga
2659,Guider,"Vue panoramique,Cuisine,Chauffeur expérimenté,Assistance bagages,Langue parlée,Confort,Ponctualité,Connectivité,Animaux acceptés,Silence,Musique,Ambiance chaleureuse,Climatisation,Sièges inclinables,Espace de rangement,Sport,Conduite souple",Traveler,Buea
1091,Guider,"Ponctualité,Ambiance chaleureuse,Connectivité,Sièges inclinables,Climatisation,Musique,Wi-Fi gratuit,Assistance bagages,Confort,Cuisine,Langue parlée,Conversation,Silence,Vue panoramique,Animaux acceptés,Éclairage tamisé,Sport,Navigation GPS,Chauffeur expérimenté,Conduite souple,Espace de rangement,Boisson gratuite",Planner,Bogo
1006,Bafia,"Vue panoramique,Confort,Espace de rangement,Climatisation,Sièges inclinables,Silence,Cuisine,Sport,Langue parlée,Ambiance chaleureuse,Conduite souple,Navigation GPS,Assistance bagages,Ponctualité,Animaux acceptés,Connectivité,Éclairage tamisé,Wi-Fi gratuit,Conversation,Musique,Boisson gratuite",Traveler,Kumba
3002,Bogo,"Sièges inclinables,Climatisation,Cuisine",Traveler,Douala
609,Mutengene,"Langue parlée,Espace de rangement,Silence,Éclairage tamisé,Animaux acceptés,Sièges inclinables,Assistance bagages,Wi-Fi gratuit,Connectivité,Climatisation,Confort,Conduite souple,Navigation GPS,Ponctualité,Chauffeur expérimenté,Musique,Sport",Traveler,Boutours
4225,Bafang,"Confort,Espace de rangement,Wi-Fi gratuit,Musique,Sport,Ambiance chaleureuse,Connectivité,Éclairage tamisé,Vue panoramique,Silence,Boisson gratuite,Ponctualité,Chauffeur expérimenté,Cuisine,Conduite souple,Animaux acceptés,Assistance bagages,Navigation GPS,Conversation",Planner,Mbalmayo
1611,Nkongsamba,"Animaux acceptés,Navigation GPS,Climatisation,Éclairage tamisé,Langue parlée,Cuisine,Ambiance chaleureuse,Confort,Vue panoramique,Conversation,Silence,Sièges inclinables,Chauffeur expérimenté,Connectivité",Traveler,Bafoussam
193,Buea,"Ambiance chaleureuse,Climatisation,Connectivité,Espace de rangement,Wi-Fi gratuit,Navigation GPS,Langue parlée,Silence,Assistance bagages,Vue panoramique,Chauffeur expérimenté,Animaux acceptés,Cuisine,Conversation",Planner,Bertoua
1040,Bali Nyonga,"Vue panoramique,Langue parlée,Sport,Silence",Planner,Bali Nyonga
2696,Maroua,"Sport,Musique",Traveler,Mutengene
2290,Mbanga,Animaux acceptés,Traveler,Bonaberi
4788,Belabo,"Animaux acceptés,Assistance bagages,Confort,Chauffeur expérimenté,Climatisation,Ambiance chaleureuse",Planner,Kumba
1139,Yaounde,"Musique,Silence,Espace de rangement,Sièges inclinables,Éclairage tamisé,Confort,Ambiance chaleureuse,Animaux acceptés,Boisson gratuite,Connectivité,Cuisine,Navigation GPS,Conversation,Vue panoramique,Assistance bagages,Conduite souple,Langue parlée,Wi-Fi gratuit,Climatisation",Traveler,Batibo
3567,Bonabéri,"Navigation GPS,Sièges inclinables,Confort,Éclairage tamisé,Assistance bagages,Chauffeur expérimenté,Sport,Ponctualité",Planner,Bonaberi
2009,Dibombari,"Chauffeur expérimenté,Confort,Espace de rangement,Climatisation,Musique,Wi-Fi gratuit,Silence,Langue parlée,Conversation,Ponctualité,Éclairage tamisé,Cuisine,Navigation GPS,Assistance bagages,Animaux acceptés,Sport,Conduite souple,Ambiance chaleureuse,Boisson gratuite,Connectivité",Traveler,Figuif
4618,Mbalmayo,"Espace de rangement,Langue parlée,Chauffeur expérimenté,Navigation GPS,Éclairage tamisé,Climatisation,Sport,Animaux acceptés,Ponctualité,Ambiance chaleureuse,Wi-Fi gratuit,Boisson gratuite,Connectivité,Cuisine,Conduite souple,Vue panoramique,Conversation,Musique,Assistance bagages,Sièges inclinables",Planner,Mokolo
1034,Mokolo,"Climatisation,Chauffeur expérimenté,Confort,Musique,Cuisine,Éclairage tamisé,Navigation GPS,Langue parlée,Silence,Sport,Boisson gratuite,Conduite souple,Sièges inclinables,Vue panoramique,Connectivité,Ponctualité,Wi-Fi gratuit,Ambiance chaleureuse",Planner,Banga Bakundu
3778,Nkongsamba,"Espace de rangement,Vue panoramique,Climatisation,Musique,Chauffeur expérimenté,Navigation GPS,Cuisine,Connectivité,Ambiance chaleureuse,Silence,Ponctualité",Traveler,Boutours
3109,Bafang,"Ambiance chaleureuse,Ponctualité,Boisson gratuite,Cuisine,Musique,Conversation,Navigation GPS,Connectivité,Vue panoramique,Éclairage tamisé,Conduite souple,Assistance bagages,Espace de rangement,Animaux acceptés,Climatisation,Wi-Fi gratuit,Chauffeur expérimenté,Sport",Traveler,Batibo
3272,Bafoussam,"Boisson gratuite,Wi-Fi gratuit,Langue parlée,Assistance bagages,Connectivité",Traveler,Bertoua
2217,Belabo,"Navigation GPS,Silence,Connectivité,Conduite souple,Confort,Espace de rangement,Assistance bagages,Boisson gratuite,Wi-Fi gratuit,Chauffeur expérimenté,Animaux acceptés,Cuisine,Vue panoramique,Climatisation,Ambiance chaleureuse,Langue parlée,Musique,Conversation,Éclairage tamisé,Ponctualité,Sièges inclinables",Planner,Bonanjo
3695,Nanga-Eboko,"Ambiance chaleureuse,Éclairage tamisé,Sièges inclinables",Planner,Mbandjock
3851,Bonaberi,"Wi-Fi gratuit,Climatisation",Planner,Belabo
1925,Kumba,"Confort,Cuisine,Vue panoramique",Planner,Belabo
4064,Buea,"Langue parlée,Cuisine,Éclairage tamisé,Chauffeur expérimenté,Conduite souple,Sport,Vue panoramique,Ponctualité",Traveler,Gazawa
4758,Gazawa,"Climatisation,Assistance bagages,Langue parlée,Conversation,Vue panoramique,Connectivité,Animaux acceptés,Ambiance chaleureuse,Espace de rangement,Confort,Ponctualité,Boisson gratuite,Cuisine",Planner,Bali Nyonga
2324,Edéa,"Langue parlée,Climatisation,Assistance bagages,Sport,Wi-Fi gratuit,Éclairage tamisé,Silence,Animaux acceptés,Ponctualité,Ambiance chaleureuse",Traveler,Bafang
3597,Mora,"Connectivité,Confort,Boisson gratuite,Cuisine,Conversation,Navigation GPS,Espace de rangement,Animaux acceptés,Musique,Sièges inclinables,Chauffeur expérimenté,Conduite souple,Ambiance chaleureuse,Éclairage tamisé",Traveler,Bonabéri
1753,Essos,"Boisson gratuite,Musique,Conduite souple,Navigation GPS,Éclairage tamisé,Conversation,Ambiance chaleureuse,Climatisation,Vue panoramique,Langue parlée,Wi-Fi gratuit,Silence",Planner,Kumba
4510,Mokolo,"Wi-Fi gratuit,Cuisine,Chauffeur expérimenté,Confort,Conversation,Climatisation,Ponctualité,Vue panoramique,Conduite souple,Connectivité,Sport,Ambiance chaleureuse,Sièges inclinables,Musique,Langue parlée,Animaux acceptés,Silence,Boisson gratuite,Éclairage tamisé",Planner,Bafoussam
1497,Bali,"Cuisine,Vue panoramique,Confort,Chauffeur expérimenté,Assistance bagages,Sport,Silence,Langue parlée,Espace de rangement,Conversation,Éclairage tamisé,Boisson gratuite",Traveler,Fontem
4219,Figuif,"Animaux acceptés,Boisson gratuite,Chauffeur expérimenté,Sport,Silence,Espace de rangement,Climatisation,Éclairage tamisé,Ambiance chaleureuse,Wi-Fi gratuit,Vue panoramique,Musique,Conversation,Navigation GPS,Cuisine,Ponctualité",Traveler,Bertoua
4774,Loum,"Espace de rangement,Boisson gratuite,Navigation GPS,Ambiance chaleureuse,Assistance bagages,Connectivité,Langue parlée,Ponctualité,Éclairage tamisé,Animaux acceptés,Conversation,Confort,Wi-Fi gratuit,Sport,Sièges inclinables,Climatisation,Conduite souple,Silence,Cuisine,Chauffeur expérimenté,Musique,Vue panoramique",Traveler,Guider
2134,Mbouda,"Confort,Assistance bagages,Espace de rangement,Éclairage tamisé,Silence,Ambiance chaleureuse,Ponctualité,Animaux acceptés,Climatisation,Musique",Traveler,Bonaberi
3561,Garoua,"Ambiance chaleureuse,Chauffeur expérimenté,Wi-Fi gratuit,Climatisation,Sièges inclinables,Animaux acceptés,Connectivité,Ponctualité,Éclairage tamisé",Planner,Mbalmayo
3741,Mokolo,"Animaux acceptés,Wi-Fi gratuit,Vue panoramique,Langue parlée,Navigation GPS,Silence,Espace de rangement,Confort,Cuisine,Sièges inclinables,Connectivité,Boisson gratuite,Ponctualité,Chauffeur expérimenté,Assistance bagages,Musique,Climatisation,Ambiance chaleureuse,Sport,Conduite souple,Conversation,Éclairage tamisé",Traveler,Nanga-Eboko
1484,Banga Bakundu,"Wi-Fi gratuit,Sport,Langue parlée,Conversation,Espace de rangement,Conduite souple,Climatisation,Animaux acceptés,Cuisine",Planner,Bonanjo
1888,Banga Bakundu,"Connectivité,Ponctualité,Animaux acceptés,Sièges inclinables,Sport,Vue panoramique,Musique,Espace de rangement,Wi-Fi gratuit,Boisson gratuite,Cuisine,Langue parlée,Conversation,Assistance bagages,Conduite souple,Climatisation,Ambiance chaleureuse,Navigation GPS,Chauffeur expérimenté,Silence,Confort,Éclairage tamisé",Traveler,Edéa
1614,Bonabéri,"Espace de rangement,Ponctualité,Connectivité,Wi-Fi gratuit,Cuisine,Sièges inclinables",Traveler,Bafang
2838,Belo,"Confort,Assistance bagages,Climatisation,Sport,Navigation GPS,Silence,Vue panoramique,Langue parlée",Traveler,Bimbia
775,Beti,"Climatisation,Sièges inclinables,Silence",Traveler,Dibombari
4953,Yaounde,"Connectivité,Animaux acceptés,Silence,Langue parlée,Climatisation,Sport,Conversation,Ponctualité,Wi-Fi gratuit",Planner,Muyuka
1700,Bimbia,"Navigation GPS,Conduite souple,Wi-Fi gratuit,Éclairage tamisé,Connectivité,Sièges inclinables,Assistance bagages,Silence,Vue panoramique,Ponctualité,Climatisation,Musique,Cuisine,Confort,Espace de rangement,Ambiance chaleureuse,Sport,Boisson gratuite,Animaux acceptés",Planner,Melong
1064,Loum,"Silence,Assistance bagages,Sport,Animaux acceptés,Espace de rangement,Navigation GPS,Wi-Fi gratuit,Climatisation,Chauffeur expérimenté,Conversation,Sièges inclinables,Cuisine,Musique,Langue parlée,Conduite souple",Planner,Bonamoussadi
4503,Kumba,"Animaux acceptés,Wi-Fi gratuit,Sport,Climatisation,Ambiance chaleureuse,Conversation,Cuisine,Éclairage tamisé,Sièges inclinables,Vue panoramique,Navigation GPS,Conduite souple,Langue parlée",Planner,Muyuka
4979,Bonaberi,"Ambiance chaleureuse,Navigation GPS,Sièges inclinables,Animaux acceptés,Espace de rangement,Ponctualité,Confort,Sport,Wi-Fi gratuit,Conduite souple,Vue panoramique,Éclairage tamisé,Boisson gratuite,Assistance bagages,Conversation,Langue parlée,Chauffeur expérimenté,Connectivité,Musique",Traveler,Yagoua
111,Kumba,"Navigation GPS,Espace de rangement,Wi-Fi gratuit,Musique",Traveler,Garoua
990,Buea,"Sport,Langue parlée,Climatisation,Cuisine,Navigation GPS,Ponctualité,Éclairage tamisé,Chauffeur expérimenté,Ambiance chaleureuse,Connectivité,Musique,Vue panoramique,Conduite souple,Wi-Fi gratuit,Sièges inclinables,Boisson gratuite,Confort,Conversation,Assistance bagages,Espace de rangement",Planner,Bonakouamouang
1911,Mokolo,"Conduite souple,Climatisation,Confort,Sport,Boisson gratuite,Assistance bagages,Musique,Conversation,Éclairage tamisé",Planner,Beti
3001,Buea,"Wi-Fi gratuit,Sport,Conversation,Ambiance chaleureuse,Conduite souple,Animaux acceptés,Vue panoramique,Navigation GPS,Langue parlée,Espace de rangement,Silence,Sièges inclinables,Musique,Cuisine,Assistance bagages",Traveler,Bafia
2902,Mbanga,Ponctualité,Traveler,Bafia
4900,Nkongsamba,"Conversation,Navigation GPS,Confort,Animaux acceptés,Connectivité,Wi-Fi gratuit,Chauffeur expérimenté,Boisson gratuite,Langue parlée,Éclairage tamisé,Musique,Climatisation,Cuisine,Silence,Assistance bagages,Espace de rangement,Vue panoramique,Ambiance chaleureuse,Sièges inclinables,Sport",Traveler,Muyuka
1523,Bimbia,"Chauffeur expérimenté,Cuisine,Conduite souple,Animaux acceptés,Wi-Fi gratuit,Navigation GPS,Espace de rangement,Climatisation,Ambiance chaleureuse,Connectivité",Traveler,Muyuka
2968,Figuif,"Langue parlée,Éclairage tamisé,Boisson gratuite,Conversation,Sport,Confort,Conduite souple,Espace de rangement,Navigation GPS,Animaux acceptés,Ambiance chaleureuse",Traveler,Bonanjo
2379,Bonanjo,"Langue parlée,Sièges inclinables,Ponctualité,Animaux acceptés,Silence,Ambiance chaleureuse,Éclairage tamisé,Confort,Assistance bagages",Traveler,Muyuka
955,Boutours,"Chauffeur expérimenté,Ambiance chaleureuse,Ponctualité,Espace de rangement,Conduite souple,Connectivité,Assistance bagages,Sport,Éclairage tamisé,Silence,Sièges inclinables,Langue parlée",Traveler,Kousseri
4479,Messa,"Sièges inclinables,Conduite souple,Boisson gratuite,Silence,Ambiance chaleureuse,Confort",Traveler,Gazawa
180,Yagoua,"Animaux acceptés,Chauffeur expérimenté,Boisson gratuite,Conversation,Confort",Traveler,Mbouda
1410,Garoua,"Climatisation,Cuisine,Langue parlée,Ponctualité,Sièges inclinables,Vue panoramique,Éclairage tamisé,Connectivité,Musique,Conduite souple,Confort,Wi-Fi gratuit,Navigation GPS,Conversation,Ambiance chaleureuse,Espace de rangement,Silence,Chauffeur expérimenté",Planner,Bonabéri
4041,Yaounde,"Conduite souple,Chauffeur expérimenté,Langue parlée",Planner,Garoua
3825,Garoua,"Connectivité,Chauffeur expérimenté,Navigation GPS,Confort,Sièges inclinables,Ambiance chaleureuse,Climatisation,Conduite souple,Conversation,Sport,Wi-Fi gratuit,Éclairage tamisé,Silence,Langue parlée,Musique,Espace de rangement",Traveler,Dibombari
1453,Bimbia,"Musique,Connectivité,Sièges inclinables,Vue panoramique,Boisson gratuite,Ponctualité,Climatisation,Espace de rangement,Ambiance chaleureuse,Langue parlée",Planner,Bertoua
1307,Messa,Climatisation,Planner,Fontem
4873,Loum,"Conduite souple,Espace de rangement,Ambiance chaleureuse,Wi-Fi gratuit",Planner,Buea
1068,Messa,"Ponctualité,Cuisine",Planner,Mbalmayo
1860,Bonabéri,"Sièges inclinables,Boisson gratuite,Chauffeur expérimenté,Animaux acceptés,Musique,Wi-Fi gratuit,Navigation GPS,Connectivité,Sport,Conduite souple",Traveler,Mbandjock
3653,Messa,"Assistance bagages,Musique,Navigation GPS,Sport,Conduite souple,Boisson gratuite,Éclairage tamisé,Animaux acceptés,Sièges inclinables,Conversation,Langue parlée,Silence,Vue panoramique,Chauffeur expérimenté",Traveler,Edéa
659,Fontem,"Conversation,Connectivité,Boisson gratuite,Sièges inclinables,Ambiance chaleureuse,Silence,Éclairage tamisé,Conduite souple,Musique,Navigation GPS,Langue parlée,Cuisine,Climatisation,Espace de rangement,Animaux acceptés,Confort",Planner,Mbouda
4944,Boutours,"Conversation,Animaux acceptés,Éclairage tamisé,Silence,Vue panoramique,Sport,Navigation GPS,Ponctualité,Ambiance chaleureuse,Chauffeur expérimenté",Traveler,Bonamoussadi
4711,Essos,"Cuisine,Musique,Langue parlée,Conversation,Sport,Navigation GPS,Wi-Fi gratuit,Climatisation,Ponctualité,Sièges inclinables,Connectivité,Animaux acceptés",Planner,Maroua
2528,Mbandjock,"Ambiance chaleureuse,Wi-Fi gratuit,Ponctualité,Confort,Boisson gratuite,Conduite souple,Connectivité,Vue panoramique,Silence,Espace de rangement,Langue parlée,Sport,Éclairage tamisé,Sièges inclinables,Animaux acceptés,Cuisine,Navigation GPS,Chauffeur expérimenté,Assistance bagages,Conversation,Climatisation",Planner,Mokolo
1585,Bonanjo,"Langue parlée,Silence,Assistance bagages,Espace de rangement,Sièges inclinables,Sport,Confort,Éclairage tamisé,Cuisine,Chauffeur expérimenté,Conversation,Animaux acceptés,Vue panoramique,Connectivité,Navigation GPS,Musique,Conduite souple,Climatisation",Traveler,Belo
2784,Bafoussam,"Sièges inclinables,Chauffeur expérimenté,Boisson gratuite,Navigation GPS,Climatisation,Assistance bagages,Ponctualité,Ambiance chaleureuse,Connectivité,Silence,Conduite souple,Musique,Espace de rangement,Cuisine,Conversation",Traveler,Nkongsamba
527,Gazawa,"Animaux acceptés,Silence,Musique,Boisson gratuite,Langue parlée,Conduite souple,Cuisine,Espace de rangement,Assistance bagages,Chauffeur expérimenté,Connectivité,Navigation GPS,Vue panoramique,Ambiance chaleureuse,Éclairage tamisé,Wi-Fi gratuit,Confort",Traveler,Essos
4830,Mbanga,"Cuisine,Wi-Fi gratuit,Boisson gratuite,Ambiance chaleureuse,Conduite souple,Assistance bagages,Navigation GPS,Sièges inclinables,Éclairage tamisé,Sport,Silence,Climatisation,Confort,Espace de rangement,Ponctualité,Chauffeur expérimenté,Animaux acceptés,Conversation",Traveler,Yaounde
2469,Campo,"Vue panoramique,Wi-Fi gratuit,Connectivité,Animaux acceptés,Musique,Assistance bagages,Langue parlée,Conversation,Climatisation,Confort,Chauffeur expérimenté,Cuisine,Navigation GPS,Sport,Ambiance chaleureuse,Sièges inclinables,Silence",Planner,Edéa
1736,Figuif,"Vue panoramique,Conduite souple,Connectivité,Sièges inclinables,Éclairage tamisé,Animaux acceptés,Confort,Sport,Silence,Ambiance chaleureuse,Ponctualité,Espace de rangement,Navigation GPS,Langue parlée,Assistance bagages,Cuisine,Musique",Planner,Mbanga
3917,Mbanga,"Conversation,Conduite souple,Ambiance chaleureuse,Navigation GPS,Vue panoramique,Boisson gratuite,Climatisation,Chauffeur expérimenté,Connectivité,Sport,Animaux acceptés,Assistance bagages,Sièges inclinables,Cuisine,Silence,Ponctualité,Éclairage tamisé,Musique,Espace de rangement,Confort,Langue parlée",Traveler,Mbanga
4383,Gazawa,"Chauffeur expérimenté,Boisson gratuite,Conversation,Silence,Confort,Conduite souple,Vue panoramique,Connectivité",Traveler,Bonaberi
3297,Kumba,"Climatisation,Langue parlée,Cuisine,Éclairage tamisé,Espace de rangement,Navigation GPS,Assistance bagages",Traveler,Belo
1813,Bimbia,"Silence,Langue parlée,Wi-Fi gratuit,Vue panoramique,Chauffeur expérimenté,Navigation GPS,Espace de rangement,Connectivité,Ponctualité,Ambiance chaleureuse,Assistance bagages,Éclairage tamisé",Planner,Mbandjock
4255,Buea,"Cuisine,Connectivité,Musique,Climatisation,Wi-Fi gratuit,Animaux acceptés,Conduite souple,Sièges inclinables,Conversation,Sport,Ponctualité",Traveler,Belabo
4935,Bandjoun,"Navigation GPS,Sport,Chauffeur expérimenté,Wi-Fi gratuit,Assistance bagages,Musique,Langue parlée,Conduite souple,Cuisine,Espace de rangement,Ponctualité,Boisson gratuite,Sièges inclinables,Silence,Animaux acceptés,Ambiance chaleureuse,Éclairage tamisé,Connectivité",Planner,Batibo
1408,Buea,Animaux acceptés,Traveler,Meiganga
4195,Bali,"Vue panoramique,Éclairage tamisé,Wi-Fi gratuit,Silence,Sport,Espace de rangement,Chauffeur expérimenté,Conversation,Langue parlée,Ponctualité",Planner,Mokolo
4908,Bafia,"Espace de rangement,Navigation GPS,Cuisine,Animaux acceptés,Connectivité,Boisson gratuite,Ambiance chaleureuse,Vue panoramique,Conversation,Wi-Fi gratuit,Silence,Sièges inclinables,Musique,Sport,Assistance bagages,Langue parlée,Conduite souple,Ponctualité,Éclairage tamisé",Planner,Banga Bakundu
2980,Bonabéri,"Conduite souple,Sport,Ponctualité,Boisson gratuite,Assistance bagages,Navigation GPS,Animaux acceptés,Musique,Wi-Fi gratuit,Silence,Espace de rangement,Climatisation",Traveler,Garoua
1348,Messa,"Ambiance chaleureuse,Sièges inclinables,Boisson gratuite,Cuisine,Connectivité,Animaux acceptés",Traveler,Essos
702,Meiganga,"Conversation,Animaux acceptés,Ponctualité,Conduite souple,Musique,Langue parlée,Navigation GPS,Confort,Cuisine,Sièges inclinables,Ambiance chaleureuse,Assistance bagages,Wi-Fi gratuit,Connectivité,Silence,Climatisation,Éclairage tamisé,Boisson gratuite,Vue panoramique,Espace de rangement,Chauffeur expérimenté,Sport",Traveler,Beti
2630,Bonamoussadi,"Silence,Navigation GPS,Connectivité,Vue panoramique,Confort,Espace de rangement,Animaux acceptés,Boisson gratuite,Conduite souple,Climatisation,Chauffeur expérimenté,Ponctualité,Sport,Assistance bagages,Conversation,Cuisine,Wi-Fi gratuit,Sièges inclinables,Ambiance chaleureuse,Musique",Planner,Maroua
673,Kumba,"Musique,Conduite souple,Chauffeur expérimenté,Langue parlée,Boisson gratuite,Animaux acceptés,Sièges inclinables,Ambiance chaleureuse,Vue panoramique,Silence,Climatisation,Espace de rangement,Sport,Cuisine,Confort,Navigation GPS,Éclairage tamisé,Conversation,Wi-Fi gratuit",Planner,Douala
4927,Mbalmayo,"Vue panoramique,Conversation,Langue parlée,Navigation GPS,Boisson gratuite,Éclairage tamisé",Traveler,Bonamoussadi
4908,Bafoussam,"Chauffeur expérimenté,Cuisine,Ambiance chaleureuse,Conduite souple,Ponctualité,Navigation GPS,Climatisation",Traveler,Bafang
2006,Bonamoussadi,"Boisson gratuite,Silence,Chauffeur expérimenté,Langue parlée,Sièges inclinables,Animaux acceptés,Musique,Ambiance chaleureuse,Confort,Cuisine,Sport",Planner,Beti
4065,Mutengene,"Connectivité,Éclairage tamisé,Silence,Assistance bagages,Vue panoramique,Ponctualité,Espace de rangement,Ambiance chaleureuse,Musique,Cuisine,Confort",Planner,Bali
4714,Muyuka,"Éclairage tamisé,Espace de rangement,Sport,Ponctualité,Assistance bagages,Chauffeur expérimenté,Musique,Conversation,Vue panoramique,Langue parlée,Animaux acceptés,Ambiance chaleureuse,Sièges inclinables,Conduite souple,Climatisation,Cuisine,Boisson gratuite,Connectivité,Confort,Navigation GPS,Wi-Fi gratuit",Planner,Nkongsamba
2380,Mora,"Musique,Animaux acceptés",Planner,Mora
1266,Buea,"Musique,Navigation GPS,Connectivité,Conduite souple,Climatisation,Wi-Fi gratuit,Silence,Ambiance chaleureuse,Sièges inclinables,Ponctualité,Animaux acceptés,Confort,Espace de rangement,Assistance bagages,Conversation,Boisson gratuite,Chauffeur expérimenté,Éclairage tamisé,Cuisine,Langue parlée,Vue panoramique",Traveler,Bertoua
2535,Kumba,"Boisson gratuite,Sport",Traveler,Kousseri
3764,Banga Bakundu,"Silence,Ponctualité,Chauffeur expérimenté,Climatisation",Planner,Guider
350,Loum,"Vue panoramique,Ponctualité",Traveler,Garoua
3541,Loum,"Chauffeur expérimenté,Connectivité,Conversation,Musique,Boisson gratuite,Éclairage tamisé,Animaux acceptés,Silence,Conduite souple,Ponctualité,Langue parlée,Climatisation,Confort,Sport",Traveler,Mbanga
4215,Bertoua,"Conversation,Conduite souple,Climatisation,Silence,Musique,Sièges inclinables",Traveler,Bertoua
2575,Douala,"Sièges inclinables,Silence,Musique,Conversation,Espace de rangement,Boisson gratuite,Langue parlée,Chauffeur expérimenté,Ambiance chaleureuse,Vue panoramique,Assistance bagages,Animaux acceptés,Wi-Fi gratuit,Conduite souple,Connectivité,Sport,Navigation GPS,Climatisation,Confort,Éclairage tamisé",Traveler,Dibombari
2852,Nkongsamba,"Espace de rangement,Navigation GPS,Climatisation,Cuisine,Conversation,Sièges inclinables,Animaux acceptés,Wi-Fi gratuit,Connectivité,Ponctualité,Silence,Chauffeur expérimenté,Confort",Traveler,Garoua
281,Maroua,"Musique,Sport,Boisson gratuite,Connectivité,Sièges inclinables,Silence,Vue panoramique",Traveler,Bertoua
1399,Bafang,"Navigation GPS,Ponctualité,Confort,Climatisation,Langue parlée,Sport",Traveler,Douala
586,Melong,Chauffeur expérimenté,Traveler,Bali Nyonga
3069,Nanga-Eboko,"Climatisation,Musique,Éclairage tamisé,Assistance bagages,Conduite souple,Connectivité,Confort,Sièges inclinables,Langue parlée,Silence,Wi-Fi gratuit,Ponctualité,Sport,Vue panoramique,Boisson gratuite,Conversation,Navigation GPS",Traveler,Kousseri
4914,Belabo,"Connectivité,Navigation GPS,Wi-Fi gratuit,Confort,Conduite souple,Conversation,Langue parlée,Vue panoramique,Animaux acceptés,Ambiance chaleureuse,Climatisation,Musique,Boisson gratuite,Éclairage tamisé,Sièges inclinables,Chauffeur expérimenté,Assistance bagages,Cuisine",Planner,Essos
1623,Bonanjo,"Chauffeur expérimenté,Langue parlée,Connectivité,Conduite souple,Sport,Confort,Musique,Sièges inclinables,Conversation,Vue panoramique,Animaux acceptés,Climatisation",Traveler,Yaounde
350,Figuif,"Cuisine,Sport,Musique,Climatisation,Connectivité,Boisson gratuite,Conversation,Conduite souple,Silence,Langue parlée",Traveler,Edéa
3487,Mutengene,"Conduite souple,Connectivité,Animaux acceptés,Ambiance chaleureuse,Cuisine,Confort,Boisson gratuite,Conversation,Vue panoramique",Planner,Bonaberi
1679,Bimbia,"Sièges inclinables,Cuisine,Espace de rangement,Conversation,Ponctualité,Musique,Connectivité,Navigation GPS,Sport,Silence",Planner,Mbalmayo
815,Mbandjock,"Musique,Connectivité",Planner,Buea
2786,Belabo,"Ponctualité,Silence,Confort,Animaux acceptés,Chauffeur expérimenté,Assistance bagages,Sport,Cuisine,Conduite souple,Musique,Langue parlée,Connectivité,Vue panoramique,Ambiance chaleureuse,Boisson gratuite",Traveler,Mokolo
2934,Bafang,"Navigation GPS,Chauffeur expérimenté,Assistance bagages,Connectivité,Ponctualité,Vue panoramique,Espace de rangement,Silence,Musique,Sport,Conversation,Climatisation,Animaux acceptés",Planner,Limbe
793,Mutengene,"Animaux acceptés,Climatisation,Chauffeur expérimenté,Silence,Assistance bagages,Conduite souple,Ponctualité,Connectivité,Vue panoramique,Espace de rangement,Sièges inclinables,Langue parlée,Boisson gratuite,Cuisine,Wi-Fi gratuit",Planner,Guider
183,Bertoua,"Assistance bagages,Éclairage tamisé,Connectivité,Langue parlée,Wi-Fi gratuit,Sport,Climatisation,Espace de rangement,Ambiance chaleureuse,Animaux acceptés,Navigation GPS,Confort,Conversation,Cuisine,Sièges inclinables,Silence,Vue panoramique,Ponctualité",Planner,Garoua
4512,Bali,"Conduite souple,Boisson gratuite,Chauffeur expérimenté,Langue parlée,Cuisine,Animaux acceptés,Navigation GPS,Assistance bagages,Éclairage tamisé,Sport,Silence,Conversation",Traveler,Bali Nyonga
3297,Bonamoussadi,"Vue panoramique,Éclairage tamisé",Planner,Mbandjock
4764,Bandjoun,"Navigation GPS,Conduite souple,Ambiance chaleureuse,Éclairage tamisé,Confort,Chauffeur expérimenté,Wi-Fi gratuit,Conversation,Animaux acceptés,Espace de rangement,Ponctualité,Vue panoramique,Silence,Musique",Traveler,Campo
848,Bandjoun,Navigation GPS,Planner,Mbanga
3828,Bonakouamouang,"Cuisine,Vue panoramique,Silence,Éclairage tamisé,Animaux acceptés,Sport,Connectivité,Espace de rangement,Sièges inclinables,Ambiance chaleureuse,Ponctualité,Conversation,Climatisation,Navigation GPS,Langue parlée,Chauffeur expérimenté,Confort,Assistance bagages,Wi-Fi gratuit,Boisson gratuite,Conduite souple,Musique",Planner,Kousseri
249,Bandjoun,"Assistance bagages,Conduite souple,Confort,Espace de rangement,Ponctualité,Cuisine,Chauffeur expérimenté,Wi-Fi gratuit,Langue parlée,Silence",Planner,Limbe
3487,Nkongsamba,"Vue panoramique,Chauffeur expérimenté",Traveler,Fontem
4299,Bafang,"Chauffeur expérimenté,Musique,Navigation GPS,Silence,Ponctualité,Boisson gratuite,Confort,Sport,Sièges inclinables,Assistance bagages,Conversation,Wi-Fi gratuit,Conduite souple",Traveler,Buea
247,Bamenda,"Conversation,Sièges inclinables,Navigation GPS,Boisson gratuite,Langue parlée,Vue panoramique,Musique,Animaux acceptés,Ambiance chaleureuse,Ponctualité,Wi-Fi gratuit,Chauffeur expérimenté,Climatisation,Sport",Traveler,Garoua
2317,Bertoua,"Éclairage tamisé,Conversation,Cuisine,Espace de rangement,Boisson gratuite,Connectivité,Silence,Sport,Animaux acceptés,Musique",Traveler,Gazawa
4280,Maroua,"Chauffeur expérimenté,Confort,Climatisation,Silence,Langue parlée,Conversation,Conduite souple,Espace de rangement,Ponctualité,Navigation GPS,Musique",Planner,Maroua
2872,Batibo,"Langue parlée,Navigation GPS,Climatisation,Ambiance chaleureuse,Boisson gratuite,Sport,Chauffeur expérimenté,Wi-Fi gratuit,Espace de rangement,Silence,Cuisine,Sièges inclinables,Assistance bagages,Musique,Connectivité,Conversation,Conduite souple,Confort,Ponctualité,Animaux acceptés,Éclairage tamisé,Vue panoramique",Traveler,Messa
2538,Fontem,"Musique,Sport,Ambiance chaleureuse,Silence,Chauffeur expérimenté,Vue panoramique,Ponctualité,Conduite souple,Boisson gratuite,Langue parlée,Assistance bagages,Animaux acceptés,Sièges inclinables,Conversation,Navigation GPS",Planner,Buea
1227,Beti,"Connectivité,Sport,Musique,Conversation,Wi-Fi gratuit,Climatisation,Langue parlée,Espace de rangement,Chauffeur expérimenté,Navigation GPS,Éclairage tamisé,Ponctualité,Sièges inclinables,Assistance bagages,Silence,Confort",Traveler,Bonaberi
11,Kousseri,"Ponctualité,Confort,Silence,Connectivité,Climatisation,Conversation,Ambiance chaleureuse,Vue panoramique,Cuisine,Navigation GPS,Sièges inclinables,Langue parlée,Animaux acceptés,Conduite souple,Assistance bagages,Chauffeur expérimenté,Sport,Musique,Espace de rangement",Planner,Bonabéri
3608,Mbouda,"Cuisine,Langue parlée,Ambiance chaleureuse,Boisson gratuite,Sièges inclinables,Chauffeur expérimenté,Animaux acceptés,Sport,Éclairage tamisé,Espace de rangement,Wi-Fi gratuit,Climatisation,Ponctualité,Conversation,Musique,Silence,Vue panoramique,Assistance bagages",Planner,Buea
2761,Yagoua,Langue parlée,Planner,Banga Bakundu
1870,Buea,"Vue panoramique,Ponctualité,Cuisine,Assistance bagages,Éclairage tamisé,Sport,Espace de rangement,Boisson gratuite,Silence,Ambiance chaleureuse,Connectivité,Navigation GPS,Sièges inclinables,Musique,Climatisation,Conversation,Animaux acceptés,Confort,Chauffeur expérimenté,Langue parlée,Conduite souple,Wi-Fi gratuit",Planner,Belabo
4794,Dibombari,"Connectivité,Chauffeur expérimenté,Assistance bagages,Ponctualité,Climatisation,Musique,Conversation,Boisson gratuite,Silence,Sport,Vue panoramique,Sièges inclinables,Conduite souple,Éclairage tamisé,Cuisine,Animaux acceptés,Wi-Fi gratuit,Espace de rangement",Traveler,Campo
3199,Bafang,"Sièges inclinables,Ponctualité,Vue panoramique,Connectivité,Boisson gratuite,Chauffeur expérimenté,Climatisation,Conversation,Langue parlée,Animaux acceptés,Confort,Ambiance chaleureuse,Navigation GPS,Éclairage tamisé,Sport,Silence",Planner,Mbandjock
664,Gazawa,"Cuisine,Animaux acceptés,Confort,Musique,Connectivité,Boisson gratuite,Climatisation,Chauffeur expérimenté,Vue panoramique,Ponctualité,Navigation GPS,Wi-Fi gratuit,Assistance bagages,Ambiance chaleureuse,Sport,Éclairage tamisé",Planner,Bali
1566,Campo,"Conduite souple,Navigation GPS",Traveler,Kumba
3202,Kribi,"Animaux acceptés,Connectivité,Boisson gratuite,Conversation,Navigation GPS,Assistance bagages,Ponctualité,Climatisation,Ambiance chaleureuse,Wi-Fi gratuit,Conduite souple,Espace de rangement,Sport,Cuisine,Éclairage tamisé",Traveler,Mbouda
2949,Bertoua,"Ponctualité,Éclairage tamisé,Langue parlée,Wi-Fi gratuit",Planner,Guider
4531,Belo,"Assistance bagages,Langue parlée,Wi-Fi gratuit,Vue panoramique,Boisson gratuite,Musique,Espace de rangement,Ponctualité,Confort,Conversation,Animaux acceptés,Climatisation,Navigation GPS,Chauffeur expérimenté,Cuisine,Sièges inclinables,Connectivité",Planner,Bonaberi
3192,Bonanjo,Navigation GPS,Planner,Meiganga
2812,Mokolo,"Climatisation,Boisson gratuite,Confort,Chauffeur expérimenté,Wi-Fi gratuit,Langue parlée,Ambiance chaleureuse,Animaux acceptés,Connectivité,Espace de rangement,Conduite souple,Ponctualité,Silence",Traveler,Kribi
2877,Bertoua,"Boisson gratuite,Conversation,Éclairage tamisé,Climatisation,Confort",Traveler,Bonabéri
959,Bogo,"Conduite souple,Boisson gratuite,Langue parlée,Espace de rangement",Planner,Mbanga
3971,Dibombari,"Éclairage tamisé,Conduite souple,Ponctualité,Langue parlée,Sièges inclinables,Cuisine,Chauffeur expérimenté,Wi-Fi gratuit,Boisson gratuite,Assistance bagages,Ambiance chaleureuse,Silence,Connectivité,Climatisation,Confort,Vue panoramique,Conversation,Musique,Animaux acceptés,Navigation GPS",Planner,Batibo
3992,Kousseri,"Boisson gratuite,Langue parlée,Conduite souple,Wi-Fi gratuit,Chauffeur expérimenté,Animaux acceptés,Conversation,Connectivité,Ponctualité,Assistance bagages,Espace de rangement,Navigation GPS,Silence,Sport,Sièges inclinables,Vue panoramique,Éclairage tamisé,Musique",Traveler,Kribi
3329,Nanga-Eboko,"Ponctualité,Animaux acceptés,Assistance bagages,Wi-Fi gratuit,Conduite souple,Climatisation,Conversation,Espace de rangement,Cuisine,Confort,Sport,Connectivité,Silence,Sièges inclinables,Navigation GPS,Ambiance chaleureuse,Boisson gratuite,Musique,Éclairage tamisé,Chauffeur expérimenté,Vue panoramique,Langue parlée",Traveler,Mbanga
3813,Melong,"Langue parlée,Ambiance chaleureuse,Espace de rangement,Assistance bagages,Navigation GPS,Chauffeur expérimenté,Sport,Silence",Planner,Kousseri
3641,Beti,"Sport,Confort,Silence,Animaux acceptés,Conversation,Navigation GPS,Chauffeur expérimenté,Assistance bagages,Langue parlée,Sièges inclinables,Vue panoramique,Conduite souple,Cuisine,Éclairage tamisé,Musique,Ponctualité,Wi-Fi gratuit,Connectivité,Boisson gratuite,Climatisation",Traveler,Loum
4595,Bonamoussadi,"Espace de rangement,Éclairage tamisé,Animaux acceptés,Connectivité,Confort,Ambiance chaleureuse,Conduite souple,Silence",Traveler,Bimbia
8,Mbandjock,"Assistance bagages,Cuisine,Chauffeur expérimenté,Ambiance chaleureuse,Sièges inclinables,Espace de rangement,Conversation,Musique,Climatisation,Ponctualité,Silence,Wi-Fi gratuit,Connectivité,Conduite souple,Éclairage tamisé,Navigation GPS,Vue panoramique,Sport,Animaux acceptés,Langue parlée,Boisson gratuite,Confort",Traveler,Bimbia
3375,Kribi,"Vue panoramique,Assistance bagages,Musique,Ambiance chaleureuse,Confort,Cuisine,Langue parlée,Boisson gratuite,Éclairage tamisé,Connectivité,Chauffeur expérimenté,Sport,Animaux acceptés,Conversation,Ponctualité,Conduite souple,Espace de rangement",Traveler,Bonabéri
4594,Campo,"Conduite souple,Assistance bagages,Conversation,Connectivité,Navigation GPS,Climatisation,Ambiance chaleureuse,Sièges inclinables,Cuisine,Boisson gratuite,Chauffeur expérimenté,Langue parlée,Musique,Ponctualité,Animaux acceptés,Silence,Vue panoramique,Confort,Sport,Wi-Fi gratuit",Planner,Beti
3841,Muyuka,"Conduite souple,Navigation GPS,Chauffeur expérimenté",Planner,Bamenda
4791,Bonanjo,"Assistance bagages,Vue panoramique,Wi-Fi gratuit,Ponctualité,Musique,Espace de rangement",Planner,Mbalmayo
1874,Bandjoun,"Conversation,Espace de rangement,Vue panoramique,Éclairage tamisé,Climatisation,Connectivité,Confort,Boisson gratuite,Ponctualité,Sport,Conduite souple,Assistance bagages,Wi-Fi gratuit,Ambiance chaleureuse,Animaux acceptés,Cuisine,Silence,Navigation GPS",Planner,Dibombari
3313,Limbe,"Assistance bagages,Ponctualité,Cuisine,Vue panoramique,Climatisation,Boisson gratuite,Langue parlée,Conversation,Chauffeur expérimenté,Musique,Navigation GPS,Ambiance chaleureuse,Espace de rangement,Conduite souple",Planner,Bonaberi
4655,Buea,Ambiance chaleureuse,Planner,Bogo
536,Belabo,"Éclairage tamisé,Sport,Climatisation,Boisson gratuite,Silence,Ponctualité,Assistance bagages,Conduite souple,Sièges inclinables,Vue panoramique,Wi-Fi gratuit,Musique,Conversation,Connectivité,Chauffeur expérimenté,Espace de rangement,Ambiance chaleureuse,Langue parlée,Confort,Navigation GPS",Planner,Muyuka
1302,Limbe,"Conduite souple,Sièges inclinables,Chauffeur expérimenté,Confort,Vue panoramique,Navigation GPS,Sport,Ponctualité,Connectivité",Planner,Loum
4709,Kousseri,"Conduite souple,Navigation GPS,Confort,Espace de rangement",Planner,Fontem
731,Messa,"Boisson gratuite,Connectivité,Animaux acceptés,Conduite souple,Espace de rangement,Climatisation,Éclairage tamisé,Cuisine,Langue parlée",Traveler,Nanga-Eboko
3285,Figuif,"Musique,Ambiance chaleureuse",Traveler,Mbouda
1420,Campo,"Ambiance chaleureuse,Confort,Assistance bagages,Navigation GPS,Climatisation,Silence,Sport,Connectivité,Musique,Cuisine,Chauffeur expérimenté,Espace de rangement,Animaux acceptés,Conduite souple,Boisson gratuite",Traveler,Fontem
1802,Bonaberi,"Espace de rangement,Confort,Conduite souple,Chauffeur expérimenté,Langue parlée",Traveler,Bafoussam
4240,Guider,"Assistance bagages,Éclairage tamisé,Musique,Climatisation,Vue panoramique,Wi-Fi gratuit",Traveler,Mutengene
4192,Melong,"Wi-Fi gratuit,Conversation,Connectivité,Langue parlée,Confort,Espace de rangement,Navigation GPS,Musique,Ambiance chaleureuse,Ponctualité,Climatisation,Sport,Boisson gratuite,Chauffeur expérimenté,Assistance bagages,Vue panoramique,Animaux acceptés",Traveler,Mbanga
2526,Meiganga,"Climatisation,Éclairage tamisé,Confort,Espace de rangement,Connectivité,Cuisine",Traveler,Belo
334,Dibombari,"Assistance bagages,Cuisine,Conversation,Animaux acceptés,Éclairage tamisé,Ponctualité,Silence,Langue parlée,Ambiance chaleureuse,Climatisation,Vue panoramique,Wi-Fi gratuit,Sièges inclinables,Navigation GPS,Conduite souple,Boisson gratuite,Connectivité,Musique,Sport,Chauffeur expérimenté,Confort,Espace de rangement",Planner,Kumba
2243,Douala,"Animaux acceptés,Musique,Assistance bagages,Confort,Silence,Boisson gratuite,Éclairage tamisé,Espace de rangement",Planner,Boutours
2297,Belo,"Boisson gratuite,Sport,Musique,Cuisine,Silence,Climatisation,Confort,Navigation GPS,Espace de rangement,Ponctualité,Éclairage tamisé",Traveler,Fontem
3729,Mbanga,Éclairage tamisé,Traveler,Beti
2572,Bafia,"Musique,Animaux acceptés,Conduite souple,Boisson gratuite,Éclairage tamisé,Navigation GPS,Espace de rangement,Ponctualité,Chauffeur expérimenté,Climatisation,Sport,Langue parlée,Vue panoramique,Conversation",Planner,Bonamoussadi
3094,Limbe,"Connectivité,Assistance bagages,Confort,Ambiance chaleureuse,Chauffeur expérimenté,Musique,Éclairage tamisé,Animaux acceptés,Sport,Navigation GPS,Wi-Fi gratuit,Climatisation,Cuisine,Espace de rangement,Conduite souple,Langue parlée,Silence",Planner,Bogo
243,Gazawa,"Conversation,Vue panoramique,Espace de rangement,Navigation GPS,Éclairage tamisé,Chauffeur expérimenté,Confort,Animaux acceptés,Ponctualité,Cuisine,Wi-Fi gratuit,Sièges inclinables,Climatisation,Boisson gratuite,Silence,Langue parlée,Assistance bagages,Ambiance chaleureuse,Musique,Connectivité,Sport,Conduite souple",Traveler,Kumba
4496,Bali Nyonga,"Navigation GPS,Ponctualité,Climatisation,Espace de rangement,Silence,Vue panoramique,Ambiance chaleureuse,Confort,Animaux acceptés,Musique,Langue parlée,Sport,Chauffeur expérimenté,Conduite souple,Boisson gratuite,Sièges inclinables,Cuisine,Wi-Fi gratuit,Conversation,Assistance bagages",Planner,Bonabéri
1875,Kousseri,"Animaux acceptés,Musique,Navigation GPS,Sièges inclinables,Conduite souple,Ponctualité,Langue parlée,Wi-Fi gratuit,Silence",Planner,Mbandjock
532,Yagoua,"Conversation,Musique,Animaux acceptés,Navigation GPS,Espace de rangement,Ponctualité,Conduite souple,Sièges inclinables,Boisson gratuite,Cuisine,Assistance bagages,Chauffeur expérimenté,Éclairage tamisé,Ambiance chaleureuse,Langue parlée,Wi-Fi gratuit,Climatisation,Confort,Connectivité,Sport,Vue panoramique",Planner,Muyuka
1181,Kumba,"Wi-Fi gratuit,Sièges inclinables,Navigation GPS,Boisson gratuite,Musique,Langue parlée,Vue panoramique,Ponctualité,Espace de rangement,Connectivité,Confort,Climatisation,Silence",Planner,Bafang
3791,Muyuka,"Vue panoramique,Espace de rangement",Planner,Beti
4895,Bali Nyonga,"Confort,Assistance bagages,Chauffeur expérimenté",Traveler,Edéa
1275,Yaounde,"Éclairage tamisé,Ambiance chaleureuse,Sport,Cuisine,Chauffeur expérimenté,Musique",Planner,Meiganga
58,Messa,"Assistance bagages,Wi-Fi gratuit,Langue parlée,Connectivité,Espace de rangement,Climatisation,Cuisine,Éclairage tamisé,Chauffeur expérimenté,Ponctualité,Silence,Conversation,Sport",Traveler,Mbanga
2297,Loum,"Assistance bagages,Vue panoramique,Conduite souple",Traveler,Bonaberi
3551,Bonaberi,"Ambiance chaleureuse,Conduite souple,Langue parlée,Climatisation,Chauffeur expérimenté,Connectivité,Conversation,Boisson gratuite,Animaux acceptés,Cuisine,Ponctualité,Vue panoramique,Assistance bagages",Traveler,Banga Bakundu
2287,Mbalmayo,"Assistance bagages,Ponctualité,Cuisine,Conduite souple,Espace de rangement,Animaux acceptés",Traveler,Garoua
4464,Bertoua,Sièges inclinables,Traveler,Bertoua
4840,Fontem,"Wi-Fi gratuit,Sièges inclinables,Musique,Silence,Navigation GPS,Ponctualité,Vue panoramique,Conversation,Éclairage tamisé,Chauffeur expérimenté,Climatisation,Langue parlée,Boisson gratuite,Connectivité,Assistance bagages,Confort",Traveler,Kribi
290,Bonamoussadi,"Assistance bagages,Navigation GPS,Conversation,Espace de rangement,Chauffeur expérimenté,Vue panoramique,Animaux acceptés,Silence,Sport,Ambiance chaleureuse,Boisson gratuite,Wi-Fi gratuit,Connectivité,Cuisine,Éclairage tamisé,Confort,Ponctualité,Sièges inclinables,Conduite souple",Planner,Messa
3004,Mutengene,"Ambiance chaleureuse,Ponctualité,Conversation,Silence,Langue parlée,Musique,Connectivité,Vue panoramique",Traveler,Loum
4780,Bonabéri,"Wi-Fi gratuit,Boisson gratuite,Sièges inclinables,Chauffeur expérimenté,Langue parlée,Espace de rangement",Planner,Bafia
2757,Meiganga,"Silence,Conduite souple,Connectivité,Conversation,Éclairage tamisé,Climatisation,Sport,Assistance bagages,Ponctualité,Espace de rangement,Cuisine,Boisson gratuite,Langue parlée",Planner,Banga Bakundu
2195,Dibombari,"Éclairage tamisé,Silence,Langue parlée,Sport,Climatisation,Boisson gratuite,Conduite souple,Navigation GPS,Ambiance chaleureuse,Vue panoramique,Wi-Fi gratuit,Conversation,Connectivité,Confort,Animaux acceptés,Assistance bagages,Chauffeur expérimenté,Sièges inclinables,Ponctualité,Cuisine,Musique,Espace de rangement",Traveler,Loum
780,Kousseri,"Silence,Ponctualité,Assistance bagages,Animaux acceptés,Conversation,Boisson gratuite,Climatisation",Traveler,Bonanjo
4305,Loum,"Éclairage tamisé,Animaux acceptés,Boisson gratuite,Ambiance chaleureuse,Cuisine,Navigation GPS,Wi-Fi gratuit,Connectivité,Silence,Conversation,Assistance bagages,Sport,Vue panoramique,Confort",Traveler,Kousseri
10,Meiganga,"Silence,Langue parlée,Conversation,Conduite souple",Planner,Edéa
3177,Batibo,"Boisson gratuite,Navigation GPS,Langue parlée,Cuisine,Musique,Animaux acceptés,Ambiance chaleureuse,Sport,Wi-Fi gratuit,Éclairage tamisé,Sièges inclinables,Chauffeur expérimenté,Conduite souple,Silence",Traveler,Bafia
2477,Kousseri,"Climatisation,Chauffeur expérimenté,Ambiance chaleureuse",Traveler,Bali
2474,Buea,"Sièges inclinables,Ponctualité,Vue panoramique,Éclairage tamisé,Connectivité,Cuisine,Espace de rangement,Ambiance chaleureuse",Planner,Douala
1277,Mbandjock,"Ambiance chaleureuse,Connectivité,Cuisine,Wi-Fi gratuit,Animaux acceptés,Vue panoramique,Sièges inclinables,Conduite souple,Éclairage tamisé,Boisson gratuite",Traveler,Bali
895,Melong,"Cuisine,Boisson gratuite,Assistance bagages,Espace de rangement,Climatisation,Silence,Langue parlée,Ambiance chaleureuse,Confort,Vue panoramique,Ponctualité,Navigation GPS,Conduite souple,Wi-Fi gratuit,Connectivité,Animaux acceptés,Sièges inclinables,Chauffeur expérimenté",Traveler,Belo
1652,Bandjoun,"Animaux acceptés,Chauffeur expérimenté,Cuisine,Conversation,Connectivité,Vue panoramique,Conduite souple,Climatisation,Assistance bagages",Planner,Bonabéri
4599,Mbanga,Langue parlée,Traveler,Nkongsamba
108,Belabo,"Confort,Wi-Fi gratuit,Boisson gratuite",Planner,Nanga-Eboko
1133,Mbalmayo,"Vue panoramique,Ponctualité,Langue parlée,Climatisation,Connectivité",Traveler,Garoua
4858,Maroua,"Espace de rangement,Animaux acceptés,Vue panoramique,Assistance bagages,Sièges inclinables,Musique,Silence,Éclairage tamisé,Navigation GPS,Conversation,Sport,Cuisine,Ambiance chaleureuse,Langue parlée,Chauffeur expérimenté,Ponctualité,Connectivité,Wi-Fi gratuit",Planner,Garoua
3068,Mbanga,"Assistance bagages,Animaux acceptés,Chauffeur expérimenté,Langue parlée,Ponctualité,Sièges inclinables,Espace de rangement,Sport,Climatisation,Silence,Conversation,Wi-Fi gratuit,Connectivité,Vue panoramique,Navigation GPS",Traveler,Bandjoun
2807,Boutours,"Navigation GPS,Espace de rangement,Langue parlée,Animaux acceptés,Sport,Éclairage tamisé",Traveler,Bonaberi
4348,Limbe,"Climatisation,Musique",Planner,Mutengene
2695,Campo,"Navigation GPS,Connectivité,Ponctualité,Sièges inclinables,Climatisation,Cuisine,Confort",Traveler,Maroua
3380,Bali,"Cuisine,Chauffeur expérimenté,Musique,Conduite souple",Traveler,Kumba
2481,Mbanga,"Animaux acceptés,Assistance bagages,Ambiance chaleureuse,Conduite souple,Ponctualité,Vue panoramique,Musique,Espace de rangement,Boisson gratuite,Wi-Fi gratuit,Éclairage tamisé,Sièges inclinables,Langue parlée,Silence,Climatisation,Connectivité",Traveler,Melong
2212,Nkongsamba,"Conversation,Cuisine,Vue panoramique,Assistance bagages,Wi-Fi gratuit,Chauffeur expérimenté,Navigation GPS,Musique,Ponctualité,Confort,Sièges inclinables,Boisson gratuite,Conduite souple,Sport,Espace de rangement,Éclairage tamisé,Ambiance chaleureuse,Connectivité,Climatisation,Langue parlée,Silence",Planner,Bafoussam
2942,Dibombari,"Navigation GPS,Connectivité,Confort,Silence,Conduite souple,Langue parlée,Musique,Assistance bagages,Ambiance chaleureuse,Vue panoramique,Chauffeur expérimenté,Conversation,Wi-Fi gratuit,Ponctualité,Espace de rangement,Sièges inclinables,Climatisation,Éclairage tamisé,Animaux acceptés,Cuisine,Sport",Planner,Campo
2750,Banga Bakundu,"Connectivité,Vue panoramique,Sport,Musique,Chauffeur expérimenté,Conversation,Navigation GPS,Langue parlée,Confort,Assistance bagages,Animaux acceptés,Éclairage tamisé,Boisson gratuite,Wi-Fi gratuit,Cuisine,Conduite souple,Sièges inclinables,Espace de rangement,Ambiance chaleureuse,Ponctualité,Climatisation,Silence",Planner,Campo
794,Kribi,"Espace de rangement,Conduite souple,Vue panoramique,Ponctualité,Cuisine,Climatisation,Chauffeur expérimenté,Assistance bagages,Connectivité,Silence,Sièges inclinables",Planner,Essos
707,Gazawa,"Silence,Éclairage tamisé,Navigation GPS,Espace de rangement,Ambiance chaleureuse,Sport,Confort,Animaux acceptés,Conduite souple,Climatisation,Ponctualité",Traveler,Bali Nyonga
2988,Bonabéri,"Cuisine,Sièges inclinables,Vue panoramique,Espace de rangement,Chauffeur expérimenté,Conduite souple",Traveler,Loum
381,Mbouda,"Chauffeur expérimenté,Musique,Espace de rangement",Traveler,Batibo
1068,Mbanga,"Assistance bagages,Musique,Navigation GPS,Ambiance chaleureuse,Conduite souple,Silence,Éclairage tamisé,Wi-Fi gratuit,Ponctualité,Climatisation,Sport,Boisson gratuite,Animaux acceptés,Sièges inclinables,Chauffeur expérimenté,Langue parlée,Vue panoramique",Traveler,Garoua
3960,Yagoua,"Cuisine,Wi-Fi gratuit,Ambiance chaleureuse,Silence,Conduite souple,Sport,Connectivité,Chauffeur expérimenté",Traveler,Nanga-Eboko
748,Dibombari,"Langue parlée,Ambiance chaleureuse,Boisson gratuite,Chauffeur expérimenté",Traveler,Campo
928,Belo,"Navigation GPS,Cuisine,Ponctualité,Sièges inclinables,Confort,Ambiance chaleureuse,Boisson gratuite,Éclairage tamisé,Langue parlée,Assistance bagages,Climatisation,Silence,Sport,Espace de rangement,Conversation,Connectivité,Conduite souple",Traveler,Bafoussam
3075,Messa,"Ambiance chaleureuse,Silence,Animaux acceptés,Assistance bagages,Boisson gratuite,Sport,Éclairage tamisé,Vue panoramique,Cuisine,Confort,Navigation GPS,Conversation,Espace de rangement,Wi-Fi gratuit,Chauffeur expérimenté,Connectivité,Sièges inclinables,Langue parlée,Climatisation,Musique,Ponctualité",Planner,Loum
2442,Yaounde,"Climatisation,Musique,Cuisine,Langue parlée,Sport,Confort,Sièges inclinables,Ambiance chaleureuse",Planner,Essos
3830,Limbe,"Connectivité,Éclairage tamisé,Climatisation,Vue panoramique,Musique",Planner,Bonaberi
4715,Maroua,Conversation,Traveler,Loum
2704,Mutengene,"Sièges inclinables,Navigation GPS,Ambiance chaleureuse,Éclairage tamisé,Silence,Climatisation,Espace de rangement,Animaux acceptés,Ponctualité,Sport,Chauffeur expérimenté,Conduite souple,Langue parlée",Planner,Bogo
651,Buea,"Connectivité,Conduite souple,Climatisation,Sport,Navigation GPS,Conversation,Langue parlée,Chauffeur expérimenté,Assistance bagages,Boisson gratuite,Wi-Fi gratuit,Vue panoramique,Silence,Musique,Espace de rangement,Cuisine,Sièges inclinables,Ponctualité,Éclairage tamisé,Animaux acceptés,Ambiance chaleureuse",Traveler,Bali
1376,Figuif,"Chauffeur expérimenté,Climatisation,Animaux acceptés,Espace de rangement,Conversation,Musique,Confort,Langue parlée,Éclairage tamisé,Wi-Fi gratuit,Navigation GPS,Ponctualité",Planner,Loum
3570,Kousseri,"Climatisation,Chauffeur expérimenté,Espace de rangement,Confort,Wi-Fi gratuit,Silence,Cuisine,Ambiance chaleureuse,Navigation GPS,Boisson gratuite,Sièges inclinables",Planner,Bogo
379,Batibo,"Cuisine,Ponctualité,Chauffeur expérimenté,Ambiance chaleureuse,Espace de rangement,Silence,Navigation GPS,Confort,Éclairage tamisé,Climatisation,Vue panoramique,Boisson gratuite,Animaux acceptés,Sièges inclinables,Musique,Langue parlée,Conduite souple,Sport,Wi-Fi gratuit,Connectivité,Conversation",Traveler,Bafia
1812,Guider,"Wi-Fi gratuit,Climatisation,Langue parlée",Planner,Bali Nyonga
3040,Dibombari,"Silence,Boisson gratuite,Sport,Vue panoramique,Navigation GPS,Confort,Wi-Fi gratuit,Musique,Éclairage tamisé,Langue parlée,Cuisine,Sièges inclinables,Conduite souple,Conversation,Climatisation,Assistance bagages,Ambiance chaleureuse,Espace de rangement,Animaux acceptés",Planner,Bonabéri
4651,Bonanjo,"Vue panoramique,Musique,Wi-Fi gratuit,Boisson gratuite,Assistance bagages,Silence,Espace de rangement,Connectivité,Langue parlée,Cuisine,Conversation,Navigation GPS,Ponctualité,Sport",Planner,Garoua
4830,Bonanjo,"Animaux acceptés,Sport,Silence,Climatisation,Cuisine,Navigation GPS,Confort,Wi-Fi gratuit,Éclairage tamisé,Boisson gratuite,Langue parlée,Sièges inclinables",Planner,Banga Bakundu
23,Fontem,"Wi-Fi gratuit,Animaux acceptés,Langue parlée,Conversation,Confort,Silence,Espace de rangement,Navigation GPS,Connectivité,Conduite souple,Sport,Cuisine",Traveler,Mutengene
4401,Boutours,"Animaux acceptés,Navigation GPS,Wi-Fi gratuit,Climatisation,Ponctualité,Vue panoramique,Ambiance chaleureuse,Espace de rangement,Connectivité,Confort,Conduite souple,Langue parlée,Silence,Cuisine,Sport,Assistance bagages,Sièges inclinables,Musique,Éclairage tamisé,Boisson gratuite,Chauffeur expérimenté",Traveler,Limbe
3566,Bonamoussadi,"Chauffeur expérimenté,Confort,Conduite souple,Ambiance chaleureuse,Wi-Fi gratuit,Sport,Sièges inclinables,Assistance bagages,Climatisation,Silence,Animaux acceptés,Boisson gratuite,Conversation,Éclairage tamisé,Musique,Vue panoramique,Langue parlée,Connectivité,Ponctualité,Navigation GPS,Espace de rangement",Planner,Buea
4518,Dibombari,"Sport,Conversation,Sièges inclinables,Musique,Boisson gratuite,Navigation GPS,Éclairage tamisé,Animaux acceptés,Climatisation",Traveler,Nanga-Eboko
4646,Bali,"Chauffeur expérimenté,Ambiance chaleureuse,Musique,Ponctualité,Connectivité,Conversation,Conduite souple,Boisson gratuite",Planner,Mutengene
3352,Bonabéri,"Conversation,Assistance bagages,Conduite souple,Ponctualité,Confort,Cuisine,Wi-Fi gratuit,Espace de rangement,Musique,Connectivité,Éclairage tamisé,Sport,Climatisation,Chauffeur expérimenté,Langue parlée",Planner,Meiganga
2071,Mbouda,"Chauffeur expérimenté,Vue panoramique,Animaux acceptés,Ambiance chaleureuse",Planner,Mbouda
2125,Banga Bakundu,"Chauffeur expérimenté,Navigation GPS,Animaux acceptés,Ambiance chaleureuse",Traveler,Bogo
4423,Essos,"Wi-Fi gratuit,Chauffeur expérimenté,Cuisine,Sport,Assistance bagages",Traveler,Banga Bakundu
286,Meiganga,"Ambiance chaleureuse,Connectivité,Sport,Wi-Fi gratuit,Langue parlée,Silence,Ponctualité,Boisson gratuite,Climatisation,Conduite souple,Chauffeur expérimenté,Espace de rangement,Confort,Navigation GPS",Traveler,Bandjoun
1134,Bali,"Chauffeur expérimenté,Silence,Confort,Connectivité,Conduite souple,Espace de rangement,Langue parlée,Animaux acceptés,Vue panoramique,Climatisation,Navigation GPS,Assistance bagages",Traveler,Figuif
3986,Melong,"Ambiance chaleureuse,Animaux acceptés,Connectivité",Planner,Belo
223,Kribi,"Ponctualité,Connectivité,Musique,Navigation GPS,Langue parlée,Wi-Fi gratuit,Ambiance chaleureuse,Sport,Assistance bagages,Climatisation,Espace de rangement,Sièges inclinables,Animaux acceptés,Vue panoramique,Confort,Boisson gratuite,Silence,Éclairage tamisé",Planner,Bertoua
555,Essos,"Wi-Fi gratuit,Musique,Sièges inclinables,Conduite souple,Silence,Animaux acceptés,Langue parlée,Climatisation,Vue panoramique,Conversation,Ponctualité,Connectivité,Confort,Cuisine",Planner,Bafoussam
4287,Essos,"Conversation,Éclairage tamisé",Traveler,Bafia
2133,Mutengene,"Assistance bagages,Éclairage tamisé,Sport,Connectivité,Climatisation,Conversation,Boisson gratuite",Planner,Edéa
4994,Nanga-Eboko,"Boisson gratuite,Chauffeur expérimenté,Musique,Wi-Fi gratuit,Ponctualité,Vue panoramique,Assistance bagages,Conversation,Espace de rangement,Langue parlée,Animaux acceptés,Navigation GPS,Connectivité,Conduite souple",Planner,Guider
3489,Mbanga,"Cuisine,Ponctualité,Conduite souple,Langue parlée,Animaux acceptés,Sport,Wi-Fi gratuit",Planner,Bimbia
3244,Belabo,"Chauffeur expérimenté,Assistance bagages,Boisson gratuite,Langue parlée,Silence,Cuisine,Vue panoramique,Navigation GPS,Espace de rangement,Éclairage tamisé",Planner,Guider
1298,Yaounde,"Silence,Sport,Connectivité,Confort,Langue parlée,Boisson gratuite,Vue panoramique,Cuisine,Éclairage tamisé",Traveler,Bonakouamouang
2689,Yaounde,"Sièges inclinables,Sport,Ambiance chaleureuse,Langue parlée,Cuisine,Conduite souple,Silence,Vue panoramique,Confort,Espace de rangement,Climatisation,Musique,Éclairage tamisé,Boisson gratuite,Navigation GPS,Wi-Fi gratuit,Chauffeur expérimenté",Traveler,Melong
251,Bertoua,"Conversation,Conduite souple,Chauffeur expérimenté,Boisson gratuite,Éclairage tamisé,Animaux acceptés,Cuisine,Espace de rangement,Langue parlée,Confort,Musique",Planner,Bertoua
3643,Campo,"Conversation,Sport,Cuisine",Planner,Mbandjock
287,Buea,"Sièges inclinables,Navigation GPS,Connectivité,Assistance bagages,Musique,Animaux acceptés,Conversation,Chauffeur expérimenté,Conduite souple,Confort,Cuisine,Sport",Planner,Bali
2107,Dibombari,"Sièges inclinables,Silence,Boisson gratuite,Climatisation,Wi-Fi gratuit,Éclairage tamisé",Traveler,Bali Nyonga
4227,Beti,"Conversation,Chauffeur expérimenté,Conduite souple,Navigation GPS,Climatisation,Éclairage tamisé,Sport,Wi-Fi gratuit,Confort,Assistance bagages,Silence,Ambiance chaleureuse,Connectivité,Animaux acceptés,Boisson gratuite",Planner,Nkongsamba
4014,Beti,"Climatisation,Langue parlée,Cuisine,Chauffeur expérimenté,Boisson gratuite,Espace de rangement,Ambiance chaleureuse",Planner,Bimbia
162,Buea,"Ambiance chaleureuse,Silence,Confort,Conversation,Vue panoramique,Boisson gratuite,Wi-Fi gratuit,Navigation GPS,Langue parlée,Connectivité,Assistance bagages,Musique,Animaux acceptés,Sport,Espace de rangement,Chauffeur expérimenté",Traveler,Fontem
1242,Kribi,"Navigation GPS,Vue panoramique,Animaux acceptés,Climatisation,Confort,Boisson gratuite",Planner,Yaounde
3457,Bonanjo,"Éclairage tamisé,Conversation,Sport,Wi-Fi gratuit,Silence,Connectivité,Sièges inclinables,Ponctualité,Navigation GPS,Ambiance chaleureuse",Planner,Douala
3587,Yaounde,"Langue parlée,Assistance bagages,Connectivité,Animaux acceptés,Sport,Ponctualité,Navigation GPS,Climatisation,Chauffeur expérimenté,Conduite souple,Ambiance chaleureuse,Confort,Cuisine,Vue panoramique,Musique,Wi-Fi gratuit,Silence,Espace de rangement,Boisson gratuite,Conversation,Sièges inclinables",Planner,Bafang
543,Essos,"Musique,Conduite souple,Silence,Cuisine,Climatisation,Assistance bagages,Navigation GPS,Boisson gratuite,Vue panoramique,Confort,Sport,Espace de rangement,Éclairage tamisé,Langue parlée,Wi-Fi gratuit,Ambiance chaleureuse,Ponctualité,Conversation,Sièges inclinables,Chauffeur expérimenté,Animaux acceptés,Connectivité",Traveler,Muyuka
3519,Kousseri,"Boisson gratuite,Assistance bagages,Conduite souple,Climatisation,Silence,Cuisine,Espace de rangement,Sport,Éclairage tamisé,Chauffeur expérimenté,Sièges inclinables,Confort",Traveler,Melong
1510,Mbanga,"Climatisation,Cuisine,Assistance bagages,Conduite souple,Navigation GPS,Confort,Connectivité,Wi-Fi gratuit,Sièges inclinables,Animaux acceptés,Vue panoramique,Sport,Langue parlée,Ambiance chaleureuse,Espace de rangement,Boisson gratuite",Planner,Yaounde
339,Bandjoun,"Navigation GPS,Langue parlée,Wi-Fi gratuit,Conduite souple,Sport,Climatisation,Espace de rangement,Conversation,Sièges inclinables,Confort,Chauffeur expérimenté,Silence,Boisson gratuite",Planner,Limbe
23,Figuif,"Éclairage tamisé,Connectivité,Langue parlée,Ponctualité,Silence,Espace de rangement,Chauffeur expérimenté,Animaux acceptés,Vue panoramique",Traveler,Bafoussam
1303,Nkongsamba,"Climatisation,Conduite souple,Vue panoramique,Wi-Fi gratuit,Sport,Connectivité,Navigation GPS,Ambiance chaleureuse,Boisson gratuite,Silence,Musique,Cuisine,Éclairage tamisé,Langue parlée,Espace de rangement,Chauffeur expérimenté,Sièges inclinables,Assistance bagages,Ponctualité",Traveler,Bonanjo
4654,Bertoua,"Musique,Navigation GPS,Ponctualité,Conversation,Ambiance chaleureuse,Assistance bagages,Cuisine,Sport,Espace de rangement,Vue panoramique,Chauffeur expérimenté,Conduite souple,Silence,Langue parlée,Climatisation,Wi-Fi gratuit",Planner,Beti
1304,Belo,"Cuisine,Navigation GPS,Ponctualité,Espace de rangement,Langue parlée,Conversation,Animaux acceptés",Traveler,Bonaberi
992,Bafia,"Ambiance chaleureuse,Sport,Musique,Climatisation,Cuisine,Sièges inclinables,Ponctualité,Confort",Traveler,Messa
1713,Bali Nyonga,"Cuisine,Conduite souple,Animaux acceptés,Ponctualité,Vue panoramique,Navigation GPS,Chauffeur expérimenté,Confort,Assistance bagages,Silence,Éclairage tamisé,Wi-Fi gratuit,Langue parlée,Sport,Connectivité,Musique",Planner,Loum
4581,Bandjoun,"Vue panoramique,Chauffeur expérimenté,Ponctualité,Climatisation,Langue parlée,Cuisine,Boisson gratuite,Wi-Fi gratuit,Animaux acceptés,Éclairage tamisé",Planner,Mbalmayo
990,Bogo,"Animaux acceptés,Connectivité,Espace de rangement,Conversation,Ambiance chaleureuse,Climatisation,Cuisine,Navigation GPS,Silence,Ponctualité,Conduite souple,Éclairage tamisé,Vue panoramique,Assistance bagages",Traveler,Bonamoussadi
482,Bafang,"Climatisation,Navigation GPS,Langue parlée,Espace de rangement,Ponctualité,Conduite souple,Animaux acceptés,Musique,Boisson gratuite,Conversation,Connectivité,Sport,Silence,Wi-Fi gratuit,Sièges inclinables,Vue panoramique,Confort,Ambiance chaleureuse,Cuisine",Planner,Dibombari
484,Fontem,"Boisson gratuite,Sport,Sièges inclinables,Ponctualité,Cuisine,Musique,Climatisation,Éclairage tamisé,Chauffeur expérimenté,Connectivité,Vue panoramique",Traveler,Essos
1648,Bamenda,"Conversation,Conduite souple,Climatisation,Éclairage tamisé",Traveler,Beti
2742,Bandjoun,"Confort,Boisson gratuite,Assistance bagages,Sport,Conversation,Espace de rangement,Musique,Éclairage tamisé,Conduite souple,Animaux acceptés,Wi-Fi gratuit",Traveler,Garoua
4918,Guider,"Chauffeur expérimenté,Vue panoramique,Espace de rangement,Sport,Ambiance chaleureuse,Conduite souple,Connectivité,Boisson gratuite,Climatisation",Planner,Buea
2684,Mbanga,"Chauffeur expérimenté,Conversation,Climatisation,Animaux acceptés,Confort,Sport,Silence,Ponctualité,Sièges inclinables,Connectivité,Navigation GPS,Musique,Wi-Fi gratuit,Langue parlée,Assistance bagages,Ambiance chaleureuse,Cuisine,Boisson gratuite,Vue panoramique,Espace de rangement",Planner,Buea
1910,Belo,"Ambiance chaleureuse,Boisson gratuite,Animaux acceptés,Musique,Sport",Planner,Edéa
2830,Mbalmayo,"Espace de rangement,Climatisation,Sièges inclinables,Navigation GPS,Cuisine,Silence,Ponctualité,Vue panoramique",Planner,Bonaberi
3511,Campo,"Cuisine,Conduite souple,Confort,Sièges inclinables,Ambiance chaleureuse,Chauffeur expérimenté,Wi-Fi gratuit,Musique,Langue parlée,Vue panoramique,Assistance bagages,Éclairage tamisé,Espace de rangement",Planner,Bonamoussadi
3701,Mbandjock,"Conversation,Boisson gratuite,Cuisine,Climatisation",Planner,Muyuka
4910,Belo,"Musique,Animaux acceptés,Ponctualité,Boisson gratuite,Navigation GPS,Assistance bagages,Cuisine,Vue panoramique,Langue parlée,Sièges inclinables,Sport,Éclairage tamisé,Conversation,Confort,Wi-Fi gratuit,Chauffeur expérimenté,Espace de rangement,Silence,Ambiance chaleureuse,Connectivité,Conduite souple,Climatisation",Traveler,Kribi
2603,Bertoua,Conduite souple,Planner,Mbouda
1858,Essos,"Connectivité,Sport,Wi-Fi gratuit",Planner,Campo
744,Nkongsamba,"Vue panoramique,Connectivité,Climatisation,Confort,Ambiance chaleureuse,Cuisine,Assistance bagages,Wi-Fi gratuit,Conduite souple,Silence,Boisson gratuite,Éclairage tamisé,Musique,Langue parlée,Animaux acceptés,Espace de rangement,Sport,Conversation,Sièges inclinables,Navigation GPS,Ponctualité",Planner,Edéa
873,Mbandjock,"Conversation,Confort,Chauffeur expérimenté,Connectivité",Traveler,Limbe
268,Campo,"Ponctualité,Langue parlée,Connectivité,Conversation,Vue panoramique,Sièges inclinables,Animaux acceptés,Espace de rangement,Ambiance chaleureuse,Silence,Cuisine,Chauffeur expérimenté,Assistance bagages,Confort,Climatisation,Éclairage tamisé,Musique,Conduite souple",Traveler,Buea
2380,Beti,"Sièges inclinables,Silence,Cuisine,Wi-Fi gratuit,Ponctualité,Chauffeur expérimenté,Assistance bagages,Espace de rangement,Animaux acceptés,Navigation GPS,Connectivité,Vue panoramique,Boisson gratuite,Langue parlée",Traveler,Bafoussam
2017,Belabo,"Espace de rangement,Cuisine,Climatisation,Wi-Fi gratuit,Ponctualité,Langue parlée,Musique,Conduite souple,Confort,Chauffeur expérimenté,Boisson gratuite,Ambiance chaleureuse,Assistance bagages,Silence,Sièges inclinables,Sport,Éclairage tamisé",Traveler,Edéa
1902,Loum,"Espace de rangement,Conversation,Navigation GPS,Cuisine,Confort,Connectivité,Assistance bagages,Conduite souple,Climatisation,Langue parlée,Vue panoramique,Ponctualité,Musique",Traveler,Gazawa
1318,Mutengene,"Espace de rangement,Connectivité,Climatisation,Musique,Wi-Fi gratuit,Sport,Navigation GPS,Langue parlée,Éclairage tamisé,Conversation,Confort,Animaux acceptés",Planner,Loum
639,Figuif,"Silence,Confort,Espace de rangement,Chauffeur expérimenté,Langue parlée,Conduite souple,Ambiance chaleureuse,Vue panoramique,Animaux acceptés,Sport,Cuisine",Traveler,Belo
2628,Messa,"Wi-Fi gratuit,Navigation GPS,Assistance bagages,Espace de rangement,Sièges inclinables,Confort,Connectivité,Vue panoramique,Musique,Chauffeur expérimenté,Cuisine,Boisson gratuite,Sport,Climatisation",Planner,Campo
2425,Bafang,"Ponctualité,Éclairage tamisé,Espace de rangement,Wi-Fi gratuit,Boisson gratuite,Chauffeur expérimenté,Sièges inclinables",Traveler,Nkongsamba
2487,Buea,"Navigation GPS,Assistance bagages,Ponctualité,Conduite souple,Confort,Wi-Fi gratuit,Sport,Musique,Climatisation,Cuisine,Langue parlée,Animaux acceptés,Ambiance chaleureuse,Espace de rangement,Conversation,Connectivité",Planner,Kousseri
2305,Belabo,"Ponctualité,Boisson gratuite,Sièges inclinables,Animaux acceptés,Conduite souple,Wi-Fi gratuit,Conversation,Espace de rangement,Cuisine,Confort,Navigation GPS,Chauffeur expérimenté,Sport,Climatisation,Assistance bagages,Silence,Éclairage tamisé,Ambiance chaleureuse,Connectivité,Vue panoramique",Traveler,Figuif
3286,Messa,"Sièges inclinables,Musique,Navigation GPS,Animaux acceptés",Planner,Kribi
444,Bafia,"Espace de rangement,Sièges inclinables,Éclairage tamisé,Silence,Animaux acceptés,Musique,Sport,Conduite souple,Conversation,Boisson gratuite,Assistance bagages,Confort,Chauffeur expérimenté",Traveler,Bafoussam
3800,Mutengene,"Climatisation,Chauffeur expérimenté,Langue parlée,Éclairage tamisé,Confort,Conversation,Espace de rangement,Navigation GPS,Animaux acceptés,Boisson gratuite,Assistance bagages",Planner,Mbouda
3802,Buea,"Connectivité,Sport,Boisson gratuite,Conversation,Vue panoramique",Planner,Bali
3114,Bonaberi,"Ambiance chaleureuse,Ponctualité,Boisson gratuite,Langue parlée,Sport,Éclairage tamisé,Sièges inclinables,Silence,Conduite souple,Climatisation,Navigation GPS,Connectivité,Vue panoramique,Animaux acceptés,Cuisine,Espace de rangement,Assistance bagages",Traveler,Loum
1398,Mokolo,Wi-Fi gratuit,Traveler,Mokolo
398,Douala,"Ponctualité,Conduite souple,Espace de rangement,Sport,Animaux acceptés,Climatisation,Chauffeur expérimenté,Navigation GPS,Musique,Éclairage tamisé",Traveler,Fontem
3203,Loum,"Conduite souple,Sport,Ponctualité,Connectivité,Sièges inclinables,Silence,Animaux acceptés,Langue parlée,Vue panoramique,Boisson gratuite,Wi-Fi gratuit,Climatisation,Confort,Conversation,Espace de rangement,Assistance bagages,Cuisine,Chauffeur expérimenté,Musique,Ambiance chaleureuse,Éclairage tamisé,Navigation GPS",Traveler,Maroua
2509,Mora,"Vue panoramique,Sport,Sièges inclinables,Boisson gratuite,Conduite souple,Cuisine,Éclairage tamisé,Animaux acceptés,Musique,Connectivité,Navigation GPS,Assistance bagages,Chauffeur expérimenté",Traveler,Dibombari
1132,Limbe,"Ambiance chaleureuse,Boisson gratuite,Musique,Espace de rangement,Navigation GPS,Sièges inclinables,Confort,Vue panoramique,Assistance bagages,Silence",Planner,Nanga-Eboko
1399,Limbe,"Climatisation,Ponctualité,Ambiance chaleureuse",Planner,Edéa
2491,Nanga-Eboko,"Confort,Silence,Espace de rangement,Boisson gratuite,Climatisation,Vue panoramique,Navigation GPS,Langue parlée,Connectivité,Wi-Fi gratuit,Chauffeur expérimenté",Traveler,Nkongsamba
2299,Mbandjock,"Silence,Cuisine,Animaux acceptés,Ponctualité,Climatisation,Confort,Wi-Fi gratuit,Navigation GPS,Assistance bagages,Connectivité,Espace de rangement,Langue parlée,Ambiance chaleureuse,Sièges inclinables,Chauffeur expérimenté,Éclairage tamisé,Conversation,Sport",Traveler,Mbalmayo
1188,Batibo,"Espace de rangement,Musique,Boisson gratuite,Wi-Fi gratuit",Planner,Belabo
706,Buea,"Silence,Éclairage tamisé,Animaux acceptés,Ambiance chaleureuse,Boisson gratuite,Connectivité,Climatisation,Cuisine,Confort,Ponctualité,Conduite souple,Conversation,Chauffeur expérimenté",Traveler,Mutengene
2298,Edéa,"Climatisation,Silence,Conversation,Ambiance chaleureuse,Conduite souple,Connectivité,Langue parlée,Ponctualité,Sport,Vue panoramique,Confort,Wi-Fi gratuit",Traveler,Gazawa
3023,Bandjoun,"Animaux acceptés,Connectivité,Confort,Climatisation,Éclairage tamisé,Sièges inclinables,Sport,Silence,Conduite souple,Vue panoramique,Langue parlée,Ponctualité,Conversation,Assistance bagages",Planner,Mokolo
1334,Bali Nyonga,"Conduite souple,Connectivité,Vue panoramique,Boisson gratuite,Éclairage tamisé,Silence,Confort,Musique,Sièges inclinables,Conversation",Planner,Loum
3080,Bandjoun,"Silence,Langue parlée,Animaux acceptés,Éclairage tamisé,Sièges inclinables,Conversation,Espace de rangement,Assistance bagages,Navigation GPS,Conduite souple,Climatisation,Connectivité,Vue panoramique,Ambiance chaleureuse,Chauffeur expérimenté,Wi-Fi gratuit,Ponctualité,Boisson gratuite,Confort,Musique,Cuisine",Traveler,Banga Bakundu
1871,Mutengene,"Wi-Fi gratuit,Sport,Animaux acceptés,Navigation GPS,Vue panoramique,Musique,Ambiance chaleureuse,Cuisine,Chauffeur expérimenté,Conduite souple,Éclairage tamisé,Connectivité,Silence,Conversation,Ponctualité",Traveler,Beti
3393,Bonanjo,"Espace de rangement,Wi-Fi gratuit,Chauffeur expérimenté,Vue panoramique,Navigation GPS,Ambiance chaleureuse,Conduite souple,Langue parlée,Confort,Conversation,Éclairage tamisé,Assistance bagages,Cuisine,Ponctualité,Sport",Traveler,Buea
3905,Mbalmayo,"Animaux acceptés,Assistance bagages,Connectivité,Conduite souple,Musique,Chauffeur expérimenté,Conversation,Boisson gratuite,Ponctualité,Vue panoramique,Silence,Cuisine,Navigation GPS",Planner,Meiganga
4464,Guider,"Langue parlée,Ambiance chaleureuse,Confort,Connectivité,Assistance bagages,Sport,Vue panoramique,Chauffeur expérimenté,Boisson gratuite,Ponctualité,Éclairage tamisé,Cuisine,Musique,Wi-Fi gratuit,Silence,Conversation,Navigation GPS,Conduite souple",Traveler,Kribi
4670,Buea,"Ambiance chaleureuse,Animaux acceptés,Chauffeur expérimenté,Sièges inclinables,Éclairage tamisé,Confort,Langue parlée,Cuisine,Musique,Navigation GPS,Ponctualité,Vue panoramique,Climatisation,Assistance bagages,Conversation,Conduite souple",Traveler,Bafoussam
2730,Yagoua,"Espace de rangement,Cuisine,Éclairage tamisé,Conduite souple,Vue panoramique,Silence,Sièges inclinables,Ambiance chaleureuse,Climatisation",Traveler,Guider
2820,Campo,"Animaux acceptés,Musique,Sport,Chauffeur expérimenté,Ambiance chaleureuse,Assistance bagages,Connectivité,Boisson gratuite,Navigation GPS,Espace de rangement,Conduite souple,Vue panoramique,Wi-Fi gratuit,Conversation,Silence,Éclairage tamisé,Langue parlée,Climatisation,Sièges inclinables,Cuisine",Planner,Bonanjo
245,Bonakouamouang,"Ponctualité,Silence,Confort",Traveler,Mbanga
573,Banga Bakundu,"Langue parlée,Animaux acceptés",Traveler,Loum
2182,Messa,"Boisson gratuite,Conversation,Vue panoramique,Silence,Chauffeur expérimenté,Sièges inclinables,Climatisation,Conduite souple,Assistance bagages,Espace de rangement,Confort,Ambiance chaleureuse,Langue parlée,Sport,Navigation GPS,Wi-Fi gratuit,Ponctualité,Éclairage tamisé,Animaux acceptés,Connectivité,Cuisine,Musique",Planner,Fontem
1084,Kousseri,"Sièges inclinables,Animaux acceptés,Assistance bagages,Navigation GPS,Conversation,Langue parlée,Musique,Climatisation,Ponctualité,Conduite souple,Silence",Planner,Bali
3614,Bafoussam,"Conduite souple,Silence,Connectivité,Langue parlée,Musique,Vue panoramique,Cuisine,Espace de rangement,Assistance bagages,Chauffeur expérimenté,Sièges inclinables,Sport,Boisson gratuite,Animaux acceptés,Navigation GPS,Confort,Climatisation,Wi-Fi gratuit,Ambiance chaleureuse,Conversation,Éclairage tamisé,Ponctualité",Traveler,Mokolo
2192,Kousseri,"Langue parlée,Wi-Fi gratuit,Éclairage tamisé,Sport",Planner,Mutengene
4751,Nanga-Eboko,"Ambiance chaleureuse,Vue panoramique,Animaux acceptés,Conduite souple,Navigation GPS,Silence,Éclairage tamisé",Planner,Nkongsamba
1213,Banga Bakundu,"Vue panoramique,Cuisine,Sport",Planner,Kousseri
2341,Mutengene,"Conversation,Ambiance chaleureuse,Sièges inclinables,Chauffeur expérimenté,Langue parlée,Climatisation,Cuisine,Vue panoramique,Espace de rangement,Sport,Musique,Assistance bagages",Planner,Bimbia
2717,Limbe,"Ponctualité,Chauffeur expérimenté,Sport,Connectivité,Musique,Assistance bagages,Éclairage tamisé,Conduite souple,Langue parlée,Conversation,Sièges inclinables,Ambiance chaleureuse,Animaux acceptés",Planner,Bali Nyonga
3258,Bimbia,"Langue parlée,Silence,Musique,Boisson gratuite,Ponctualité,Conduite souple,Navigation GPS,Espace de rangement,Éclairage tamisé,Sport,Cuisine,Connectivité,Confort,Chauffeur expérimenté,Ambiance chaleureuse,Sièges inclinables,Wi-Fi gratuit,Vue panoramique,Climatisation,Assistance bagages",Traveler,Mbouda
3726,Kousseri,"Conversation,Conduite souple,Silence,Sport,Vue panoramique,Éclairage tamisé,Cuisine,Animaux acceptés,Boisson gratuite,Confort,Ponctualité,Climatisation,Chauffeur expérimenté,Wi-Fi gratuit,Navigation GPS,Langue parlée,Espace de rangement,Sièges inclinables,Ambiance chaleureuse,Assistance bagages,Connectivité,Musique",Traveler,Belo
2987,Garoua,"Wi-Fi gratuit,Confort,Éclairage tamisé,Assistance bagages,Boisson gratuite,Sport,Conversation,Espace de rangement,Conduite souple,Navigation GPS,Musique,Ponctualité,Ambiance chaleureuse,Chauffeur expérimenté,Animaux acceptés,Connectivité",Traveler,Nanga-Eboko
330,Bonakouamouang,"Sièges inclinables,Chauffeur expérimenté,Confort,Espace de rangement,Conversation,Sport,Langue parlée,Vue panoramique,Cuisine,Animaux acceptés,Ponctualité,Climatisation,Assistance bagages,Éclairage tamisé,Navigation GPS,Silence,Conduite souple,Musique,Ambiance chaleureuse",Planner,Campo
2769,Bandjoun,Sport,Planner,Muyuka
2713,Banga Bakundu,"Éclairage tamisé,Ponctualité,Navigation GPS,Assistance bagages,Boisson gratuite,Cuisine",Planner,Boutours
3173,Bamenda,"Espace de rangement,Chauffeur expérimenté",Planner,Nanga-Eboko
182,Messa,"Climatisation,Conduite souple,Confort,Langue parlée,Chauffeur expérimenté,Navigation GPS,Sièges inclinables,Silence,Boisson gratuite,Conversation,Assistance bagages,Wi-Fi gratuit,Cuisine",Traveler,Bonanjo
2954,Meiganga,"Climatisation,Sport,Confort",Planner,Mbanga
2387,Bertoua,"Climatisation,Ambiance chaleureuse,Langue parlée,Éclairage tamisé,Animaux acceptés,Conduite souple,Navigation GPS",Traveler,Limbe
230,Bafang,"Vue panoramique,Animaux acceptés,Assistance bagages,Navigation GPS,Sport,Ponctualité,Chauffeur expérimenté,Cuisine,Wi-Fi gratuit,Sièges inclinables,Confort,Conduite souple,Langue parlée,Espace de rangement,Climatisation,Éclairage tamisé,Silence,Connectivité",Traveler,Batibo
3315,Garoua,"Conversation,Connectivité,Sièges inclinables,Chauffeur expérimenté,Boisson gratuite,Cuisine,Wi-Fi gratuit,Climatisation",Traveler,Kribi
3676,Bali Nyonga,"Sièges inclinables,Ponctualité,Langue parlée,Connectivité",Planner,Kumba
4168,Bogo,"Cuisine,Langue parlée,Musique,Vue panoramique",Traveler,Mutengene
3067,Mbanga,"Climatisation,Cuisine,Ambiance chaleureuse,Chauffeur expérimenté,Langue parlée,Connectivité,Animaux acceptés,Sièges inclinables,Espace de rangement,Conduite souple,Wi-Fi gratuit,Assistance bagages,Éclairage tamisé,Vue panoramique,Ponctualité,Sport",Planner,Boutours
189,Loum,"Éclairage tamisé,Ponctualité,Conversation,Vue panoramique,Langue parlée,Chauffeur expérimenté,Silence,Animaux acceptés,Musique,Conduite souple,Sièges inclinables,Sport,Wi-Fi gratuit,Ambiance chaleureuse",Traveler,Nkongsamba
152,Banga Bakundu,"Animaux acceptés,Éclairage tamisé,Conversation",Traveler,Kousseri
1045,Bafang,"Espace de rangement,Cuisine",Traveler,Bertoua
2135,Mora,"Chauffeur expérimenté,Connectivité,Assistance bagages,Boisson gratuite,Vue panoramique,Langue parlée,Musique,Cuisine,Ambiance chaleureuse,Éclairage tamisé,Silence,Climatisation,Sport,Conduite souple,Animaux acceptés,Ponctualité,Wi-Fi gratuit,Espace de rangement,Navigation GPS,Sièges inclinables",Traveler,Buea
907,Nkongsamba,"Conversation,Navigation GPS,Silence,Sièges inclinables,Éclairage tamisé,Ambiance chaleureuse,Cuisine,Confort,Boisson gratuite,Vue panoramique,Musique,Langue parlée,Chauffeur expérimenté,Climatisation,Ponctualité,Sport,Wi-Fi gratuit",Traveler,Boutours
579,Mora,"Ponctualité,Vue panoramique,Navigation GPS,Musique",Traveler,Batibo
100,Buea,"Ponctualité,Silence,Éclairage tamisé,Sièges inclinables,Climatisation,Wi-Fi gratuit,Connectivité,Boisson gratuite,Langue parlée,Cuisine,Ambiance chaleureuse",Traveler,Gazawa
4507,Figuif,Cuisine,Traveler,Bonabéri
3867,Edéa,"Sport,Confort,Ponctualité,Boisson gratuite,Conduite souple,Conversation,Chauffeur expérimenté,Climatisation,Cuisine,Sièges inclinables",Planner,Bogo
3774,Mbanga,"Assistance bagages,Conversation,Ponctualité,Climatisation,Wi-Fi gratuit,Conduite souple,Sport,Vue panoramique,Cuisine,Musique,Animaux acceptés,Chauffeur expérimenté,Boisson gratuite,Navigation GPS,Ambiance chaleureuse,Éclairage tamisé,Connectivité,Confort,Silence,Espace de rangement,Langue parlée",Planner,Bafia
3240,Mbanga,"Éclairage tamisé,Boisson gratuite,Connectivité,Silence,Assistance bagages,Langue parlée,Chauffeur expérimenté,Animaux acceptés,Musique,Vue panoramique,Sport,Sièges inclinables,Cuisine,Navigation GPS,Wi-Fi gratuit,Ponctualité,Espace de rangement,Ambiance chaleureuse,Conversation",Traveler,Bimbia
4149,Maroua,"Chauffeur expérimenté,Animaux acceptés,Assistance bagages,Navigation GPS,Connectivité,Vue panoramique,Musique,Sièges inclinables,Wi-Fi gratuit,Silence,Éclairage tamisé,Ambiance chaleureuse,Langue parlée,Conduite souple,Confort,Boisson gratuite",Traveler,Loum
3656,Essos,"Vue panoramique,Chauffeur expérimenté,Assistance bagages,Langue parlée,Boisson gratuite,Confort,Sport,Sièges inclinables",Planner,Bafoussam
397,Limbe,"Sport,Vue panoramique,Musique,Confort,Silence,Connectivité,Langue parlée,Éclairage tamisé,Cuisine,Navigation GPS,Ambiance chaleureuse,Sièges inclinables,Chauffeur expérimenté,Boisson gratuite,Animaux acceptés",Planner,Muyuka
3796,Muyuka,"Espace de rangement,Langue parlée,Ponctualité,Sport,Conversation,Vue panoramique,Sièges inclinables,Conduite souple,Cuisine,Silence,Éclairage tamisé,Animaux acceptés,Chauffeur expérimenté,Confort",Planner,Bafia
444,Bonabéri,"Ambiance chaleureuse,Confort,Animaux acceptés,Ponctualité,Sport,Boisson gratuite,Conduite souple,Conversation,Connectivité,Musique,Navigation GPS,Climatisation,Vue panoramique,Assistance bagages,Langue parlée,Espace de rangement",Traveler,Bertoua
2337,Bali,"Wi-Fi gratuit,Sièges inclinables,Animaux acceptés,Musique,Boisson gratuite,Sport,Assistance bagages,Silence,Confort",Traveler,Kribi
1393,Bimbia,"Ponctualité,Silence,Wi-Fi gratuit,Navigation GPS,Chauffeur expérimenté,Connectivité,Éclairage tamisé,Boisson gratuite,Ambiance chaleureuse,Confort,Musique,Animaux acceptés,Sièges inclinables,Espace de rangement,Langue parlée,Conversation,Cuisine,Sport,Conduite souple,Climatisation,Vue panoramique,Assistance bagages",Traveler,Gazawa
2914,Mbalmayo,"Animaux acceptés,Ponctualité,Connectivité,Assistance bagages,Sport,Conversation,Silence,Boisson gratuite,Ambiance chaleureuse,Conduite souple,Espace de rangement,Éclairage tamisé,Climatisation",Traveler,Mbandjock
2005,Bonamoussadi,"Langue parlée,Chauffeur expérimenté,Éclairage tamisé,Boisson gratuite,Conversation,Ambiance chaleureuse,Confort,Climatisation,Conduite souple,Connectivité,Ponctualité,Sport,Animaux acceptés,Sièges inclinables,Silence,Vue panoramique,Wi-Fi gratuit,Cuisine,Navigation GPS,Assistance bagages,Musique,Espace de rangement",Traveler,Bafia
3712,Fontem,"Assistance bagages,Silence,Éclairage tamisé,Chauffeur expérimenté,Ambiance chaleureuse,Vue panoramique,Navigation GPS,Wi-Fi gratuit,Sport,Boisson gratuite,Confort,Sièges inclinables,Climatisation,Cuisine,Ponctualité,Langue parlée,Connectivité,Musique,Conversation,Conduite souple,Espace de rangement,Animaux acceptés",Planner,Mbanga
137,Campo,"Ambiance chaleureuse,Conduite souple,Éclairage tamisé,Conversation,Cuisine,Navigation GPS,Musique,Sport,Langue parlée,Sièges inclinables,Espace de rangement,Vue panoramique,Assistance bagages,Confort,Silence,Chauffeur expérimenté,Connectivité",Planner,Bogo
1869,Limbe,"Vue panoramique,Ambiance chaleureuse,Musique,Confort,Ponctualité,Wi-Fi gratuit,Espace de rangement,Éclairage tamisé,Conversation,Sport,Langue parlée,Cuisine,Chauffeur expérimenté,Assistance bagages,Climatisation,Sièges inclinables,Conduite souple,Connectivité,Silence,Navigation GPS,Animaux acceptés,Boisson gratuite",Traveler,Messa
752,Bali Nyonga,"Ambiance chaleureuse,Confort,Sièges inclinables,Chauffeur expérimenté,Boisson gratuite,Assistance bagages,Connectivité,Animaux acceptés,Climatisation,Conversation,Espace de rangement,Cuisine,Navigation GPS",Planner,Bonamoussadi
4939,Batibo,"Boisson gratuite,Sport,Connectivité,Silence,Cuisine,Sièges inclinables,Langue parlée,Assistance bagages,Vue panoramique",Planner,Yaounde
563,Bogo,"Boisson gratuite,Assistance bagages,Connectivité,Wi-Fi gratuit,Animaux acceptés,Conversation,Sport,Langue parlée,Ambiance chaleureuse,Vue panoramique,Cuisine,Confort,Climatisation,Sièges inclinables,Éclairage tamisé,Navigation GPS,Chauffeur expérimenté,Ponctualité,Conduite souple,Musique",Traveler,Nanga-Eboko
4033,Garoua,"Confort,Boisson gratuite,Chauffeur expérimenté,Conduite souple,Vue panoramique",Planner,Buea
2288,Banga Bakundu,"Assistance bagages,Conduite souple,Vue panoramique,Langue parlée,Éclairage tamisé,Navigation GPS,Ponctualité,Conversation",Planner,Nkongsamba
3438,Meiganga,"Sièges inclinables,Langue parlée,Musique,Chauffeur expérimenté,Conversation,Navigation GPS,Conduite souple,Silence,Assistance bagages,Sport,Éclairage tamisé,Ponctualité,Cuisine,Vue panoramique,Ambiance chaleureuse,Espace de rangement,Animaux acceptés,Wi-Fi gratuit,Connectivité",Planner,Bafoussam
165,Kousseri,"Wi-Fi gratuit,Connectivité,Musique,Éclairage tamisé,Langue parlée,Conversation,Navigation GPS,Sièges inclinables,Chauffeur expérimenté,Animaux acceptés,Vue panoramique,Conduite souple,Assistance bagages,Ambiance chaleureuse,Espace de rangement,Confort,Sport,Silence",Traveler,Bali Nyonga
2676,Dibombari,"Langue parlée,Chauffeur expérimenté,Navigation GPS,Assistance bagages,Éclairage tamisé,Confort,Connectivité,Boisson gratuite,Vue panoramique,Espace de rangement,Animaux acceptés,Silence,Sport,Musique,Ponctualité,Ambiance chaleureuse,Conduite souple,Climatisation,Conversation,Sièges inclinables,Cuisine,Wi-Fi gratuit",Traveler,Yagoua
3809,Buea,"Éclairage tamisé,Conversation,Musique,Vue panoramique,Chauffeur expérimenté,Espace de rangement,Langue parlée,Cuisine,Connectivité,Animaux acceptés,Climatisation,Silence,Sièges inclinables,Ambiance chaleureuse,Sport,Conduite souple,Boisson gratuite,Assistance bagages",Planner,Mutengene
3678,Kousseri,"Ponctualité,Conversation,Navigation GPS,Ambiance chaleureuse,Chauffeur expérimenté,Musique,Silence,Éclairage tamisé,Confort,Assistance bagages,Langue parlée,Wi-Fi gratuit,Connectivité",Planner,Bertoua
33,Kumba,"Assistance bagages,Climatisation,Boisson gratuite,Navigation GPS,Vue panoramique,Langue parlée,Espace de rangement,Connectivité,Musique,Éclairage tamisé,Chauffeur expérimenté,Wi-Fi gratuit,Conversation,Confort,Ponctualité",Planner,Fontem
216,Kumba,"Boisson gratuite,Ambiance chaleureuse,Confort,Langue parlée,Cuisine,Sport",Planner,Bertoua
314,Yaounde,"Connectivité,Espace de rangement,Chauffeur expérimenté,Assistance bagages,Confort,Navigation GPS,Ponctualité,Conduite souple,Éclairage tamisé,Climatisation,Cuisine,Musique,Vue panoramique",Traveler,Mbanga
4437,Maroua,"Ambiance chaleureuse,Connectivité,Navigation GPS",Traveler,Gazawa
1422,Buea,"Wi-Fi gratuit,Conduite souple,Silence,Ponctualité,Éclairage tamisé,Navigation GPS,Vue panoramique,Animaux acceptés,Ambiance chaleureuse,Connectivité,Chauffeur expérimenté,Confort,Assistance bagages,Langue parlée,Conversation,Espace de rangement,Sport,Musique",Planner,Mbouda
4497,Bonaberi,"Assistance bagages,Animaux acceptés,Ponctualité,Vue panoramique,Boisson gratuite,Wi-Fi gratuit,Langue parlée,Ambiance chaleureuse,Silence,Conduite souple,Musique,Espace de rangement,Chauffeur expérimenté",Planner,Bali
952,Buea,"Chauffeur expérimenté,Musique,Assistance bagages,Cuisine,Ambiance chaleureuse,Climatisation",Planner,Limbe
3591,Limbe,"Sport,Animaux acceptés,Conduite souple,Vue panoramique,Chauffeur expérimenté",Traveler,Bonamoussadi
2705,Kribi,"Chauffeur expérimenté,Navigation GPS,Musique,Connectivité,Climatisation,Assistance bagages,Silence",Traveler,Buea
4056,Fontem,"Conversation,Silence,Navigation GPS,Chauffeur expérimenté,Sport",Planner,Dibombari
477,Essos,Assistance bagages,Planner,Belabo
2214,Kumba,"Cuisine,Wi-Fi gratuit,Animaux acceptés,Silence,Boisson gratuite,Climatisation,Chauffeur expérimenté,Navigation GPS,Conduite souple,Connectivité,Confort,Musique,Langue parlée,Sièges inclinables,Éclairage tamisé",Traveler,Fontem
2434,Nkongsamba,"Ambiance chaleureuse,Boisson gratuite,Espace de rangement,Langue parlée,Wi-Fi gratuit,Sport,Silence,Musique,Sièges inclinables,Confort,Conversation,Climatisation,Ponctualité,Éclairage tamisé,Connectivité,Navigation GPS,Animaux acceptés,Cuisine,Conduite souple,Vue panoramique,Chauffeur expérimenté,Assistance bagages",Planner,Nkongsamba
728,Bafoussam,"Navigation GPS,Silence,Langue parlée,Boisson gratuite,Climatisation,Confort,Animaux acceptés,Vue panoramique,Assistance bagages,Sport,Conversation,Ambiance chaleureuse,Conduite souple,Chauffeur expérimenté,Cuisine,Éclairage tamisé,Musique,Espace de rangement,Connectivité,Wi-Fi gratuit,Sièges inclinables,Ponctualité",Planner,Loum
3204,Figuif,"Silence,Animaux acceptés",Planner,Bali Nyonga
4319,Edéa,"Conduite souple,Ponctualité,Vue panoramique,Confort,Connectivité",Planner,Kumba
3960,Belo,"Confort,Animaux acceptés,Connectivité,Chauffeur expérimenté,Conversation,Climatisation,Sièges inclinables,Langue parlée,Cuisine,Musique,Navigation GPS,Silence,Conduite souple,Assistance bagages,Wi-Fi gratuit,Sport,Éclairage tamisé,Vue panoramique,Espace de rangement",Traveler,Buea
3941,Beti,"Conversation,Vue panoramique,Animaux acceptés,Assistance bagages,Chauffeur expérimenté,Ponctualité,Climatisation,Ambiance chaleureuse,Sièges inclinables,Confort,Sport,Navigation GPS,Wi-Fi gratuit,Langue parlée,Conduite souple,Éclairage tamisé",Traveler,Mbalmayo
3053,Bonabéri,"Sport,Silence,Conduite souple,Vue panoramique,Cuisine,Ponctualité,Animaux acceptés,Connectivité",Planner,Kribi
2763,Bali,"Climatisation,Ponctualité,Conversation,Assistance bagages,Cuisine",Traveler,Batibo
3659,Bertoua,"Sport,Animaux acceptés,Confort,Ambiance chaleureuse,Silence",Planner,Mbandjock
1158,Bertoua,"Sièges inclinables,Chauffeur expérimenté,Silence,Boisson gratuite,Connectivité,Assistance bagages,Sport,Ponctualité,Conversation,Navigation GPS,Animaux acceptés,Confort,Ambiance chaleureuse,Musique,Espace de rangement,Cuisine,Langue parlée,Éclairage tamisé,Vue panoramique,Climatisation,Wi-Fi gratuit",Traveler,Kumba
3780,Garoua,"Langue parlée,Boisson gratuite,Assistance bagages,Silence,Sport,Confort,Wi-Fi gratuit,Éclairage tamisé,Sièges inclinables,Vue panoramique,Conversation,Conduite souple,Musique,Espace de rangement,Ponctualité,Chauffeur expérimenté,Animaux acceptés,Navigation GPS,Cuisine",Planner,Belabo
4589,Mbouda,"Climatisation,Wi-Fi gratuit,Conduite souple",Traveler,Kribi
282,Gazawa,"Éclairage tamisé,Espace de rangement,Connectivité,Confort,Conversation,Boisson gratuite,Climatisation,Cuisine,Sport,Sièges inclinables,Animaux acceptés",Planner,Bamenda
4170,Bafang,"Animaux acceptés,Ponctualité,Confort",Planner,Batibo
3290,Gazawa,"Ponctualité,Vue panoramique,Éclairage tamisé,Silence,Espace de rangement,Boisson gratuite,Connectivité",Planner,Nanga-Eboko
4838,Fontem,"Assistance bagages,Vue panoramique,Chauffeur expérimenté,Navigation GPS,Ambiance chaleureuse,Musique,Espace de rangement,Ponctualité,Conduite souple,Climatisation,Connectivité,Langue parlée,Sport,Confort,Conversation,Silence,Animaux acceptés,Boisson gratuite,Cuisine,Éclairage tamisé,Sièges inclinables,Wi-Fi gratuit",Traveler,Essos
4667,Figuif,"Langue parlée,Boisson gratuite,Éclairage tamisé,Ambiance chaleureuse,Confort,Navigation GPS,Chauffeur expérimenté,Conversation,Climatisation,Sièges inclinables,Assistance bagages,Cuisine,Espace de rangement,Musique,Ponctualité,Silence,Conduite souple",Traveler,Belo
4681,Fontem,"Silence,Conduite souple,Wi-Fi gratuit,Animaux acceptés,Ponctualité,Langue parlée,Musique,Sport,Conversation,Ambiance chaleureuse,Chauffeur expérimenté,Espace de rangement",Planner,Garoua
37,Edéa,"Climatisation,Espace de rangement,Ponctualité,Boisson gratuite,Assistance bagages,Sport,Langue parlée,Chauffeur expérimenté,Wi-Fi gratuit,Sièges inclinables,Vue panoramique,Musique,Conduite souple,Confort,Ambiance chaleureuse,Silence,Éclairage tamisé,Conversation,Animaux acceptés",Traveler,Yaounde
4461,Limbe,"Conversation,Confort,Cuisine,Navigation GPS,Silence,Musique,Ambiance chaleureuse,Ponctualité,Sièges inclinables,Sport,Climatisation,Espace de rangement,Vue panoramique,Conduite souple,Assistance bagages,Connectivité,Boisson gratuite,Chauffeur expérimenté,Wi-Fi gratuit,Éclairage tamisé",Planner,Campo
2278,Bali Nyonga,"Chauffeur expérimenté,Éclairage tamisé,Ambiance chaleureuse,Wi-Fi gratuit,Langue parlée,Sièges inclinables,Ponctualité,Espace de rangement,Navigation GPS",Planner,Bonaberi
3093,Bimbia,"Conversation,Climatisation,Éclairage tamisé,Silence,Ponctualité,Chauffeur expérimenté,Conduite souple,Ambiance chaleureuse,Musique,Animaux acceptés",Traveler,Melong
2657,Mbanga,"Climatisation,Confort,Boisson gratuite,Ponctualité,Conversation,Éclairage tamisé,Ambiance chaleureuse,Espace de rangement,Conduite souple,Sport,Connectivité,Silence,Wi-Fi gratuit",Traveler,Essos
983,Bonanjo,"Langue parlée,Confort,Ponctualité,Navigation GPS,Sport,Cuisine,Animaux acceptés,Boisson gratuite,Ambiance chaleureuse,Conduite souple,Vue panoramique,Climatisation,Espace de rangement,Chauffeur expérimenté,Sièges inclinables,Connectivité,Silence",Planner,Bonamoussadi
3258,Bonanjo,"Boisson gratuite,Ponctualité,Sport,Wi-Fi gratuit,Silence,Éclairage tamisé,Sièges inclinables,Confort,Animaux acceptés,Langue parlée,Espace de rangement,Connectivité,Ambiance chaleureuse,Cuisine,Musique,Navigation GPS,Conduite souple",Traveler,Bimbia
621,Bamenda,"Confort,Ambiance chaleureuse,Chauffeur expérimenté,Vue panoramique,Cuisine,Conversation,Sport,Silence,Éclairage tamisé,Wi-Fi gratuit,Langue parlée,Espace de rangement,Sièges inclinables,Navigation GPS",Planner,Nkongsamba
2197,Guider,"Langue parlée,Espace de rangement,Animaux acceptés,Conversation,Connectivité,Confort",Traveler,Mbouda
2812,Douala,"Musique,Vue panoramique,Boisson gratuite,Éclairage tamisé,Ambiance chaleureuse,Connectivité,Silence,Navigation GPS,Ponctualité,Confort,Sièges inclinables,Climatisation,Chauffeur expérimenté,Cuisine,Langue parlée,Assistance bagages,Sport,Wi-Fi gratuit,Espace de rangement",Planner,Nkongsamba
4191,Bamenda,"Assistance bagages,Silence,Wi-Fi gratuit,Connectivité,Boisson gratuite,Musique,Ambiance chaleureuse,Animaux acceptés,Conduite souple,Navigation GPS,Confort,Sièges inclinables,Éclairage tamisé,Cuisine,Chauffeur expérimenté,Conversation,Climatisation,Langue parlée,Ponctualité,Sport,Vue panoramique",Planner,Dibombari
1710,Bonaberi,"Assistance bagages,Sièges inclinables,Éclairage tamisé,Boisson gratuite,Langue parlée,Chauffeur expérimenté,Climatisation,Vue panoramique,Conduite souple,Sport,Conversation,Navigation GPS",Traveler,Mbandjock
3779,Bafoussam,"Confort,Silence,Langue parlée,Ponctualité,Cuisine,Conduite souple,Éclairage tamisé,Musique",Planner,Bali Nyonga
4914,Kribi,"Climatisation,Cuisine,Langue parlée,Espace de rangement,Conduite souple,Wi-Fi gratuit,Sport,Conversation,Navigation GPS,Confort,Silence,Sièges inclinables,Animaux acceptés,Boisson gratuite,Connectivité,Assistance bagages,Musique,Vue panoramique",Planner,Beti
2454,Bonaberi,"Confort,Wi-Fi gratuit,Ambiance chaleureuse",Planner,Mbouda
3983,Meiganga,"Cuisine,Musique,Connectivité,Silence,Ponctualité,Wi-Fi gratuit,Éclairage tamisé,Sièges inclinables",Traveler,Essos
1624,Mbanga,"Silence,Climatisation,Langue parlée,Confort,Vue panoramique,Sièges inclinables,Ponctualité,Wi-Fi gratuit,Ambiance chaleureuse,Navigation GPS,Sport,Espace de rangement",Planner,Gazawa
4847,Mbandjock,"Sport,Musique,Assistance bagages,Confort,Chauffeur expérimenté,Ambiance chaleureuse,Animaux acceptés,Sièges inclinables,Cuisine,Navigation GPS",Traveler,Bafang
301,Garoua,"Sièges inclinables,Chauffeur expérimenté,Climatisation,Éclairage tamisé",Traveler,Garoua
1675,Kousseri,Wi-Fi gratuit,Planner,Mbouda
2944,Beti,"Ambiance chaleureuse,Chauffeur expérimenté,Vue panoramique,Connectivité,Navigation GPS",Planner,Gazawa
3119,Bafoussam,"Conduite souple,Connectivité,Boisson gratuite,Langue parlée,Cuisine,Vue panoramique,Espace de rangement,Silence,Chauffeur expérimenté,Musique,Wi-Fi gratuit,Climatisation,Navigation GPS,Éclairage tamisé,Ambiance chaleureuse",Traveler,Batibo
3562,Banga Bakundu,"Conversation,Climatisation,Éclairage tamisé,Conduite souple,Chauffeur expérimenté,Boisson gratuite",Traveler,Buea
4987,Bimbia,"Conversation,Ambiance chaleureuse,Chauffeur expérimenté,Animaux acceptés,Confort,Sièges inclinables,Assistance bagages,Navigation GPS,Musique,Wi-Fi gratuit",Traveler,Yaounde
2608,Bonaberi,"Espace de rangement,Connectivité,Cuisine,Conduite souple,Vue panoramique,Langue parlée,Ponctualité,Confort,Climatisation,Boisson gratuite,Wi-Fi gratuit,Ambiance chaleureuse,Chauffeur expérimenté,Sport,Conversation,Navigation GPS",Traveler,Douala
4486,Mutengene,"Sport,Boisson gratuite,Chauffeur expérimenté,Navigation GPS,Connectivité,Animaux acceptés,Musique,Conversation",Traveler,Dibombari
835,Bertoua,"Wi-Fi gratuit,Conduite souple,Conversation,Ponctualité,Ambiance chaleureuse,Silence,Chauffeur expérimenté,Climatisation,Vue panoramique,Navigation GPS,Langue parlée,Musique,Boisson gratuite,Animaux acceptés,Sport,Assistance bagages,Éclairage tamisé,Sièges inclinables",Planner,Loum
4240,Bamenda,"Espace de rangement,Boisson gratuite,Conduite souple,Wi-Fi gratuit,Sport,Éclairage tamisé,Sièges inclinables,Silence,Langue parlée,Assistance bagages,Cuisine,Musique,Vue panoramique",Traveler,Edéa
3127,Garoua,"Ambiance chaleureuse,Conversation,Boisson gratuite,Vue panoramique,Langue parlée,Éclairage tamisé,Confort,Cuisine,Silence,Sport,Espace de rangement,Climatisation,Wi-Fi gratuit,Animaux acceptés,Connectivité,Chauffeur expérimenté",Planner,Beti
3722,Essos,"Musique,Vue panoramique,Assistance bagages,Connectivité,Ambiance chaleureuse,Conversation,Climatisation,Sièges inclinables,Conduite souple,Animaux acceptés,Espace de rangement,Silence,Navigation GPS,Langue parlée,Sport,Chauffeur expérimenté,Confort,Cuisine",Planner,Batibo
4634,Nanga-Eboko,"Climatisation,Silence,Ambiance chaleureuse,Ponctualité,Connectivité,Navigation GPS,Chauffeur expérimenté,Assistance bagages,Langue parlée,Espace de rangement,Conduite souple,Boisson gratuite,Vue panoramique,Sièges inclinables,Cuisine,Sport,Wi-Fi gratuit",Traveler,Kousseri
1087,Yagoua,"Navigation GPS,Climatisation,Vue panoramique,Silence,Animaux acceptés,Connectivité",Planner,Mbouda
4074,Nkongsamba,"Langue parlée,Navigation GPS,Climatisation,Silence,Connectivité,Cuisine,Ambiance chaleureuse,Ponctualité,Confort,Conduite souple,Sièges inclinables",Planner,Nkongsamba
4396,Edéa,"Boisson gratuite,Musique,Connectivité,Assistance bagages,Chauffeur expérimenté",Planner,Kumba
3549,Figuif,"Connectivité,Assistance bagages",Traveler,Garoua
650,Bafia,"Animaux acceptés,Climatisation,Assistance bagages,Wi-Fi gratuit,Boisson gratuite,Ponctualité,Musique,Confort,Vue panoramique,Langue parlée,Éclairage tamisé,Conversation",Planner,Buea
2745,Kribi,"Conduite souple,Vue panoramique,Conversation,Sièges inclinables,Assistance bagages,Climatisation,Sport,Animaux acceptés,Navigation GPS,Silence,Éclairage tamisé,Langue parlée,Connectivité",Planner,Bonabéri
4058,Buea,"Vue panoramique,Espace de rangement,Wi-Fi gratuit,Silence,Animaux acceptés,Connectivité,Conversation,Climatisation,Sport,Sièges inclinables,Langue parlée,Navigation GPS,Assistance bagages,Musique,Confort,Éclairage tamisé,Conduite souple,Boisson gratuite,Ponctualité,Chauffeur expérimenté,Cuisine",Traveler,Mora
136,Belabo,"Boisson gratuite,Connectivité,Cuisine,Chauffeur expérimenté,Éclairage tamisé,Vue panoramique,Navigation GPS,Langue parlée,Sport,Sièges inclinables,Climatisation,Wi-Fi gratuit,Animaux acceptés,Conversation,Musique,Conduite souple,Confort,Ponctualité,Silence",Traveler,Bafang
1832,Bafoussam,"Ambiance chaleureuse,Chauffeur expérimenté,Espace de rangement,Conduite souple,Confort,Langue parlée,Sport,Cuisine,Climatisation,Ponctualité",Planner,Essos
1782,Limbe,"Chauffeur expérimenté,Ambiance chaleureuse,Silence,Langue parlée,Navigation GPS,Musique,Conduite souple,Vue panoramique,Sport,Climatisation,Connectivité,Animaux acceptés,Assistance bagages,Cuisine,Wi-Fi gratuit,Conversation,Boisson gratuite,Sièges inclinables,Confort",Traveler,Yagoua
1775,Belabo,"Chauffeur expérimenté,Vue panoramique,Sièges inclinables,Ambiance chaleureuse,Confort,Wi-Fi gratuit,Assistance bagages,Cuisine,Espace de rangement,Langue parlée,Navigation GPS,Animaux acceptés,Connectivité,Boisson gratuite,Conversation,Sport,Ponctualité,Climatisation",Traveler,Bimbia
1943,Beti,"Vue panoramique,Confort,Cuisine,Ambiance chaleureuse,Silence,Wi-Fi gratuit,Sièges inclinables,Animaux acceptés,Musique,Chauffeur expérimenté,Ponctualité,Langue parlée,Boisson gratuite,Climatisation,Éclairage tamisé,Assistance bagages,Conduite souple,Espace de rangement,Navigation GPS,Conversation",Planner,Muyuka
4668,Edéa,"Conduite souple,Éclairage tamisé,Ponctualité,Navigation GPS,Ambiance chaleureuse",Planner,Limbe
2425,Muyuka,Wi-Fi gratuit,Planner,Melong
2855,Bali Nyonga,"Chauffeur expérimenté,Sièges inclinables,Ambiance chaleureuse,Navigation GPS,Cuisine,Musique,Animaux acceptés,Langue parlée,Éclairage tamisé,Vue panoramique,Sport,Espace de rangement,Ponctualité,Conversation,Boisson gratuite,Wi-Fi gratuit,Conduite souple,Assistance bagages,Silence,Climatisation",Traveler,Mutengene
1681,Loum,"Cuisine,Conduite souple,Ponctualité,Wi-Fi gratuit,Navigation GPS,Boisson gratuite",Planner,Banga Bakundu
776,Fontem,"Silence,Langue parlée,Wi-Fi gratuit,Éclairage tamisé,Cuisine,Conduite souple,Musique,Animaux acceptés,Conversation,Climatisation,Vue panoramique,Sport,Chauffeur expérimenté,Ambiance chaleureuse,Assistance bagages,Sièges inclinables,Navigation GPS,Ponctualité,Espace de rangement,Connectivité,Boisson gratuite,Confort",Planner,Nkongsamba
1447,Kribi,"Boisson gratuite,Silence,Connectivité,Ponctualité,Animaux acceptés,Conduite souple,Musique,Espace de rangement,Vue panoramique,Ambiance chaleureuse,Sièges inclinables,Chauffeur expérimenté,Climatisation,Langue parlée,Cuisine,Wi-Fi gratuit,Conversation,Assistance bagages,Confort",Planner,Mokolo
1022,Edéa,"Sport,Éclairage tamisé,Vue panoramique,Conduite souple,Navigation GPS,Musique,Boisson gratuite,Langue parlée,Silence,Sièges inclinables,Animaux acceptés,Espace de rangement,Ambiance chaleureuse,Chauffeur expérimenté,Assistance bagages,Conversation",Planner,Buea
1421,Yaounde,"Éclairage tamisé,Langue parlée,Musique,Silence",Planner,Kumba
502,Bogo,"Ponctualité,Espace de rangement,Langue parlée,Cuisine,Ambiance chaleureuse,Animaux acceptés,Silence,Sièges inclinables,Confort",Traveler,Bandjoun
1200,Boutours,"Chauffeur expérimenté,Navigation GPS,Wi-Fi gratuit,Confort,Sièges inclinables,Ponctualité,Assistance bagages,Connectivité",Traveler,Bimbia
2509,Mutengene,Vue panoramique,Traveler,Bonabéri
4454,Douala,"Espace de rangement,Animaux acceptés",Planner,Yaounde
3635,Figuif,"Climatisation,Wi-Fi gratuit,Sport,Navigation GPS,Ambiance chaleureuse,Langue parlée",Planner,Figuif
2930,Garoua,"Silence,Musique,Vue panoramique,Confort,Ambiance chaleureuse,Cuisine,Sport,Conduite souple,Animaux acceptés,Conversation,Ponctualité,Boisson gratuite,Wi-Fi gratuit,Espace de rangement,Assistance bagages,Connectivité",Traveler,Bertoua
786,Meiganga,"Assistance bagages,Vue panoramique,Animaux acceptés,Ponctualité,Espace de rangement,Langue parlée,Confort,Éclairage tamisé,Conversation",Traveler,Messa
1980,Muyuka,"Animaux acceptés,Éclairage tamisé,Conduite souple,Vue panoramique,Sport,Navigation GPS,Climatisation,Wi-Fi gratuit,Chauffeur expérimenté,Assistance bagages,Espace de rangement,Cuisine",Planner,Maroua
4888,Edéa,"Espace de rangement,Navigation GPS,Wi-Fi gratuit,Éclairage tamisé,Langue parlée,Silence,Ponctualité,Ambiance chaleureuse,Conversation,Conduite souple,Musique,Animaux acceptés,Vue panoramique,Confort,Climatisation,Connectivité,Assistance bagages,Boisson gratuite,Sièges inclinables,Sport",Traveler,Kousseri
4932,Mbalmayo,"Musique,Chauffeur expérimenté,Navigation GPS,Espace de rangement,Connectivité,Climatisation,Cuisine,Animaux acceptés,Ambiance chaleureuse,Vue panoramique,Langue parlée,Assistance bagages",Traveler,Bali Nyonga
1638,Bafang,"Conduite souple,Chauffeur expérimenté,Navigation GPS,Assistance bagages,Ponctualité,Animaux acceptés,Silence,Sièges inclinables,Espace de rangement,Conversation,Confort,Wi-Fi gratuit,Ambiance chaleureuse,Connectivité,Langue parlée",Traveler,Bali Nyonga
2413,Guider,"Climatisation,Wi-Fi gratuit,Espace de rangement,Chauffeur expérimenté,Animaux acceptés,Navigation GPS,Éclairage tamisé,Sport,Assistance bagages,Langue parlée,Conversation,Musique,Silence,Cuisine,Ponctualité,Ambiance chaleureuse,Boisson gratuite",Planner,Dibombari
1574,Figuif,"Langue parlée,Climatisation,Ponctualité,Conversation,Sport,Wi-Fi gratuit,Assistance bagages,Boisson gratuite,Chauffeur expérimenté,Animaux acceptés,Espace de rangement",Planner,Bonanjo
21,Fontem,"Silence,Espace de rangement,Vue panoramique,Ambiance chaleureuse,Conversation,Langue parlée,Sièges inclinables,Musique,Conduite souple,Sport,Assistance bagages,Éclairage tamisé,Confort,Boisson gratuite",Traveler,Mbouda
2369,Mutengene,"Vue panoramique,Éclairage tamisé,Conduite souple,Cuisine,Sièges inclinables,Confort,Chauffeur expérimenté,Silence,Sport,Animaux acceptés,Wi-Fi gratuit,Conversation,Musique,Boisson gratuite,Navigation GPS,Espace de rangement,Ambiance chaleureuse,Climatisation,Assistance bagages,Langue parlée",Traveler,Nkongsamba
2877,Fontem,"Sièges inclinables,Climatisation,Silence,Éclairage tamisé",Traveler,Messa
4063,Muyuka,"Sport,Chauffeur expérimenté,Musique,Connectivité,Éclairage tamisé,Cuisine,Vue panoramique",Planner,Mbalmayo
739,Maroua,"Sièges inclinables,Boisson gratuite,Navigation GPS,Chauffeur expérimenté,Assistance bagages,Climatisation,Espace de rangement,Wi-Fi gratuit,Musique,Ambiance chaleureuse",Traveler,Bamenda
3299,Edéa,"Ambiance chaleureuse,Boisson gratuite,Navigation GPS,Confort,Climatisation",Planner,Meiganga
4860,Figuif,"Conduite souple,Climatisation,Musique,Chauffeur expérimenté,Ponctualité,Wi-Fi gratuit",Traveler,Banga Bakundu
1085,Boutours,"Ambiance chaleureuse,Éclairage tamisé,Vue panoramique,Conversation,Silence,Wi-Fi gratuit,Boisson gratuite,Chauffeur expérimenté,Confort",Traveler,Maroua
1095,Dibombari,"Animaux acceptés,Sport",Traveler,Kribi
848,Limbe,"Navigation GPS,Animaux acceptés,Musique,Espace de rangement,Conversation,Confort,Vue panoramique,Langue parlée,Conduite souple,Boisson gratuite,Sport,Cuisine",Traveler,Bamenda
2736,Batibo,"Silence,Wi-Fi gratuit,Navigation GPS,Connectivité,Cuisine,Confort,Espace de rangement,Ambiance chaleureuse,Sièges inclinables,Sport,Ponctualité,Animaux acceptés,Chauffeur expérimenté,Langue parlée,Boisson gratuite,Musique,Assistance bagages,Éclairage tamisé,Climatisation,Conduite souple,Vue panoramique,Conversation",Planner,Dibombari
489,Kribi,"Vue panoramique,Éclairage tamisé,Sport,Cuisine,Musique,Ambiance chaleureuse,Silence,Chauffeur expérimenté,Animaux acceptés,Conversation,Ponctualité,Assistance bagages,Conduite souple,Boisson gratuite,Wi-Fi gratuit,Navigation GPS,Sièges inclinables,Espace de rangement,Climatisation,Connectivité,Confort,Langue parlée",Planner,Bonamoussadi
53,Edéa,"Conversation,Vue panoramique,Cuisine,Silence,Chauffeur expérimenté,Ponctualité,Langue parlée,Conduite souple,Climatisation,Animaux acceptés,Connectivité,Boisson gratuite,Ambiance chaleureuse,Éclairage tamisé,Wi-Fi gratuit,Confort",Traveler,Yaounde
3239,Garoua,"Musique,Confort,Chauffeur expérimenté,Boisson gratuite,Wi-Fi gratuit,Connectivité,Sièges inclinables,Ambiance chaleureuse,Climatisation",Planner,Mbalmayo
2374,Bonaberi,"Chauffeur expérimenté,Silence,Cuisine,Éclairage tamisé,Ambiance chaleureuse,Langue parlée,Boisson gratuite,Espace de rangement,Musique,Conduite souple,Sièges inclinables,Ponctualité",Traveler,Gazawa
4087,Melong,"Boisson gratuite,Cuisine",Planner,Meiganga
1782,Muyuka,"Sport,Animaux acceptés",Planner,Nanga-Eboko
2003,Mutengene,"Chauffeur expérimenté,Climatisation,Langue parlée,Wi-Fi gratuit,Animaux acceptés,Ambiance chaleureuse,Assistance bagages,Vue panoramique,Espace de rangement,Conduite souple",Planner,Bonaberi
2423,Limbe,"Ambiance chaleureuse,Musique,Vue panoramique,Sièges inclinables",Traveler,Fontem
3094,Bafoussam,"Animaux acceptés,Connectivité,Espace de rangement,Conduite souple,Boisson gratuite,Langue parlée,Climatisation,Sièges inclinables,Éclairage tamisé,Confort,Sport,Musique,Navigation GPS,Vue panoramique",Planner,Kumba
4383,Douala,"Vue panoramique,Cuisine,Conversation,Espace de rangement,Sièges inclinables,Animaux acceptés,Navigation GPS,Boisson gratuite,Silence",Planner,Bandjoun
864,Bonabéri,"Navigation GPS,Ponctualité,Musique,Assistance bagages,Animaux acceptés,Cuisine,Wi-Fi gratuit,Chauffeur expérimenté,Conduite souple,Sport,Sièges inclinables,Confort,Éclairage tamisé,Silence,Connectivité,Ambiance chaleureuse,Boisson gratuite,Conversation,Vue panoramique",Planner,Bandjoun
265,Nkongsamba,Wi-Fi gratuit,Traveler,Bafang
1494,Mbalmayo,"Chauffeur expérimenté,Wi-Fi gratuit,Ambiance chaleureuse,Espace de rangement,Langue parlée,Assistance bagages,Éclairage tamisé,Animaux acceptés,Ponctualité,Cuisine,Connectivité,Confort,Sport,Boisson gratuite,Musique,Silence",Planner,Garoua
1608,Loum,"Climatisation,Conversation,Assistance bagages,Confort,Éclairage tamisé,Ponctualité,Ambiance chaleureuse,Chauffeur expérimenté,Connectivité,Silence,Boisson gratuite",Planner,Edéa
4448,Bimbia,"Climatisation,Wi-Fi gratuit,Boisson gratuite",Planner,Figuif
4747,Bonanjo,"Confort,Sièges inclinables,Boisson gratuite,Langue parlée,Climatisation,Sport,Ponctualité,Espace de rangement,Navigation GPS,Vue panoramique,Silence",Traveler,Melong
2498,Bandjoun,"Boisson gratuite,Navigation GPS,Espace de rangement,Ambiance chaleureuse,Langue parlée,Sièges inclinables,Chauffeur expérimenté,Cuisine,Animaux acceptés,Éclairage tamisé,Musique,Conduite souple,Silence,Climatisation,Vue panoramique,Conversation,Connectivité,Assistance bagages",Traveler,Bimbia
2528,Belo,"Sport,Silence,Musique,Conversation,Confort,Ambiance chaleureuse,Animaux acceptés,Assistance bagages,Vue panoramique,Wi-Fi gratuit,Langue parlée,Cuisine,Chauffeur expérimenté,Connectivité",Planner,Bandjoun
1200,Bali,"Confort,Conversation,Espace de rangement,Sièges inclinables,Ponctualité,Silence,Éclairage tamisé",Planner,Mokolo
286,Essos,"Navigation GPS,Conduite souple,Ponctualité,Confort,Ambiance chaleureuse,Climatisation,Wi-Fi gratuit,Musique,Cuisine,Espace de rangement,Éclairage tamisé,Silence,Animaux acceptés,Vue panoramique",Planner,Douala
3568,Gazawa,"Wi-Fi gratuit,Vue panoramique,Sport,Cuisine,Ponctualité",Traveler,Kumba
1863,Dibombari,"Conversation,Ponctualité,Connectivité,Animaux acceptés,Langue parlée,Cuisine,Chauffeur expérimenté,Musique",Planner,Yagoua
2002,Nkongsamba,"Cuisine,Animaux acceptés,Boisson gratuite,Assistance bagages,Conversation,Sport",Planner,Yagoua
2704,Muyuka,"Musique,Conversation,Éclairage tamisé,Animaux acceptés,Sport,Ambiance chaleureuse,Ponctualité,Boisson gratuite,Espace de rangement,Langue parlée,Cuisine,Confort,Navigation GPS",Planner,Bafia
454,Meiganga,Climatisation,Traveler,Bertoua
3954,Belo,"Sport,Connectivité,Espace de rangement",Traveler,Kumba
1883,Gazawa,"Climatisation,Assistance bagages,Silence,Wi-Fi gratuit,Cuisine,Espace de rangement,Vue panoramique,Musique,Ponctualité,Éclairage tamisé,Conversation,Boisson gratuite,Ambiance chaleureuse",Planner,Mokolo
3731,Kumba,"Ambiance chaleureuse,Espace de rangement,Animaux acceptés,Assistance bagages,Sport,Éclairage tamisé,Ponctualité,Chauffeur expérimenté,Musique,Langue parlée,Navigation GPS,Climatisation,Boisson gratuite",Planner,Maroua
995,Edéa,"Sièges inclinables,Musique,Ambiance chaleureuse,Chauffeur expérimenté,Conversation,Boisson gratuite,Éclairage tamisé,Climatisation,Vue panoramique,Cuisine,Espace de rangement",Traveler,Belabo
3440,Buea,"Éclairage tamisé,Connectivité,Musique,Confort,Espace de rangement,Ambiance chaleureuse,Sport,Silence,Conversation,Boisson gratuite,Chauffeur expérimenté,Cuisine,Conduite souple",Traveler,Belo
4602,Bimbia,"Conduite souple,Cuisine,Langue parlée,Assistance bagages,Vue panoramique,Ponctualité,Climatisation,Confort,Navigation GPS,Espace de rangement,Ambiance chaleureuse,Animaux acceptés,Sièges inclinables,Chauffeur expérimenté,Silence,Conversation",Planner,Essos
641,Kousseri,"Assistance bagages,Ambiance chaleureuse,Animaux acceptés,Navigation GPS,Cuisine,Sport,Climatisation,Langue parlée,Musique,Conduite souple,Confort,Connectivité,Silence,Éclairage tamisé,Wi-Fi gratuit,Sièges inclinables",Traveler,Mbouda
2320,Mbanga,"Wi-Fi gratuit,Espace de rangement,Boisson gratuite,Éclairage tamisé,Animaux acceptés,Conduite souple,Langue parlée,Sport,Conversation,Navigation GPS,Vue panoramique,Climatisation,Cuisine,Silence,Musique,Assistance bagages,Chauffeur expérimenté",Planner,Bafia
1010,Yagoua,"Musique,Animaux acceptés,Sièges inclinables,Vue panoramique,Connectivité,Climatisation,Boisson gratuite,Ambiance chaleureuse,Éclairage tamisé,Conversation,Chauffeur expérimenté,Ponctualité,Wi-Fi gratuit,Confort,Conduite souple",Planner,Bonamoussadi
2651,Bimbia,"Wi-Fi gratuit,Silence,Animaux acceptés,Musique,Éclairage tamisé,Sport,Sièges inclinables,Conversation,Vue panoramique,Ambiance chaleureuse,Espace de rangement,Langue parlée,Boisson gratuite,Ponctualité,Chauffeur expérimenté,Assistance bagages,Cuisine",Traveler,Bali
958,Bimbia,"Sièges inclinables,Musique,Cuisine,Sport,Ponctualité,Boisson gratuite,Animaux acceptés,Connectivité,Vue panoramique,Chauffeur expérimenté,Assistance bagages,Wi-Fi gratuit,Navigation GPS,Climatisation",Traveler,Kumba
1706,Bamenda,"Ambiance chaleureuse,Connectivité,Cuisine,Silence,Conversation,Animaux acceptés,Sport,Wi-Fi gratuit,Musique,Navigation GPS,Éclairage tamisé,Conduite souple,Climatisation",Planner,Boutours
2056,Mbandjock,"Wi-Fi gratuit,Navigation GPS,Boisson gratuite,Sport,Ambiance chaleureuse,Conduite souple,Langue parlée,Animaux acceptés,Silence,Ponctualité,Sièges inclinables,Éclairage tamisé,Conversation,Cuisine",Traveler,Buea
2918,Mbanga,"Confort,Espace de rangement,Ambiance chaleureuse,Silence,Navigation GPS,Ponctualité,Chauffeur expérimenté,Conversation,Animaux acceptés,Assistance bagages,Connectivité,Climatisation,Sport,Éclairage tamisé,Langue parlée,Sièges inclinables,Cuisine",Traveler,Bafia
3433,Mbandjock,"Éclairage tamisé,Climatisation,Cuisine,Espace de rangement,Ponctualité,Conversation,Wi-Fi gratuit,Silence,Ambiance chaleureuse,Connectivité,Animaux acceptés,Sièges inclinables,Boisson gratuite,Sport,Musique,Confort,Vue panoramique,Chauffeur expérimenté,Assistance bagages,Navigation GPS,Conduite souple",Traveler,Bonamoussadi
1995,Beti,"Ponctualité,Animaux acceptés,Confort,Langue parlée,Chauffeur expérimenté,Conversation,Wi-Fi gratuit,Silence,Sièges inclinables,Éclairage tamisé,Espace de rangement,Climatisation,Conduite souple,Cuisine,Sport,Navigation GPS,Musique,Vue panoramique",Traveler,Dibombari
3559,Mutengene,"Cuisine,Sport,Conversation,Connectivité",Traveler,Guider
4445,Mbalmayo,"Sièges inclinables,Ponctualité,Vue panoramique,Éclairage tamisé,Assistance bagages,Silence,Animaux acceptés,Wi-Fi gratuit,Connectivité",Traveler,Batibo
2392,Beti,"Vue panoramique,Boisson gratuite,Assistance bagages,Conduite souple,Connectivité,Wi-Fi gratuit,Cuisine,Sièges inclinables,Silence,Ponctualité,Chauffeur expérimenté,Éclairage tamisé,Sport,Musique,Ambiance chaleureuse,Langue parlée,Animaux acceptés,Navigation GPS,Confort",Traveler,Bertoua
3882,Mutengene,"Ponctualité,Chauffeur expérimenté,Silence,Cuisine,Musique",Traveler,Mbanga
800,Bonakouamouang,"Cuisine,Vue panoramique,Conversation,Langue parlée,Silence,Assistance bagages,Boisson gratuite,Ambiance chaleureuse,Wi-Fi gratuit,Conduite souple,Éclairage tamisé,Confort",Planner,Mbanga
2474,Boutours,"Ambiance chaleureuse,Sièges inclinables,Musique,Espace de rangement,Silence,Conduite souple,Conversation,Éclairage tamisé,Sport,Wi-Fi gratuit,Vue panoramique,Climatisation,Animaux acceptés",Planner,Loum
1679,Douala,"Confort,Assistance bagages,Silence,Sièges inclinables,Ponctualité",Traveler,Bamenda
4034,Kribi,"Ambiance chaleureuse,Cuisine,Silence,Assistance bagages,Éclairage tamisé,Langue parlée,Conversation,Conduite souple,Navigation GPS,Musique,Espace de rangement,Climatisation,Animaux acceptés,Ponctualité,Wi-Fi gratuit,Vue panoramique,Connectivité,Confort,Boisson gratuite,Chauffeur expérimenté,Sport,Sièges inclinables",Planner,Mutengene
1478,Melong,"Climatisation,Éclairage tamisé,Langue parlée,Espace de rangement,Navigation GPS,Animaux acceptés,Conduite souple,Musique",Traveler,Kousseri
2115,Dibombari,"Musique,Sport,Animaux acceptés,Ambiance chaleureuse,Boisson gratuite,Langue parlée,Conversation,Navigation GPS,Sièges inclinables,Assistance bagages,Wi-Fi gratuit,Vue panoramique,Conduite souple,Chauffeur expérimenté,Ponctualité",Planner,Bimbia
3201,Fontem,"Confort,Chauffeur expérimenté",Traveler,Bonaberi
1117,Campo,"Espace de rangement,Confort,Musique,Éclairage tamisé,Vue panoramique,Navigation GPS,Silence,Ambiance chaleureuse,Conversation,Climatisation",Planner,Meiganga
4116,Mbouda,"Musique,Silence,Sport,Assistance bagages,Vue panoramique,Chauffeur expérimenté,Boisson gratuite,Cuisine,Climatisation,Confort",Planner,Mbanga
1787,Gazawa,"Confort,Ambiance chaleureuse,Sport,Espace de rangement,Silence,Navigation GPS,Vue panoramique,Climatisation,Assistance bagages,Conduite souple,Chauffeur expérimenté,Cuisine,Sièges inclinables",Traveler,Yaounde
2162,Loum,"Connectivité,Espace de rangement,Wi-Fi gratuit,Musique,Sièges inclinables,Navigation GPS,Silence,Ambiance chaleureuse,Vue panoramique,Sport,Assistance bagages,Animaux acceptés,Langue parlée,Conversation,Climatisation,Boisson gratuite",Traveler,Mbouda
1323,Nanga-Eboko,"Confort,Silence,Sièges inclinables,Vue panoramique,Ponctualité,Climatisation,Conversation,Wi-Fi gratuit,Chauffeur expérimenté,Musique,Éclairage tamisé,Espace de rangement,Cuisine,Ambiance chaleureuse",Planner,Bali
2161,Beti,"Ambiance chaleureuse,Sport,Vue panoramique,Confort,Climatisation,Éclairage tamisé,Assistance bagages,Silence,Navigation GPS,Boisson gratuite,Ponctualité,Conduite souple,Animaux acceptés,Chauffeur expérimenté,Sièges inclinables,Wi-Fi gratuit,Musique,Cuisine",Traveler,Bafang
758,Belo,"Langue parlée,Vue panoramique,Assistance bagages,Wi-Fi gratuit,Conversation,Conduite souple,Sièges inclinables,Confort,Sport,Éclairage tamisé,Cuisine,Animaux acceptés,Climatisation,Ponctualité,Silence,Boisson gratuite,Connectivité,Navigation GPS,Musique",Planner,Bonakouamouang
1040,Bonakouamouang,"Cuisine,Assistance bagages,Langue parlée,Sièges inclinables,Sport,Musique",Traveler,Maroua
4857,Dibombari,"Espace de rangement,Éclairage tamisé",Planner,Gazawa
1901,Bandjoun,"Ponctualité,Sport,Climatisation,Navigation GPS,Boisson gratuite,Animaux acceptés,Musique,Wi-Fi gratuit,Silence,Espace de rangement,Éclairage tamisé,Conversation",Planner,Douala
359,Bali,"Ponctualité,Connectivité,Espace de rangement",Traveler,Messa
4827,Bogo,"Vue panoramique,Langue parlée,Éclairage tamisé,Chauffeur expérimenté,Sport,Cuisine,Musique",Traveler,Mutengene
3256,Bertoua,Langue parlée,Planner,Douala
1492,Mbanga,"Musique,Connectivité,Boisson gratuite,Vue panoramique,Silence,Sièges inclinables,Ponctualité,Animaux acceptés,Espace de rangement",Planner,Nkongsamba
4759,Bamenda,"Navigation GPS,Chauffeur expérimenté",Planner,Essos
1641,Bonakouamouang,"Animaux acceptés,Chauffeur expérimenté,Boisson gratuite,Confort,Navigation GPS,Silence,Vue panoramique,Éclairage tamisé,Conduite souple",Planner,Mbouda
717,Beti,"Wi-Fi gratuit,Climatisation,Langue parlée,Chauffeur expérimenté,Connectivité,Ponctualité,Éclairage tamisé",Planner,Mokolo
938,Messa,"Wi-Fi gratuit,Langue parlée,Cuisine,Navigation GPS,Sport,Ambiance chaleureuse,Silence,Ponctualité,Espace de rangement",Planner,Boutours
2182,Kribi,"Langue parlée,Navigation GPS,Boisson gratuite,Assistance bagages,Ambiance chaleureuse,Éclairage tamisé,Wi-Fi gratuit,Vue panoramique,Ponctualité,Cuisine,Silence,Climatisation,Sport,Chauffeur expérimenté,Musique",Traveler,Bimbia
1242,Bimbia,"Assistance bagages,Éclairage tamisé,Langue parlée,Silence,Sièges inclinables,Animaux acceptés,Cuisine,Climatisation,Vue panoramique,Ambiance chaleureuse,Ponctualité,Navigation GPS,Espace de rangement,Boisson gratuite",Planner,Bogo
350,Douala,"Animaux acceptés,Ponctualité,Silence,Conversation,Ambiance chaleureuse,Cuisine,Éclairage tamisé,Wi-Fi gratuit,Boisson gratuite,Climatisation,Sièges inclinables,Connectivité,Musique,Chauffeur expérimenté,Vue panoramique",Traveler,Kribi
3640,Nanga-Eboko,"Conversation,Assistance bagages,Wi-Fi gratuit,Ambiance chaleureuse,Animaux acceptés,Silence,Cuisine,Connectivité,Sport,Climatisation",Planner,Mbandjock
920,Meiganga,"Cuisine,Confort,Sièges inclinables,Wi-Fi gratuit,Silence,Animaux acceptés,Musique,Sport,Boisson gratuite,Assistance bagages,Connectivité,Vue panoramique,Espace de rangement,Ponctualité",Traveler,Limbe
4656,Yaounde,"Connectivité,Espace de rangement,Langue parlée,Éclairage tamisé,Cuisine,Ponctualité,Vue panoramique,Wi-Fi gratuit,Sièges inclinables,Confort,Navigation GPS,Silence,Boisson gratuite,Conduite souple",Traveler,Bonaberi
2844,Guider,"Climatisation,Wi-Fi gratuit,Navigation GPS,Vue panoramique,Chauffeur expérimenté,Sièges inclinables,Conduite souple,Animaux acceptés,Musique,Langue parlée,Connectivité,Conversation,Espace de rangement,Ambiance chaleureuse,Boisson gratuite,Silence,Ponctualité,Cuisine,Confort,Sport,Éclairage tamisé",Traveler,Bonaberi
4266,Mora,"Conduite souple,Assistance bagages,Climatisation,Navigation GPS,Wi-Fi gratuit,Chauffeur expérimenté,Ponctualité,Animaux acceptés,Ambiance chaleureuse,Cuisine,Conversation,Confort,Boisson gratuite,Sport,Silence,Connectivité,Langue parlée",Traveler,Guider
2422,Messa,"Musique,Ponctualité,Conversation,Boisson gratuite,Langue parlée",Traveler,Buea
3046,Boutours,"Ponctualité,Climatisation,Espace de rangement,Cuisine,Conversation,Conduite souple,Assistance bagages,Boisson gratuite,Confort,Éclairage tamisé,Ambiance chaleureuse,Animaux acceptés,Sport,Musique,Chauffeur expérimenté,Wi-Fi gratuit,Langue parlée",Traveler,Bamenda
682,Belabo,"Navigation GPS,Musique,Boisson gratuite,Chauffeur expérimenté",Traveler,Fontem
942,Nkongsamba,"Confort,Animaux acceptés,Ponctualité,Éclairage tamisé,Climatisation,Espace de rangement,Sièges inclinables,Vue panoramique,Langue parlée,Chauffeur expérimenté,Boisson gratuite,Sport,Wi-Fi gratuit,Musique,Connectivité,Ambiance chaleureuse,Conversation",Planner,Meiganga
2589,Mbanga,"Ambiance chaleureuse,Conduite souple,Ponctualité,Espace de rangement,Cuisine,Vue panoramique,Chauffeur expérimenté,Silence,Boisson gratuite,Langue parlée,Éclairage tamisé,Sièges inclinables,Conversation,Animaux acceptés,Musique",Planner,Bafang
358,Mbandjock,"Silence,Connectivité,Langue parlée,Chauffeur expérimenté,Navigation GPS,Cuisine,Espace de rangement,Éclairage tamisé,Musique,Ambiance chaleureuse,Conversation,Sport,Confort,Wi-Fi gratuit,Climatisation,Vue panoramique,Animaux acceptés,Ponctualité,Assistance bagages,Sièges inclinables,Conduite souple",Planner,Meiganga
2016,Mbalmayo,"Éclairage tamisé,Musique,Ponctualité,Boisson gratuite,Animaux acceptés,Chauffeur expérimenté,Wi-Fi gratuit",Traveler,Bonanjo
3203,Bafia,"Langue parlée,Éclairage tamisé,Cuisine,Sièges inclinables,Navigation GPS,Chauffeur expérimenté,Climatisation,Ponctualité,Ambiance chaleureuse,Confort,Conversation,Boisson gratuite,Assistance bagages,Sport,Vue panoramique,Animaux acceptés,Musique,Connectivité,Wi-Fi gratuit,Espace de rangement,Conduite souple,Silence",Planner,Bertoua
3553,Mbanga,"Sport,Espace de rangement",Traveler,Dibombari
4280,Mora,"Espace de rangement,Chauffeur expérimenté,Langue parlée,Connectivité,Silence,Wi-Fi gratuit,Conduite souple,Conversation,Boisson gratuite,Climatisation,Sièges inclinables,Animaux acceptés,Ponctualité,Sport,Confort,Musique",Traveler,Bali Nyonga
1254,Nkongsamba,"Sièges inclinables,Silence,Climatisation,Conduite souple,Assistance bagages,Boisson gratuite,Langue parlée,Ponctualité,Connectivité,Confort",Planner,Bonanjo
4729,Belo,"Navigation GPS,Ambiance chaleureuse,Chauffeur expérimenté,Cuisine,Silence,Ponctualité,Connectivité,Climatisation,Sièges inclinables,Vue panoramique,Conversation,Boisson gratuite,Espace de rangement,Animaux acceptés",Traveler,Edéa
2234,Mokolo,"Climatisation,Navigation GPS,Musique,Boisson gratuite,Éclairage tamisé,Espace de rangement,Chauffeur expérimenté,Wi-Fi gratuit,Silence,Ambiance chaleureuse,Sièges inclinables,Connectivité,Conversation,Vue panoramique,Langue parlée,Confort,Sport,Animaux acceptés,Conduite souple,Assistance bagages,Ponctualité",Planner,Mora
1453,Beti,"Cuisine,Wi-Fi gratuit,Animaux acceptés,Chauffeur expérimenté,Espace de rangement,Langue parlée",Traveler,Limbe
4676,Belo,"Espace de rangement,Sièges inclinables,Navigation GPS,Confort,Éclairage tamisé,Silence,Conduite souple,Cuisine,Boisson gratuite,Conversation",Traveler,Bogo
925,Batibo,"Climatisation,Sièges inclinables,Éclairage tamisé,Vue panoramique,Sport,Cuisine",Traveler,Bonamoussadi
4432,Bafia,"Sièges inclinables,Espace de rangement,Ponctualité,Conduite souple,Boisson gratuite,Sport,Animaux acceptés,Éclairage tamisé,Wi-Fi gratuit,Silence,Vue panoramique,Cuisine,Assistance bagages,Connectivité,Navigation GPS,Musique,Confort,Ambiance chaleureuse,Climatisation,Chauffeur expérimenté,Langue parlée,Conversation",Planner,Bonamoussadi
2694,Buea,"Espace de rangement,Climatisation,Boisson gratuite,Ponctualité,Silence,Conduite souple,Langue parlée,Musique,Connectivité,Ambiance chaleureuse,Conversation",Planner,Gazawa
2517,Bandjoun,"Animaux acceptés,Silence,Assistance bagages,Espace de rangement,Wi-Fi gratuit,Chauffeur expérimenté",Planner,Mbalmayo
1620,Essos,"Langue parlée,Boisson gratuite,Vue panoramique,Conversation,Confort,Ponctualité,Sièges inclinables,Animaux acceptés,Wi-Fi gratuit,Éclairage tamisé,Ambiance chaleureuse,Musique,Climatisation,Conduite souple,Cuisine,Connectivité,Navigation GPS",Planner,Kribi
3922,Muyuka,"Éclairage tamisé,Connectivité,Vue panoramique,Sièges inclinables,Ponctualité,Animaux acceptés,Ambiance chaleureuse,Chauffeur expérimenté,Climatisation,Boisson gratuite,Espace de rangement,Conversation,Wi-Fi gratuit,Langue parlée,Cuisine,Sport,Musique,Confort",Traveler,Mbouda
3568,Nkongsamba,"Espace de rangement,Connectivité,Confort,Langue parlée",Planner,Yagoua
2829,Guider,Sport,Traveler,Nanga-Eboko
4575,Melong,"Espace de rangement,Wi-Fi gratuit,Confort,Cuisine,Animaux acceptés,Conversation,Assistance bagages,Ponctualité,Ambiance chaleureuse,Chauffeur expérimenté,Connectivité,Langue parlée,Sport,Silence,Climatisation,Musique",Traveler,Mbouda
243,Belabo,"Langue parlée,Connectivité,Conversation,Silence,Éclairage tamisé,Sièges inclinables",Planner,Kumba
625,Fontem,"Ponctualité,Conversation,Assistance bagages,Ambiance chaleureuse,Sport,Espace de rangement,Sièges inclinables,Éclairage tamisé",Planner,Bali
2080,Mutengene,"Animaux acceptés,Musique,Conversation,Confort,Éclairage tamisé,Ambiance chaleureuse,Assistance bagages,Cuisine,Connectivité,Conduite souple,Ponctualité,Chauffeur expérimenté,Langue parlée,Climatisation,Boisson gratuite,Sièges inclinables,Espace de rangement,Silence,Sport,Navigation GPS,Vue panoramique,Wi-Fi gratuit",Traveler,Bonabéri
3290,Bonanjo,"Espace de rangement,Éclairage tamisé,Climatisation,Vue panoramique,Conversation,Assistance bagages,Ponctualité,Sport,Animaux acceptés,Langue parlée,Silence,Conduite souple,Connectivité,Ambiance chaleureuse,Musique,Boisson gratuite,Sièges inclinables,Confort,Wi-Fi gratuit,Chauffeur expérimenté,Cuisine,Navigation GPS",Traveler,Muyuka
3331,Mora,"Wi-Fi gratuit,Animaux acceptés,Éclairage tamisé,Espace de rangement,Ponctualité,Navigation GPS,Conduite souple,Climatisation,Vue panoramique,Assistance bagages,Ambiance chaleureuse,Cuisine",Traveler,Dibombari
1323,Bali,"Confort,Musique,Cuisine,Wi-Fi gratuit,Climatisation,Sport,Langue parlée,Éclairage tamisé,Chauffeur expérimenté,Espace de rangement",Planner,Bonamoussadi
2946,Messa,"Boisson gratuite,Confort,Conduite souple",Planner,Essos
2157,Beti,"Espace de rangement,Éclairage tamisé,Confort,Assistance bagages,Animaux acceptés,Sièges inclinables,Silence,Climatisation,Musique,Vue panoramique,Wi-Fi gratuit,Chauffeur expérimenté,Boisson gratuite,Langue parlée,Cuisine",Traveler,Belabo
129,Bogo,"Cuisine,Assistance bagages,Connectivité,Espace de rangement,Silence,Éclairage tamisé,Conduite souple,Chauffeur expérimenté,Langue parlée,Boisson gratuite,Musique,Navigation GPS",Planner,Mora
595,Bamenda,"Wi-Fi gratuit,Langue parlée,Ambiance chaleureuse,Animaux acceptés,Connectivité,Ponctualité,Chauffeur expérimenté,Navigation GPS,Conduite souple,Sièges inclinables,Musique,Éclairage tamisé,Espace de rangement,Climatisation,Conversation,Assistance bagages,Sport",Planner,Bali Nyonga
1007,Gazawa,Climatisation,Traveler,Limbe
4018,Mora,"Sport,Ambiance chaleureuse,Vue panoramique,Conduite souple,Langue parlée,Boisson gratuite,Animaux acceptés,Cuisine,Silence,Climatisation,Assistance bagages,Wi-Fi gratuit",Traveler,Edéa
331,Beti,"Climatisation,Sport,Conduite souple,Musique,Confort,Assistance bagages,Cuisine,Vue panoramique,Éclairage tamisé,Conversation,Ambiance chaleureuse,Navigation GPS,Wi-Fi gratuit,Boisson gratuite,Langue parlée,Ponctualité,Animaux acceptés,Espace de rangement",Planner,Bimbia
4929,Muyuka,"Cuisine,Confort,Chauffeur expérimenté,Vue panoramique,Animaux acceptés,Musique,Silence",Planner,Belo
3946,Bafia,"Connectivité,Conversation,Vue panoramique,Sport,Assistance bagages,Espace de rangement,Chauffeur expérimenté,Animaux acceptés",Traveler,Meiganga
2016,Bertoua,"Ambiance chaleureuse,Climatisation,Conduite souple,Connectivité,Animaux acceptés,Langue parlée,Sièges inclinables,Boisson gratuite,Silence,Assistance bagages,Confort,Chauffeur expérimenté,Espace de rangement,Éclairage tamisé,Navigation GPS",Planner,Yaounde
4052,Beti,"Chauffeur expérimenté,Assistance bagages,Musique,Cuisine,Sport,Boisson gratuite,Vue panoramique,Conversation,Animaux acceptés",Traveler,Yaounde
1814,Fontem,"Silence,Vue panoramique,Climatisation,Cuisine,Sièges inclinables,Ambiance chaleureuse,Langue parlée,Conversation,Wi-Fi gratuit,Navigation GPS,Chauffeur expérimenté,Connectivité,Confort,Boisson gratuite,Musique,Espace de rangement",Planner,Bertoua
3074,Bonamoussadi,"Assistance bagages,Ponctualité,Boisson gratuite,Connectivité,Silence,Conversation,Conduite souple,Ambiance chaleureuse,Sport,Chauffeur expérimenté,Éclairage tamisé,Confort,Vue panoramique",Traveler,Bonabéri
1925,Mokolo,"Langue parlée,Climatisation,Assistance bagages,Chauffeur expérimenté,Silence,Vue panoramique,Navigation GPS,Connectivité",Traveler,Bafang
2098,Essos,"Cuisine,Assistance bagages,Climatisation,Wi-Fi gratuit,Langue parlée,Conduite souple,Musique,Conversation,Sport,Boisson gratuite,Vue panoramique,Confort,Espace de rangement,Éclairage tamisé,Chauffeur expérimenté,Silence,Sièges inclinables,Ponctualité,Ambiance chaleureuse,Connectivité",Planner,Mokolo
3534,Mbalmayo,"Confort,Langue parlée,Ambiance chaleureuse,Conversation,Cuisine,Vue panoramique,Navigation GPS,Boisson gratuite,Sièges inclinables,Ponctualité,Musique,Chauffeur expérimenté",Planner,Yagoua
2474,Muyuka,"Chauffeur expérimenté,Wi-Fi gratuit,Langue parlée,Conduite souple,Animaux acceptés,Conversation,Ambiance chaleureuse,Confort,Sport,Assistance bagages,Ponctualité,Silence,Connectivité,Espace de rangement,Cuisine",Planner,Mokolo
323,Buea,"Boisson gratuite,Connectivité,Sièges inclinables,Espace de rangement,Confort,Vue panoramique,Sport,Climatisation,Assistance bagages,Animaux acceptés,Navigation GPS,Silence,Conduite souple,Ambiance chaleureuse,Éclairage tamisé,Langue parlée,Conversation,Musique,Ponctualité,Chauffeur expérimenté",Traveler,Mbandjock
697,Bafoussam,Espace de rangement,Planner,Mbouda
1124,Yagoua,"Ambiance chaleureuse,Navigation GPS,Conduite souple,Climatisation,Assistance bagages,Ponctualité,Espace de rangement,Sport,Chauffeur expérimenté,Sièges inclinables,Animaux acceptés,Vue panoramique,Conversation,Confort,Cuisine,Connectivité,Langue parlée,Wi-Fi gratuit",Traveler,Mbanga
3631,Mora,"Navigation GPS,Climatisation,Musique,Vue panoramique",Planner,Bamenda
2162,Bafang,"Animaux acceptés,Boisson gratuite,Conduite souple,Connectivité,Conversation,Langue parlée,Espace de rangement,Cuisine,Sièges inclinables,Silence,Sport,Vue panoramique",Planner,Nanga-Eboko
3109,Meiganga,"Wi-Fi gratuit,Éclairage tamisé,Boisson gratuite,Vue panoramique,Cuisine,Ponctualité,Conversation,Musique,Langue parlée,Sièges inclinables,Sport,Ambiance chaleureuse",Traveler,Bonaberi
4654,Nkongsamba,"Navigation GPS,Connectivité,Cuisine,Conduite souple,Climatisation,Langue parlée,Sport,Vue panoramique",Traveler,Douala
70,Mokolo,"Animaux acceptés,Ponctualité,Chauffeur expérimenté,Connectivité,Ambiance chaleureuse,Musique,Vue panoramique,Sièges inclinables,Espace de rangement,Wi-Fi gratuit,Sport,Conduite souple,Assistance bagages,Navigation GPS,Cuisine",Planner,Boutours
3418,Yaounde,"Ponctualité,Sport,Ambiance chaleureuse,Navigation GPS,Éclairage tamisé,Climatisation",Planner,Buea
2307,Nkongsamba,"Cuisine,Navigation GPS,Chauffeur expérimenté,Sièges inclinables,Boisson gratuite,Conversation,Espace de rangement,Assistance bagages,Climatisation,Langue parlée,Ponctualité,Ambiance chaleureuse",Planner,Loum
4036,Messa,"Assistance bagages,Vue panoramique,Connectivité,Sièges inclinables,Animaux acceptés,Langue parlée,Climatisation,Espace de rangement,Chauffeur expérimenté,Confort,Sport,Conduite souple,Wi-Fi gratuit,Ambiance chaleureuse,Musique,Silence",Planner,Belabo
3154,Gazawa,"Ambiance chaleureuse,Conversation,Espace de rangement,Vue panoramique,Wi-Fi gratuit,Connectivité,Navigation GPS,Musique,Chauffeur expérimenté,Ponctualité,Cuisine,Confort,Animaux acceptés,Sport,Boisson gratuite,Langue parlée,Climatisation,Éclairage tamisé",Traveler,Kousseri
1071,Guider,"Espace de rangement,Chauffeur expérimenté,Ambiance chaleureuse,Cuisine,Assistance bagages,Navigation GPS,Climatisation,Animaux acceptés,Musique,Boisson gratuite,Connectivité,Silence,Confort,Wi-Fi gratuit,Éclairage tamisé,Conduite souple,Vue panoramique,Sport,Langue parlée,Sièges inclinables,Ponctualité,Conversation",Traveler,Bonakouamouang
1488,Edéa,"Conversation,Chauffeur expérimenté,Connectivité,Éclairage tamisé,Wi-Fi gratuit,Boisson gratuite,Ponctualité,Musique,Ambiance chaleureuse,Confort,Assistance bagages,Climatisation,Espace de rangement,Navigation GPS,Silence,Animaux acceptés,Sport,Vue panoramique,Langue parlée",Planner,Loum
158,Bandjoun,"Musique,Confort,Climatisation,Navigation GPS,Animaux acceptés,Conduite souple,Espace de rangement,Conversation,Cuisine,Sport,Langue parlée",Traveler,Bali Nyonga
789,Bamenda,"Boisson gratuite,Ambiance chaleureuse,Conduite souple,Ponctualité,Éclairage tamisé,Wi-Fi gratuit,Vue panoramique,Langue parlée,Chauffeur expérimenté,Musique,Sièges inclinables",Planner,Bonamoussadi
40,Guider,"Boisson gratuite,Conduite souple,Assistance bagages,Éclairage tamisé,Connectivité,Navigation GPS,Chauffeur expérimenté,Ponctualité",Planner,Muyuka
4086,Bertoua,"Espace de rangement,Wi-Fi gratuit,Connectivité,Ambiance chaleureuse,Climatisation,Vue panoramique,Cuisine,Langue parlée,Navigation GPS,Conversation,Silence,Boisson gratuite,Éclairage tamisé,Animaux acceptés,Sièges inclinables,Chauffeur expérimenté,Ponctualité,Musique,Conduite souple,Assistance bagages",Traveler,Banga Bakundu
306,Bamenda,"Éclairage tamisé,Boisson gratuite,Ambiance chaleureuse,Assistance bagages,Sièges inclinables,Conduite souple,Vue panoramique,Sport,Cuisine,Wi-Fi gratuit,Ponctualité,Silence,Climatisation,Espace de rangement,Animaux acceptés,Connectivité,Chauffeur expérimenté,Navigation GPS,Musique,Conversation",Planner,Kribi
1296,Bandjoun,"Langue parlée,Ponctualité,Conduite souple,Cuisine,Animaux acceptés,Chauffeur expérimenté,Connectivité,Climatisation,Ambiance chaleureuse,Assistance bagages,Sièges inclinables,Éclairage tamisé,Sport,Espace de rangement",Traveler,Belo
1320,Bali Nyonga,"Chauffeur expérimenté,Boisson gratuite,Ambiance chaleureuse,Conversation,Connectivité,Silence,Langue parlée,Climatisation,Musique,Conduite souple,Cuisine,Assistance bagages,Espace de rangement,Sport,Ponctualité,Wi-Fi gratuit,Vue panoramique,Sièges inclinables,Confort,Éclairage tamisé,Navigation GPS",Traveler,Nanga-Eboko
34,Bertoua,"Éclairage tamisé,Animaux acceptés,Vue panoramique",Planner,Bimbia
3167,Campo,"Cuisine,Conversation,Conduite souple,Assistance bagages,Climatisation,Ponctualité,Animaux acceptés,Musique,Connectivité,Navigation GPS,Sport,Confort,Chauffeur expérimenté,Vue panoramique,Wi-Fi gratuit,Ambiance chaleureuse",Planner,Nkongsamba
2180,Mutengene,"Ambiance chaleureuse,Musique,Sièges inclinables,Sport,Climatisation,Confort,Vue panoramique,Ponctualité,Éclairage tamisé,Conversation,Cuisine,Langue parlée,Conduite souple,Assistance bagages,Boisson gratuite,Connectivité,Espace de rangement,Chauffeur expérimenté,Animaux acceptés,Silence,Wi-Fi gratuit",Traveler,Mbandjock
23,Beti,"Langue parlée,Boisson gratuite,Espace de rangement,Sport,Connectivité,Ponctualité,Animaux acceptés,Chauffeur expérimenté,Vue panoramique,Ambiance chaleureuse,Climatisation,Wi-Fi gratuit,Sièges inclinables,Navigation GPS",Planner,Bafang
1558,Bertoua,"Musique,Confort,Vue panoramique,Sport,Conversation,Connectivité,Éclairage tamisé,Espace de rangement,Ambiance chaleureuse",Planner,Muyuka
2628,Yaounde,"Chauffeur expérimenté,Connectivité,Boisson gratuite,Ambiance chaleureuse",Traveler,Bafoussam
643,Melong,"Ponctualité,Assistance bagages,Boisson gratuite,Langue parlée,Conduite souple,Chauffeur expérimenté,Espace de rangement,Animaux acceptés,Musique,Sièges inclinables,Conversation,Ambiance chaleureuse",Traveler,Maroua
568,Bafia,"Assistance bagages,Cuisine,Conversation,Climatisation,Sport",Traveler,Guider
4489,Mutengene,"Animaux acceptés,Confort",Traveler,Kribi
1423,Melong,"Animaux acceptés,Ambiance chaleureuse,Connectivité,Vue panoramique,Chauffeur expérimenté,Navigation GPS,Musique,Langue parlée,Cuisine,Silence,Confort,Conversation,Wi-Fi gratuit,Espace de rangement",Traveler,Bonanjo
4957,Buea,"Conduite souple,Ambiance chaleureuse,Musique,Climatisation,Confort,Langue parlée,Animaux acceptés,Silence,Cuisine,Assistance bagages,Conversation,Éclairage tamisé,Vue panoramique,Boisson gratuite,Navigation GPS,Connectivité",Traveler,Yaounde
1762,Maroua,"Espace de rangement,Navigation GPS,Animaux acceptés,Éclairage tamisé,Connectivité,Musique,Sport,Climatisation,Wi-Fi gratuit,Cuisine,Ambiance chaleureuse",Planner,Gazawa
1633,Muyuka,"Éclairage tamisé,Vue panoramique",Traveler,Maroua
167,Bali,"Musique,Animaux acceptés,Connectivité,Chauffeur expérimenté,Silence,Vue panoramique,Cuisine,Ponctualité,Climatisation,Ambiance chaleureuse,Espace de rangement,Éclairage tamisé,Assistance bagages,Sièges inclinables,Langue parlée",Planner,Buea
1097,Limbe,"Boisson gratuite,Conversation,Éclairage tamisé,Espace de rangement,Conduite souple,Cuisine,Climatisation,Musique",Traveler,Figuif
2136,Campo,"Musique,Éclairage tamisé,Sièges inclinables,Wi-Fi gratuit,Langue parlée,Silence,Conversation,Conduite souple,Ponctualité,Chauffeur expérimenté,Espace de rangement,Climatisation,Boisson gratuite,Connectivité,Cuisine,Sport,Vue panoramique,Navigation GPS,Animaux acceptés,Confort,Ambiance chaleureuse",Planner,Muyuka
120,Kousseri,"Conversation,Musique",Traveler,Muyuka
4135,Bonanjo,"Boisson gratuite,Éclairage tamisé,Conduite souple,Wi-Fi gratuit,Chauffeur expérimenté,Vue panoramique,Conversation,Langue parlée,Connectivité,Musique,Sport,Espace de rangement,Climatisation,Silence",Planner,Batibo
3968,Gazawa,"Assistance bagages,Silence,Ambiance chaleureuse,Ponctualité,Boisson gratuite,Connectivité,Navigation GPS,Animaux acceptés,Wi-Fi gratuit,Sièges inclinables,Conversation,Vue panoramique,Chauffeur expérimenté,Musique,Conduite souple,Sport,Langue parlée",Planner,Limbe
4357,Douala,"Conversation,Langue parlée,Wi-Fi gratuit,Assistance bagages,Ambiance chaleureuse,Éclairage tamisé,Espace de rangement,Boisson gratuite,Navigation GPS,Sièges inclinables,Musique,Cuisine,Climatisation,Conduite souple",Planner,Buea
515,Bonakouamouang,"Climatisation,Confort,Cuisine,Wi-Fi gratuit,Boisson gratuite,Ponctualité,Sport,Ambiance chaleureuse,Sièges inclinables,Musique,Silence,Éclairage tamisé,Espace de rangement,Chauffeur expérimenté,Conduite souple,Navigation GPS,Conversation",Traveler,Mbandjock
1602,Essos,"Éclairage tamisé,Ambiance chaleureuse,Cuisine,Boisson gratuite,Sièges inclinables,Confort,Wi-Fi gratuit,Ponctualité,Vue panoramique,Langue parlée,Assistance bagages,Espace de rangement,Navigation GPS,Sport,Climatisation,Conduite souple,Animaux acceptés,Musique,Silence,Chauffeur expérimenté",Planner,Guider
4829,Bandjoun,"Sièges inclinables,Cuisine,Climatisation,Langue parlée,Conduite souple,Boisson gratuite",Planner,Bonakouamouang
1742,Kumba,"Climatisation,Conversation,Wi-Fi gratuit",Traveler,Bonabéri
2170,Mutengene,"Sport,Ponctualité,Conduite souple,Ambiance chaleureuse,Animaux acceptés,Cuisine,Conversation,Chauffeur expérimenté,Boisson gratuite,Navigation GPS,Assistance bagages,Wi-Fi gratuit,Langue parlée,Éclairage tamisé,Vue panoramique,Silence,Climatisation,Sièges inclinables,Connectivité,Confort",Planner,Bali
4190,Gazawa,"Animaux acceptés,Sièges inclinables,Confort,Ponctualité,Silence,Éclairage tamisé,Conduite souple,Langue parlée,Cuisine,Assistance bagages,Climatisation,Ambiance chaleureuse,Sport,Musique,Chauffeur expérimenté,Navigation GPS,Espace de rangement,Connectivité,Wi-Fi gratuit,Conversation",Planner,Bonanjo
1568,Banga Bakundu,"Wi-Fi gratuit,Silence,Conversation,Cuisine,Connectivité,Assistance bagages",Traveler,Belo
4132,Bandjoun,"Conversation,Animaux acceptés,Ponctualité,Musique,Sièges inclinables,Conduite souple,Navigation GPS,Chauffeur expérimenté,Sport,Boisson gratuite,Assistance bagages,Espace de rangement,Confort,Langue parlée,Wi-Fi gratuit,Éclairage tamisé,Ambiance chaleureuse,Vue panoramique,Cuisine",Planner,Douala
3230,Kousseri,"Espace de rangement,Langue parlée,Conversation,Connectivité,Cuisine,Animaux acceptés",Traveler,Kousseri
1282,Bertoua,"Boisson gratuite,Éclairage tamisé,Conduite souple,Wi-Fi gratuit,Assistance bagages,Chauffeur expérimenté",Planner,Bertoua
3919,Yagoua,"Espace de rangement,Conversation,Éclairage tamisé,Sièges inclinables,Vue panoramique,Cuisine,Silence,Ambiance chaleureuse,Boisson gratuite,Climatisation",Planner,Kumba
3407,Guider,"Cuisine,Ambiance chaleureuse,Confort,Éclairage tamisé,Conversation,Ponctualité,Sièges inclinables,Sport,Conduite souple,Musique,Boisson gratuite,Chauffeur expérimenté,Navigation GPS,Vue panoramique,Wi-Fi gratuit,Connectivité",Traveler,Mbouda
3257,Gazawa,"Langue parlée,Éclairage tamisé,Cuisine,Musique,Conversation,Vue panoramique,Sièges inclinables,Sport,Boisson gratuite,Ponctualité,Espace de rangement,Climatisation",Planner,Bamenda
2455,Muyuka,"Connectivité,Silence,Vue panoramique,Espace de rangement,Animaux acceptés,Éclairage tamisé,Musique,Sièges inclinables,Sport",Planner,Campo
595,Bamenda,"Musique,Sport,Conversation,Sièges inclinables,Confort,Silence,Animaux acceptés,Boisson gratuite,Langue parlée,Assistance bagages,Wi-Fi gratuit,Ambiance chaleureuse,Connectivité,Vue panoramique,Chauffeur expérimenté,Ponctualité,Éclairage tamisé,Climatisation,Conduite souple,Cuisine",Planner,Kousseri
565,Banga Bakundu,"Langue parlée,Vue panoramique,Sièges inclinables,Navigation GPS,Conduite souple,Boisson gratuite,Ponctualité,Assistance bagages,Éclairage tamisé,Silence,Climatisation,Connectivité,Espace de rangement",Planner,Bogo
281,Kribi,"Confort,Wi-Fi gratuit,Conversation,Ambiance chaleureuse,Éclairage tamisé,Climatisation,Vue panoramique,Sièges inclinables,Connectivité,Conduite souple,Navigation GPS,Chauffeur expérimenté,Cuisine,Espace de rangement",Traveler,Bonaberi
18,Douala,"Ambiance chaleureuse,Conduite souple,Assistance bagages,Sport,Cuisine,Climatisation,Langue parlée,Conversation,Connectivité,Musique,Vue panoramique,Boisson gratuite,Confort,Chauffeur expérimenté,Silence,Éclairage tamisé,Espace de rangement,Wi-Fi gratuit",Traveler,Bogo
2930,Loum,"Climatisation,Conduite souple,Cuisine,Conversation,Connectivité,Wi-Fi gratuit,Sport,Silence,Navigation GPS,Confort,Animaux acceptés,Langue parlée,Vue panoramique,Ponctualité,Boisson gratuite",Planner,Mbouda
3628,Limbe,"Connectivité,Espace de rangement,Langue parlée,Wi-Fi gratuit,Ambiance chaleureuse,Sièges inclinables,Confort,Éclairage tamisé,Vue panoramique,Conversation,Assistance bagages,Chauffeur expérimenté,Ponctualité,Musique",Traveler,Nanga-Eboko
1369,Mbouda,"Silence,Espace de rangement,Assistance bagages,Éclairage tamisé,Langue parlée,Boisson gratuite,Ambiance chaleureuse,Climatisation,Navigation GPS,Chauffeur expérimenté,Wi-Fi gratuit,Musique,Cuisine",Traveler,Guider
3239,Bafoussam,"Cuisine,Connectivité,Espace de rangement,Wi-Fi gratuit,Silence,Ambiance chaleureuse,Animaux acceptés,Sport",Traveler,Belo
4683,Garoua,"Ponctualité,Vue panoramique,Silence,Conduite souple,Connectivité,Assistance bagages,Chauffeur expérimenté,Animaux acceptés,Sièges inclinables,Musique,Navigation GPS,Climatisation,Éclairage tamisé,Sport,Confort,Cuisine,Langue parlée,Ambiance chaleureuse,Boisson gratuite",Planner,Mbalmayo
2473,Mutengene,"Vue panoramique,Navigation GPS,Sport,Wi-Fi gratuit,Ponctualité,Boisson gratuite,Ambiance chaleureuse,Confort,Sièges inclinables,Chauffeur expérimenté,Musique,Espace de rangement,Climatisation,Assistance bagages,Conversation,Silence,Langue parlée",Traveler,Belo
996,Dibombari,"Conduite souple,Ambiance chaleureuse,Confort",Planner,Yaounde
2961,Bafoussam,"Sport,Vue panoramique,Ponctualité,Confort,Sièges inclinables,Chauffeur expérimenté,Navigation GPS,Langue parlée",Traveler,Bafang
4591,Limbe,"Conduite souple,Confort,Sport,Langue parlée,Boisson gratuite,Connectivité,Climatisation,Cuisine,Sièges inclinables,Wi-Fi gratuit,Espace de rangement,Navigation GPS,Conversation,Chauffeur expérimenté",Traveler,Mokolo
2884,Bafia,"Ambiance chaleureuse,Espace de rangement,Éclairage tamisé,Sport,Conversation,Animaux acceptés,Assistance bagages,Cuisine,Chauffeur expérimenté,Conduite souple,Boisson gratuite,Langue parlée,Wi-Fi gratuit,Vue panoramique,Climatisation,Navigation GPS,Sièges inclinables",Planner,Yagoua
4669,Banga Bakundu,"Langue parlée,Vue panoramique,Musique,Silence,Boisson gratuite,Éclairage tamisé,Sièges inclinables,Ponctualité,Chauffeur expérimenté,Wi-Fi gratuit,Conduite souple,Ambiance chaleureuse,Sport,Connectivité,Cuisine,Espace de rangement,Climatisation,Assistance bagages,Confort",Planner,Meiganga
3424,Bamenda,"Cuisine,Navigation GPS,Éclairage tamisé,Conduite souple,Boisson gratuite,Climatisation,Connectivité,Ambiance chaleureuse",Planner,Bandjoun
4728,Fontem,"Climatisation,Wi-Fi gratuit,Éclairage tamisé,Connectivité,Conversation,Musique,Langue parlée,Sièges inclinables,Cuisine,Animaux acceptés,Vue panoramique,Assistance bagages,Silence,Ambiance chaleureuse,Chauffeur expérimenté,Conduite souple,Espace de rangement",Planner,Bafang
4587,Bali Nyonga,"Assistance bagages,Ponctualité,Sport,Connectivité,Boisson gratuite,Conversation,Navigation GPS,Conduite souple,Langue parlée,Animaux acceptés,Chauffeur expérimenté,Climatisation,Vue panoramique,Musique,Sièges inclinables,Cuisine,Wi-Fi gratuit,Confort",Planner,Bandjoun
562,Mbalmayo,"Espace de rangement,Musique,Wi-Fi gratuit,Animaux acceptés,Ambiance chaleureuse,Navigation GPS,Cuisine,Confort,Chauffeur expérimenté,Conduite souple,Éclairage tamisé,Boisson gratuite,Vue panoramique,Connectivité,Langue parlée,Ponctualité,Climatisation,Conversation,Assistance bagages,Silence,Sport",Planner,Banga Bakundu
2636,Loum,"Conversation,Boisson gratuite,Sièges inclinables,Éclairage tamisé,Wi-Fi gratuit,Animaux acceptés,Conduite souple,Musique,Vue panoramique",Traveler,Bamenda
2790,Maroua,"Espace de rangement,Silence,Sport,Wi-Fi gratuit,Boisson gratuite,Sièges inclinables,Ambiance chaleureuse,Assistance bagages,Climatisation,Conduite souple,Musique,Cuisine,Navigation GPS,Confort,Vue panoramique,Animaux acceptés,Langue parlée",Planner,Bonanjo
3544,Mora,"Climatisation,Langue parlée,Éclairage tamisé,Boisson gratuite,Silence,Chauffeur expérimenté,Assistance bagages,Animaux acceptés,Connectivité,Cuisine,Conversation",Planner,Essos
4519,Beti,"Espace de rangement,Navigation GPS,Climatisation,Chauffeur expérimenté,Cuisine,Ponctualité,Silence,Sport,Langue parlée",Traveler,Mutengene
1804,Bonakouamouang,"Climatisation,Espace de rangement",Planner,Bertoua
1108,Bali,"Espace de rangement,Wi-Fi gratuit,Vue panoramique,Sport",Traveler,Bonabéri
1918,Belabo,"Climatisation,Chauffeur expérimenté,Confort,Boisson gratuite,Ambiance chaleureuse,Ponctualité,Conversation,Assistance bagages,Animaux acceptés,Silence,Navigation GPS,Sport,Vue panoramique,Espace de rangement,Langue parlée,Wi-Fi gratuit",Traveler,Garoua
5,Beti,"Cuisine,Boisson gratuite,Sport,Conduite souple,Ambiance chaleureuse,Éclairage tamisé,Confort,Animaux acceptés",Traveler,Essos
1361,Figuif,"Vue panoramique,Cuisine,Climatisation,Langue parlée",Traveler,Bimbia
1159,Douala,"Musique,Sièges inclinables,Espace de rangement,Assistance bagages,Cuisine,Éclairage tamisé,Vue panoramique,Ponctualité,Climatisation,Langue parlée,Silence,Sport,Boisson gratuite,Chauffeur expérimenté,Wi-Fi gratuit,Ambiance chaleureuse",Traveler,Guider
1992,Mokolo,"Assistance bagages,Espace de rangement,Conduite souple,Vue panoramique,Ambiance chaleureuse,Conversation,Connectivité,Éclairage tamisé,Navigation GPS,Confort,Animaux acceptés,Chauffeur expérimenté",Planner,Bonanjo
3896,Bonakouamouang,"Assistance bagages,Sièges inclinables,Espace de rangement",Traveler,Essos
4693,Yagoua,"Climatisation,Confort,Ponctualité,Cuisine,Sport,Vue panoramique,Conversation,Espace de rangement,Animaux acceptés,Wi-Fi gratuit,Langue parlée,Connectivité,Chauffeur expérimenté,Conduite souple,Musique,Assistance bagages",Traveler,Belo
2512,Mokolo,"Conduite souple,Connectivité,Ponctualité",Traveler,Banga Bakundu
3090,Bonabéri,"Sièges inclinables,Conduite souple,Wi-Fi gratuit,Ponctualité",Traveler,Yaounde
1680,Bafoussam,"Vue panoramique,Animaux acceptés,Navigation GPS,Espace de rangement,Confort,Langue parlée",Traveler,Mutengene
1180,Bertoua,"Connectivité,Vue panoramique,Animaux acceptés,Langue parlée,Boisson gratuite,Conduite souple,Sièges inclinables",Planner,Bogo
982,Gazawa,"Sport,Sièges inclinables,Cuisine,Assistance bagages,Vue panoramique,Ponctualité",Planner,Garoua
4453,Banga Bakundu,Ponctualité,Traveler,Bafia
4016,Mbalmayo,"Assistance bagages,Climatisation,Vue panoramique,Chauffeur expérimenté,Musique,Éclairage tamisé,Sièges inclinables",Traveler,Fontem
920,Belo,"Espace de rangement,Conversation,Vue panoramique,Sport,Confort,Sièges inclinables,Ambiance chaleureuse,Ponctualité,Wi-Fi gratuit,Boisson gratuite,Cuisine,Musique,Assistance bagages,Silence,Éclairage tamisé,Chauffeur expérimenté,Navigation GPS,Climatisation,Connectivité,Animaux acceptés,Langue parlée,Conduite souple",Planner,Bonamoussadi
2274,Meiganga,"Navigation GPS,Vue panoramique,Sport,Confort,Espace de rangement,Cuisine,Conversation,Éclairage tamisé,Wi-Fi gratuit,Sièges inclinables,Ambiance chaleureuse,Silence,Ponctualité,Chauffeur expérimenté,Assistance bagages,Conduite souple,Musique,Connectivité,Animaux acceptés,Langue parlée",Traveler,Bafia
1536,Gazawa,"Connectivité,Confort,Assistance bagages,Chauffeur expérimenté,Sport,Musique,Conduite souple,Espace de rangement,Boisson gratuite,Navigation GPS,Climatisation,Langue parlée,Cuisine,Conversation,Éclairage tamisé,Ponctualité,Silence,Sièges inclinables,Wi-Fi gratuit,Ambiance chaleureuse,Vue panoramique",Planner,Essos
4464,Boutours,"Connectivité,Conversation,Sièges inclinables,Musique,Langue parlée,Assistance bagages,Espace de rangement,Éclairage tamisé,Ponctualité,Conduite souple,Wi-Fi gratuit,Vue panoramique",Traveler,Campo
4603,Banga Bakundu,"Musique,Chauffeur expérimenté",Planner,Yagoua
2555,Batibo,"Sport,Animaux acceptés,Confort,Ambiance chaleureuse,Wi-Fi gratuit,Boisson gratuite,Assistance bagages,Musique,Conversation,Vue panoramique,Conduite souple,Climatisation,Éclairage tamisé,Chauffeur expérimenté",Traveler,Buea
3117,Bali,"Chauffeur expérimenté,Éclairage tamisé,Navigation GPS,Connectivité,Conversation,Vue panoramique,Assistance bagages,Animaux acceptés,Langue parlée,Climatisation,Cuisine,Silence,Sièges inclinables,Confort,Ponctualité,Musique,Wi-Fi gratuit,Sport,Espace de rangement",Traveler,Dibombari
285,Banga Bakundu,"Éclairage tamisé,Silence,Sièges inclinables,Musique,Sport,Ambiance chaleureuse,Boisson gratuite,Chauffeur expérimenté,Vue panoramique,Climatisation,Navigation GPS,Ponctualité,Espace de rangement,Cuisine,Langue parlée,Wi-Fi gratuit,Assistance bagages,Conduite souple,Animaux acceptés",Planner,Nanga-Eboko
1751,Mbalmayo,"Vue panoramique,Boisson gratuite,Conversation,Chauffeur expérimenté,Ambiance chaleureuse,Animaux acceptés,Assistance bagages,Wi-Fi gratuit,Éclairage tamisé,Ponctualité,Connectivité,Langue parlée,Confort,Cuisine,Sport",Traveler,Banga Bakundu
4084,Buea,"Éclairage tamisé,Vue panoramique",Planner,Figuif
3587,Bertoua,"Cuisine,Espace de rangement,Animaux acceptés,Vue panoramique,Chauffeur expérimenté,Langue parlée,Silence,Confort,Climatisation,Musique,Wi-Fi gratuit,Conduite souple,Conversation,Boisson gratuite,Sport,Sièges inclinables,Ambiance chaleureuse,Connectivité,Assistance bagages,Éclairage tamisé",Traveler,Buea
2664,Yagoua,"Conversation,Wi-Fi gratuit,Chauffeur expérimenté,Éclairage tamisé,Assistance bagages,Ponctualité,Sièges inclinables,Conduite souple,Langue parlée",Planner,Campo
1754,Guider,"Espace de rangement,Ponctualité,Vue panoramique,Connectivité,Sièges inclinables,Cuisine,Éclairage tamisé,Navigation GPS,Animaux acceptés,Chauffeur expérimenté,Sport,Silence,Assistance bagages,Boisson gratuite,Wi-Fi gratuit,Confort,Ambiance chaleureuse,Conversation,Musique,Climatisation,Conduite souple,Langue parlée",Traveler,Nkongsamba
4216,Bonakouamouang,"Assistance bagages,Navigation GPS,Ambiance chaleureuse,Connectivité",Planner,Nanga-Eboko
4308,Meiganga,"Chauffeur expérimenté,Musique,Conversation,Éclairage tamisé,Connectivité,Cuisine,Langue parlée,Sport",Planner,Maroua
1002,Banga Bakundu,"Musique,Confort,Animaux acceptés,Espace de rangement,Navigation GPS,Boisson gratuite,Éclairage tamisé,Sièges inclinables,Climatisation",Planner,Meiganga
568,Belabo,"Silence,Éclairage tamisé,Vue panoramique,Boisson gratuite,Wi-Fi gratuit,Connectivité,Conversation,Assistance bagages,Musique,Sport",Planner,Bonabéri
934,Batibo,"Langue parlée,Conversation,Confort,Connectivité,Animaux acceptés,Éclairage tamisé,Sièges inclinables,Chauffeur expérimenté",Traveler,Garoua
4128,Yaounde,"Wi-Fi gratuit,Chauffeur expérimenté,Sport,Sièges inclinables,Assistance bagages,Vue panoramique,Climatisation,Cuisine,Navigation GPS",Traveler,Essos
1020,Mutengene,"Musique,Vue panoramique,Espace de rangement",Traveler,Beti
3275,Mokolo,"Vue panoramique,Conversation,Chauffeur expérimenté,Langue parlée,Éclairage tamisé,Musique,Connectivité,Climatisation,Confort",Planner,Bali Nyonga
564,Belo,"Chauffeur expérimenté,Boisson gratuite,Animaux acceptés,Ponctualité,Conduite souple,Confort,Éclairage tamisé,Assistance bagages,Conversation,Navigation GPS,Espace de rangement,Connectivité,Langue parlée,Sport,Ambiance chaleureuse,Wi-Fi gratuit,Climatisation,Musique,Sièges inclinables,Silence,Cuisine,Vue panoramique",Traveler,Maroua
2144,Bonakouamouang,"Chauffeur expérimenté,Wi-Fi gratuit,Conduite souple,Vue panoramique,Ponctualité,Assistance bagages,Sièges inclinables,Confort,Langue parlée,Navigation GPS,Ambiance chaleureuse,Cuisine,Sport,Connectivité,Musique,Boisson gratuite,Animaux acceptés,Éclairage tamisé,Conversation,Silence,Espace de rangement,Climatisation",Traveler,Bafoussam
1268,Meiganga,"Espace de rangement,Musique,Boisson gratuite,Sièges inclinables,Wi-Fi gratuit,Animaux acceptés,Ambiance chaleureuse,Navigation GPS",Planner,Bonanjo
141,Gazawa,"Ponctualité,Wi-Fi gratuit,Sport,Confort,Espace de rangement,Musique,Animaux acceptés,Conversation,Vue panoramique,Assistance bagages,Silence,Cuisine,Éclairage tamisé,Navigation GPS,Sièges inclinables,Climatisation,Connectivité,Conduite souple,Chauffeur expérimenté,Ambiance chaleureuse",Traveler,Bertoua
2613,Limbe,"Espace de rangement,Langue parlée,Confort,Navigation GPS,Cuisine,Animaux acceptés,Conduite souple,Ambiance chaleureuse,Éclairage tamisé,Assistance bagages,Sport,Wi-Fi gratuit,Vue panoramique,Boisson gratuite,Musique,Chauffeur expérimenté,Silence",Traveler,Bonanjo
2953,Batibo,Ponctualité,Traveler,Messa
1628,Meiganga,Conduite souple,Traveler,Bonanjo
1562,Banga Bakundu,"Ambiance chaleureuse,Silence,Chauffeur expérimenté,Animaux acceptés,Langue parlée,Assistance bagages,Connectivité,Confort,Vue panoramique,Cuisine,Ponctualité,Conduite souple,Navigation GPS,Wi-Fi gratuit,Sport,Sièges inclinables,Musique,Boisson gratuite,Climatisation",Traveler,Bogo
24,Bertoua,"Conduite souple,Vue panoramique,Sièges inclinables,Musique",Planner,Bimbia
3353,Yaounde,"Ambiance chaleureuse,Climatisation,Silence,Sièges inclinables,Wi-Fi gratuit",Traveler,Bonaberi
2024,Kousseri,"Navigation GPS,Wi-Fi gratuit,Éclairage tamisé,Confort,Climatisation,Musique,Ambiance chaleureuse,Silence,Assistance bagages,Espace de rangement,Langue parlée,Conversation,Chauffeur expérimenté,Boisson gratuite,Conduite souple,Animaux acceptés,Ponctualité,Vue panoramique,Sport",Planner,Kumba
4793,Bonabéri,"Assistance bagages,Sport,Ambiance chaleureuse,Musique",Traveler,Bamenda
1309,Mbandjock,"Assistance bagages,Animaux acceptés,Boisson gratuite,Wi-Fi gratuit,Ambiance chaleureuse,Conversation",Traveler,Melong
2291,Mutengene,"Langue parlée,Espace de rangement,Cuisine,Animaux acceptés,Navigation GPS,Assistance bagages,Boisson gratuite,Wi-Fi gratuit,Sièges inclinables,Confort,Éclairage tamisé,Climatisation,Conversation,Musique,Sport,Vue panoramique,Silence,Ponctualité,Conduite souple,Connectivité,Ambiance chaleureuse",Planner,Bonakouamouang
4558,Bimbia,"Ambiance chaleureuse,Wi-Fi gratuit,Silence,Vue panoramique,Éclairage tamisé,Confort,Conduite souple,Animaux acceptés,Conversation,Sport,Langue parlée,Cuisine,Climatisation,Musique,Ponctualité,Assistance bagages",Traveler,Bimbia
1088,Nanga-Eboko,"Confort,Climatisation,Sport,Animaux acceptés,Musique,Ponctualité,Silence,Cuisine,Conduite souple,Conversation,Navigation GPS,Ambiance chaleureuse",Traveler,Messa
940,Bonaberi,"Climatisation,Musique,Ponctualité,Connectivité,Conduite souple,Sport,Cuisine,Assistance bagages,Boisson gratuite,Chauffeur expérimenté,Ambiance chaleureuse,Navigation GPS,Wi-Fi gratuit,Langue parlée,Silence",Planner,Bafia
3301,Bonamoussadi,"Cuisine,Chauffeur expérimenté,Éclairage tamisé,Silence,Connectivité,Vue panoramique,Navigation GPS,Langue parlée,Espace de rangement,Conversation,Animaux acceptés,Climatisation,Boisson gratuite,Sièges inclinables,Wi-Fi gratuit,Ambiance chaleureuse",Planner,Yaounde
3799,Bamenda,"Chauffeur expérimenté,Langue parlée,Cuisine,Assistance bagages,Boisson gratuite,Animaux acceptés,Silence,Conversation,Confort",Traveler,Bimbia
1822,Melong,"Confort,Vue panoramique,Langue parlée",Traveler,Mokolo
2179,Muyuka,"Sport,Navigation GPS,Sièges inclinables,Conduite souple,Wi-Fi gratuit,Climatisation",Planner,Bafoussam
1211,Bamenda,"Ponctualité,Conduite souple,Assistance bagages,Musique",Traveler,Bali Nyonga
2473,Bertoua,"Sièges inclinables,Espace de rangement,Silence,Connectivité,Climatisation,Confort,Assistance bagages,Animaux acceptés,Vue panoramique,Boisson gratuite,Musique,Langue parlée,Navigation GPS,Conduite souple,Sport,Wi-Fi gratuit,Éclairage tamisé,Cuisine,Chauffeur expérimenté,Ponctualité,Ambiance chaleureuse,Conversation",Planner,Mora
1324,Belabo,"Langue parlée,Vue panoramique,Animaux acceptés,Assistance bagages,Musique,Chauffeur expérimenté,Cuisine,Climatisation,Navigation GPS,Silence,Éclairage tamisé,Sport,Boisson gratuite,Wi-Fi gratuit",Traveler,Buea
1587,Messa,"Espace de rangement,Cuisine,Assistance bagages,Climatisation",Traveler,Garoua
1872,Beti,"Connectivité,Ambiance chaleureuse,Boisson gratuite,Chauffeur expérimenté,Sièges inclinables,Confort,Langue parlée,Silence,Navigation GPS,Conversation,Animaux acceptés,Cuisine,Assistance bagages,Musique,Espace de rangement,Climatisation,Vue panoramique,Éclairage tamisé,Ponctualité,Sport",Traveler,Gazawa
4598,Limbe,"Ponctualité,Climatisation,Éclairage tamisé,Assistance bagages,Musique,Connectivité,Cuisine,Wi-Fi gratuit,Langue parlée",Planner,Mbouda
3832,Bamenda,"Ambiance chaleureuse,Sport,Climatisation,Conversation,Vue panoramique,Navigation GPS,Connectivité,Chauffeur expérimenté,Musique,Langue parlée,Cuisine,Ponctualité,Éclairage tamisé,Wi-Fi gratuit,Silence,Conduite souple",Planner,Gazawa
4934,Bonakouamouang,"Vue panoramique,Climatisation,Assistance bagages,Navigation GPS,Éclairage tamisé,Wi-Fi gratuit",Planner,Banga Bakundu
2524,Mbouda,"Conduite souple,Musique,Silence,Éclairage tamisé,Sièges inclinables,Espace de rangement,Vue panoramique,Navigation GPS,Chauffeur expérimenté,Cuisine",Planner,Bonabéri
3214,Meiganga,"Silence,Éclairage tamisé,Connectivité,Ambiance chaleureuse,Conversation,Confort",Planner,Gazawa
1776,Bafoussam,"Connectivité,Espace de rangement,Conduite souple,Langue parlée,Musique,Sport,Conversation,Silence,Cuisine,Assistance bagages,Climatisation,Animaux acceptés,Sièges inclinables,Éclairage tamisé,Wi-Fi gratuit,Ambiance chaleureuse,Confort,Ponctualité,Vue panoramique,Chauffeur expérimenté,Boisson gratuite",Planner,Bonaberi
4878,Mbanga,"Conduite souple,Assistance bagages,Silence,Langue parlée,Ponctualité,Connectivité,Sport,Sièges inclinables,Espace de rangement,Musique,Confort,Boisson gratuite,Chauffeur expérimenté,Climatisation",Traveler,Nanga-Eboko
3452,Bonaberi,"Confort,Silence,Chauffeur expérimenté,Ambiance chaleureuse,Vue panoramique,Boisson gratuite,Sièges inclinables,Navigation GPS,Sport,Musique,Conversation,Cuisine,Conduite souple,Éclairage tamisé,Assistance bagages,Langue parlée,Connectivité,Climatisation,Animaux acceptés,Ponctualité,Espace de rangement",Traveler,Gazawa
4293,Mbouda,"Sièges inclinables,Éclairage tamisé,Navigation GPS,Conversation,Connectivité,Ambiance chaleureuse,Musique,Confort,Sport,Conduite souple,Langue parlée,Espace de rangement,Vue panoramique,Boisson gratuite,Climatisation",Planner,Mbandjock
1153,Maroua,"Cuisine,Vue panoramique,Confort,Ambiance chaleureuse,Conversation,Sport,Espace de rangement,Ponctualité",Traveler,Gazawa
2210,Kribi,"Sport,Ponctualité,Espace de rangement",Planner,Mutengene
4019,Yagoua,Éclairage tamisé,Planner,Kumba
3500,Banga Bakundu,"Conversation,Éclairage tamisé,Cuisine,Conduite souple,Sièges inclinables,Animaux acceptés,Boisson gratuite,Connectivité,Musique,Assistance bagages,Confort,Wi-Fi gratuit,Langue parlée",Traveler,Fontem
2465,Nkongsamba,"Musique,Cuisine,Boisson gratuite,Espace de rangement,Vue panoramique,Animaux acceptés,Sport,Ponctualité,Conversation,Silence,Confort,Assistance bagages,Langue parlée,Wi-Fi gratuit,Climatisation,Éclairage tamisé,Ambiance chaleureuse,Chauffeur expérimenté,Sièges inclinables,Conduite souple,Connectivité",Planner,Douala
899,Limbe,"Sport,Sièges inclinables,Wi-Fi gratuit,Ponctualité,Animaux acceptés,Chauffeur expérimenté,Connectivité,Confort,Climatisation,Conversation,Musique,Assistance bagages,Conduite souple,Boisson gratuite,Vue panoramique,Éclairage tamisé,Silence,Espace de rangement",Traveler,Bonabéri
4585,Campo,"Wi-Fi gratuit,Espace de rangement,Boisson gratuite,Assistance bagages,Silence,Connectivité,Navigation GPS,Sièges inclinables",Traveler,Mbouda
3221,Banga Bakundu,"Sport,Chauffeur expérimenté,Climatisation,Assistance bagages,Conversation,Sièges inclinables,Langue parlée,Connectivité,Silence,Vue panoramique,Animaux acceptés",Traveler,Bamenda
4792,Bamenda,"Wi-Fi gratuit,Navigation GPS,Ponctualité,Éclairage tamisé,Musique,Sièges inclinables,Climatisation,Confort,Animaux acceptés,Conversation,Espace de rangement,Conduite souple,Ambiance chaleureuse,Connectivité,Chauffeur expérimenté,Vue panoramique,Silence,Sport",Planner,Douala
3996,Belabo,"Musique,Confort,Animaux acceptés,Vue panoramique,Silence,Langue parlée,Assistance bagages,Éclairage tamisé,Conduite souple,Climatisation,Cuisine,Ambiance chaleureuse,Sport,Connectivité,Conversation,Wi-Fi gratuit,Boisson gratuite,Navigation GPS",Traveler,Bertoua
2484,Melong,"Navigation GPS,Vue panoramique,Confort,Cuisine,Conversation,Langue parlée,Assistance bagages,Ponctualité,Sièges inclinables,Musique,Sport,Conduite souple",Traveler,Dibombari
4584,Kousseri,"Wi-Fi gratuit,Musique,Climatisation,Vue panoramique,Navigation GPS,Conduite souple,Chauffeur expérimenté,Sièges inclinables",Traveler,Bonabéri
4084,Garoua,"Climatisation,Chauffeur expérimenté,Ponctualité,Conduite souple,Espace de rangement,Langue parlée,Navigation GPS,Confort,Ambiance chaleureuse,Connectivité,Wi-Fi gratuit,Sièges inclinables,Conversation",Planner,Boutours
4280,Essos,"Wi-Fi gratuit,Musique,Cuisine,Éclairage tamisé,Assistance bagages,Ponctualité,Chauffeur expérimenté,Navigation GPS,Conversation",Traveler,Buea
1875,Belo,"Ponctualité,Cuisine,Climatisation,Ambiance chaleureuse,Chauffeur expérimenté,Silence,Espace de rangement,Wi-Fi gratuit,Navigation GPS",Planner,Bali
4119,Figuif,"Sièges inclinables,Navigation GPS,Boisson gratuite,Chauffeur expérimenté,Cuisine,Conduite souple,Climatisation,Assistance bagages,Animaux acceptés,Sport,Wi-Fi gratuit,Silence,Espace de rangement,Confort,Musique,Ambiance chaleureuse,Conversation,Éclairage tamisé,Langue parlée,Vue panoramique,Connectivité,Ponctualité",Traveler,Belo
3039,Yaounde,"Vue panoramique,Sièges inclinables,Chauffeur expérimenté,Langue parlée,Animaux acceptés,Assistance bagages,Éclairage tamisé,Boisson gratuite,Ponctualité,Connectivité,Espace de rangement,Musique,Wi-Fi gratuit,Sport,Conduite souple,Conversation",Planner,Belo
4784,Nanga-Eboko,"Navigation GPS,Cuisine,Sport,Éclairage tamisé,Langue parlée",Planner,Fontem
473,Campo,"Sport,Éclairage tamisé,Navigation GPS,Langue parlée,Connectivité,Wi-Fi gratuit,Conduite souple,Cuisine,Sièges inclinables,Silence,Boisson gratuite,Climatisation,Chauffeur expérimenté,Espace de rangement,Ponctualité,Conversation,Confort,Assistance bagages",Planner,Nanga-Eboko
3741,Bogo,"Conduite souple,Chauffeur expérimenté,Boisson gratuite,Sport,Silence,Ambiance chaleureuse,Navigation GPS,Conversation,Cuisine,Musique,Sièges inclinables,Wi-Fi gratuit,Éclairage tamisé,Langue parlée",Traveler,Bonabéri
3585,Guider,"Ambiance chaleureuse,Langue parlée,Connectivité,Wi-Fi gratuit,Silence,Conduite souple,Ponctualité,Musique,Chauffeur expérimenté,Sport,Conversation,Confort,Cuisine,Boisson gratuite,Vue panoramique,Animaux acceptés,Éclairage tamisé",Traveler,Bali Nyonga
4760,Yaounde,"Vue panoramique,Conduite souple,Éclairage tamisé,Navigation GPS,Silence,Wi-Fi gratuit,Confort,Animaux acceptés,Boisson gratuite,Musique,Connectivité,Climatisation,Chauffeur expérimenté,Conversation,Espace de rangement,Ponctualité,Sport,Langue parlée,Sièges inclinables,Ambiance chaleureuse,Cuisine",Planner,Bonabéri
2299,Garoua,"Navigation GPS,Wi-Fi gratuit,Ponctualité,Cuisine,Éclairage tamisé",Planner,Loum
1800,Guider,"Vue panoramique,Confort,Espace de rangement,Cuisine,Musique,Animaux acceptés,Ponctualité,Chauffeur expérimenté,Sièges inclinables,Éclairage tamisé,Silence,Assistance bagages,Ambiance chaleureuse,Connectivité,Sport,Langue parlée,Conduite souple,Boisson gratuite,Climatisation,Conversation,Navigation GPS,Wi-Fi gratuit",Traveler,Bafoussam
2409,Loum,"Sièges inclinables,Wi-Fi gratuit,Conversation,Boisson gratuite,Silence,Espace de rangement,Cuisine,Musique,Chauffeur expérimenté,Animaux acceptés,Assistance bagages,Connectivité,Ambiance chaleureuse,Confort,Sport,Ponctualité,Navigation GPS,Langue parlée,Climatisation,Conduite souple,Éclairage tamisé",Planner,Fontem
1205,Limbe,"Chauffeur expérimenté,Sièges inclinables,Boisson gratuite,Navigation GPS,Climatisation,Espace de rangement,Connectivité,Conduite souple,Animaux acceptés,Langue parlée,Cuisine,Éclairage tamisé,Ponctualité,Ambiance chaleureuse,Sport,Silence,Vue panoramique,Confort,Musique",Traveler,Banga Bakundu
4198,Nkongsamba,"Musique,Cuisine,Ambiance chaleureuse,Silence,Conduite souple,Boisson gratuite,Espace de rangement,Connectivité,Sièges inclinables,Éclairage tamisé,Ponctualité,Animaux acceptés,Assistance bagages,Climatisation,Langue parlée,Chauffeur expérimenté,Navigation GPS,Confort,Conversation,Sport",Planner,Figuif
2612,Bamenda,"Sport,Animaux acceptés,Assistance bagages,Navigation GPS,Sièges inclinables,Conversation,Ponctualité,Conduite souple,Climatisation,Ambiance chaleureuse",Planner,Bimbia
2578,Bafoussam,"Ambiance chaleureuse,Silence,Espace de rangement,Sport,Ponctualité,Sièges inclinables,Navigation GPS,Éclairage tamisé,Vue panoramique,Wi-Fi gratuit,Boisson gratuite,Assistance bagages",Traveler,Buea
4085,Bandjoun,"Connectivité,Langue parlée,Boisson gratuite,Animaux acceptés,Chauffeur expérimenté,Silence,Assistance bagages",Traveler,Bogo
4176,Edéa,Silence,Traveler,Mora
1457,Kribi,"Conduite souple,Conversation,Climatisation,Langue parlée,Ponctualité,Silence,Vue panoramique,Cuisine,Chauffeur expérimenté,Connectivité,Musique,Ambiance chaleureuse,Confort,Navigation GPS,Espace de rangement,Animaux acceptés",Traveler,Melong
3618,Bonanjo,"Wi-Fi gratuit,Navigation GPS,Sièges inclinables,Ponctualité,Assistance bagages,Animaux acceptés,Musique,Confort,Espace de rangement,Ambiance chaleureuse,Cuisine,Éclairage tamisé,Silence,Boisson gratuite,Sport,Connectivité,Vue panoramique,Chauffeur expérimenté",Traveler,Mbandjock
358,Batibo,Langue parlée,Planner,Loum
3123,Batibo,"Éclairage tamisé,Conduite souple,Connectivité,Conversation,Chauffeur expérimenté,Sport,Langue parlée,Vue panoramique,Assistance bagages,Navigation GPS,Ponctualité,Silence,Ambiance chaleureuse,Espace de rangement,Wi-Fi gratuit,Confort,Sièges inclinables,Musique,Animaux acceptés,Climatisation,Boisson gratuite",Planner,Mbouda
4893,Garoua,"Connectivité,Sport,Vue panoramique,Confort,Conversation,Cuisine,Animaux acceptés,Conduite souple,Climatisation,Ambiance chaleureuse,Silence,Espace de rangement,Assistance bagages,Musique,Chauffeur expérimenté,Ponctualité",Planner,Mbouda
261,Bafang,"Climatisation,Chauffeur expérimenté,Langue parlée,Boisson gratuite,Sport,Connectivité,Ambiance chaleureuse,Espace de rangement,Assistance bagages,Éclairage tamisé,Cuisine,Silence,Musique,Vue panoramique,Sièges inclinables,Conversation",Traveler,Edéa
48,Mbandjock,"Animaux acceptés,Silence,Connectivité,Chauffeur expérimenté,Vue panoramique",Planner,Beti
3545,Mokolo,"Boisson gratuite,Chauffeur expérimenté,Navigation GPS,Connectivité,Espace de rangement,Conduite souple,Éclairage tamisé,Conversation,Wi-Fi gratuit,Ponctualité,Ambiance chaleureuse,Vue panoramique,Cuisine,Musique,Confort,Climatisation,Animaux acceptés,Sièges inclinables,Langue parlée",Traveler,Dibombari
613,Bogo,"Conduite souple,Éclairage tamisé,Musique,Cuisine,Assistance bagages,Langue parlée,Animaux acceptés,Silence,Confort,Vue panoramique,Connectivité,Boisson gratuite,Ponctualité,Wi-Fi gratuit",Planner,Fontem
2890,Yagoua,"Boisson gratuite,Cuisine,Climatisation,Wi-Fi gratuit,Éclairage tamisé",Traveler,Mokolo
4617,Campo,"Musique,Navigation GPS,Langue parlée,Conversation,Sport,Boisson gratuite,Connectivité",Traveler,Dibombari
2712,Muyuka,"Chauffeur expérimenté,Confort,Sièges inclinables,Ponctualité,Ambiance chaleureuse,Musique,Sport",Traveler,Mbouda
4096,Mbalmayo,"Ponctualité,Chauffeur expérimenté,Conversation,Climatisation,Langue parlée,Wi-Fi gratuit,Vue panoramique,Navigation GPS,Connectivité,Ambiance chaleureuse,Sport,Silence,Boisson gratuite,Cuisine,Éclairage tamisé",Planner,Fontem
4101,Batibo,"Sièges inclinables,Confort,Langue parlée,Conduite souple,Cuisine,Musique,Vue panoramique,Navigation GPS,Espace de rangement,Assistance bagages,Chauffeur expérimenté,Animaux acceptés",Traveler,Mokolo
4038,Bertoua,"Assistance bagages,Ambiance chaleureuse,Boisson gratuite,Climatisation,Silence,Connectivité,Animaux acceptés,Sport,Cuisine,Chauffeur expérimenté,Vue panoramique,Éclairage tamisé,Musique,Espace de rangement,Langue parlée,Ponctualité,Wi-Fi gratuit,Conversation,Navigation GPS",Planner,Mora
2191,Essos,"Cuisine,Musique",Planner,Bandjoun
1203,Mbalmayo,"Chauffeur expérimenté,Espace de rangement",Planner,Belabo
2680,Belo,"Cuisine,Langue parlée,Silence,Assistance bagages,Confort,Conversation,Conduite souple,Navigation GPS,Ponctualité",Traveler,Bafoussam
2331,Nkongsamba,"Vue panoramique,Sport,Éclairage tamisé,Animaux acceptés,Connectivité,Musique,Navigation GPS,Assistance bagages,Ambiance chaleureuse,Cuisine,Boisson gratuite,Espace de rangement,Wi-Fi gratuit,Silence",Traveler,Nanga-Eboko
4813,Bertoua,"Wi-Fi gratuit,Conduite souple,Sport,Vue panoramique",Traveler,Melong
1643,Belo,"Confort,Navigation GPS,Sièges inclinables,Silence,Conduite souple,Éclairage tamisé,Chauffeur expérimenté,Musique,Cuisine,Vue panoramique,Climatisation,Assistance bagages,Ambiance chaleureuse",Planner,Mbalmayo
4887,Melong,"Éclairage tamisé,Silence,Ambiance chaleureuse",Traveler,Mbandjock
2999,Kribi,"Conduite souple,Éclairage tamisé,Ponctualité,Confort,Ambiance chaleureuse,Chauffeur expérimenté,Musique,Wi-Fi gratuit,Navigation GPS,Boisson gratuite,Silence,Cuisine,Animaux acceptés",Traveler,Muyuka
2286,Nanga-Eboko,"Navigation GPS,Espace de rangement,Éclairage tamisé,Chauffeur expérimenté,Conduite souple,Vue panoramique,Ambiance chaleureuse,Climatisation,Animaux acceptés,Assistance bagages,Boisson gratuite,Sièges inclinables,Musique,Langue parlée,Conversation,Silence,Wi-Fi gratuit,Cuisine,Confort,Sport",Planner,Bafia
714,Dibombari,"Wi-Fi gratuit,Sièges inclinables,Conduite souple,Boisson gratuite,Navigation GPS,Confort,Espace de rangement,Ponctualité,Langue parlée,Cuisine,Connectivité,Silence",Planner,Muyuka
3681,Mora,"Ambiance chaleureuse,Silence,Boisson gratuite,Cuisine,Sport,Ponctualité,Climatisation,Langue parlée,Conversation,Wi-Fi gratuit,Conduite souple,Confort,Animaux acceptés,Chauffeur expérimenté,Vue panoramique,Espace de rangement,Connectivité,Éclairage tamisé,Navigation GPS,Sièges inclinables,Musique,Assistance bagages",Planner,Nanga-Eboko
4269,Kribi,"Cuisine,Chauffeur expérimenté,Ambiance chaleureuse,Vue panoramique,Sièges inclinables,Boisson gratuite,Conversation,Ponctualité,Musique,Wi-Fi gratuit,Navigation GPS,Éclairage tamisé,Langue parlée,Connectivité,Silence,Confort,Sport,Animaux acceptés,Climatisation,Assistance bagages",Traveler,Bimbia
3872,Yaounde,"Langue parlée,Sièges inclinables,Wi-Fi gratuit,Animaux acceptés,Climatisation,Conduite souple,Ambiance chaleureuse,Chauffeur expérimenté,Silence,Conversation,Navigation GPS,Confort,Éclairage tamisé,Boisson gratuite,Espace de rangement,Sport,Connectivité,Ponctualité,Vue panoramique",Traveler,Kribi
4803,Mutengene,"Silence,Ponctualité,Climatisation,Musique,Éclairage tamisé,Langue parlée,Navigation GPS,Chauffeur expérimenté,Wi-Fi gratuit,Sièges inclinables,Espace de rangement,Cuisine,Sport,Conversation,Confort,Conduite souple,Assistance bagages,Boisson gratuite",Planner,Kribi
3596,Bonakouamouang,"Conversation,Conduite souple,Assistance bagages,Langue parlée,Boisson gratuite",Traveler,Mbanga
3959,Nkongsamba,"Ambiance chaleureuse,Sièges inclinables,Cuisine,Connectivité,Conduite souple,Musique",Planner,Batibo
3719,Buea,"Sièges inclinables,Espace de rangement,Assistance bagages,Silence,Langue parlée,Animaux acceptés,Cuisine,Boisson gratuite,Ponctualité,Confort,Éclairage tamisé,Conduite souple,Climatisation,Sport,Navigation GPS,Wi-Fi gratuit,Vue panoramique",Traveler,Bonakouamouang
1640,Campo,"Wi-Fi gratuit,Confort,Sièges inclinables,Chauffeur expérimenté,Navigation GPS,Ponctualité,Éclairage tamisé,Animaux acceptés,Conversation,Conduite souple,Ambiance chaleureuse,Vue panoramique,Boisson gratuite,Musique,Cuisine,Assistance bagages",Traveler,Loum
3941,Bertoua,"Sièges inclinables,Navigation GPS,Musique,Éclairage tamisé,Chauffeur expérimenté,Confort,Conversation,Conduite souple,Animaux acceptés,Espace de rangement",Traveler,Meiganga
4185,Melong,"Confort,Silence,Climatisation",Traveler,Muyuka
489,Mora,"Assistance bagages,Ambiance chaleureuse,Chauffeur expérimenté,Climatisation,Cuisine,Confort,Animaux acceptés,Sport,Langue parlée,Conduite souple",Traveler,Figuif
4394,Bafia,"Confort,Musique,Climatisation,Conduite souple,Wi-Fi gratuit,Espace de rangement",Traveler,Kumba
1709,Dibombari,"Chauffeur expérimenté,Sport,Conversation,Conduite souple,Sièges inclinables,Vue panoramique,Silence,Boisson gratuite,Éclairage tamisé,Espace de rangement,Cuisine,Connectivité,Confort,Ambiance chaleureuse,Musique,Assistance bagages,Ponctualité,Langue parlée,Climatisation,Wi-Fi gratuit,Animaux acceptés",Traveler,Mbanga
622,Bonanjo,"Espace de rangement,Animaux acceptés,Vue panoramique,Assistance bagages",Traveler,Yaounde
3128,Bonaberi,"Silence,Sièges inclinables,Wi-Fi gratuit,Assistance bagages,Vue panoramique,Cuisine,Sport,Espace de rangement,Animaux acceptés,Confort,Connectivité,Conversation,Boisson gratuite,Conduite souple,Navigation GPS,Musique,Langue parlée,Ponctualité",Traveler,Bonakouamouang
1891,Bali Nyonga,"Vue panoramique,Chauffeur expérimenté,Silence,Animaux acceptés,Conversation,Cuisine,Assistance bagages,Climatisation,Langue parlée,Wi-Fi gratuit,Boisson gratuite,Ambiance chaleureuse,Conduite souple,Musique,Connectivité,Sport",Traveler,Melong
3700,Bamenda,"Éclairage tamisé,Silence,Ponctualité,Connectivité,Sport,Langue parlée,Assistance bagages,Navigation GPS,Confort,Climatisation,Chauffeur expérimenté,Wi-Fi gratuit,Sièges inclinables,Vue panoramique,Espace de rangement,Boisson gratuite,Ambiance chaleureuse,Cuisine,Conduite souple,Animaux acceptés,Musique,Conversation",Traveler,Bonaberi
636,Bamenda,"Sièges inclinables,Sport,Wi-Fi gratuit,Silence,Ambiance chaleureuse,Animaux acceptés,Conduite souple,Langue parlée,Conversation,Assistance bagages,Espace de rangement,Ponctualité,Confort",Planner,Fontem
2616,Bali,"Animaux acceptés,Ponctualité,Espace de rangement,Assistance bagages,Confort,Silence,Conversation,Climatisation,Musique,Boisson gratuite,Navigation GPS,Cuisine",Traveler,Maroua
2672,Gazawa,"Cuisine,Langue parlée,Chauffeur expérimenté,Ambiance chaleureuse,Éclairage tamisé,Confort,Sièges inclinables,Silence,Conduite souple,Assistance bagages,Conversation,Musique,Sport",Planner,Bandjoun
4548,Mora,"Éclairage tamisé,Boisson gratuite,Espace de rangement,Ambiance chaleureuse,Musique,Conversation,Assistance bagages,Sièges inclinables,Vue panoramique,Ponctualité,Wi-Fi gratuit,Cuisine,Animaux acceptés,Langue parlée,Connectivité,Navigation GPS,Conduite souple,Chauffeur expérimenté,Sport",Planner,Guider
4805,Kribi,"Ambiance chaleureuse,Connectivité,Sport,Boisson gratuite,Ponctualité,Sièges inclinables,Vue panoramique,Chauffeur expérimenté,Animaux acceptés,Conduite souple,Navigation GPS,Climatisation,Confort,Espace de rangement,Conversation,Éclairage tamisé,Cuisine,Musique,Silence",Traveler,Muyuka
1980,Dibombari,"Ambiance chaleureuse,Vue panoramique,Animaux acceptés",Planner,Essos
1358,Belabo,"Musique,Ponctualité,Sport,Connectivité,Langue parlée",Traveler,Bertoua
3205,Bonamoussadi,"Conversation,Conduite souple,Boisson gratuite,Assistance bagages,Connectivité,Langue parlée,Navigation GPS,Ambiance chaleureuse,Ponctualité,Climatisation,Vue panoramique,Animaux acceptés,Espace de rangement,Sport,Cuisine,Silence,Sièges inclinables,Éclairage tamisé,Confort,Musique,Wi-Fi gratuit,Chauffeur expérimenté",Planner,Bali Nyonga
3484,Fontem,"Wi-Fi gratuit,Conduite souple,Langue parlée",Planner,Batibo
4133,Belo,"Chauffeur expérimenté,Confort",Traveler,Limbe
653,Mbandjock,"Cuisine,Musique,Connectivité,Chauffeur expérimenté",Traveler,Kousseri
3044,Douala,"Boisson gratuite,Éclairage tamisé,Confort,Vue panoramique,Wi-Fi gratuit,Musique,Connectivité,Ponctualité,Climatisation,Langue parlée,Navigation GPS,Ambiance chaleureuse,Animaux acceptés,Assistance bagages,Sport,Espace de rangement,Conduite souple",Traveler,Nanga-Eboko
1653,Dibombari,"Animaux acceptés,Silence,Boisson gratuite,Connectivité,Sièges inclinables,Assistance bagages,Conversation,Confort,Éclairage tamisé,Langue parlée",Traveler,Messa
176,Essos,"Conversation,Musique,Vue panoramique,Sport,Silence,Wi-Fi gratuit,Espace de rangement,Animaux acceptés",Planner,Bafang
312,Bertoua,"Assistance bagages,Chauffeur expérimenté,Silence,Wi-Fi gratuit,Confort,Climatisation,Sport,Animaux acceptés,Boisson gratuite,Cuisine,Navigation GPS,Conduite souple,Éclairage tamisé,Musique",Traveler,Mora
2853,Buea,"Ambiance chaleureuse,Boisson gratuite,Vue panoramique,Connectivité,Cuisine",Traveler,Messa
1061,Beti,"Wi-Fi gratuit,Boisson gratuite,Navigation GPS,Chauffeur expérimenté,Cuisine,Vue panoramique,Espace de rangement",Traveler,Mutengene
220,Nkongsamba,"Langue parlée,Connectivité,Chauffeur expérimenté,Cuisine,Silence,Boisson gratuite,Animaux acceptés,Sport,Espace de rangement,Wi-Fi gratuit,Navigation GPS,Climatisation,Conversation,Assistance bagages,Ambiance chaleureuse,Ponctualité,Éclairage tamisé,Sièges inclinables,Conduite souple",Traveler,Bonaberi
4384,Maroua,"Climatisation,Vue panoramique,Éclairage tamisé,Musique,Ponctualité,Langue parlée",Planner,Guider
4284,Boutours,"Animaux acceptés,Éclairage tamisé,Confort,Silence,Connectivité,Espace de rangement,Ponctualité,Ambiance chaleureuse,Chauffeur expérimenté,Sport,Navigation GPS,Sièges inclinables,Musique",Planner,Garoua
2644,Bertoua,"Climatisation,Animaux acceptés,Wi-Fi gratuit,Sièges inclinables,Ponctualité,Langue parlée,Connectivité,Confort,Chauffeur expérimenté,Musique,Conversation",Planner,Essos
4066,Kousseri,"Éclairage tamisé,Silence,Langue parlée,Conduite souple,Sièges inclinables,Musique,Animaux acceptés,Vue panoramique,Boisson gratuite,Cuisine,Ambiance chaleureuse,Chauffeur expérimenté,Espace de rangement,Wi-Fi gratuit,Ponctualité,Confort,Assistance bagages,Sport,Connectivité,Navigation GPS",Traveler,Bamenda
3632,Bali Nyonga,"Boisson gratuite,Espace de rangement,Langue parlée,Cuisine,Navigation GPS,Connectivité,Ponctualité,Chauffeur expérimenté,Climatisation,Conduite souple,Conversation,Éclairage tamisé,Musique,Silence,Assistance bagages,Animaux acceptés",Planner,Yaounde
1794,Mbalmayo,"Musique,Sport,Navigation GPS",Traveler,Belabo
4338,Belo,"Boisson gratuite,Espace de rangement,Chauffeur expérimenté,Ponctualité,Conduite souple,Musique,Cuisine,Silence,Éclairage tamisé",Planner,Belabo
1730,Figuif,"Langue parlée,Sport,Silence,Chauffeur expérimenté,Boisson gratuite,Assistance bagages,Musique,Conversation,Cuisine,Ambiance chaleureuse,Connectivité,Sièges inclinables,Confort,Wi-Fi gratuit,Ponctualité,Espace de rangement,Navigation GPS,Climatisation,Conduite souple,Éclairage tamisé,Animaux acceptés",Planner,Dibombari
4628,Mora,"Climatisation,Boisson gratuite,Confort,Navigation GPS,Sièges inclinables,Éclairage tamisé,Conversation,Langue parlée,Silence,Vue panoramique,Conduite souple,Chauffeur expérimenté",Traveler,Melong
1028,Bertoua,"Conduite souple,Éclairage tamisé,Confort,Assistance bagages,Wi-Fi gratuit,Espace de rangement,Navigation GPS,Musique,Silence,Sièges inclinables,Sport,Ambiance chaleureuse,Vue panoramique,Langue parlée,Boisson gratuite,Animaux acceptés,Connectivité,Ponctualité,Chauffeur expérimenté,Cuisine,Conversation",Planner,Muyuka
4695,Nkongsamba,"Climatisation,Sport,Wi-Fi gratuit,Éclairage tamisé",Planner,Bafia
4322,Batibo,"Chauffeur expérimenté,Confort,Conduite souple,Assistance bagages,Espace de rangement,Connectivité,Navigation GPS,Cuisine,Musique,Sièges inclinables",Planner,Kribi
739,Mora,"Connectivité,Silence,Chauffeur expérimenté,Sièges inclinables,Navigation GPS,Vue panoramique,Wi-Fi gratuit,Animaux acceptés,Conversation,Confort,Boisson gratuite",Planner,Bertoua
41,Melong,"Climatisation,Ponctualité,Assistance bagages,Chauffeur expérimenté,Navigation GPS,Éclairage tamisé,Conduite souple,Sièges inclinables,Musique,Conversation,Wi-Fi gratuit,Sport,Boisson gratuite,Silence,Langue parlée,Vue panoramique",Traveler,Bertoua
2689,Edéa,"Vue panoramique,Espace de rangement,Chauffeur expérimenté",Traveler,Bonakouamouang
1757,Campo,"Sport,Silence,Éclairage tamisé,Connectivité",Traveler,Mutengene
1545,Meiganga,"Conduite souple,Espace de rangement,Animaux acceptés,Vue panoramique,Navigation GPS,Wi-Fi gratuit,Silence,Chauffeur expérimenté,Musique,Cuisine",Planner,Melong
116,Mbandjock,"Ponctualité,Conversation,Sièges inclinables,Connectivité,Éclairage tamisé,Vue panoramique,Langue parlée,Boisson gratuite,Chauffeur expérimenté,Sport,Wi-Fi gratuit,Navigation GPS,Climatisation,Confort",Planner,Edéa
4452,Bandjoun,"Sièges inclinables,Climatisation,Éclairage tamisé,Connectivité,Confort,Ponctualité,Chauffeur expérimenté,Espace de rangement,Assistance bagages,Silence,Sport",Planner,Bogo
3399,Melong,"Boisson gratuite,Éclairage tamisé,Langue parlée,Cuisine,Connectivité,Vue panoramique,Navigation GPS,Silence,Conversation,Chauffeur expérimenté,Sièges inclinables,Animaux acceptés,Climatisation,Conduite souple,Sport,Ambiance chaleureuse,Confort,Assistance bagages,Espace de rangement,Musique,Wi-Fi gratuit,Ponctualité",Traveler,Batibo
558,Bali Nyonga,"Ponctualité,Cuisine,Sièges inclinables,Sport,Climatisation,Vue panoramique,Langue parlée,Assistance bagages,Conduite souple,Navigation GPS,Animaux acceptés,Wi-Fi gratuit,Éclairage tamisé,Silence,Espace de rangement,Confort,Connectivité",Traveler,Bandjoun
2064,Melong,"Musique,Boisson gratuite,Vue panoramique,Sièges inclinables,Navigation GPS,Chauffeur expérimenté,Éclairage tamisé,Animaux acceptés,Ponctualité",Planner,Guider
1511,Bimbia,"Navigation GPS,Climatisation,Boisson gratuite,Espace de rangement,Wi-Fi gratuit,Éclairage tamisé,Langue parlée,Ponctualité,Sièges inclinables,Ambiance chaleureuse,Silence,Sport,Conduite souple,Cuisine,Vue panoramique,Conversation,Connectivité,Assistance bagages,Musique",Traveler,Messa
1190,Nanga-Eboko,"Assistance bagages,Espace de rangement,Connectivité,Silence,Musique,Conduite souple,Confort,Navigation GPS,Vue panoramique,Boisson gratuite,Ambiance chaleureuse,Éclairage tamisé,Wi-Fi gratuit,Cuisine",Planner,Mbalmayo
278,Bimbia,"Éclairage tamisé,Sport,Musique,Assistance bagages,Conduite souple,Silence,Connectivité,Ponctualité,Sièges inclinables,Cuisine,Chauffeur expérimenté,Langue parlée,Navigation GPS,Boisson gratuite,Confort,Ambiance chaleureuse,Conversation,Animaux acceptés",Traveler,Batibo
2726,Beti,"Cuisine,Wi-Fi gratuit,Climatisation,Musique,Chauffeur expérimenté,Sièges inclinables,Ponctualité,Sport,Animaux acceptés,Connectivité,Boisson gratuite,Conduite souple,Langue parlée,Conversation,Assistance bagages,Navigation GPS,Espace de rangement,Ambiance chaleureuse,Silence,Confort,Vue panoramique",Planner,Buea
4140,Mora,"Climatisation,Sièges inclinables,Conversation,Sport,Langue parlée,Ambiance chaleureuse,Cuisine,Éclairage tamisé,Vue panoramique,Wi-Fi gratuit,Assistance bagages,Conduite souple,Navigation GPS,Chauffeur expérimenté,Musique,Espace de rangement,Connectivité,Silence,Confort",Traveler,Maroua
4431,Belabo,"Climatisation,Silence,Chauffeur expérimenté,Boisson gratuite,Ambiance chaleureuse,Wi-Fi gratuit,Navigation GPS,Sièges inclinables,Sport,Langue parlée,Ponctualité,Assistance bagages,Connectivité",Planner,Limbe
4507,Mbanga,"Ambiance chaleureuse,Sièges inclinables,Assistance bagages,Espace de rangement,Conduite souple,Boisson gratuite,Sport,Ponctualité,Langue parlée,Chauffeur expérimenté,Éclairage tamisé,Navigation GPS,Wi-Fi gratuit,Conversation,Connectivité,Cuisine,Musique,Silence",Traveler,Buea
4712,Batibo,"Éclairage tamisé,Chauffeur expérimenté,Climatisation,Vue panoramique,Conduite souple,Conversation",Planner,Boutours
1673,Bertoua,"Connectivité,Ponctualité,Boisson gratuite,Conduite souple,Vue panoramique,Chauffeur expérimenté,Langue parlée,Éclairage tamisé,Silence,Sport",Traveler,Bafia
57,Bonabéri,"Wi-Fi gratuit,Sport,Animaux acceptés,Climatisation,Boisson gratuite,Conduite souple,Langue parlée,Espace de rangement,Navigation GPS",Traveler,Messa
3145,Dibombari,"Ambiance chaleureuse,Cuisine,Assistance bagages,Éclairage tamisé,Boisson gratuite,Silence,Animaux acceptés,Ponctualité,Sport,Conduite souple,Sièges inclinables",Traveler,Bamenda
1108,Guider,"Silence,Espace de rangement,Vue panoramique,Conversation,Sport,Climatisation,Boisson gratuite,Ponctualité,Wi-Fi gratuit,Ambiance chaleureuse,Assistance bagages,Sièges inclinables",Planner,Campo
2950,Bogo,"Vue panoramique,Connectivité,Cuisine,Climatisation,Silence,Espace de rangement,Animaux acceptés",Planner,Bafoussam
1798,Bertoua,"Ambiance chaleureuse,Ponctualité,Éclairage tamisé,Confort,Sport,Boisson gratuite,Silence,Langue parlée,Espace de rangement,Climatisation,Assistance bagages",Traveler,Mbouda
951,Melong,"Ambiance chaleureuse,Wi-Fi gratuit,Sport",Traveler,Bonamoussadi
3866,Garoua,"Vue panoramique,Langue parlée,Conversation,Sièges inclinables,Cuisine,Ambiance chaleureuse,Wi-Fi gratuit,Conduite souple,Chauffeur expérimenté,Navigation GPS,Confort,Boisson gratuite,Assistance bagages,Espace de rangement,Musique,Climatisation",Traveler,Meiganga
100,Kribi,"Espace de rangement,Climatisation,Cuisine,Wi-Fi gratuit,Sièges inclinables,Chauffeur expérimenté,Langue parlée,Vue panoramique,Boisson gratuite,Musique,Navigation GPS,Assistance bagages,Confort,Conduite souple,Ambiance chaleureuse,Conversation,Ponctualité,Animaux acceptés,Éclairage tamisé,Silence,Connectivité",Traveler,Belabo
2002,Maroua,"Ambiance chaleureuse,Ponctualité,Animaux acceptés,Espace de rangement,Navigation GPS,Sport,Conduite souple,Éclairage tamisé,Confort,Sièges inclinables,Vue panoramique,Connectivité,Musique,Wi-Fi gratuit,Boisson gratuite,Conversation,Assistance bagages",Planner,Mbandjock
2074,Batibo,"Animaux acceptés,Sièges inclinables,Navigation GPS,Confort",Planner,Bandjoun
3131,Belabo,"Assistance bagages,Climatisation,Connectivité,Espace de rangement,Silence,Boisson gratuite,Wi-Fi gratuit,Vue panoramique,Ambiance chaleureuse,Sièges inclinables,Éclairage tamisé,Cuisine,Musique,Ponctualité,Animaux acceptés,Navigation GPS",Traveler,Gazawa
2414,Garoua,"Sport,Navigation GPS,Langue parlée,Éclairage tamisé,Confort,Wi-Fi gratuit,Conduite souple,Ambiance chaleureuse,Boisson gratuite",Planner,Kumba
4442,Bafang,"Navigation GPS,Confort,Chauffeur expérimenté,Wi-Fi gratuit,Cuisine,Éclairage tamisé,Langue parlée",Traveler,Fontem
2547,Yaounde,"Vue panoramique,Conduite souple,Musique,Langue parlée,Assistance bagages,Confort,Silence,Sièges inclinables,Ponctualité,Climatisation,Navigation GPS,Wi-Fi gratuit,Connectivité,Animaux acceptés,Chauffeur expérimenté,Sport,Espace de rangement",Planner,Batibo
2333,Buea,"Conduite souple,Chauffeur expérimenté,Connectivité,Climatisation,Navigation GPS,Musique,Silence,Sièges inclinables,Espace de rangement,Confort,Vue panoramique,Wi-Fi gratuit,Langue parlée,Conversation,Ponctualité,Ambiance chaleureuse,Animaux acceptés,Assistance bagages,Cuisine",Traveler,Campo
1530,Kousseri,"Chauffeur expérimenté,Espace de rangement,Cuisine,Boisson gratuite,Conversation,Silence,Conduite souple,Langue parlée,Musique,Vue panoramique",Traveler,Kousseri
381,Boutours,"Sport,Espace de rangement,Chauffeur expérimenté,Cuisine,Vue panoramique,Boisson gratuite,Conduite souple,Sièges inclinables,Éclairage tamisé,Navigation GPS,Musique,Langue parlée,Conversation,Climatisation,Wi-Fi gratuit",Planner,Yagoua
607,Bertoua,"Musique,Animaux acceptés,Navigation GPS,Ambiance chaleureuse,Assistance bagages,Chauffeur expérimenté,Connectivité,Climatisation,Ponctualité,Wi-Fi gratuit,Silence,Éclairage tamisé,Conversation,Sièges inclinables,Vue panoramique,Espace de rangement,Sport,Confort",Planner,Muyuka
2390,Messa,"Vue panoramique,Silence,Confort,Assistance bagages,Conduite souple,Chauffeur expérimenté",Planner,Douala
2952,Mbouda,"Ponctualité,Ambiance chaleureuse,Assistance bagages,Chauffeur expérimenté,Éclairage tamisé,Langue parlée,Boisson gratuite,Climatisation,Conversation,Sièges inclinables,Connectivité,Cuisine,Conduite souple",Traveler,Kousseri
3476,Mora,"Sport,Espace de rangement,Animaux acceptés,Ambiance chaleureuse,Confort,Cuisine,Éclairage tamisé,Connectivité,Navigation GPS,Climatisation,Musique,Sièges inclinables,Conversation,Chauffeur expérimenté,Silence,Wi-Fi gratuit,Langue parlée,Ponctualité,Assistance bagages,Vue panoramique",Traveler,Boutours
1893,Bamenda,"Ponctualité,Animaux acceptés,Connectivité,Boisson gratuite,Ambiance chaleureuse,Conduite souple,Conversation,Cuisine,Musique,Confort,Assistance bagages,Espace de rangement,Éclairage tamisé,Climatisation,Chauffeur expérimenté,Wi-Fi gratuit,Navigation GPS,Langue parlée,Sport,Silence",Planner,Mutengene
3817,Melong,"Vue panoramique,Animaux acceptés,Conversation,Langue parlée,Ambiance chaleureuse,Silence,Assistance bagages,Connectivité,Boisson gratuite,Cuisine,Conduite souple,Sièges inclinables,Sport,Musique,Navigation GPS,Climatisation,Éclairage tamisé,Confort",Traveler,Bafoussam
2141,Fontem,"Navigation GPS,Ambiance chaleureuse,Sport,Assistance bagages,Langue parlée,Sièges inclinables,Animaux acceptés,Silence,Cuisine,Chauffeur expérimenté,Vue panoramique",Traveler,Bonaberi
2518,Douala,"Navigation GPS,Confort,Cuisine,Animaux acceptés,Connectivité,Ponctualité,Chauffeur expérimenté,Langue parlée,Ambiance chaleureuse,Vue panoramique,Sport,Silence,Assistance bagages,Sièges inclinables,Musique,Espace de rangement,Éclairage tamisé,Conversation,Climatisation,Boisson gratuite,Wi-Fi gratuit,Conduite souple",Planner,Bandjoun
3962,Bertoua,"Conduite souple,Connectivité,Boisson gratuite,Confort,Climatisation,Sièges inclinables,Ambiance chaleureuse,Cuisine,Vue panoramique,Sport,Ponctualité,Conversation,Silence,Wi-Fi gratuit,Animaux acceptés",Planner,Yaounde
4388,Kribi,"Wi-Fi gratuit,Espace de rangement,Confort,Éclairage tamisé,Musique,Sièges inclinables,Ponctualité,Cuisine,Sport,Vue panoramique,Boisson gratuite,Chauffeur expérimenté,Animaux acceptés,Langue parlée,Silence,Conduite souple,Assistance bagages,Connectivité,Navigation GPS,Ambiance chaleureuse,Climatisation",Planner,Beti
414,Kumba,"Confort,Boisson gratuite,Silence,Espace de rangement,Connectivité,Conduite souple,Cuisine,Climatisation,Sport,Chauffeur expérimenté,Musique,Navigation GPS,Langue parlée,Conversation,Animaux acceptés,Vue panoramique,Wi-Fi gratuit,Sièges inclinables,Ponctualité",Traveler,Nanga-Eboko
4468,Mbalmayo,"Silence,Éclairage tamisé,Conversation,Musique,Chauffeur expérimenté,Wi-Fi gratuit,Vue panoramique,Langue parlée,Sièges inclinables,Cuisine,Espace de rangement,Conduite souple,Assistance bagages,Navigation GPS,Climatisation,Ponctualité",Planner,Melong
4064,Banga Bakundu,"Wi-Fi gratuit,Connectivité,Silence,Assistance bagages,Langue parlée,Ponctualité,Confort,Vue panoramique,Conversation,Boisson gratuite,Conduite souple,Cuisine,Chauffeur expérimenté,Navigation GPS,Sièges inclinables,Sport,Éclairage tamisé,Espace de rangement,Climatisation,Ambiance chaleureuse",Planner,Bertoua
2693,Essos,"Climatisation,Vue panoramique,Ambiance chaleureuse,Langue parlée,Conduite souple,Silence,Animaux acceptés,Sport,Musique,Ponctualité,Connectivité,Sièges inclinables,Boisson gratuite,Conversation,Assistance bagages,Navigation GPS,Wi-Fi gratuit,Confort",Traveler,Essos
703,Beti,"Ambiance chaleureuse,Conduite souple,Ponctualité,Chauffeur expérimenté,Éclairage tamisé,Espace de rangement,Animaux acceptés,Vue panoramique,Boisson gratuite,Confort,Sièges inclinables,Connectivité,Sport,Wi-Fi gratuit,Cuisine,Assistance bagages,Conversation",Planner,Belo
1925,Belo,"Silence,Langue parlée,Conduite souple,Espace de rangement,Vue panoramique,Sièges inclinables,Assistance bagages,Navigation GPS,Animaux acceptés,Ambiance chaleureuse,Éclairage tamisé,Connectivité,Sport,Climatisation,Musique,Ponctualité,Conversation,Cuisine",Planner,Dibombari
4012,Belabo,"Conduite souple,Espace de rangement,Vue panoramique,Éclairage tamisé,Silence,Wi-Fi gratuit,Boisson gratuite,Ponctualité,Animaux acceptés,Conversation,Cuisine,Chauffeur expérimenté,Confort,Assistance bagages,Connectivité",Planner,Nanga-Eboko
2342,Nkongsamba,"Ponctualité,Chauffeur expérimenté,Vue panoramique,Silence,Cuisine,Wi-Fi gratuit,Espace de rangement,Confort,Musique,Conduite souple,Langue parlée",Traveler,Bimbia
1065,Bali Nyonga,"Musique,Assistance bagages,Espace de rangement,Silence,Sport,Navigation GPS,Connectivité,Langue parlée",Planner,Bafang
906,Kumba,"Ponctualité,Chauffeur expérimenté,Wi-Fi gratuit,Éclairage tamisé,Boisson gratuite,Sièges inclinables,Navigation GPS,Langue parlée,Espace de rangement,Musique,Conduite souple,Connectivité,Sport,Cuisine,Assistance bagages,Animaux acceptés,Climatisation,Confort,Vue panoramique,Conversation,Silence,Ambiance chaleureuse",Traveler,Garoua
2303,Bandjoun,"Confort,Espace de rangement,Ponctualité,Conduite souple,Conversation,Connectivité,Boisson gratuite,Sport",Traveler,Mokolo
2284,Boutours,"Assistance bagages,Connectivité,Musique,Langue parlée,Chauffeur expérimenté,Navigation GPS,Cuisine,Wi-Fi gratuit,Animaux acceptés",Traveler,Douala
2558,Gazawa,"Climatisation,Langue parlée,Boisson gratuite,Conduite souple,Chauffeur expérimenté,Sport,Wi-Fi gratuit,Navigation GPS,Éclairage tamisé,Silence,Musique,Conversation,Sièges inclinables,Assistance bagages,Animaux acceptés",Planner,Bonabéri
4021,Messa,"Musique,Conversation,Assistance bagages,Sièges inclinables,Ponctualité,Animaux acceptés,Espace de rangement,Éclairage tamisé,Wi-Fi gratuit",Planner,Boutours
3797,Bonaberi,"Musique,Ambiance chaleureuse",Traveler,Bamenda
340,Gazawa,"Confort,Cuisine,Connectivité,Silence,Climatisation,Sport,Musique,Ponctualité,Navigation GPS",Traveler,Bafang
2043,Mbandjock,"Connectivité,Assistance bagages,Animaux acceptés,Conversation,Ambiance chaleureuse,Chauffeur expérimenté,Sièges inclinables,Langue parlée,Boisson gratuite,Navigation GPS,Cuisine,Silence,Ponctualité,Éclairage tamisé,Climatisation,Sport,Confort,Espace de rangement,Vue panoramique",Planner,Kumba
393,Muyuka,"Vue panoramique,Connectivité,Climatisation,Éclairage tamisé,Wi-Fi gratuit,Musique,Ponctualité,Conversation,Sièges inclinables,Animaux acceptés,Boisson gratuite",Traveler,Nkongsamba
4827,Buea,"Confort,Ambiance chaleureuse,Boisson gratuite,Connectivité,Navigation GPS,Sport,Musique,Assistance bagages,Espace de rangement,Wi-Fi gratuit,Conversation,Climatisation,Vue panoramique,Cuisine,Silence,Langue parlée,Animaux acceptés,Conduite souple,Chauffeur expérimenté",Planner,Figuif
3545,Messa,"Climatisation,Sièges inclinables,Boisson gratuite,Cuisine,Wi-Fi gratuit,Éclairage tamisé,Animaux acceptés,Musique,Sport,Confort,Assistance bagages,Conversation,Espace de rangement,Ponctualité,Navigation GPS,Connectivité,Ambiance chaleureuse,Silence,Chauffeur expérimenté,Vue panoramique",Traveler,Muyuka
4182,Limbe,"Climatisation,Navigation GPS,Wi-Fi gratuit,Espace de rangement,Assistance bagages,Sièges inclinables,Sport,Connectivité,Chauffeur expérimenté,Cuisine,Ambiance chaleureuse,Confort,Animaux acceptés,Langue parlée,Silence,Vue panoramique,Boisson gratuite",Planner,Buea
3517,Beti,"Navigation GPS,Climatisation,Chauffeur expérimenté,Langue parlée,Vue panoramique,Assistance bagages,Sport,Espace de rangement,Connectivité,Wi-Fi gratuit,Confort,Ponctualité,Animaux acceptés,Boisson gratuite,Sièges inclinables",Traveler,Yaounde
3160,Kumba,"Navigation GPS,Musique,Silence,Confort,Assistance bagages,Langue parlée,Conversation,Espace de rangement,Ambiance chaleureuse",Planner,Mbalmayo
148,Bonabéri,"Wi-Fi gratuit,Climatisation,Langue parlée,Conversation,Boisson gratuite,Musique,Espace de rangement,Animaux acceptés,Sport,Vue panoramique,Confort,Navigation GPS,Éclairage tamisé,Sièges inclinables,Conduite souple,Silence,Connectivité,Ambiance chaleureuse,Ponctualité,Chauffeur expérimenté,Cuisine,Assistance bagages",Traveler,Gazawa
2244,Mbouda,"Sièges inclinables,Musique,Espace de rangement,Climatisation,Conversation,Langue parlée,Ambiance chaleureuse,Éclairage tamisé,Navigation GPS,Sport,Ponctualité,Animaux acceptés,Cuisine,Wi-Fi gratuit,Assistance bagages,Chauffeur expérimenté,Confort,Silence,Connectivité,Boisson gratuite,Conduite souple,Vue panoramique",Planner,Yagoua
2606,Buea,"Ambiance chaleureuse,Conversation,Navigation GPS,Langue parlée,Espace de rangement,Cuisine,Conduite souple",Planner,Melong
371,Banga Bakundu,"Éclairage tamisé,Silence,Musique,Espace de rangement,Animaux acceptés,Assistance bagages,Confort,Connectivité,Navigation GPS",Planner,Mokolo
1329,Dibombari,"Musique,Boisson gratuite,Espace de rangement,Langue parlée",Planner,Mbalmayo
421,Bali Nyonga,"Chauffeur expérimenté,Confort,Musique,Wi-Fi gratuit,Cuisine,Langue parlée,Éclairage tamisé,Ambiance chaleureuse,Conversation,Assistance bagages,Ponctualité,Boisson gratuite,Navigation GPS,Climatisation,Connectivité,Silence,Sport,Espace de rangement,Vue panoramique",Planner,Gazawa
619,Nanga-Eboko,"Éclairage tamisé,Espace de rangement,Ambiance chaleureuse,Connectivité,Wi-Fi gratuit,Climatisation,Cuisine,Confort,Animaux acceptés,Chauffeur expérimenté,Sièges inclinables,Ponctualité",Traveler,Bertoua
4172,Mutengene,"Cuisine,Éclairage tamisé,Sport,Ponctualité,Chauffeur expérimenté,Climatisation,Vue panoramique,Assistance bagages,Langue parlée,Wi-Fi gratuit,Boisson gratuite,Espace de rangement,Ambiance chaleureuse,Musique,Conduite souple,Silence,Confort,Connectivité,Conversation,Navigation GPS,Animaux acceptés,Sièges inclinables",Planner,Mbandjock
1129,Bertoua,"Connectivité,Animaux acceptés",Traveler,Mbanga
4984,Yaounde,"Conduite souple,Connectivité,Boisson gratuite,Ambiance chaleureuse,Confort,Espace de rangement,Chauffeur expérimenté,Cuisine,Navigation GPS",Planner,Guider
111,Bonabéri,"Cuisine,Connectivité,Confort,Éclairage tamisé,Ponctualité,Sport,Musique,Assistance bagages,Navigation GPS,Animaux acceptés,Chauffeur expérimenté,Vue panoramique,Boisson gratuite,Conversation,Ambiance chaleureuse,Espace de rangement,Climatisation",Planner,Belabo
4478,Bonabéri,"Cuisine,Confort,Espace de rangement,Chauffeur expérimenté,Ponctualité,Navigation GPS,Conduite souple,Sport",Traveler,Bonamoussadi
118,Bertoua,"Espace de rangement,Chauffeur expérimenté,Connectivité,Wi-Fi gratuit,Langue parlée,Sièges inclinables,Éclairage tamisé,Climatisation,Ambiance chaleureuse,Conversation,Cuisine,Ponctualité,Sport,Musique,Navigation GPS,Animaux acceptés,Assistance bagages,Conduite souple,Silence,Boisson gratuite,Vue panoramique",Traveler,Limbe
1565,Bamenda,"Conversation,Musique,Animaux acceptés",Traveler,Limbe
4535,Bafoussam,"Navigation GPS,Éclairage tamisé,Assistance bagages,Connectivité,Vue panoramique,Musique,Conduite souple,Wi-Fi gratuit,Chauffeur expérimenté,Espace de rangement,Cuisine,Conversation,Confort,Silence,Langue parlée,Ambiance chaleureuse,Boisson gratuite,Sièges inclinables,Ponctualité,Sport,Climatisation",Planner,Bonaberi
2283,Belo,"Connectivité,Espace de rangement,Chauffeur expérimenté,Cuisine,Éclairage tamisé,Silence,Conduite souple,Wi-Fi gratuit,Conversation,Boisson gratuite,Climatisation,Confort",Planner,Bonabéri
3405,Bandjoun,"Chauffeur expérimenté,Vue panoramique,Animaux acceptés,Ponctualité,Conversation,Cuisine,Silence,Ambiance chaleureuse,Espace de rangement,Assistance bagages,Langue parlée,Sièges inclinables,Conduite souple,Confort,Climatisation,Éclairage tamisé",Planner,Mbouda
545,Belo,"Connectivité,Musique,Sport,Langue parlée,Conduite souple,Ponctualité,Wi-Fi gratuit,Vue panoramique,Sièges inclinables,Navigation GPS,Boisson gratuite,Confort,Espace de rangement,Cuisine,Éclairage tamisé,Climatisation,Silence",Planner,Bonanjo
4503,Yaounde,"Vue panoramique,Animaux acceptés,Ponctualité,Assistance bagages",Planner,Bonaberi
3477,Messa,"Chauffeur expérimenté,Navigation GPS,Animaux acceptés,Climatisation,Conduite souple,Silence,Confort,Cuisine,Assistance bagages,Boisson gratuite,Musique,Sièges inclinables,Espace de rangement,Sport,Ponctualité,Wi-Fi gratuit,Conversation,Ambiance chaleureuse,Langue parlée,Vue panoramique,Connectivité,Éclairage tamisé",Planner,Gazawa
4493,Bonakouamouang,"Navigation GPS,Sièges inclinables,Éclairage tamisé,Conduite souple,Connectivité,Sport,Assistance bagages,Chauffeur expérimenté,Conversation,Silence,Ponctualité,Climatisation,Musique,Langue parlée",Planner,Douala
1655,Bonaberi,"Ambiance chaleureuse,Boisson gratuite,Langue parlée,Vue panoramique,Conversation,Climatisation,Espace de rangement,Sport,Navigation GPS,Chauffeur expérimenté,Silence,Éclairage tamisé,Wi-Fi gratuit,Conduite souple,Connectivité,Sièges inclinables,Confort,Animaux acceptés,Assistance bagages,Cuisine,Ponctualité",Traveler,Nkongsamba
2277,Maroua,"Espace de rangement,Wi-Fi gratuit,Ponctualité,Sièges inclinables,Confort,Animaux acceptés,Langue parlée,Silence,Assistance bagages",Planner,Gazawa
3357,Dibombari,"Espace de rangement,Conversation,Connectivité,Navigation GPS,Ambiance chaleureuse,Langue parlée,Éclairage tamisé,Chauffeur expérimenté,Boisson gratuite,Assistance bagages,Climatisation,Sport,Vue panoramique,Cuisine,Silence,Animaux acceptés,Confort,Ponctualité,Wi-Fi gratuit,Sièges inclinables,Musique",Traveler,Douala
1752,Bonanjo,"Sport,Conversation,Langue parlée,Connectivité,Conduite souple,Ponctualité,Assistance bagages,Espace de rangement,Navigation GPS,Boisson gratuite,Climatisation,Éclairage tamisé,Chauffeur expérimenté,Ambiance chaleureuse,Musique",Planner,Bogo
3161,Bafoussam,"Vue panoramique,Confort,Chauffeur expérimenté,Éclairage tamisé,Wi-Fi gratuit,Ponctualité,Espace de rangement,Ambiance chaleureuse,Langue parlée,Climatisation,Conversation,Cuisine,Boisson gratuite,Assistance bagages,Navigation GPS",Traveler,Limbe
133,Muyuka,"Cuisine,Conduite souple,Animaux acceptés,Sièges inclinables,Espace de rangement,Connectivité,Chauffeur expérimenté,Silence,Navigation GPS,Confort,Vue panoramique,Ponctualité,Wi-Fi gratuit,Assistance bagages,Sport,Musique,Ambiance chaleureuse",Planner,Bamenda
218,Messa,"Vue panoramique,Ambiance chaleureuse,Silence,Langue parlée,Connectivité,Confort,Espace de rangement,Cuisine,Wi-Fi gratuit,Conduite souple,Éclairage tamisé,Animaux acceptés,Sport",Planner,Loum
2120,Mora,"Cuisine,Langue parlée,Assistance bagages,Navigation GPS,Climatisation,Connectivité,Éclairage tamisé,Chauffeur expérimenté,Ponctualité,Musique,Animaux acceptés,Confort,Espace de rangement,Silence,Ambiance chaleureuse,Wi-Fi gratuit,Sièges inclinables,Boisson gratuite,Conversation,Conduite souple",Traveler,Loum
224,Gazawa,"Assistance bagages,Sièges inclinables,Espace de rangement,Confort,Navigation GPS,Conversation,Ponctualité,Vue panoramique,Langue parlée,Boisson gratuite,Connectivité,Ambiance chaleureuse,Conduite souple,Climatisation,Sport,Chauffeur expérimenté,Éclairage tamisé,Silence,Musique",Planner,Kumba
4779,Belabo,"Sport,Cuisine,Boisson gratuite,Chauffeur expérimenté,Espace de rangement,Confort,Ponctualité,Musique",Traveler,Mutengene
1194,Maroua,"Boisson gratuite,Langue parlée",Traveler,Nkongsamba
884,Batibo,"Ambiance chaleureuse,Wi-Fi gratuit,Musique,Connectivité,Assistance bagages",Traveler,Melong
3601,Bonanjo,"Sièges inclinables,Confort,Assistance bagages,Navigation GPS,Connectivité,Animaux acceptés,Éclairage tamisé,Wi-Fi gratuit,Conduite souple,Ponctualité,Musique,Langue parlée,Sport,Espace de rangement,Boisson gratuite,Ambiance chaleureuse,Silence,Cuisine",Traveler,Bali Nyonga
1460,Maroua,"Conversation,Éclairage tamisé,Silence,Assistance bagages,Sport,Ponctualité,Climatisation,Navigation GPS,Connectivité,Confort,Wi-Fi gratuit,Musique,Ambiance chaleureuse",Planner,Mbanga
4352,Essos,"Sièges inclinables,Chauffeur expérimenté,Animaux acceptés,Assistance bagages,Ambiance chaleureuse,Musique,Climatisation,Vue panoramique,Wi-Fi gratuit,Conduite souple,Espace de rangement,Navigation GPS,Silence,Ponctualité,Conversation,Sport,Connectivité",Planner,Boutours
3652,Nanga-Eboko,"Espace de rangement,Langue parlée,Musique,Connectivité,Wi-Fi gratuit,Ambiance chaleureuse,Sièges inclinables,Chauffeur expérimenté,Conduite souple,Assistance bagages,Boisson gratuite,Cuisine,Conversation,Climatisation,Confort,Silence",Planner,Bonabéri
3805,Mbandjock,Conversation,Traveler,Bertoua
1351,Banga Bakundu,"Confort,Musique,Langue parlée,Boisson gratuite,Wi-Fi gratuit,Chauffeur expérimenté,Vue panoramique,Conversation,Ambiance chaleureuse,Animaux acceptés",Planner,Buea
4564,Bonanjo,"Climatisation,Animaux acceptés,Boisson gratuite,Silence,Vue panoramique,Ponctualité,Cuisine,Musique,Chauffeur expérimenté",Planner,Bonakouamouang
1617,Bonaberi,"Confort,Connectivité,Cuisine,Climatisation,Espace de rangement,Wi-Fi gratuit,Sport,Ponctualité,Musique,Conduite souple,Langue parlée,Animaux acceptés,Silence,Éclairage tamisé,Vue panoramique,Ambiance chaleureuse,Conversation,Navigation GPS,Sièges inclinables",Traveler,Mbandjock
3030,Bertoua,"Animaux acceptés,Conversation",Traveler,Essos
2564,Bafoussam,"Musique,Animaux acceptés,Ambiance chaleureuse,Langue parlée,Wi-Fi gratuit,Vue panoramique",Traveler,Bafoussam
2581,Kousseri,"Chauffeur expérimenté,Assistance bagages,Cuisine,Boisson gratuite,Confort,Musique,Espace de rangement,Vue panoramique,Connectivité,Silence,Animaux acceptés,Conduite souple,Éclairage tamisé,Conversation,Wi-Fi gratuit,Ponctualité,Climatisation,Navigation GPS,Sièges inclinables,Langue parlée,Ambiance chaleureuse",Planner,Melong
3486,Belo,"Connectivité,Confort,Assistance bagages,Silence,Animaux acceptés,Vue panoramique",Traveler,Buea
633,Bertoua,"Langue parlée,Connectivité,Chauffeur expérimenté,Ponctualité,Silence,Conduite souple,Boisson gratuite,Sièges inclinables",Planner,Bertoua
2672,Bonakouamouang,"Espace de rangement,Vue panoramique,Cuisine,Sièges inclinables,Assistance bagages,Ponctualité,Silence,Chauffeur expérimenté,Conduite souple,Connectivité,Éclairage tamisé,Animaux acceptés,Ambiance chaleureuse,Langue parlée,Confort,Musique,Sport,Boisson gratuite,Navigation GPS,Conversation,Wi-Fi gratuit",Traveler,Belabo
386,Maroua,"Conduite souple,Ambiance chaleureuse,Vue panoramique,Sport,Ponctualité,Sièges inclinables,Navigation GPS,Musique,Climatisation,Animaux acceptés,Confort,Wi-Fi gratuit,Silence,Boisson gratuite,Éclairage tamisé,Connectivité,Espace de rangement,Langue parlée,Assistance bagages,Conversation,Cuisine,Chauffeur expérimenté",Traveler,Mbalmayo
1748,Loum,"Animaux acceptés,Ponctualité,Éclairage tamisé,Climatisation,Cuisine,Boisson gratuite,Conversation,Chauffeur expérimenté,Conduite souple,Confort,Assistance bagages,Silence,Espace de rangement,Sport,Sièges inclinables,Navigation GPS,Vue panoramique,Connectivité,Wi-Fi gratuit,Langue parlée,Ambiance chaleureuse,Musique",Traveler,Melong
3737,Yaounde,"Sièges inclinables,Ambiance chaleureuse,Navigation GPS,Langue parlée,Musique",Traveler,Nanga-Eboko
1653,Kribi,"Silence,Conduite souple,Boisson gratuite,Ambiance chaleureuse,Navigation GPS,Sièges inclinables,Cuisine,Conversation,Sport,Langue parlée,Animaux acceptés,Éclairage tamisé,Chauffeur expérimenté,Musique,Wi-Fi gratuit,Vue panoramique,Confort,Ponctualité",Traveler,Melong
4552,Guider,"Chauffeur expérimenté,Sièges inclinables,Conduite souple,Cuisine,Wi-Fi gratuit,Climatisation,Espace de rangement,Animaux acceptés,Connectivité,Conversation,Vue panoramique,Langue parlée,Sport,Confort,Éclairage tamisé,Ambiance chaleureuse,Boisson gratuite",Planner,Edéa
541,Bonamoussadi,"Conduite souple,Confort,Ponctualité,Wi-Fi gratuit,Navigation GPS,Silence,Sièges inclinables,Animaux acceptés,Boisson gratuite,Conversation,Chauffeur expérimenté,Cuisine,Sport,Éclairage tamisé,Vue panoramique,Musique,Assistance bagages,Espace de rangement",Planner,Mora
2476,Nkongsamba,"Ambiance chaleureuse,Navigation GPS,Animaux acceptés",Planner,Bali Nyonga
1220,Bafoussam,"Langue parlée,Assistance bagages,Musique,Vue panoramique,Espace de rangement",Planner,Nkongsamba
3987,Gazawa,"Boisson gratuite,Ponctualité,Wi-Fi gratuit,Sièges inclinables,Sport,Vue panoramique,Chauffeur expérimenté,Confort,Ambiance chaleureuse",Planner,Boutours
4350,Belabo,"Ambiance chaleureuse,Langue parlée,Confort,Conversation,Vue panoramique,Sièges inclinables,Musique,Navigation GPS,Sport,Espace de rangement,Conduite souple,Assistance bagages,Wi-Fi gratuit",Planner,Yagoua
652,Bertoua,"Ambiance chaleureuse,Langue parlée,Boisson gratuite,Connectivité,Cuisine,Sièges inclinables,Assistance bagages,Silence,Conversation,Confort,Sport,Éclairage tamisé,Vue panoramique,Espace de rangement,Ponctualité",Traveler,Bandjoun
372,Bogo,"Silence,Connectivité,Éclairage tamisé,Chauffeur expérimenté,Conversation,Espace de rangement,Climatisation,Vue panoramique,Boisson gratuite",Planner,Mutengene
1970,Beti,Cuisine,Planner,Kumba
1689,Nanga-Eboko,"Confort,Musique,Conversation,Boisson gratuite,Sport,Espace de rangement,Éclairage tamisé,Connectivité,Ponctualité,Chauffeur expérimenté",Planner,Douala
2227,Bonanjo,"Animaux acceptés,Musique",Planner,Bertoua
2078,Campo,"Assistance bagages,Connectivité,Ambiance chaleureuse,Climatisation,Ponctualité,Animaux acceptés",Planner,Bali
34,Dibombari,"Navigation GPS,Assistance bagages,Conversation,Animaux acceptés,Vue panoramique,Langue parlée,Wi-Fi gratuit,Conduite souple,Éclairage tamisé,Chauffeur expérimenté,Espace de rangement,Ambiance chaleureuse",Planner,Bonaberi
1359,Bogo,"Wi-Fi gratuit,Ponctualité,Silence,Boisson gratuite,Langue parlée,Ambiance chaleureuse,Vue panoramique,Espace de rangement,Sièges inclinables,Assistance bagages,Connectivité,Éclairage tamisé",Traveler,Bonaberi
97,Yagoua,"Éclairage tamisé,Conduite souple,Langue parlée,Silence",Traveler,Bertoua
1386,Limbe,"Assistance bagages,Ambiance chaleureuse,Ponctualité,Chauffeur expérimenté",Traveler,Bertoua
2764,Garoua,"Espace de rangement,Ponctualité,Sport,Éclairage tamisé,Ambiance chaleureuse,Chauffeur expérimenté,Cuisine,Conversation,Vue panoramique,Navigation GPS,Musique,Silence,Climatisation,Wi-Fi gratuit,Confort",Traveler,Batibo
1751,Bafoussam,"Cuisine,Navigation GPS,Musique",Planner,Bogo
2757,Bafang,"Sport,Conversation,Boisson gratuite,Chauffeur expérimenté",Traveler,Buea
3385,Nanga-Eboko,"Conversation,Assistance bagages,Cuisine,Sport",Traveler,Bonamoussadi
3423,Mbalmayo,"Ponctualité,Connectivité,Animaux acceptés,Sport,Silence,Conduite souple,Boisson gratuite,Éclairage tamisé",Traveler,Bimbia
4088,Mora,"Sièges inclinables,Ponctualité,Boisson gratuite,Silence,Connectivité,Confort,Navigation GPS,Chauffeur expérimenté,Wi-Fi gratuit",Traveler,Bafang
2578,Mbalmayo,"Sièges inclinables,Ponctualité,Chauffeur expérimenté",Traveler,Figuif
3116,Limbe,"Wi-Fi gratuit,Animaux acceptés,Navigation GPS,Chauffeur expérimenté,Confort,Éclairage tamisé,Assistance bagages,Silence,Langue parlée,Ponctualité,Vue panoramique",Planner,Bamenda
2224,Buea,Navigation GPS,Planner,Bertoua
1468,Mbandjock,"Langue parlée,Confort,Sport,Ambiance chaleureuse,Wi-Fi gratuit,Musique,Vue panoramique,Silence,Espace de rangement,Conversation,Cuisine,Éclairage tamisé,Animaux acceptés,Navigation GPS,Climatisation,Sièges inclinables",Traveler,Kribi
1075,Bogo,"Sièges inclinables,Navigation GPS,Ponctualité,Vue panoramique",Planner,Nanga-Eboko
1787,Dibombari,"Climatisation,Éclairage tamisé,Sièges inclinables,Vue panoramique,Conduite souple,Ponctualité,Conversation,Confort,Connectivité,Espace de rangement,Cuisine,Silence,Langue parlée,Navigation GPS,Assistance bagages",Planner,Bali Nyonga
1747,Bali,"Silence,Confort,Boisson gratuite,Cuisine,Sport,Conduite souple",Planner,Nanga-Eboko
1997,Guider,"Connectivité,Espace de rangement,Ponctualité,Animaux acceptés,Conversation,Ambiance chaleureuse,Assistance bagages,Navigation GPS,Confort",Planner,Boutours
4419,Nkongsamba,"Sport,Espace de rangement,Conduite souple,Langue parlée,Assistance bagages,Cuisine,Climatisation,Éclairage tamisé,Boisson gratuite,Navigation GPS,Musique,Wi-Fi gratuit,Sièges inclinables,Chauffeur expérimenté,Animaux acceptés,Ambiance chaleureuse",Traveler,Limbe
2814,Yagoua,"Musique,Conduite souple,Sport,Assistance bagages,Espace de rangement,Ponctualité,Chauffeur expérimenté,Connectivité,Cuisine,Conversation,Wi-Fi gratuit,Éclairage tamisé,Langue parlée",Planner,Bali Nyonga
601,Mora,"Connectivité,Ambiance chaleureuse,Ponctualité,Musique,Sièges inclinables,Sport,Éclairage tamisé,Boisson gratuite,Conduite souple,Navigation GPS,Cuisine,Espace de rangement",Planner,Dibombari
4277,Buea,"Connectivité,Sièges inclinables,Boisson gratuite,Langue parlée,Ambiance chaleureuse,Animaux acceptés,Sport,Éclairage tamisé,Ponctualité,Conversation,Cuisine,Climatisation,Assistance bagages,Silence,Musique,Navigation GPS,Wi-Fi gratuit,Espace de rangement,Confort,Vue panoramique",Traveler,Kumba
4345,Garoua,"Wi-Fi gratuit,Conversation,Climatisation,Sièges inclinables,Sport,Ponctualité",Traveler,Maroua
4597,Limbe,"Animaux acceptés,Confort,Chauffeur expérimenté,Vue panoramique,Cuisine,Sport",Planner,Belabo
4152,Mutengene,"Sport,Chauffeur expérimenté,Silence,Animaux acceptés",Planner,Nkongsamba
2756,Bogo,"Conversation,Assistance bagages,Cuisine,Climatisation,Sport,Confort,Sièges inclinables,Chauffeur expérimenté,Navigation GPS,Vue panoramique,Silence,Animaux acceptés,Éclairage tamisé,Musique,Wi-Fi gratuit,Connectivité,Conduite souple,Ambiance chaleureuse",Traveler,Mutengene
195,Bonakouamouang,"Cuisine,Wi-Fi gratuit,Sport,Ambiance chaleureuse,Assistance bagages,Langue parlée,Musique,Conversation,Connectivité,Silence",Planner,Bafang
1956,Maroua,"Sièges inclinables,Conduite souple,Espace de rangement,Confort,Climatisation,Ambiance chaleureuse,Chauffeur expérimenté",Traveler,Mutengene
4917,Bonamoussadi,"Wi-Fi gratuit,Conversation,Ponctualité,Silence,Boisson gratuite,Conduite souple,Vue panoramique,Connectivité,Langue parlée",Planner,Melong
2203,Bonamoussadi,"Espace de rangement,Animaux acceptés",Traveler,Kribi
207,Banga Bakundu,"Conduite souple,Assistance bagages,Espace de rangement,Sport",Traveler,Kousseri
3493,Muyuka,"Chauffeur expérimenté,Climatisation,Confort,Wi-Fi gratuit,Connectivité,Langue parlée,Animaux acceptés,Ambiance chaleureuse,Cuisine,Silence,Conversation,Sport,Conduite souple,Navigation GPS,Sièges inclinables,Assistance bagages,Vue panoramique",Traveler,Mutengene
4799,Bafia,"Assistance bagages,Espace de rangement,Éclairage tamisé,Sièges inclinables,Vue panoramique,Cuisine,Conversation,Boisson gratuite",Planner,Mbouda
743,Bali Nyonga,"Musique,Confort,Animaux acceptés,Éclairage tamisé,Cuisine,Chauffeur expérimenté,Assistance bagages,Ponctualité,Wi-Fi gratuit,Sport,Climatisation,Connectivité,Sièges inclinables,Silence",Traveler,Mora
2135,Fontem,"Climatisation,Conversation,Sport,Animaux acceptés,Sièges inclinables,Ambiance chaleureuse,Silence,Langue parlée,Ponctualité,Éclairage tamisé,Navigation GPS,Musique,Chauffeur expérimenté",Traveler,Bafang
3964,Belo,"Ponctualité,Espace de rangement,Silence,Chauffeur expérimenté,Sièges inclinables,Sport,Musique,Vue panoramique,Climatisation,Ambiance chaleureuse,Animaux acceptés,Cuisine,Assistance bagages,Langue parlée,Confort,Conversation,Connectivité,Navigation GPS,Conduite souple,Boisson gratuite",Planner,Mbanga
3712,Buea,"Sport,Vue panoramique,Connectivité,Wi-Fi gratuit",Traveler,Maroua
3571,Bafoussam,"Sièges inclinables,Silence,Langue parlée,Chauffeur expérimenté,Conversation,Assistance bagages,Animaux acceptés,Ambiance chaleureuse,Espace de rangement,Cuisine,Boisson gratuite,Musique,Navigation GPS,Confort,Conduite souple,Ponctualité,Vue panoramique,Connectivité,Wi-Fi gratuit,Éclairage tamisé,Sport,Climatisation",Planner,Dibombari
2923,Bonaberi,"Éclairage tamisé,Animaux acceptés,Ambiance chaleureuse,Assistance bagages",Planner,Mbandjock
4608,Melong,"Vue panoramique,Assistance bagages,Silence,Sport,Ambiance chaleureuse,Animaux acceptés,Conduite souple,Chauffeur expérimenté,Navigation GPS,Ponctualité,Musique,Climatisation,Conversation,Langue parlée,Cuisine,Wi-Fi gratuit,Espace de rangement,Confort,Connectivité,Boisson gratuite,Sièges inclinables,Éclairage tamisé",Planner,Belabo
4959,Bandjoun,"Assistance bagages,Musique,Espace de rangement,Éclairage tamisé,Boisson gratuite,Climatisation,Navigation GPS,Silence,Connectivité,Wi-Fi gratuit,Ambiance chaleureuse,Conduite souple,Langue parlée,Chauffeur expérimenté,Animaux acceptés,Cuisine,Sport,Conversation",Planner,Bonamoussadi
3566,Mbandjock,Éclairage tamisé,Planner,Melong
4125,Mutengene,"Éclairage tamisé,Wi-Fi gratuit,Climatisation,Navigation GPS,Conduite souple",Traveler,Yaounde
1747,Kumba,"Confort,Cuisine,Sport,Climatisation,Connectivité,Vue panoramique,Ambiance chaleureuse,Langue parlée,Espace de rangement,Ponctualité,Silence,Conduite souple,Animaux acceptés,Éclairage tamisé,Musique",Planner,Mokolo
4827,Limbe,"Navigation GPS,Animaux acceptés,Vue panoramique,Musique,Cuisine,Assistance bagages,Boisson gratuite,Connectivité",Planner,Belabo
1525,Gazawa,"Chauffeur expérimenté,Sport,Musique,Ambiance chaleureuse,Boisson gratuite,Cuisine,Confort,Ponctualité,Éclairage tamisé,Animaux acceptés,Wi-Fi gratuit,Conversation,Climatisation,Vue panoramique,Langue parlée,Assistance bagages,Conduite souple,Sièges inclinables,Espace de rangement,Navigation GPS",Traveler,Dibombari
881,Kousseri,Sport,Traveler,Belabo
2373,Bertoua,"Confort,Espace de rangement,Conversation,Silence,Boisson gratuite",Planner,Dibombari
866,Belo,"Boisson gratuite,Confort,Connectivité,Animaux acceptés,Cuisine,Wi-Fi gratuit,Navigation GPS,Sièges inclinables,Musique,Climatisation,Chauffeur expérimenté,Vue panoramique,Silence,Sport",Planner,Gazawa
1688,Guider,"Sport,Musique,Climatisation,Navigation GPS,Confort,Espace de rangement,Ponctualité,Sièges inclinables,Conversation,Animaux acceptés,Vue panoramique",Planner,Bonanjo
3686,Mbandjock,"Wi-Fi gratuit,Espace de rangement,Conduite souple,Ambiance chaleureuse",Planner,Bali
290,Dibombari,"Animaux acceptés,Éclairage tamisé,Ponctualité,Musique,Sport,Langue parlée,Vue panoramique,Sièges inclinables,Cuisine,Assistance bagages,Navigation GPS,Ambiance chaleureuse,Boisson gratuite,Connectivité",Traveler,Bonanjo
1046,Bamenda,"Éclairage tamisé,Conduite souple",Planner,Banga Bakundu
755,Batibo,"Assistance bagages,Confort,Silence,Conversation",Planner,Guider
5000,Bali,"Conduite souple,Climatisation,Chauffeur expérimenté,Silence,Espace de rangement",Traveler,Bafang
1574,Bafang,"Vue panoramique,Silence,Boisson gratuite,Musique,Chauffeur expérimenté,Conversation,Wi-Fi gratuit,Animaux acceptés,Connectivité,Éclairage tamisé,Cuisine,Navigation GPS,Sièges inclinables,Ponctualité,Espace de rangement,Assistance bagages,Ambiance chaleureuse",Planner,Buea
4165,Buea,"Animaux acceptés,Ambiance chaleureuse,Chauffeur expérimenté,Wi-Fi gratuit,Cuisine,Connectivité,Langue parlée",Traveler,Meiganga
3609,Bandjoun,"Espace de rangement,Animaux acceptés,Wi-Fi gratuit,Chauffeur expérimenté,Ponctualité,Langue parlée,Éclairage tamisé,Ambiance chaleureuse,Connectivité,Musique,Navigation GPS,Vue panoramique,Sport,Conduite souple,Assistance bagages,Boisson gratuite,Silence,Cuisine,Sièges inclinables,Confort",Traveler,Batibo
1042,Boutours,"Conversation,Chauffeur expérimenté,Silence,Langue parlée,Navigation GPS,Confort,Ponctualité,Wi-Fi gratuit,Espace de rangement,Boisson gratuite,Sièges inclinables",Planner,Bertoua
50,Mora,"Animaux acceptés,Sièges inclinables,Climatisation,Assistance bagages,Silence,Boisson gratuite,Conversation,Wi-Fi gratuit,Connectivité,Navigation GPS,Éclairage tamisé,Chauffeur expérimenté,Langue parlée,Conduite souple",Traveler,Melong
1778,Mutengene,"Ambiance chaleureuse,Musique,Éclairage tamisé,Climatisation,Cuisine,Navigation GPS,Silence,Sièges inclinables,Wi-Fi gratuit,Ponctualité,Animaux acceptés,Vue panoramique,Sport,Assistance bagages,Boisson gratuite,Conversation,Connectivité,Confort",Traveler,Bamenda
3744,Mbanga,"Langue parlée,Navigation GPS,Sièges inclinables,Wi-Fi gratuit,Conversation,Boisson gratuite,Espace de rangement,Confort,Assistance bagages,Animaux acceptés,Ambiance chaleureuse,Conduite souple,Musique",Traveler,Douala
4332,Guider,"Espace de rangement,Éclairage tamisé,Cuisine,Confort,Langue parlée,Boisson gratuite,Wi-Fi gratuit,Ponctualité,Ambiance chaleureuse",Planner,Bimbia
4126,Buea,"Climatisation,Confort,Silence,Conversation,Assistance bagages,Sport,Boisson gratuite,Cuisine,Ambiance chaleureuse,Ponctualité,Musique,Langue parlée",Planner,Mbouda
111,Kumba,"Assistance bagages,Ambiance chaleureuse,Chauffeur expérimenté,Sport,Langue parlée,Éclairage tamisé,Confort,Connectivité,Ponctualité,Conversation,Animaux acceptés,Cuisine,Sièges inclinables,Wi-Fi gratuit,Navigation GPS,Espace de rangement,Musique,Vue panoramique,Conduite souple,Silence,Boisson gratuite",Planner,Bandjoun
3356,Loum,"Wi-Fi gratuit,Sièges inclinables,Vue panoramique,Espace de rangement,Cuisine,Conversation,Musique,Assistance bagages,Éclairage tamisé,Sport,Langue parlée,Ponctualité,Connectivité",Planner,Belo
692,Bamenda,"Boisson gratuite,Vue panoramique,Ambiance chaleureuse,Climatisation,Espace de rangement,Animaux acceptés,Wi-Fi gratuit,Éclairage tamisé,Cuisine",Planner,Bafoussam
3110,Bonakouamouang,"Animaux acceptés,Cuisine,Sport,Vue panoramique,Connectivité,Éclairage tamisé,Silence,Conversation,Musique,Navigation GPS,Confort,Espace de rangement",Planner,Kousseri
1203,Loum,"Boisson gratuite,Espace de rangement,Animaux acceptés,Musique,Cuisine,Sièges inclinables,Sport,Ponctualité,Wi-Fi gratuit,Connectivité,Ambiance chaleureuse,Climatisation,Conduite souple,Chauffeur expérimenté",Planner,Bonakouamouang
2176,Bonaberi,"Langue parlée,Climatisation,Musique,Ponctualité,Cuisine,Conduite souple,Conversation,Chauffeur expérimenté,Sièges inclinables,Wi-Fi gratuit,Connectivité,Boisson gratuite,Ambiance chaleureuse,Confort,Espace de rangement,Silence,Animaux acceptés,Navigation GPS,Vue panoramique,Sport,Assistance bagages",Traveler,Banga Bakundu
4368,Douala,"Ponctualité,Langue parlée,Silence,Vue panoramique,Cuisine,Éclairage tamisé,Confort,Espace de rangement,Conduite souple,Climatisation,Assistance bagages,Wi-Fi gratuit,Sièges inclinables,Conversation,Navigation GPS,Ambiance chaleureuse,Connectivité,Sport",Planner,Garoua
691,Mora,"Espace de rangement,Navigation GPS,Sièges inclinables,Boisson gratuite,Éclairage tamisé,Langue parlée",Planner,Bali Nyonga
4387,Garoua,"Sièges inclinables,Vue panoramique,Silence,Boisson gratuite,Cuisine,Musique,Sport,Éclairage tamisé",Traveler,Bafia
749,Meiganga,"Connectivité,Conversation,Confort,Silence,Sport,Chauffeur expérimenté,Langue parlée,Boisson gratuite,Ponctualité,Vue panoramique",Traveler,Bamenda
2888,Mbalmayo,"Connectivité,Silence,Ambiance chaleureuse,Espace de rangement,Animaux acceptés,Boisson gratuite",Planner,Melong
1420,Fontem,"Éclairage tamisé,Assistance bagages,Silence,Conduite souple,Chauffeur expérimenté,Navigation GPS,Wi-Fi gratuit,Boisson gratuite,Vue panoramique,Espace de rangement,Conversation,Ponctualité,Confort,Ambiance chaleureuse,Langue parlée,Animaux acceptés,Sièges inclinables,Climatisation,Sport,Musique",Traveler,Buea
2510,Bandjoun,"Sport,Musique,Connectivité,Vue panoramique,Sièges inclinables,Ambiance chaleureuse,Ponctualité,Cuisine,Wi-Fi gratuit,Climatisation,Animaux acceptés,Espace de rangement",Traveler,Garoua
4672,Bafia,"Connectivité,Chauffeur expérimenté,Vue panoramique,Sport,Cuisine,Sièges inclinables,Boisson gratuite",Planner,Yagoua
388,Bonamoussadi,"Conduite souple,Wi-Fi gratuit",Planner,Bandjoun
3539,Muyuka,"Espace de rangement,Sièges inclinables,Ambiance chaleureuse,Conversation,Cuisine,Wi-Fi gratuit,Animaux acceptés,Ponctualité,Éclairage tamisé,Silence,Navigation GPS,Chauffeur expérimenté,Sport,Confort,Connectivité,Musique,Vue panoramique,Langue parlée,Assistance bagages,Climatisation,Conduite souple",Planner,Mokolo
689,Bandjoun,"Éclairage tamisé,Climatisation",Traveler,Batibo
300,Belo,Wi-Fi gratuit,Planner,Bali Nyonga
1401,Beti,"Connectivité,Sport,Confort,Animaux acceptés,Conversation,Navigation GPS,Cuisine,Espace de rangement,Musique,Climatisation,Chauffeur expérimenté,Vue panoramique,Silence,Sièges inclinables,Wi-Fi gratuit,Ambiance chaleureuse,Langue parlée,Éclairage tamisé,Ponctualité",Planner,Meiganga
2281,Maroua,"Confort,Cuisine,Navigation GPS,Silence,Boisson gratuite,Conversation,Espace de rangement,Sport,Éclairage tamisé,Chauffeur expérimenté,Musique,Sièges inclinables",Planner,Beti
2862,Mbouda,Conduite souple,Planner,Fontem
80,Bertoua,"Cuisine,Sièges inclinables,Connectivité,Silence,Conduite souple,Chauffeur expérimenté,Sport",Planner,Melong
2729,Figuif,"Ponctualité,Confort,Espace de rangement,Sièges inclinables,Conduite souple,Cuisine,Langue parlée,Wi-Fi gratuit,Éclairage tamisé,Sport,Assistance bagages,Vue panoramique,Boisson gratuite,Animaux acceptés,Conversation,Musique,Navigation GPS,Chauffeur expérimenté",Planner,Bali
4785,Boutours,"Animaux acceptés,Sport,Cuisine,Musique,Vue panoramique,Conversation,Espace de rangement,Boisson gratuite,Assistance bagages,Navigation GPS,Conduite souple,Silence,Connectivité,Climatisation,Confort,Wi-Fi gratuit,Ponctualité,Éclairage tamisé",Traveler,Essos
378,Campo,"Animaux acceptés,Chauffeur expérimenté,Espace de rangement,Conduite souple,Silence,Assistance bagages,Connectivité,Conversation,Sièges inclinables,Sport,Confort,Vue panoramique,Navigation GPS,Cuisine,Musique,Boisson gratuite,Langue parlée,Ambiance chaleureuse",Traveler,Bimbia
2877,Guider,"Espace de rangement,Ambiance chaleureuse,Sport,Assistance bagages,Sièges inclinables,Langue parlée,Connectivité,Boisson gratuite,Vue panoramique,Éclairage tamisé,Animaux acceptés,Confort,Cuisine,Climatisation,Conversation,Navigation GPS,Ponctualité",Planner,Douala
1222,Yaounde,"Navigation GPS,Sièges inclinables",Planner,Mbalmayo
4068,Maroua,"Langue parlée,Conduite souple,Musique,Conversation,Climatisation,Vue panoramique,Connectivité,Navigation GPS,Sport,Éclairage tamisé,Ambiance chaleureuse,Assistance bagages,Sièges inclinables,Ponctualité,Cuisine,Confort,Wi-Fi gratuit,Silence",Planner,Mbouda
2905,Meiganga,"Cuisine,Conduite souple,Espace de rangement,Vue panoramique,Connectivité,Animaux acceptés,Assistance bagages,Confort,Sièges inclinables,Musique,Wi-Fi gratuit,Climatisation,Boisson gratuite,Conversation",Traveler,Bimbia
4818,Bogo,"Sport,Langue parlée,Sièges inclinables,Vue panoramique,Chauffeur expérimenté,Conduite souple,Silence,Ponctualité,Navigation GPS,Espace de rangement,Musique,Climatisation,Conversation,Cuisine,Boisson gratuite,Connectivité,Ambiance chaleureuse,Assistance bagages,Éclairage tamisé,Wi-Fi gratuit,Animaux acceptés",Traveler,Kribi
1216,Bertoua,"Wi-Fi gratuit,Langue parlée,Silence,Animaux acceptés,Éclairage tamisé,Assistance bagages,Navigation GPS,Ambiance chaleureuse,Conduite souple",Traveler,Maroua
4792,Bogo,"Conduite souple,Sièges inclinables,Climatisation,Cuisine,Navigation GPS,Ponctualité,Langue parlée,Espace de rangement",Traveler,Bonamoussadi
1874,Melong,"Navigation GPS,Conduite souple",Traveler,Campo
4511,Kousseri,"Connectivité,Cuisine,Conversation,Boisson gratuite,Silence,Vue panoramique,Climatisation,Chauffeur expérimenté,Musique",Traveler,Figuif
3668,Bafoussam,"Éclairage tamisé,Langue parlée,Animaux acceptés,Ponctualité,Confort,Conversation,Navigation GPS,Climatisation,Ambiance chaleureuse",Planner,Campo
4025,Bonaberi,"Ponctualité,Cuisine,Musique,Vue panoramique,Espace de rangement,Climatisation,Conversation,Langue parlée,Connectivité,Sport,Boisson gratuite,Animaux acceptés,Confort,Wi-Fi gratuit,Éclairage tamisé,Silence",Traveler,Dibombari
1613,Nkongsamba,"Langue parlée,Boisson gratuite,Conduite souple,Ponctualité,Cuisine,Wi-Fi gratuit,Musique,Conversation,Éclairage tamisé,Silence,Vue panoramique,Assistance bagages,Animaux acceptés,Chauffeur expérimenté,Connectivité,Espace de rangement,Ambiance chaleureuse,Sport,Confort,Sièges inclinables,Navigation GPS,Climatisation",Traveler,Mbandjock
1095,Bogo,"Conduite souple,Animaux acceptés,Chauffeur expérimenté,Vue panoramique,Éclairage tamisé,Musique,Ambiance chaleureuse",Planner,Dibombari
4535,Mbalmayo,"Sièges inclinables,Vue panoramique",Planner,Bafang
4685,Essos,"Silence,Confort,Espace de rangement",Planner,Mokolo
2805,Boutours,"Langue parlée,Ambiance chaleureuse,Ponctualité,Vue panoramique,Conduite souple,Wi-Fi gratuit,Animaux acceptés,Boisson gratuite,Sport",Planner,Boutours
3805,Bandjoun,"Langue parlée,Ponctualité,Navigation GPS,Wi-Fi gratuit,Silence,Animaux acceptés,Éclairage tamisé,Espace de rangement,Cuisine,Sièges inclinables,Vue panoramique,Sport,Climatisation,Ambiance chaleureuse,Conversation,Conduite souple,Chauffeur expérimenté,Boisson gratuite,Connectivité,Assistance bagages",Traveler,Bonaberi
2781,Kribi,"Silence,Climatisation,Musique,Ponctualité,Langue parlée,Sport,Sièges inclinables,Conduite souple,Éclairage tamisé,Cuisine,Boisson gratuite,Vue panoramique,Conversation,Animaux acceptés",Planner,Bonabéri
1950,Gazawa,"Éclairage tamisé,Boisson gratuite,Langue parlée,Climatisation,Espace de rangement,Conversation,Silence,Animaux acceptés,Cuisine",Planner,Bonamoussadi
1401,Bonamoussadi,"Ambiance chaleureuse,Espace de rangement,Assistance bagages,Boisson gratuite,Vue panoramique,Cuisine,Wi-Fi gratuit,Sport,Éclairage tamisé,Chauffeur expérimenté,Conduite souple,Musique,Langue parlée,Animaux acceptés,Conversation,Confort",Traveler,Kumba
2396,Bertoua,"Sport,Conversation,Animaux acceptés,Navigation GPS,Boisson gratuite,Ponctualité,Silence,Vue panoramique,Confort,Langue parlée,Éclairage tamisé,Climatisation,Sièges inclinables,Ambiance chaleureuse,Musique,Assistance bagages,Cuisine",Traveler,Muyuka
4709,Nanga-Eboko,"Vue panoramique,Animaux acceptés,Chauffeur expérimenté,Confort,Navigation GPS,Ponctualité,Silence,Éclairage tamisé,Climatisation,Sièges inclinables,Cuisine,Espace de rangement,Langue parlée,Ambiance chaleureuse,Connectivité,Wi-Fi gratuit,Assistance bagages,Conduite souple,Musique,Sport,Conversation,Boisson gratuite",Traveler,Belo
2852,Messa,"Conversation,Vue panoramique,Sport,Assistance bagages,Silence,Musique,Espace de rangement,Ambiance chaleureuse,Conduite souple,Chauffeur expérimenté,Boisson gratuite,Langue parlée,Cuisine,Confort,Ponctualité,Sièges inclinables,Animaux acceptés,Climatisation,Éclairage tamisé,Navigation GPS,Connectivité",Traveler,Bonanjo
4014,Bertoua,"Sièges inclinables,Conduite souple,Éclairage tamisé,Silence,Vue panoramique,Chauffeur expérimenté,Wi-Fi gratuit,Ambiance chaleureuse,Animaux acceptés,Musique,Conversation",Traveler,Mbouda
1512,Batibo,"Wi-Fi gratuit,Espace de rangement",Traveler,Loum
1365,Bafang,"Cuisine,Conduite souple,Sport,Confort,Espace de rangement",Traveler,Figuif
4340,Bali,"Espace de rangement,Ambiance chaleureuse,Assistance bagages,Animaux acceptés,Conversation,Connectivité,Wi-Fi gratuit,Climatisation,Confort,Silence,Éclairage tamisé,Ponctualité,Chauffeur expérimenté,Sport,Navigation GPS,Sièges inclinables,Cuisine",Traveler,Bamenda
4127,Fontem,"Assistance bagages,Conduite souple",Planner,Fontem
4109,Bonaberi,"Ambiance chaleureuse,Navigation GPS,Langue parlée,Climatisation,Conversation,Ponctualité,Vue panoramique,Conduite souple,Sièges inclinables,Chauffeur expérimenté,Silence,Espace de rangement,Sport,Éclairage tamisé,Musique,Confort,Cuisine,Boisson gratuite,Connectivité,Animaux acceptés,Wi-Fi gratuit",Planner,Limbe
2945,Bafia,"Sièges inclinables,Conversation,Conduite souple",Traveler,Bafoussam
126,Dibombari,Confort,Traveler,Kumba
4626,Bimbia,"Silence,Chauffeur expérimenté,Vue panoramique,Conduite souple",Traveler,Yagoua
3571,Loum,"Cuisine,Connectivité,Langue parlée,Conversation,Ponctualité,Espace de rangement,Ambiance chaleureuse,Boisson gratuite,Wi-Fi gratuit,Chauffeur expérimenté,Navigation GPS,Confort,Conduite souple,Éclairage tamisé,Vue panoramique,Silence,Musique,Assistance bagages,Sièges inclinables",Planner,Mutengene
2708,Nkongsamba,"Animaux acceptés,Boisson gratuite,Chauffeur expérimenté,Conversation,Ponctualité,Sport",Traveler,Mbouda
1433,Mbalmayo,"Chauffeur expérimenté,Langue parlée,Musique,Connectivité,Conduite souple,Ponctualité,Silence,Wi-Fi gratuit,Animaux acceptés,Ambiance chaleureuse,Cuisine,Assistance bagages,Boisson gratuite,Navigation GPS",Planner,Bonaberi
4527,Bonaberi,"Climatisation,Ambiance chaleureuse,Conduite souple,Connectivité,Langue parlée,Navigation GPS,Silence,Confort,Sièges inclinables,Musique,Animaux acceptés,Chauffeur expérimenté,Assistance bagages,Cuisine,Vue panoramique,Conversation,Sport,Wi-Fi gratuit,Ponctualité,Boisson gratuite,Éclairage tamisé",Traveler,Nanga-Eboko
3538,Campo,"Musique,Boisson gratuite,Navigation GPS,Confort",Traveler,Bali Nyonga
2570,Belo,"Silence,Ponctualité,Ambiance chaleureuse,Navigation GPS",Traveler,Mbandjock
88,Bafia,"Langue parlée,Wi-Fi gratuit,Navigation GPS,Climatisation,Ponctualité,Cuisine,Éclairage tamisé,Confort,Assistance bagages,Silence,Connectivité,Vue panoramique,Musique",Traveler,Guider
4179,Bonabéri,"Chauffeur expérimenté,Boisson gratuite,Conduite souple,Sièges inclinables,Silence,Cuisine,Animaux acceptés,Langue parlée,Assistance bagages,Wi-Fi gratuit,Éclairage tamisé",Planner,Essos
1034,Bogo,"Silence,Climatisation,Éclairage tamisé,Conversation,Chauffeur expérimenté,Sièges inclinables,Ambiance chaleureuse,Boisson gratuite,Ponctualité,Connectivité,Sport,Conduite souple,Wi-Fi gratuit,Animaux acceptés,Navigation GPS,Espace de rangement,Musique,Langue parlée",Traveler,Figuif
1610,Kumba,"Musique,Ponctualité,Chauffeur expérimenté,Confort,Animaux acceptés,Conduite souple,Wi-Fi gratuit,Climatisation,Silence,Éclairage tamisé,Conversation,Vue panoramique,Navigation GPS,Espace de rangement,Langue parlée,Cuisine,Sièges inclinables,Assistance bagages",Traveler,Bafia
842,Buea,"Boisson gratuite,Espace de rangement,Connectivité,Wi-Fi gratuit,Ponctualité,Sièges inclinables,Conversation,Chauffeur expérimenté,Navigation GPS,Conduite souple,Assistance bagages,Climatisation,Sport,Musique,Ambiance chaleureuse,Silence,Confort,Animaux acceptés,Éclairage tamisé,Vue panoramique,Cuisine,Langue parlée",Traveler,Mbalmayo
1211,Dibombari,"Chauffeur expérimenté,Connectivité,Boisson gratuite",Planner,Melong
816,Meiganga,"Silence,Confort,Chauffeur expérimenté,Conversation,Éclairage tamisé,Climatisation,Connectivité,Ambiance chaleureuse,Conduite souple,Sièges inclinables,Langue parlée,Cuisine,Sport,Vue panoramique,Musique,Wi-Fi gratuit,Animaux acceptés,Ponctualité,Boisson gratuite,Espace de rangement,Assistance bagages,Navigation GPS",Traveler,Bonanjo
3562,Bonakouamouang,"Sièges inclinables,Boisson gratuite,Connectivité,Sport,Animaux acceptés,Navigation GPS,Assistance bagages,Conduite souple,Vue panoramique,Musique,Espace de rangement,Ponctualité,Cuisine,Wi-Fi gratuit,Conversation,Confort,Chauffeur expérimenté,Climatisation,Éclairage tamisé,Silence",Traveler,Beti
1192,Bertoua,"Cuisine,Langue parlée,Connectivité,Animaux acceptés,Sièges inclinables,Navigation GPS,Boisson gratuite,Assistance bagages,Ambiance chaleureuse,Confort,Éclairage tamisé,Espace de rangement,Vue panoramique,Musique,Ponctualité,Silence,Conduite souple,Sport",Traveler,Kumba
3519,Bimbia,"Wi-Fi gratuit,Langue parlée,Connectivité,Conversation,Éclairage tamisé,Silence,Cuisine,Boisson gratuite,Confort,Assistance bagages",Traveler,Edéa
3850,Boutours,"Connectivité,Chauffeur expérimenté,Ambiance chaleureuse,Espace de rangement,Confort,Conduite souple,Animaux acceptés,Silence,Boisson gratuite,Ponctualité,Assistance bagages,Vue panoramique",Traveler,Yaounde
4543,Dibombari,"Silence,Ponctualité",Traveler,Guider
3320,Bali Nyonga,"Confort,Conversation,Vue panoramique,Conduite souple,Langue parlée,Sport,Espace de rangement,Ambiance chaleureuse,Connectivité,Silence,Animaux acceptés,Wi-Fi gratuit",Planner,Mutengene
2990,Messa,"Connectivité,Assistance bagages,Navigation GPS,Sport",Planner,Bandjoun
3504,Beti,"Éclairage tamisé,Boisson gratuite,Espace de rangement,Animaux acceptés,Assistance bagages,Conversation,Sièges inclinables",Traveler,Yaounde
3746,Fontem,"Connectivité,Espace de rangement,Ponctualité,Sport,Confort,Conversation,Chauffeur expérimenté,Ambiance chaleureuse,Sièges inclinables,Wi-Fi gratuit,Silence,Conduite souple,Assistance bagages,Navigation GPS,Vue panoramique,Boisson gratuite,Cuisine,Musique,Animaux acceptés,Climatisation,Éclairage tamisé",Traveler,Bertoua
454,Kribi,"Assistance bagages,Conversation,Chauffeur expérimenté,Vue panoramique,Boisson gratuite,Cuisine,Navigation GPS,Wi-Fi gratuit,Animaux acceptés,Ambiance chaleureuse,Langue parlée,Ponctualité,Climatisation,Confort,Musique,Espace de rangement,Sport",Planner,Yagoua
377,Beti,"Cuisine,Confort,Ambiance chaleureuse,Sièges inclinables,Climatisation,Musique,Vue panoramique,Silence,Sport,Espace de rangement,Navigation GPS,Conversation,Conduite souple,Chauffeur expérimenté,Langue parlée,Ponctualité,Éclairage tamisé",Planner,Kousseri
1562,Bonanjo,"Éclairage tamisé,Cuisine,Animaux acceptés,Chauffeur expérimenté,Confort",Traveler,Fontem
4113,Buea,"Boisson gratuite,Connectivité",Traveler,Guider
2000,Beti,"Ponctualité,Wi-Fi gratuit,Confort,Langue parlée,Conversation,Silence,Climatisation,Animaux acceptés,Musique,Espace de rangement,Navigation GPS,Assistance bagages,Boisson gratuite,Conduite souple,Chauffeur expérimenté,Connectivité,Sièges inclinables,Éclairage tamisé,Sport,Cuisine",Traveler,Mbandjock
3864,Melong,"Vue panoramique,Sport,Confort,Ponctualité,Assistance bagages,Navigation GPS,Sièges inclinables,Connectivité,Conduite souple,Espace de rangement,Boisson gratuite,Conversation,Cuisine,Chauffeur expérimenté,Climatisation,Animaux acceptés,Langue parlée,Éclairage tamisé",Planner,Nanga-Eboko
4761,Guider,"Espace de rangement,Animaux acceptés,Sport,Wi-Fi gratuit,Assistance bagages,Sièges inclinables,Navigation GPS,Éclairage tamisé",Planner,Fontem
1954,Limbe,"Espace de rangement,Confort,Sièges inclinables,Boisson gratuite,Silence,Connectivité,Animaux acceptés,Conversation,Climatisation",Traveler,Yaounde
347,Meiganga,"Wi-Fi gratuit,Animaux acceptés,Sport,Espace de rangement,Silence,Climatisation,Langue parlée,Vue panoramique,Cuisine",Traveler,Nkongsamba
4887,Meiganga,"Vue panoramique,Ponctualité,Wi-Fi gratuit,Conversation,Sport,Confort,Sièges inclinables",Traveler,Mbouda
3316,Essos,"Musique,Cuisine,Assistance bagages,Ponctualité,Espace de rangement,Chauffeur expérimenté,Confort,Navigation GPS,Wi-Fi gratuit,Silence,Boisson gratuite,Climatisation,Vue panoramique,Éclairage tamisé",Planner,Buea
1201,Bamenda,"Conversation,Conduite souple,Silence,Langue parlée,Musique,Climatisation,Assistance bagages,Espace de rangement,Connectivité,Vue panoramique,Boisson gratuite,Chauffeur expérimenté,Ponctualité,Confort",Traveler,Batibo
395,Maroua,"Confort,Conduite souple,Espace de rangement,Silence,Assistance bagages,Ambiance chaleureuse,Vue panoramique,Connectivité,Wi-Fi gratuit,Sport,Ponctualité,Cuisine,Boisson gratuite,Éclairage tamisé,Chauffeur expérimenté,Climatisation,Sièges inclinables,Animaux acceptés,Conversation",Traveler,Mora
3373,Bertoua,"Confort,Conduite souple,Sport,Ponctualité,Vue panoramique,Éclairage tamisé,Boisson gratuite,Silence,Espace de rangement,Musique,Conversation,Assistance bagages,Langue parlée,Chauffeur expérimenté,Connectivité,Navigation GPS,Ambiance chaleureuse,Climatisation,Animaux acceptés,Cuisine",Traveler,Nkongsamba
4193,Mokolo,"Silence,Assistance bagages,Wi-Fi gratuit,Conversation,Sport,Boisson gratuite,Ambiance chaleureuse,Animaux acceptés,Vue panoramique",Traveler,Bonaberi
3197,Bogo,"Sport,Assistance bagages,Conduite souple,Navigation GPS,Silence,Langue parlée,Animaux acceptés,Chauffeur expérimenté,Conversation,Sièges inclinables,Confort",Planner,Bamenda
1981,Bogo,"Musique,Ponctualité,Assistance bagages,Chauffeur expérimenté,Silence,Wi-Fi gratuit,Conversation,Ambiance chaleureuse",Planner,Bali Nyonga
4412,Bonakouamouang,"Ponctualité,Conduite souple,Conversation,Silence,Langue parlée,Espace de rangement,Confort,Animaux acceptés,Musique,Sièges inclinables,Sport,Cuisine,Assistance bagages,Climatisation,Vue panoramique,Navigation GPS,Wi-Fi gratuit",Traveler,Buea
4073,Buea,"Wi-Fi gratuit,Chauffeur expérimenté,Assistance bagages,Navigation GPS,Sièges inclinables,Confort,Silence,Langue parlée,Cuisine,Éclairage tamisé",Traveler,Buea
410,Bertoua,"Animaux acceptés,Musique,Navigation GPS,Conversation,Confort,Sport,Boisson gratuite,Langue parlée,Silence,Cuisine,Wi-Fi gratuit,Ambiance chaleureuse,Vue panoramique,Assistance bagages,Ponctualité,Espace de rangement,Chauffeur expérimenté,Éclairage tamisé,Connectivité",Planner,Dibombari
4819,Kribi,"Confort,Silence,Ambiance chaleureuse,Musique,Boisson gratuite,Cuisine,Langue parlée,Wi-Fi gratuit,Navigation GPS,Chauffeur expérimenté,Vue panoramique,Conduite souple,Connectivité,Assistance bagages,Espace de rangement",Planner,Gazawa
3294,Limbe,"Éclairage tamisé,Langue parlée,Connectivité,Assistance bagages,Sport,Silence,Ambiance chaleureuse,Espace de rangement,Chauffeur expérimenté",Planner,Bandjoun
725,Kumba,"Langue parlée,Musique,Wi-Fi gratuit,Sièges inclinables,Conduite souple,Ponctualité,Sport,Boisson gratuite,Confort,Animaux acceptés,Conversation,Assistance bagages,Vue panoramique,Ambiance chaleureuse,Éclairage tamisé,Connectivité,Chauffeur expérimenté",Planner,Bafia
1727,Kribi,"Animaux acceptés,Cuisine,Ponctualité,Assistance bagages,Sièges inclinables,Éclairage tamisé,Boisson gratuite,Musique,Conduite souple,Vue panoramique,Silence,Espace de rangement,Navigation GPS,Sport,Langue parlée,Confort,Ambiance chaleureuse,Climatisation",Planner,Limbe
1245,Nkongsamba,"Silence,Éclairage tamisé,Confort,Ambiance chaleureuse,Cuisine,Navigation GPS,Wi-Fi gratuit,Musique,Sport,Animaux acceptés,Ponctualité,Sièges inclinables,Langue parlée,Espace de rangement,Connectivité,Conversation,Conduite souple",Traveler,Beti
2930,Limbe,"Boisson gratuite,Ponctualité,Animaux acceptés,Chauffeur expérimenté,Éclairage tamisé,Wi-Fi gratuit,Climatisation,Conduite souple,Conversation,Assistance bagages,Confort,Espace de rangement,Sièges inclinables,Silence,Sport,Cuisine,Vue panoramique,Musique,Connectivité,Langue parlée,Ambiance chaleureuse,Navigation GPS",Planner,Mora
1631,Kousseri,"Boisson gratuite,Chauffeur expérimenté,Vue panoramique,Conversation,Navigation GPS,Ponctualité,Musique,Éclairage tamisé,Connectivité,Assistance bagages,Sport,Confort",Traveler,Bonaberi
2300,Loum,"Éclairage tamisé,Conduite souple,Langue parlée,Espace de rangement,Cuisine",Traveler,Bamenda
2582,Bonabéri,"Éclairage tamisé,Wi-Fi gratuit,Sièges inclinables,Cuisine,Conduite souple,Langue parlée,Vue panoramique,Boisson gratuite,Ambiance chaleureuse,Espace de rangement,Navigation GPS,Sport,Connectivité,Conversation",Planner,Limbe
1400,Bandjoun,"Sport,Silence,Ambiance chaleureuse,Cuisine,Chauffeur expérimenté,Musique,Espace de rangement,Wi-Fi gratuit,Sièges inclinables,Assistance bagages,Climatisation",Traveler,Fontem
2186,Nanga-Eboko,"Cuisine,Connectivité,Silence,Boisson gratuite,Conversation,Confort,Sport,Musique,Animaux acceptés,Navigation GPS,Sièges inclinables,Climatisation,Espace de rangement,Vue panoramique,Chauffeur expérimenté,Wi-Fi gratuit,Ponctualité,Assistance bagages,Ambiance chaleureuse,Éclairage tamisé",Planner,Douala
1702,Buea,"Wi-Fi gratuit,Éclairage tamisé,Connectivité,Ambiance chaleureuse,Conversation,Confort,Musique",Planner,Bogo
4390,Bamenda,"Wi-Fi gratuit,Ambiance chaleureuse,Vue panoramique,Conversation,Éclairage tamisé,Musique,Espace de rangement,Connectivité,Cuisine,Boisson gratuite,Sport,Langue parlée,Climatisation",Planner,Kousseri
913,Batibo,"Animaux acceptés,Silence,Musique,Connectivité,Wi-Fi gratuit,Ponctualité,Sport,Chauffeur expérimenté,Climatisation,Assistance bagages,Ambiance chaleureuse,Conduite souple,Navigation GPS,Cuisine,Conversation,Confort,Éclairage tamisé,Espace de rangement",Traveler,Banga Bakundu
3526,Messa,"Confort,Wi-Fi gratuit,Silence,Ponctualité,Conduite souple,Langue parlée,Ambiance chaleureuse,Connectivité,Sièges inclinables,Éclairage tamisé,Musique,Climatisation,Espace de rangement,Sport,Assistance bagages,Animaux acceptés",Traveler,Garoua
3167,Loum,"Espace de rangement,Chauffeur expérimenté,Conversation,Sièges inclinables,Confort",Traveler,Nanga-Eboko
4969,Dibombari,"Animaux acceptés,Confort,Conduite souple,Assistance bagages,Vue panoramique,Navigation GPS,Ambiance chaleureuse,Musique,Ponctualité,Sièges inclinables,Climatisation,Sport,Langue parlée,Éclairage tamisé",Traveler,Bertoua
44,Kumba,"Sièges inclinables,Sport,Connectivité,Conduite souple,Musique,Wi-Fi gratuit,Ambiance chaleureuse,Langue parlée,Assistance bagages,Boisson gratuite,Animaux acceptés,Ponctualité,Confort,Navigation GPS,Conversation,Espace de rangement,Chauffeur expérimenté,Silence,Cuisine,Vue panoramique,Éclairage tamisé,Climatisation",Planner,Bafoussam
1092,Fontem,"Vue panoramique,Espace de rangement,Assistance bagages,Ponctualité,Conversation,Langue parlée,Animaux acceptés,Ambiance chaleureuse,Éclairage tamisé,Chauffeur expérimenté,Sport,Conduite souple,Musique,Confort,Connectivité,Silence,Navigation GPS",Planner,Maroua
160,Melong,"Conduite souple,Musique,Espace de rangement,Langue parlée,Animaux acceptés,Chauffeur expérimenté,Sport,Cuisine,Silence,Wi-Fi gratuit",Traveler,Bonamoussadi
1456,Kumba,"Sport,Wi-Fi gratuit,Assistance bagages,Éclairage tamisé",Planner,Bonamoussadi
3848,Essos,"Confort,Conduite souple,Animaux acceptés,Cuisine,Climatisation,Silence,Connectivité,Sièges inclinables,Sport",Traveler,Meiganga
1660,Kribi,"Musique,Confort,Conversation",Planner,Loum
4938,Bimbia,"Éclairage tamisé,Conversation,Navigation GPS,Assistance bagages,Ponctualité,Ambiance chaleureuse,Chauffeur expérimenté,Confort,Langue parlée,Cuisine,Sièges inclinables,Conduite souple,Sport,Animaux acceptés,Espace de rangement,Vue panoramique,Climatisation,Wi-Fi gratuit",Traveler,Guider
2900,Essos,Connectivité,Planner,Maroua
4175,Beti,"Ambiance chaleureuse,Langue parlée,Conversation,Boisson gratuite,Animaux acceptés,Sièges inclinables,Chauffeur expérimenté,Silence,Éclairage tamisé,Confort,Vue panoramique,Assistance bagages,Climatisation",Traveler,Maroua
3767,Douala,"Animaux acceptés,Vue panoramique,Assistance bagages,Conduite souple,Chauffeur expérimenté,Navigation GPS,Ambiance chaleureuse,Éclairage tamisé,Sport,Wi-Fi gratuit,Cuisine,Langue parlée",Planner,Nanga-Eboko
751,Maroua,"Confort,Sièges inclinables,Ponctualité,Navigation GPS,Langue parlée,Sport,Conversation,Climatisation,Connectivité,Assistance bagages,Cuisine,Ambiance chaleureuse,Éclairage tamisé,Boisson gratuite",Planner,Bonanjo
2344,Mbandjock,"Silence,Ambiance chaleureuse,Assistance bagages,Éclairage tamisé,Cuisine,Connectivité,Boisson gratuite,Conduite souple,Langue parlée,Ponctualité,Animaux acceptés,Sport,Navigation GPS,Conversation,Wi-Fi gratuit,Vue panoramique,Espace de rangement,Confort,Musique,Chauffeur expérimenté",Planner,Muyuka
3377,Mbanga,"Connectivité,Confort,Cuisine,Animaux acceptés,Conduite souple,Espace de rangement,Ambiance chaleureuse,Ponctualité,Navigation GPS,Climatisation,Silence,Vue panoramique,Musique",Planner,Bamenda
3979,Mokolo,"Ponctualité,Conversation,Confort,Éclairage tamisé,Espace de rangement,Assistance bagages,Climatisation,Conduite souple,Sport,Ambiance chaleureuse,Wi-Fi gratuit",Planner,Buea
5,Boutours,"Langue parlée,Chauffeur expérimenté,Musique,Ponctualité,Vue panoramique,Animaux acceptés,Assistance bagages,Navigation GPS,Conversation,Sièges inclinables,Espace de rangement,Climatisation",Planner,Bonaberi
2758,Edéa,"Vue panoramique,Langue parlée,Climatisation,Ponctualité,Assistance bagages,Conduite souple,Conversation,Confort,Wi-Fi gratuit,Sport,Boisson gratuite,Sièges inclinables,Éclairage tamisé,Animaux acceptés,Musique,Cuisine,Navigation GPS,Ambiance chaleureuse",Traveler,Mbandjock
4816,Mora,"Connectivité,Sport,Conduite souple,Animaux acceptés,Climatisation,Navigation GPS,Cuisine,Confort,Sièges inclinables,Langue parlée,Silence,Chauffeur expérimenté,Assistance bagages",Traveler,Meiganga
1026,Figuif,"Confort,Boisson gratuite,Sport,Langue parlée,Connectivité,Espace de rangement,Éclairage tamisé,Sièges inclinables,Assistance bagages,Vue panoramique,Silence,Ponctualité,Climatisation,Animaux acceptés,Conduite souple,Chauffeur expérimenté,Conversation,Wi-Fi gratuit,Musique,Cuisine",Planner,Edéa
730,Bonamoussadi,"Assistance bagages,Espace de rangement,Conduite souple,Ambiance chaleureuse,Chauffeur expérimenté,Musique,Wi-Fi gratuit,Vue panoramique,Conversation",Traveler,Limbe
377,Messa,"Silence,Chauffeur expérimenté,Connectivité,Langue parlée,Animaux acceptés,Ponctualité,Conduite souple,Boisson gratuite,Cuisine,Assistance bagages,Sport,Climatisation,Sièges inclinables,Vue panoramique,Éclairage tamisé,Confort,Wi-Fi gratuit,Espace de rangement,Musique,Conversation,Navigation GPS,Ambiance chaleureuse",Planner,Mbanga
4682,Dibombari,"Climatisation,Conduite souple,Ponctualité",Traveler,Mutengene
3221,Buea,"Espace de rangement,Sièges inclinables,Climatisation,Conversation,Assistance bagages,Langue parlée,Ambiance chaleureuse,Cuisine,Chauffeur expérimenté,Éclairage tamisé,Boisson gratuite,Conduite souple,Musique,Ponctualité,Silence,Confort,Sport,Animaux acceptés,Wi-Fi gratuit,Connectivité,Navigation GPS,Vue panoramique",Planner,Bafia
4012,Bimbia,"Silence,Espace de rangement,Wi-Fi gratuit,Conduite souple,Connectivité,Animaux acceptés,Vue panoramique,Boisson gratuite,Langue parlée,Musique,Cuisine,Assistance bagages,Confort,Éclairage tamisé,Chauffeur expérimenté,Navigation GPS,Conversation,Ponctualité,Sport,Ambiance chaleureuse",Traveler,Edéa
4312,Muyuka,"Boisson gratuite,Musique,Silence,Vue panoramique,Sièges inclinables,Ambiance chaleureuse,Conversation,Ponctualité,Conduite souple,Langue parlée,Éclairage tamisé,Confort,Espace de rangement,Connectivité,Sport",Planner,Essos
3273,Yagoua,"Wi-Fi gratuit,Chauffeur expérimenté,Éclairage tamisé,Assistance bagages,Cuisine,Conduite souple,Sièges inclinables,Confort,Langue parlée",Traveler,Campo
1370,Buea,"Ponctualité,Connectivité,Sièges inclinables,Conversation,Boisson gratuite,Éclairage tamisé,Vue panoramique,Chauffeur expérimenté,Navigation GPS,Espace de rangement",Planner,Bamenda
1746,Kousseri,"Chauffeur expérimenté,Musique,Éclairage tamisé,Connectivité,Conduite souple,Boisson gratuite,Animaux acceptés,Ponctualité,Sièges inclinables,Assistance bagages,Silence,Ambiance chaleureuse",Planner,Garoua
445,Bertoua,"Conduite souple,Espace de rangement,Silence,Assistance bagages,Sport",Planner,Melong
4234,Bandjoun,"Cuisine,Vue panoramique,Assistance bagages,Conversation,Éclairage tamisé,Conduite souple,Sièges inclinables,Confort,Sport,Chauffeur expérimenté,Ponctualité,Climatisation",Traveler,Buea
124,Bonamoussadi,"Confort,Silence,Langue parlée,Conversation,Conduite souple,Navigation GPS,Chauffeur expérimenté,Climatisation,Ambiance chaleureuse,Musique,Vue panoramique,Sièges inclinables,Connectivité,Animaux acceptés,Assistance bagages",Planner,Maroua
2631,Batibo,"Silence,Ambiance chaleureuse,Wi-Fi gratuit,Navigation GPS,Espace de rangement,Langue parlée,Confort,Sièges inclinables,Animaux acceptés,Boisson gratuite,Assistance bagages,Vue panoramique,Climatisation,Musique,Sport,Éclairage tamisé,Conduite souple,Chauffeur expérimenté",Traveler,Bonabéri
408,Boutours,"Navigation GPS,Musique,Conversation,Langue parlée,Ponctualité,Wi-Fi gratuit,Sièges inclinables,Chauffeur expérimenté,Silence,Ambiance chaleureuse,Conduite souple,Cuisine,Connectivité,Sport,Assistance bagages,Animaux acceptés,Confort,Espace de rangement,Climatisation",Traveler,Fontem
353,Belo,"Ponctualité,Cuisine,Wi-Fi gratuit,Boisson gratuite,Éclairage tamisé,Climatisation,Navigation GPS,Animaux acceptés,Silence",Traveler,Garoua
3439,Maroua,"Connectivité,Navigation GPS,Chauffeur expérimenté,Musique,Langue parlée,Silence,Animaux acceptés,Assistance bagages,Conversation,Climatisation,Ponctualité,Boisson gratuite,Espace de rangement",Traveler,Douala
2816,Bertoua,"Ambiance chaleureuse,Conduite souple,Vue panoramique,Chauffeur expérimenté,Éclairage tamisé,Navigation GPS,Musique,Sièges inclinables,Ponctualité,Silence,Confort",Planner,Bali
4357,Guider,"Navigation GPS,Climatisation,Cuisine,Assistance bagages,Ambiance chaleureuse,Wi-Fi gratuit,Éclairage tamisé,Connectivité,Conduite souple,Sièges inclinables,Ponctualité",Planner,Edéa
1345,Guider,"Assistance bagages,Navigation GPS,Animaux acceptés,Espace de rangement,Conduite souple,Climatisation,Cuisine,Ponctualité,Connectivité,Sport,Éclairage tamisé,Silence,Wi-Fi gratuit",Traveler,Banga Bakundu
1932,Mbandjock,"Vue panoramique,Connectivité,Cuisine,Espace de rangement,Confort,Ponctualité,Chauffeur expérimenté,Conduite souple,Silence,Sièges inclinables,Sport,Conversation,Wi-Fi gratuit,Ambiance chaleureuse,Musique,Boisson gratuite,Climatisation,Navigation GPS,Éclairage tamisé,Langue parlée,Assistance bagages,Animaux acceptés",Planner,Kumba
630,Yaounde,"Sport,Animaux acceptés,Vue panoramique,Espace de rangement,Conduite souple,Ambiance chaleureuse",Planner,Essos
124,Bonakouamouang,"Musique,Wi-Fi gratuit,Sièges inclinables,Boisson gratuite",Planner,Bonaberi
3441,Bonanjo,"Confort,Silence,Conduite souple,Connectivité,Boisson gratuite",Traveler,Batibo
2488,Edéa,"Silence,Conduite souple,Cuisine,Chauffeur expérimenté,Ponctualité,Boisson gratuite,Climatisation,Assistance bagages,Vue panoramique,Animaux acceptés,Langue parlée,Espace de rangement,Sport,Ambiance chaleureuse,Confort,Musique,Wi-Fi gratuit,Navigation GPS,Sièges inclinables,Conversation,Connectivité",Planner,Mbanga
4959,Boutours,"Ponctualité,Musique,Silence,Cuisine,Espace de rangement,Climatisation,Boisson gratuite,Chauffeur expérimenté",Planner,Kribi
2405,Essos,"Ambiance chaleureuse,Climatisation,Éclairage tamisé,Conduite souple,Assistance bagages,Silence,Conversation,Navigation GPS,Vue panoramique,Confort,Musique,Ponctualité,Animaux acceptés,Chauffeur expérimenté,Boisson gratuite,Sièges inclinables,Cuisine,Sport,Connectivité,Langue parlée,Espace de rangement",Planner,Bafoussam
2676,Meiganga,"Langue parlée,Boisson gratuite,Navigation GPS,Cuisine,Sièges inclinables,Chauffeur expérimenté,Ponctualité,Sport,Silence,Espace de rangement,Musique,Climatisation,Ambiance chaleureuse,Conversation,Animaux acceptés",Planner,Bonakouamouang
4628,Kribi,"Sport,Assistance bagages,Vue panoramique,Conversation,Cuisine,Musique,Animaux acceptés,Éclairage tamisé,Confort,Wi-Fi gratuit",Planner,Fontem
2522,Bamenda,"Confort,Conduite souple,Éclairage tamisé,Cuisine,Conversation,Musique,Chauffeur expérimenté,Sport",Traveler,Dibombari
1760,Bonakouamouang,"Animaux acceptés,Sièges inclinables,Confort,Ambiance chaleureuse,Climatisation,Vue panoramique,Éclairage tamisé,Conversation,Chauffeur expérimenté,Silence,Cuisine,Conduite souple,Wi-Fi gratuit,Langue parlée,Connectivité,Espace de rangement,Musique,Ponctualité,Boisson gratuite,Sport,Navigation GPS,Assistance bagages",Traveler,Belo
3328,Bertoua,"Sport,Animaux acceptés,Navigation GPS,Espace de rangement,Musique,Langue parlée,Silence,Assistance bagages",Planner,Kribi
512,Limbe,Chauffeur expérimenté,Traveler,Bonamoussadi
4651,Banga Bakundu,"Connectivité,Confort,Ponctualité,Conduite souple,Silence,Animaux acceptés,Wi-Fi gratuit,Espace de rangement,Climatisation,Sport,Navigation GPS,Éclairage tamisé,Chauffeur expérimenté,Assistance bagages,Cuisine,Langue parlée,Conversation",Planner,Belo
2305,Gazawa,"Langue parlée,Silence,Sport,Wi-Fi gratuit,Conversation,Confort,Musique,Ponctualité,Espace de rangement,Sièges inclinables,Climatisation,Navigation GPS,Chauffeur expérimenté,Animaux acceptés,Boisson gratuite",Planner,Maroua
1866,Beti,"Silence,Éclairage tamisé,Ambiance chaleureuse,Conduite souple,Ponctualité,Wi-Fi gratuit,Animaux acceptés,Connectivité,Sièges inclinables,Vue panoramique,Espace de rangement,Climatisation,Sport,Cuisine,Langue parlée,Conversation,Confort,Navigation GPS",Traveler,Dibombari
4280,Garoua,"Musique,Espace de rangement,Wi-Fi gratuit,Chauffeur expérimenté,Silence,Vue panoramique",Traveler,Bali Nyonga
4288,Fontem,"Sièges inclinables,Silence,Ambiance chaleureuse,Espace de rangement,Connectivité,Langue parlée,Chauffeur expérimenté,Conversation,Navigation GPS,Assistance bagages,Wi-Fi gratuit,Ponctualité,Musique,Cuisine,Éclairage tamisé,Confort,Vue panoramique",Planner,Bertoua
3253,Muyuka,"Climatisation,Sièges inclinables,Navigation GPS,Connectivité",Planner,Meiganga
4950,Mutengene,"Sièges inclinables,Vue panoramique,Chauffeur expérimenté",Planner,Kribi
2676,Belabo,"Cuisine,Boisson gratuite,Animaux acceptés,Silence",Planner,Mbanga
3940,Bertoua,"Climatisation,Éclairage tamisé,Conversation,Sièges inclinables,Silence,Espace de rangement",Traveler,Bimbia
1049,Mokolo,"Langue parlée,Conversation,Ambiance chaleureuse,Navigation GPS,Chauffeur expérimenté,Vue panoramique,Silence,Cuisine,Musique,Climatisation,Boisson gratuite,Éclairage tamisé,Ponctualité,Espace de rangement,Confort,Wi-Fi gratuit",Traveler,Guider
2645,Bamenda,"Silence,Cuisine,Éclairage tamisé,Climatisation,Ambiance chaleureuse,Conversation,Ponctualité,Confort,Animaux acceptés,Sport,Navigation GPS,Sièges inclinables",Planner,Mokolo
4303,Figuif,"Conversation,Sièges inclinables,Espace de rangement,Climatisation,Confort,Chauffeur expérimenté",Traveler,Buea
2764,Campo,"Confort,Cuisine,Sport,Ponctualité,Navigation GPS,Chauffeur expérimenté",Traveler,Bertoua
226,Bafia,"Assistance bagages,Silence,Vue panoramique,Sport,Conversation,Wi-Fi gratuit,Conduite souple,Confort,Chauffeur expérimenté,Animaux acceptés,Navigation GPS,Connectivité,Ponctualité,Langue parlée,Ambiance chaleureuse,Espace de rangement,Sièges inclinables,Boisson gratuite",Traveler,Bimbia
1175,Bafang,"Silence,Ambiance chaleureuse,Sport,Connectivité,Animaux acceptés,Musique,Boisson gratuite,Chauffeur expérimenté,Confort",Planner,Messa
2465,Belabo,"Wi-Fi gratuit,Connectivité,Conversation,Animaux acceptés,Assistance bagages,Vue panoramique,Langue parlée,Espace de rangement,Cuisine,Conduite souple,Musique,Ponctualité,Éclairage tamisé,Sport,Boisson gratuite,Climatisation",Traveler,Boutours
1657,Bonaberi,"Musique,Conduite souple,Langue parlée,Conversation,Confort,Assistance bagages,Chauffeur expérimenté",Traveler,Beti
1130,Garoua,"Vue panoramique,Éclairage tamisé,Boisson gratuite,Conduite souple,Cuisine,Connectivité,Sièges inclinables,Silence,Confort,Conversation,Navigation GPS,Ambiance chaleureuse,Musique,Espace de rangement,Animaux acceptés,Assistance bagages,Ponctualité,Climatisation,Wi-Fi gratuit,Chauffeur expérimenté",Traveler,Bonamoussadi
4859,Bali,"Sport,Sièges inclinables,Vue panoramique",Planner,Belo
1790,Limbe,"Assistance bagages,Silence,Chauffeur expérimenté,Wi-Fi gratuit,Conduite souple,Animaux acceptés,Navigation GPS,Conversation,Confort,Éclairage tamisé,Connectivité,Musique,Boisson gratuite,Espace de rangement,Ponctualité,Cuisine,Sièges inclinables,Langue parlée,Vue panoramique",Traveler,Mbalmayo
4786,Bertoua,"Langue parlée,Assistance bagages,Musique,Ponctualité,Animaux acceptés,Navigation GPS,Espace de rangement,Cuisine,Conduite souple,Ambiance chaleureuse,Boisson gratuite,Confort,Chauffeur expérimenté,Wi-Fi gratuit,Silence,Sièges inclinables,Vue panoramique,Éclairage tamisé,Conversation",Traveler,Bonanjo
2072,Edéa,"Connectivité,Wi-Fi gratuit,Climatisation,Assistance bagages,Musique,Chauffeur expérimenté,Conversation",Traveler,Bimbia
2132,Gazawa,"Conversation,Éclairage tamisé,Cuisine,Langue parlée,Espace de rangement,Animaux acceptés,Sport,Musique,Vue panoramique,Confort,Chauffeur expérimenté,Climatisation,Ponctualité,Assistance bagages,Ambiance chaleureuse,Connectivité,Sièges inclinables,Navigation GPS,Boisson gratuite,Silence",Planner,Essos
3050,Belo,"Cuisine,Éclairage tamisé,Sièges inclinables,Musique,Connectivité,Conduite souple,Ambiance chaleureuse,Climatisation,Ponctualité,Chauffeur expérimenté,Conversation,Espace de rangement",Traveler,Beti
136,Kousseri,"Connectivité,Silence,Confort,Ambiance chaleureuse,Sport,Wi-Fi gratuit,Cuisine,Assistance bagages",Traveler,Banga Bakundu
4239,Bonanjo,"Ponctualité,Connectivité,Chauffeur expérimenté,Boisson gratuite,Ambiance chaleureuse,Vue panoramique,Silence,Sport,Éclairage tamisé,Conduite souple,Langue parlée,Musique,Climatisation,Cuisine,Wi-Fi gratuit,Sièges inclinables,Animaux acceptés,Conversation,Espace de rangement,Navigation GPS",Planner,Maroua
3770,Batibo,"Animaux acceptés,Sièges inclinables,Ponctualité,Espace de rangement,Conduite souple,Chauffeur expérimenté,Cuisine,Silence",Traveler,Beti
3804,Muyuka,"Conversation,Connectivité,Confort,Boisson gratuite,Silence,Chauffeur expérimenté,Cuisine,Ponctualité",Planner,Mora
788,Bamenda,"Éclairage tamisé,Ambiance chaleureuse,Navigation GPS,Ponctualité,Wi-Fi gratuit,Assistance bagages,Langue parlée,Boisson gratuite,Musique,Animaux acceptés,Conduite souple,Silence,Sièges inclinables,Cuisine,Vue panoramique,Espace de rangement",Traveler,Kribi
4589,Bonabéri,"Conversation,Cuisine,Animaux acceptés,Vue panoramique,Sport,Conduite souple,Chauffeur expérimenté,Ponctualité",Planner,Mbouda
3339,Kribi,"Wi-Fi gratuit,Langue parlée,Musique,Éclairage tamisé,Conversation,Animaux acceptés,Espace de rangement,Navigation GPS,Ponctualité,Confort,Chauffeur expérimenté,Cuisine,Climatisation,Connectivité,Boisson gratuite,Sièges inclinables,Assistance bagages,Vue panoramique,Silence,Conduite souple,Sport",Traveler,Kousseri
50,Yaounde,"Assistance bagages,Éclairage tamisé,Ponctualité,Climatisation,Ambiance chaleureuse,Animaux acceptés,Langue parlée,Chauffeur expérimenté",Planner,Mbouda
4049,Guider,"Sièges inclinables,Musique,Langue parlée,Connectivité,Chauffeur expérimenté,Conversation,Ambiance chaleureuse,Boisson gratuite,Navigation GPS,Conduite souple,Cuisine",Traveler,Bogo
1916,Bafang,Ambiance chaleureuse,Planner,Muyuka
340,Fontem,"Wi-Fi gratuit,Connectivité",Traveler,Bali
2614,Bimbia,"Confort,Wi-Fi gratuit,Sport,Éclairage tamisé",Traveler,Muyuka
209,Limbe,"Vue panoramique,Connectivité,Sport,Navigation GPS,Wi-Fi gratuit,Confort,Climatisation,Conversation,Langue parlée,Éclairage tamisé,Cuisine,Animaux acceptés,Musique,Chauffeur expérimenté,Conduite souple,Ponctualité,Ambiance chaleureuse,Sièges inclinables,Assistance bagages,Silence,Espace de rangement",Planner,Mutengene
780,Bertoua,"Éclairage tamisé,Ponctualité,Cuisine,Sport,Langue parlée,Assistance bagages,Conduite souple,Animaux acceptés,Silence,Boisson gratuite,Musique,Navigation GPS,Ambiance chaleureuse,Connectivité",Planner,Loum
3085,Dibombari,"Ambiance chaleureuse,Conduite souple,Climatisation,Connectivité,Navigation GPS,Vue panoramique,Langue parlée,Silence,Sièges inclinables,Confort,Boisson gratuite,Wi-Fi gratuit,Chauffeur expérimenté,Espace de rangement,Animaux acceptés,Conversation",Planner,Figuif
94,Belo,"Silence,Climatisation,Wi-Fi gratuit,Sport,Ambiance chaleureuse,Vue panoramique",Traveler,Guider
1559,Boutours,"Ambiance chaleureuse,Conduite souple,Climatisation",Planner,Mbouda
1458,Campo,"Connectivité,Assistance bagages,Ponctualité,Langue parlée,Conversation,Sport,Musique,Animaux acceptés,Espace de rangement,Boisson gratuite,Vue panoramique,Navigation GPS,Cuisine,Climatisation,Conduite souple,Wi-Fi gratuit,Éclairage tamisé",Traveler,Batibo
3732,Mutengene,"Sièges inclinables,Ponctualité,Sport,Langue parlée,Boisson gratuite,Confort,Vue panoramique,Cuisine,Assistance bagages,Musique,Ambiance chaleureuse,Navigation GPS,Conduite souple,Wi-Fi gratuit,Conversation,Climatisation,Animaux acceptés",Planner,Beti
275,Kumba,"Langue parlée,Animaux acceptés,Boisson gratuite",Planner,Figuif
967,Bimbia,"Boisson gratuite,Connectivité,Langue parlée,Wi-Fi gratuit,Climatisation,Ambiance chaleureuse,Navigation GPS,Confort,Sport,Animaux acceptés,Espace de rangement,Cuisine,Ponctualité",Planner,Bonabéri
1842,Banga Bakundu,"Assistance bagages,Silence,Climatisation,Navigation GPS,Conversation,Langue parlée,Musique,Éclairage tamisé,Cuisine,Confort",Traveler,Campo
1688,Meiganga,Assistance bagages,Traveler,Belo
1975,Messa,"Animaux acceptés,Boisson gratuite,Conversation,Connectivité,Navigation GPS,Silence,Ambiance chaleureuse,Climatisation,Musique,Langue parlée,Chauffeur expérimenté,Conduite souple,Assistance bagages,Confort,Espace de rangement,Sièges inclinables,Ponctualité,Éclairage tamisé,Vue panoramique",Planner,Fontem
800,Buea,"Musique,Sport,Animaux acceptés,Climatisation,Conversation,Vue panoramique,Ponctualité,Silence,Connectivité,Conduite souple,Assistance bagages,Sièges inclinables,Cuisine,Boisson gratuite,Ambiance chaleureuse,Chauffeur expérimenté,Langue parlée",Planner,Bonakouamouang
3532,Banga Bakundu,"Navigation GPS,Connectivité,Éclairage tamisé,Sièges inclinables,Chauffeur expérimenté,Boisson gratuite",Traveler,Yagoua
3982,Bertoua,"Silence,Navigation GPS,Boisson gratuite,Espace de rangement,Cuisine,Assistance bagages,Conversation,Musique,Éclairage tamisé,Confort,Chauffeur expérimenté,Conduite souple,Wi-Fi gratuit,Animaux acceptés,Connectivité",Planner,Edéa
2569,Mbouda,"Sport,Connectivité,Boisson gratuite,Assistance bagages,Navigation GPS,Musique,Animaux acceptés,Wi-Fi gratuit,Sièges inclinables,Climatisation,Confort,Espace de rangement,Cuisine",Traveler,Bonakouamouang
1683,Kribi,"Climatisation,Sport,Navigation GPS,Vue panoramique,Chauffeur expérimenté,Confort,Langue parlée,Boisson gratuite,Espace de rangement,Wi-Fi gratuit,Animaux acceptés,Conversation",Planner,Douala
4114,Buea,"Conduite souple,Silence,Wi-Fi gratuit,Boisson gratuite",Traveler,Bogo
2239,Campo,"Sport,Cuisine,Boisson gratuite,Connectivité,Animaux acceptés,Éclairage tamisé,Wi-Fi gratuit,Conversation,Ponctualité,Langue parlée,Confort,Musique,Espace de rangement,Vue panoramique,Chauffeur expérimenté",Traveler,Nkongsamba
4492,Bimbia,"Connectivité,Boisson gratuite,Ponctualité,Sport,Assistance bagages,Cuisine,Conversation,Chauffeur expérimenté,Conduite souple,Animaux acceptés,Musique",Traveler,Mbanga
171,Mora,"Espace de rangement,Navigation GPS,Cuisine,Sport,Langue parlée",Traveler,Gazawa
1889,Nkongsamba,"Ambiance chaleureuse,Conversation,Climatisation,Ponctualité,Éclairage tamisé,Wi-Fi gratuit,Animaux acceptés,Musique,Silence,Sport,Vue panoramique,Assistance bagages",Traveler,Bali Nyonga
3843,Bamenda,"Wi-Fi gratuit,Assistance bagages,Vue panoramique,Boisson gratuite,Silence,Langue parlée,Conversation,Climatisation,Connectivité,Espace de rangement,Ambiance chaleureuse,Sport,Conduite souple,Animaux acceptés",Planner,Bafoussam
3202,Mutengene,Vue panoramique,Traveler,Kumba
878,Dibombari,"Ponctualité,Wi-Fi gratuit,Chauffeur expérimenté,Assistance bagages,Animaux acceptés,Musique,Vue panoramique,Sport,Cuisine,Climatisation,Boisson gratuite,Navigation GPS,Connectivité,Espace de rangement,Conversation,Éclairage tamisé",Planner,Belo
1768,Fontem,"Espace de rangement,Wi-Fi gratuit,Silence,Assistance bagages,Vue panoramique,Ambiance chaleureuse,Boisson gratuite,Langue parlée,Éclairage tamisé,Navigation GPS,Animaux acceptés,Sport,Conduite souple,Conversation,Sièges inclinables,Connectivité,Cuisine,Chauffeur expérimenté",Planner,Bandjoun
3786,Bonanjo,"Vue panoramique,Navigation GPS,Cuisine,Connectivité,Langue parlée,Ambiance chaleureuse,Sièges inclinables,Climatisation,Animaux acceptés",Traveler,Kumba
1880,Bonanjo,"Boisson gratuite,Vue panoramique,Cuisine,Confort,Animaux acceptés,Langue parlée,Wi-Fi gratuit,Silence,Sièges inclinables,Ambiance chaleureuse,Conduite souple,Ponctualité,Connectivité,Éclairage tamisé",Traveler,Kousseri
3609,Fontem,"Climatisation,Conduite souple,Espace de rangement,Langue parlée,Ponctualité,Cuisine,Conversation,Confort,Ambiance chaleureuse,Wi-Fi gratuit,Silence,Boisson gratuite,Chauffeur expérimenté",Planner,Bafoussam
2807,Batibo,"Conduite souple,Langue parlée",Planner,Figuif
1516,Bonamoussadi,"Animaux acceptés,Musique,Boisson gratuite,Langue parlée,Wi-Fi gratuit,Vue panoramique,Sièges inclinables,Cuisine,Espace de rangement,Navigation GPS,Confort,Conversation,Connectivité,Sport,Conduite souple,Ambiance chaleureuse,Climatisation,Ponctualité,Éclairage tamisé,Assistance bagages",Traveler,Nkongsamba
2851,Maroua,"Ambiance chaleureuse,Chauffeur expérimenté,Boisson gratuite,Conduite souple,Vue panoramique,Espace de rangement,Cuisine,Musique,Sport,Assistance bagages,Connectivité,Langue parlée,Navigation GPS,Silence,Éclairage tamisé,Conversation,Confort",Traveler,Garoua
1195,Bonaberi,"Sport,Conduite souple,Cuisine,Navigation GPS,Musique,Boisson gratuite,Assistance bagages,Espace de rangement,Vue panoramique,Chauffeur expérimenté,Ponctualité,Ambiance chaleureuse,Langue parlée,Confort,Climatisation",Planner,Muyuka
3267,Bafia,"Musique,Espace de rangement,Navigation GPS,Connectivité,Conduite souple,Sport,Climatisation,Ambiance chaleureuse,Ponctualité,Boisson gratuite,Chauffeur expérimenté,Confort,Vue panoramique,Sièges inclinables,Assistance bagages,Éclairage tamisé",Traveler,Maroua
1940,Edéa,Chauffeur expérimenté,Traveler,Yaounde
156,Guider,"Ponctualité,Assistance bagages,Wi-Fi gratuit,Ambiance chaleureuse,Confort,Vue panoramique,Espace de rangement",Traveler,Loum
1248,Bogo,"Confort,Vue panoramique,Chauffeur expérimenté,Ponctualité,Boisson gratuite,Espace de rangement,Animaux acceptés,Climatisation,Ambiance chaleureuse,Musique,Assistance bagages,Conversation,Cuisine,Connectivité,Sport,Wi-Fi gratuit,Éclairage tamisé,Langue parlée,Sièges inclinables,Silence,Conduite souple,Navigation GPS",Traveler,Bonabéri
1428,Yaounde,"Sport,Langue parlée,Wi-Fi gratuit,Connectivité,Musique,Vue panoramique,Éclairage tamisé,Animaux acceptés,Cuisine,Ponctualité,Espace de rangement,Confort,Assistance bagages,Boisson gratuite,Climatisation,Conduite souple",Traveler,Bonanjo
982,Dibombari,"Langue parlée,Assistance bagages,Chauffeur expérimenté,Boisson gratuite,Wi-Fi gratuit,Conduite souple,Conversation,Vue panoramique,Sport",Traveler,Bafoussam
3672,Campo,"Langue parlée,Cuisine,Conversation,Ambiance chaleureuse,Sport,Connectivité,Vue panoramique",Planner,Bafang
16,Fontem,"Langue parlée,Connectivité,Conduite souple,Vue panoramique,Sport,Climatisation,Boisson gratuite,Animaux acceptés,Ambiance chaleureuse,Conversation,Musique",Planner,Bali
3859,Figuif,"Ponctualité,Conduite souple,Wi-Fi gratuit,Vue panoramique,Animaux acceptés,Éclairage tamisé,Cuisine,Boisson gratuite,Sport,Conversation,Climatisation,Confort,Connectivité,Silence",Planner,Beti
4574,Bandjoun,"Espace de rangement,Ambiance chaleureuse,Éclairage tamisé,Sport,Conversation",Planner,Kousseri
825,Yagoua,"Silence,Sièges inclinables,Éclairage tamisé,Wi-Fi gratuit,Vue panoramique,Climatisation,Boisson gratuite",Planner,Mora
4768,Boutours,Wi-Fi gratuit,Planner,Kumba
1232,Boutours,Conversation,Traveler,Melong
536,Mokolo,"Cuisine,Sièges inclinables,Éclairage tamisé,Sport",Planner,Bogo
1086,Guider,"Éclairage tamisé,Cuisine",Planner,Yagoua
3063,Bafoussam,"Ambiance chaleureuse,Animaux acceptés,Connectivité,Wi-Fi gratuit,Ponctualité,Sport,Langue parlée,Silence,Vue panoramique,Conduite souple,Conversation,Confort,Assistance bagages,Boisson gratuite,Espace de rangement,Musique,Éclairage tamisé",Planner,Bertoua
3827,Meiganga,"Éclairage tamisé,Connectivité,Sièges inclinables,Chauffeur expérimenté,Climatisation,Espace de rangement,Navigation GPS,Conversation,Ponctualité,Confort",Planner,Belabo
3676,Bogo,"Chauffeur expérimenté,Espace de rangement,Climatisation,Boisson gratuite,Wi-Fi gratuit,Animaux acceptés",Planner,Douala
1755,Figuif,"Silence,Espace de rangement,Ambiance chaleureuse,Climatisation,Connectivité,Conversation,Sièges inclinables,Navigation GPS,Chauffeur expérimenté,Confort,Ponctualité,Musique,Langue parlée,Wi-Fi gratuit,Conduite souple",Traveler,Guider
2960,Dibombari,"Chauffeur expérimenté,Silence,Ambiance chaleureuse,Confort",Planner,Loum
3984,Bonanjo,"Confort,Boisson gratuite,Cuisine,Sièges inclinables,Sport,Conduite souple,Connectivité,Ponctualité,Animaux acceptés,Chauffeur expérimenté,Silence,Musique,Langue parlée,Ambiance chaleureuse,Navigation GPS,Climatisation,Espace de rangement",Planner,Kumba
343,Douala,"Ambiance chaleureuse,Navigation GPS,Espace de rangement,Silence,Chauffeur expérimenté,Confort,Conduite souple",Traveler,Bali Nyonga
1358,Nkongsamba,"Cuisine,Sport,Espace de rangement,Animaux acceptés,Boisson gratuite,Musique,Connectivité,Sièges inclinables",Traveler,Loum
4852,Bogo,"Éclairage tamisé,Wi-Fi gratuit,Chauffeur expérimenté,Langue parlée,Cuisine,Silence,Climatisation,Espace de rangement,Assistance bagages,Ambiance chaleureuse,Connectivité,Navigation GPS,Conduite souple,Animaux acceptés,Boisson gratuite,Sièges inclinables,Sport",Traveler,Batibo
2878,Limbe,"Climatisation,Navigation GPS,Wi-Fi gratuit,Ambiance chaleureuse,Chauffeur expérimenté,Assistance bagages,Espace de rangement,Cuisine,Ponctualité,Connectivité,Conduite souple,Boisson gratuite,Langue parlée,Conversation,Éclairage tamisé,Sport",Planner,Muyuka
4056,Fontem,"Conduite souple,Cuisine,Sport",Planner,Dibombari
4137,Gazawa,"Chauffeur expérimenté,Cuisine,Vue panoramique,Sièges inclinables",Planner,Garoua
1739,Yaounde,"Silence,Assistance bagages,Conversation,Ponctualité,Navigation GPS,Wi-Fi gratuit,Cuisine,Connectivité,Boisson gratuite,Conduite souple,Musique,Chauffeur expérimenté,Animaux acceptés,Éclairage tamisé,Vue panoramique,Sport",Traveler,Mokolo
3124,Bafang,"Ponctualité,Wi-Fi gratuit,Sièges inclinables,Ambiance chaleureuse,Confort,Animaux acceptés,Musique,Climatisation,Espace de rangement,Éclairage tamisé,Connectivité,Silence",Planner,Guider
158,Bonabéri,"Connectivité,Assistance bagages,Cuisine,Conduite souple,Espace de rangement,Confort,Ponctualité,Wi-Fi gratuit",Planner,Bimbia
267,Muyuka,"Conversation,Wi-Fi gratuit,Ponctualité,Climatisation,Éclairage tamisé,Navigation GPS,Boisson gratuite,Cuisine,Silence,Langue parlée,Chauffeur expérimenté,Conduite souple,Connectivité,Sièges inclinables,Ambiance chaleureuse,Animaux acceptés,Espace de rangement,Assistance bagages,Confort,Vue panoramique,Musique",Planner,Bonakouamouang
241,Buea,"Chauffeur expérimenté,Conversation,Boisson gratuite,Langue parlée,Ponctualité,Assistance bagages,Sièges inclinables,Vue panoramique,Navigation GPS,Éclairage tamisé,Animaux acceptés,Wi-Fi gratuit,Climatisation,Confort,Cuisine,Connectivité,Sport,Musique,Silence",Traveler,Bonabéri
2240,Bonaberi,"Musique,Ponctualité,Connectivité,Animaux acceptés,Confort,Wi-Fi gratuit,Ambiance chaleureuse",Traveler,Mbouda
139,Gazawa,"Cuisine,Silence,Navigation GPS,Climatisation,Éclairage tamisé,Chauffeur expérimenté,Ponctualité,Conduite souple,Wi-Fi gratuit,Vue panoramique,Animaux acceptés,Boisson gratuite,Musique,Assistance bagages,Connectivité,Espace de rangement,Conversation,Confort,Sport,Ambiance chaleureuse,Langue parlée,Sièges inclinables",Traveler,Nkongsamba
1723,Mbanga,"Silence,Sport,Musique,Ambiance chaleureuse,Vue panoramique,Chauffeur expérimenté,Conversation,Espace de rangement,Animaux acceptés,Confort,Wi-Fi gratuit,Assistance bagages,Cuisine,Boisson gratuite",Traveler,Bali Nyonga
4272,Garoua,"Ponctualité,Langue parlée,Éclairage tamisé,Wi-Fi gratuit,Climatisation,Chauffeur expérimenté,Vue panoramique,Animaux acceptés,Cuisine,Navigation GPS,Sièges inclinables,Conduite souple,Connectivité,Assistance bagages,Sport",Traveler,Limbe
3713,Bafang,"Climatisation,Silence,Assistance bagages,Cuisine,Animaux acceptés,Ambiance chaleureuse,Sièges inclinables,Chauffeur expérimenté,Vue panoramique,Langue parlée,Sport,Wi-Fi gratuit,Conduite souple,Éclairage tamisé,Navigation GPS,Confort,Connectivité,Ponctualité,Espace de rangement",Traveler,Bali Nyonga
2542,Loum,"Wi-Fi gratuit,Sièges inclinables",Planner,Gazawa
615,Buea,"Confort,Vue panoramique,Conversation",Traveler,Figuif
1324,Bali,"Climatisation,Chauffeur expérimenté,Éclairage tamisé,Sièges inclinables,Assistance bagages,Ambiance chaleureuse,Conversation,Connectivité,Confort,Wi-Fi gratuit,Conduite souple",Planner,Maroua
491,Dibombari,"Espace de rangement,Sièges inclinables,Chauffeur expérimenté,Conduite souple,Wi-Fi gratuit,Vue panoramique,Éclairage tamisé,Animaux acceptés,Confort,Cuisine,Sport,Assistance bagages,Langue parlée,Conversation,Ambiance chaleureuse,Boisson gratuite,Connectivité,Ponctualité",Planner,Batibo
2755,Bamenda,"Vue panoramique,Ponctualité",Traveler,Muyuka
435,Nkongsamba,"Éclairage tamisé,Conduite souple,Climatisation,Chauffeur expérimenté,Connectivité,Espace de rangement,Assistance bagages,Confort,Cuisine,Animaux acceptés,Boisson gratuite,Sport,Navigation GPS,Silence,Ponctualité,Sièges inclinables,Musique",Planner,Buea
4802,Guider,"Sport,Animaux acceptés,Climatisation,Boisson gratuite,Conversation,Wi-Fi gratuit,Confort,Connectivité,Langue parlée,Vue panoramique,Navigation GPS",Traveler,Kousseri
2533,Kousseri,"Sport,Confort,Éclairage tamisé,Silence,Chauffeur expérimenté,Musique,Climatisation,Espace de rangement,Conversation,Cuisine,Sièges inclinables,Ambiance chaleureuse,Langue parlée,Wi-Fi gratuit",Planner,Bafang
4999,Beti,"Vue panoramique,Wi-Fi gratuit,Connectivité,Ambiance chaleureuse,Boisson gratuite,Climatisation,Silence,Navigation GPS,Assistance bagages,Conversation,Sport,Ponctualité,Animaux acceptés,Langue parlée",Traveler,Mbandjock
812,Batibo,"Conduite souple,Conversation,Connectivité",Planner,Nkongsamba
3380,Fontem,"Langue parlée,Assistance bagages,Silence,Wi-Fi gratuit,Confort,Sièges inclinables,Espace de rangement,Éclairage tamisé,Conduite souple,Vue panoramique,Ambiance chaleureuse,Sport,Cuisine,Conversation,Navigation GPS,Chauffeur expérimenté,Climatisation,Musique,Animaux acceptés,Boisson gratuite,Connectivité",Traveler,Yaounde
3037,Limbe,Musique,Traveler,Essos
4145,Buea,"Wi-Fi gratuit,Ponctualité,Conversation",Traveler,Bertoua
4965,Bonakouamouang,"Animaux acceptés,Climatisation,Navigation GPS,Langue parlée,Ambiance chaleureuse,Cuisine,Vue panoramique,Éclairage tamisé,Confort,Wi-Fi gratuit,Ponctualité",Planner,Figuif
240,Bonanjo,"Cuisine,Navigation GPS,Conversation,Sport,Chauffeur expérimenté,Silence,Conduite souple,Sièges inclinables,Espace de rangement,Wi-Fi gratuit,Boisson gratuite,Animaux acceptés,Ponctualité,Vue panoramique,Assistance bagages",Traveler,Mora
1919,Loum,"Silence,Conversation,Confort,Boisson gratuite,Wi-Fi gratuit,Sport,Chauffeur expérimenté,Conduite souple,Connectivité,Navigation GPS,Cuisine,Assistance bagages,Langue parlée,Vue panoramique,Éclairage tamisé,Sièges inclinables,Musique,Ponctualité,Espace de rangement,Animaux acceptés,Ambiance chaleureuse,Climatisation",Traveler,Batibo
2635,Fontem,"Confort,Vue panoramique,Assistance bagages,Silence,Cuisine,Espace de rangement,Éclairage tamisé",Traveler,Bonaberi
95,Muyuka,"Sièges inclinables,Éclairage tamisé,Espace de rangement,Cuisine,Connectivité,Sport,Climatisation,Ponctualité",Planner,Buea
2720,Belabo,"Ambiance chaleureuse,Conversation,Espace de rangement,Éclairage tamisé,Wi-Fi gratuit,Ponctualité,Cuisine,Navigation GPS,Assistance bagages,Confort",Traveler,Bonaberi
2458,Garoua,"Conversation,Connectivité,Ponctualité,Espace de rangement,Animaux acceptés,Assistance bagages,Musique,Cuisine,Langue parlée,Chauffeur expérimenté,Sport,Silence,Wi-Fi gratuit,Ambiance chaleureuse,Boisson gratuite,Éclairage tamisé,Sièges inclinables,Navigation GPS,Conduite souple",Planner,Nanga-Eboko
364,Bimbia,Navigation GPS,Planner,Bonabéri
4306,Fontem,"Ponctualité,Cuisine,Navigation GPS,Vue panoramique,Sport,Climatisation,Assistance bagages,Langue parlée,Wi-Fi gratuit,Sièges inclinables,Musique,Chauffeur expérimenté,Confort,Silence,Conduite souple,Conversation,Ambiance chaleureuse,Animaux acceptés,Boisson gratuite",Traveler,Mbouda
4828,Bandjoun,"Climatisation,Silence,Éclairage tamisé,Assistance bagages,Ponctualité,Ambiance chaleureuse,Sport,Vue panoramique,Wi-Fi gratuit,Conduite souple,Navigation GPS,Boisson gratuite,Espace de rangement,Sièges inclinables,Animaux acceptés,Connectivité,Musique,Cuisine,Langue parlée",Planner,Edéa
2497,Bonanjo,"Sièges inclinables,Ponctualité,Wi-Fi gratuit,Navigation GPS,Cuisine,Climatisation,Conversation,Langue parlée,Musique,Vue panoramique,Silence,Chauffeur expérimenté,Éclairage tamisé,Ambiance chaleureuse,Espace de rangement,Connectivité,Sport,Conduite souple,Confort,Boisson gratuite,Assistance bagages,Animaux acceptés",Traveler,Bonamoussadi
1695,Campo,"Sport,Wi-Fi gratuit,Vue panoramique,Assistance bagages,Éclairage tamisé,Connectivité,Langue parlée,Navigation GPS,Climatisation,Ambiance chaleureuse,Sièges inclinables,Conversation,Confort,Musique,Silence,Espace de rangement,Chauffeur expérimenté,Animaux acceptés,Conduite souple,Cuisine,Ponctualité",Traveler,Mokolo
4549,Bafang,"Ponctualité,Conversation,Espace de rangement,Chauffeur expérimenté,Climatisation,Silence,Conduite souple,Sièges inclinables,Éclairage tamisé,Sport,Boisson gratuite,Musique,Confort,Wi-Fi gratuit",Traveler,Mbouda
2071,Nanga-Eboko,"Chauffeur expérimenté,Silence,Ponctualité,Connectivité,Wi-Fi gratuit,Ambiance chaleureuse,Vue panoramique,Langue parlée,Assistance bagages,Animaux acceptés,Navigation GPS,Conversation,Sièges inclinables",Traveler,Limbe
3810,Mora,"Vue panoramique,Cuisine,Confort,Animaux acceptés,Éclairage tamisé,Assistance bagages,Ponctualité,Navigation GPS,Wi-Fi gratuit,Sport",Planner,Banga Bakundu
3142,Bafoussam,"Sièges inclinables,Sport,Musique,Chauffeur expérimenté,Silence,Langue parlée,Éclairage tamisé,Confort",Traveler,Kousseri
3151,Fontem,"Conduite souple,Chauffeur expérimenté,Climatisation,Espace de rangement,Conversation,Ambiance chaleureuse,Sport,Cuisine,Assistance bagages,Animaux acceptés,Vue panoramique,Langue parlée,Ponctualité,Éclairage tamisé,Sièges inclinables,Wi-Fi gratuit,Boisson gratuite,Confort",Planner,Kribi
2032,Mutengene,Animaux acceptés,Planner,Muyuka
3603,Mokolo,"Vue panoramique,Cuisine,Navigation GPS,Wi-Fi gratuit,Sport,Conversation,Musique,Connectivité,Conduite souple",Planner,Yagoua
4365,Bonamoussadi,"Langue parlée,Connectivité,Silence,Conduite souple,Climatisation,Espace de rangement,Ponctualité",Planner,Mbalmayo
4771,Beti,"Animaux acceptés,Confort",Traveler,Bafang
480,Maroua,"Éclairage tamisé,Sièges inclinables,Confort,Sport,Musique,Ambiance chaleureuse,Connectivité,Conduite souple",Planner,Buea
623,Boutours,"Sièges inclinables,Connectivité,Silence,Conversation,Assistance bagages,Vue panoramique,Ambiance chaleureuse,Langue parlée,Boisson gratuite,Chauffeur expérimenté,Éclairage tamisé,Ponctualité,Espace de rangement,Wi-Fi gratuit,Navigation GPS",Planner,Bonanjo
3285,Mora,"Vue panoramique,Musique,Chauffeur expérimenté,Connectivité,Cuisine,Wi-Fi gratuit,Animaux acceptés",Traveler,Bafia
3745,Bafia,"Silence,Climatisation,Langue parlée,Connectivité,Sport,Ponctualité,Vue panoramique,Conversation,Musique,Assistance bagages,Boisson gratuite,Cuisine,Wi-Fi gratuit,Confort,Ambiance chaleureuse,Conduite souple,Chauffeur expérimenté,Navigation GPS,Espace de rangement,Sièges inclinables,Éclairage tamisé,Animaux acceptés",Traveler,Nkongsamba
2871,Douala,"Vue panoramique,Boisson gratuite,Navigation GPS,Animaux acceptés,Conversation,Sièges inclinables,Connectivité,Climatisation,Wi-Fi gratuit,Ponctualité,Cuisine,Sport,Éclairage tamisé,Chauffeur expérimenté,Assistance bagages,Ambiance chaleureuse,Langue parlée,Espace de rangement,Musique,Silence,Confort,Conduite souple",Planner,Limbe
2415,Nkongsamba,Langue parlée,Traveler,Kumba
211,Muyuka,"Vue panoramique,Assistance bagages,Wi-Fi gratuit,Climatisation,Conduite souple,Sport",Planner,Kumba
1217,Batibo,"Ambiance chaleureuse,Conduite souple,Navigation GPS,Espace de rangement,Ponctualité,Cuisine",Planner,Beti
3785,Bertoua,"Animaux acceptés,Wi-Fi gratuit,Vue panoramique,Ambiance chaleureuse,Boisson gratuite,Climatisation,Confort,Silence,Musique,Ponctualité,Chauffeur expérimenté,Assistance bagages,Navigation GPS",Traveler,Nkongsamba
1754,Mbanga,"Navigation GPS,Connectivité,Climatisation,Langue parlée,Chauffeur expérimenté,Boisson gratuite,Sièges inclinables,Espace de rangement",Traveler,Bimbia
2794,Mbandjock,"Confort,Sièges inclinables,Connectivité,Langue parlée,Sport,Animaux acceptés,Espace de rangement,Vue panoramique,Conduite souple",Traveler,Bertoua
1529,Buea,"Assistance bagages,Climatisation,Ponctualité,Éclairage tamisé,Vue panoramique,Cuisine,Sport,Confort,Silence,Wi-Fi gratuit,Musique,Connectivité,Chauffeur expérimenté,Animaux acceptés",Traveler,Bafang
4235,Bonabéri,"Cuisine,Chauffeur expérimenté,Espace de rangement,Vue panoramique,Silence,Climatisation,Conduite souple,Musique,Langue parlée,Wi-Fi gratuit,Sièges inclinables,Ambiance chaleureuse",Traveler,Banga Bakundu
4737,Gazawa,"Musique,Vue panoramique,Connectivité,Navigation GPS,Sport,Langue parlée,Silence,Animaux acceptés,Conduite souple,Ponctualité,Confort,Espace de rangement,Éclairage tamisé,Ambiance chaleureuse,Wi-Fi gratuit,Chauffeur expérimenté",Planner,Loum
63,Meiganga,"Animaux acceptés,Musique,Silence,Sièges inclinables,Climatisation,Chauffeur expérimenté,Cuisine,Ponctualité,Éclairage tamisé,Langue parlée,Connectivité,Wi-Fi gratuit,Ambiance chaleureuse,Conduite souple",Traveler,Bafang
1840,Bafang,"Assistance bagages,Boisson gratuite,Langue parlée,Ponctualité,Silence,Sièges inclinables,Confort,Conduite souple,Chauffeur expérimenté,Cuisine,Climatisation,Navigation GPS,Sport,Conversation,Animaux acceptés,Éclairage tamisé,Ambiance chaleureuse,Connectivité,Wi-Fi gratuit,Musique",Traveler,Mbouda
2964,Douala,"Silence,Ambiance chaleureuse,Climatisation,Éclairage tamisé,Espace de rangement,Sport,Langue parlée,Conduite souple,Cuisine,Confort,Vue panoramique,Conversation,Assistance bagages,Animaux acceptés,Navigation GPS,Boisson gratuite,Musique",Traveler,Bonabéri
2380,Messa,"Ponctualité,Sport,Confort,Ambiance chaleureuse,Connectivité,Navigation GPS,Conduite souple,Langue parlée",Planner,Bertoua
3300,Dibombari,"Ponctualité,Espace de rangement,Vue panoramique",Planner,Figuif
3206,Gazawa,"Conduite souple,Espace de rangement",Traveler,Mora
960,Maroua,"Sièges inclinables,Éclairage tamisé,Chauffeur expérimenté,Espace de rangement,Climatisation,Conduite souple,Animaux acceptés,Conversation,Langue parlée,Musique,Confort,Ambiance chaleureuse,Boisson gratuite,Navigation GPS,Wi-Fi gratuit,Ponctualité,Connectivité,Cuisine,Assistance bagages,Sport,Vue panoramique",Traveler,Gazawa
2651,Buea,"Sport,Cuisine,Confort,Espace de rangement,Sièges inclinables,Silence,Musique,Assistance bagages,Chauffeur expérimenté,Animaux acceptés,Boisson gratuite,Ponctualité,Ambiance chaleureuse,Connectivité,Navigation GPS,Langue parlée,Wi-Fi gratuit,Conversation,Conduite souple",Planner,Bali
253,Buea,"Conduite souple,Vue panoramique,Confort,Boisson gratuite,Sport,Assistance bagages,Wi-Fi gratuit,Connectivité,Ambiance chaleureuse,Langue parlée,Silence,Conversation,Climatisation,Éclairage tamisé,Navigation GPS,Chauffeur expérimenté",Planner,Kumba
120,Bali,"Assistance bagages,Sport,Ambiance chaleureuse,Connectivité,Musique,Espace de rangement,Conduite souple,Animaux acceptés",Planner,Mora
3535,Guider,"Ponctualité,Sport,Vue panoramique,Espace de rangement,Assistance bagages,Navigation GPS,Cuisine,Connectivité,Silence,Ambiance chaleureuse,Confort",Traveler,Mbanga
1214,Yagoua,"Langue parlée,Espace de rangement,Silence",Planner,Belabo
1281,Beti,"Langue parlée,Musique,Ambiance chaleureuse,Animaux acceptés,Confort,Conversation,Connectivité,Sièges inclinables,Silence,Ponctualité,Cuisine",Planner,Gazawa
4758,Douala,"Wi-Fi gratuit,Confort",Traveler,Bafoussam
1360,Bali Nyonga,"Éclairage tamisé,Cuisine,Animaux acceptés,Navigation GPS,Wi-Fi gratuit,Sièges inclinables,Conversation,Musique,Ponctualité,Vue panoramique,Langue parlée,Sport,Climatisation,Connectivité,Ambiance chaleureuse,Assistance bagages,Confort,Conduite souple,Espace de rangement,Chauffeur expérimenté,Boisson gratuite,Silence",Traveler,Nkongsamba
283,Gazawa,"Boisson gratuite,Conduite souple,Climatisation,Wi-Fi gratuit,Connectivité,Musique,Confort,Espace de rangement,Ponctualité,Silence,Animaux acceptés,Chauffeur expérimenté,Cuisine,Sport,Navigation GPS,Vue panoramique,Ambiance chaleureuse,Sièges inclinables,Langue parlée,Éclairage tamisé,Assistance bagages,Conversation",Traveler,Nkongsamba
751,Beti,"Silence,Chauffeur expérimenté,Vue panoramique,Cuisine,Animaux acceptés,Musique,Sièges inclinables,Climatisation,Boisson gratuite,Confort",Traveler,Meiganga
47,Buea,"Langue parlée,Navigation GPS,Éclairage tamisé,Ambiance chaleureuse,Conversation,Chauffeur expérimenté,Sièges inclinables,Cuisine,Sport,Musique,Boisson gratuite,Connectivité,Silence,Espace de rangement,Climatisation",Traveler,Loum
1824,Mutengene,"Climatisation,Vue panoramique,Conversation,Assistance bagages,Wi-Fi gratuit,Éclairage tamisé,Langue parlée,Sièges inclinables,Animaux acceptés,Sport,Cuisine,Conduite souple,Ambiance chaleureuse,Confort,Connectivité",Planner,Bamenda
3187,Figuif,"Chauffeur expérimenté,Connectivité,Confort,Silence",Traveler,Mbandjock
2131,Mokolo,"Musique,Cuisine,Conduite souple,Conversation,Sport,Wi-Fi gratuit,Éclairage tamisé",Planner,Banga Bakundu
2440,Dibombari,"Ponctualité,Conversation,Navigation GPS,Conduite souple,Wi-Fi gratuit,Sport,Ambiance chaleureuse,Chauffeur expérimenté,Animaux acceptés,Confort,Langue parlée,Cuisine,Espace de rangement",Planner,Mokolo
3421,Bafia,"Espace de rangement,Wi-Fi gratuit,Assistance bagages,Ponctualité,Animaux acceptés,Connectivité,Climatisation,Sièges inclinables,Sport,Conversation,Musique,Ambiance chaleureuse,Éclairage tamisé,Silence,Cuisine,Chauffeur expérimenté,Boisson gratuite,Conduite souple,Vue panoramique",Planner,Bonaberi
720,Yaounde,"Animaux acceptés,Chauffeur expérimenté,Connectivité,Cuisine,Langue parlée,Assistance bagages,Ponctualité,Musique,Éclairage tamisé,Confort,Conversation,Sport",Planner,Kousseri
1269,Boutours,"Connectivité,Éclairage tamisé,Sièges inclinables,Confort,Espace de rangement,Ponctualité",Traveler,Bonaberi
3881,Bali,"Sièges inclinables,Boisson gratuite,Langue parlée,Ponctualité",Planner,Essos
627,Banga Bakundu,"Musique,Langue parlée,Animaux acceptés,Conversation,Éclairage tamisé,Sport,Espace de rangement,Sièges inclinables,Vue panoramique,Assistance bagages,Chauffeur expérimenté,Connectivité,Cuisine,Wi-Fi gratuit,Confort,Navigation GPS,Conduite souple,Climatisation",Planner,Bafang
1889,Mokolo,"Conversation,Boisson gratuite,Navigation GPS,Cuisine,Vue panoramique,Connectivité,Langue parlée,Chauffeur expérimenté,Silence,Musique,Assistance bagages,Conduite souple,Éclairage tamisé,Ambiance chaleureuse,Ponctualité,Wi-Fi gratuit,Animaux acceptés,Sport,Espace de rangement,Confort,Sièges inclinables",Planner,Bimbia
2939,Boutours,"Conversation,Vue panoramique,Confort",Traveler,Bonanjo
2054,Kribi,"Animaux acceptés,Sièges inclinables,Ponctualité,Espace de rangement,Éclairage tamisé,Sport,Vue panoramique,Cuisine,Climatisation,Confort,Wi-Fi gratuit,Silence,Musique,Chauffeur expérimenté,Ambiance chaleureuse,Boisson gratuite,Navigation GPS,Langue parlée,Assistance bagages,Conversation",Traveler,Mbouda
4155,Yaounde,"Connectivité,Ponctualité,Ambiance chaleureuse,Boisson gratuite,Sièges inclinables,Vue panoramique,Espace de rangement,Musique,Chauffeur expérimenté,Navigation GPS,Sport,Animaux acceptés,Assistance bagages,Conduite souple,Silence,Cuisine,Confort,Langue parlée,Éclairage tamisé,Climatisation,Conversation",Traveler,Beti
2592,Bogo,"Espace de rangement,Conduite souple,Ponctualité,Ambiance chaleureuse",Planner,Edéa
2840,Belo,"Sport,Ponctualité,Confort,Boisson gratuite,Ambiance chaleureuse,Navigation GPS,Cuisine,Animaux acceptés,Musique,Éclairage tamisé,Assistance bagages,Langue parlée,Conduite souple,Climatisation,Connectivité,Wi-Fi gratuit,Chauffeur expérimenté",Planner,Gazawa
2454,Mbouda,"Langue parlée,Confort,Ponctualité,Ambiance chaleureuse,Navigation GPS,Chauffeur expérimenté,Conversation,Cuisine,Wi-Fi gratuit,Climatisation,Sport,Silence,Musique,Boisson gratuite",Planner,Bonanjo
4843,Boutours,"Silence,Chauffeur expérimenté,Ponctualité,Confort,Vue panoramique,Sport,Éclairage tamisé,Wi-Fi gratuit,Conduite souple,Animaux acceptés,Cuisine,Connectivité",Traveler,Bonaberi
2960,Kousseri,"Confort,Espace de rangement,Ambiance chaleureuse,Cuisine,Chauffeur expérimenté,Wi-Fi gratuit,Musique,Sport,Langue parlée",Traveler,Messa
2333,Bogo,"Silence,Cuisine,Ponctualité",Planner,Bonamoussadi
3765,Bamenda,"Animaux acceptés,Confort,Wi-Fi gratuit,Sièges inclinables,Cuisine,Ponctualité,Chauffeur expérimenté,Sport",Traveler,Douala
4186,Mokolo,"Wi-Fi gratuit,Conversation,Musique,Ponctualité,Langue parlée",Planner,Bafang
3202,Bertoua,"Espace de rangement,Éclairage tamisé,Sport",Traveler,Bogo
534,Bogo,"Ponctualité,Boisson gratuite,Connectivité,Musique,Animaux acceptés,Langue parlée,Vue panoramique,Espace de rangement,Silence,Climatisation,Ambiance chaleureuse,Cuisine,Wi-Fi gratuit,Assistance bagages,Chauffeur expérimenté,Éclairage tamisé,Conduite souple,Conversation,Confort,Sport",Traveler,Gazawa
2497,Buea,"Sièges inclinables,Chauffeur expérimenté,Ambiance chaleureuse,Wi-Fi gratuit,Navigation GPS,Espace de rangement,Assistance bagages,Connectivité,Conduite souple,Ponctualité",Planner,Boutours
4030,Gazawa,"Wi-Fi gratuit,Climatisation",Planner,Bimbia
1450,Figuif,"Conversation,Éclairage tamisé,Chauffeur expérimenté,Espace de rangement,Animaux acceptés,Cuisine,Sièges inclinables,Boisson gratuite,Wi-Fi gratuit,Vue panoramique,Ponctualité,Navigation GPS,Silence,Confort",Planner,Kousseri
2927,Mutengene,Cuisine,Planner,Meiganga
4891,Boutours,"Confort,Animaux acceptés,Wi-Fi gratuit,Sport",Traveler,Mutengene
164,Douala,"Wi-Fi gratuit,Connectivité,Conversation,Éclairage tamisé,Assistance bagages,Confort,Boisson gratuite,Musique,Animaux acceptés,Langue parlée,Silence,Navigation GPS,Climatisation,Espace de rangement,Ponctualité,Ambiance chaleureuse,Vue panoramique",Traveler,Bamenda
1363,Bamenda,"Éclairage tamisé,Wi-Fi gratuit,Silence,Conversation",Traveler,Bafoussam
1544,Muyuka,"Navigation GPS,Climatisation,Vue panoramique,Musique,Wi-Fi gratuit,Ponctualité,Assistance bagages,Langue parlée,Sport,Confort",Planner,Figuif
1274,Messa,"Connectivité,Conversation",Planner,Messa
1623,Mbanga,"Musique,Ponctualité,Conduite souple,Éclairage tamisé,Vue panoramique,Climatisation,Conversation,Confort,Boisson gratuite,Sport,Navigation GPS,Wi-Fi gratuit,Espace de rangement,Cuisine,Silence,Connectivité,Sièges inclinables",Traveler,Garoua
2798,Maroua,"Sièges inclinables,Conversation,Climatisation,Connectivité",Planner,Melong
4201,Melong,"Assistance bagages,Conversation,Climatisation,Chauffeur expérimenté,Espace de rangement,Éclairage tamisé,Musique,Confort,Conduite souple,Silence,Cuisine,Ambiance chaleureuse,Animaux acceptés,Sport,Connectivité,Boisson gratuite",Traveler,Campo
2482,Figuif,"Conduite souple,Animaux acceptés,Conversation,Éclairage tamisé,Confort,Silence",Traveler,Edéa
432,Mbandjock,"Animaux acceptés,Musique,Connectivité,Navigation GPS,Sièges inclinables,Confort,Boisson gratuite,Conversation,Vue panoramique,Chauffeur expérimenté,Ambiance chaleureuse,Conduite souple,Assistance bagages,Silence,Sport",Traveler,Kumba
704,Mbandjock,"Éclairage tamisé,Sport,Ponctualité,Langue parlée,Boisson gratuite",Traveler,Nkongsamba
2910,Mbouda,"Conversation,Navigation GPS,Assistance bagages,Climatisation,Animaux acceptés,Connectivité,Silence,Musique,Boisson gratuite,Espace de rangement,Vue panoramique,Ambiance chaleureuse,Chauffeur expérimenté,Confort,Sièges inclinables,Langue parlée,Wi-Fi gratuit",Traveler,Nkongsamba
2671,Mbouda,"Cuisine,Silence,Wi-Fi gratuit,Conduite souple,Espace de rangement,Navigation GPS,Chauffeur expérimenté,Conversation,Langue parlée,Climatisation,Musique,Ponctualité,Connectivité,Éclairage tamisé,Sport,Ambiance chaleureuse,Assistance bagages,Confort",Traveler,Belo
604,Essos,Langue parlée,Planner,Bafang
2705,Bertoua,"Confort,Langue parlée",Planner,Gazawa
2571,Buea,"Assistance bagages,Boisson gratuite,Connectivité,Cuisine,Vue panoramique,Éclairage tamisé,Conversation,Sièges inclinables,Musique,Langue parlée,Navigation GPS,Wi-Fi gratuit,Ponctualité,Climatisation,Confort,Espace de rangement,Chauffeur expérimenté,Ambiance chaleureuse,Silence,Sport,Animaux acceptés,Conduite souple",Planner,Mbalmayo
4295,Bamenda,"Cuisine,Chauffeur expérimenté,Animaux acceptés,Langue parlée,Wi-Fi gratuit,Éclairage tamisé,Musique,Sièges inclinables,Ambiance chaleureuse,Climatisation,Sport,Vue panoramique,Navigation GPS,Assistance bagages,Boisson gratuite,Espace de rangement,Connectivité,Ponctualité",Planner,Mokolo
1963,Beti,"Sport,Wi-Fi gratuit,Conversation,Éclairage tamisé,Boisson gratuite,Ambiance chaleureuse,Animaux acceptés,Assistance bagages,Ponctualité,Espace de rangement,Confort,Musique,Sièges inclinables,Chauffeur expérimenté,Langue parlée,Vue panoramique,Climatisation,Cuisine,Navigation GPS,Silence,Conduite souple,Connectivité",Traveler,Bamenda
27,Kumba,"Espace de rangement,Connectivité,Musique,Éclairage tamisé,Sport,Climatisation,Wi-Fi gratuit,Conversation,Confort,Sièges inclinables,Navigation GPS,Animaux acceptés,Conduite souple,Chauffeur expérimenté,Langue parlée,Cuisine,Ponctualité,Vue panoramique,Boisson gratuite",Traveler,Buea
4313,Muyuka,"Vue panoramique,Éclairage tamisé,Connectivité,Cuisine,Ponctualité,Langue parlée,Sièges inclinables",Traveler,Beti
2810,Gazawa,"Conduite souple,Langue parlée,Chauffeur expérimenté,Vue panoramique,Conversation,Ambiance chaleureuse,Cuisine,Silence,Sport,Connectivité,Éclairage tamisé,Assistance bagages",Traveler,Figuif
3862,Bonakouamouang,"Connectivité,Wi-Fi gratuit,Confort,Vue panoramique,Assistance bagages,Langue parlée,Ambiance chaleureuse,Conversation,Sièges inclinables,Éclairage tamisé",Planner,Beti
2983,Beti,Assistance bagages,Traveler,Essos
4509,Gazawa,"Langue parlée,Wi-Fi gratuit,Conversation,Silence,Chauffeur expérimenté,Sièges inclinables,Confort,Sport,Éclairage tamisé,Espace de rangement,Navigation GPS,Climatisation,Ponctualité,Assistance bagages,Ambiance chaleureuse,Animaux acceptés,Vue panoramique,Boisson gratuite,Connectivité",Planner,Campo
4085,Bertoua,"Climatisation,Connectivité,Sièges inclinables,Silence,Chauffeur expérimenté,Éclairage tamisé,Conduite souple,Ambiance chaleureuse,Confort,Cuisine,Espace de rangement,Ponctualité,Sport,Animaux acceptés,Conversation,Musique,Navigation GPS,Assistance bagages,Boisson gratuite,Langue parlée,Wi-Fi gratuit",Traveler,Maroua
1449,Melong,"Ambiance chaleureuse,Langue parlée,Éclairage tamisé,Confort,Cuisine,Assistance bagages,Ponctualité,Musique,Espace de rangement,Conduite souple,Connectivité,Chauffeur expérimenté,Climatisation,Wi-Fi gratuit,Conversation,Sport,Navigation GPS,Sièges inclinables,Vue panoramique,Silence,Animaux acceptés",Planner,Kumba
2845,Edéa,"Wi-Fi gratuit,Ponctualité,Sport,Confort,Musique,Assistance bagages",Planner,Bonamoussadi
480,Loum,"Assistance bagages,Climatisation,Ponctualité,Cuisine,Langue parlée,Vue panoramique,Sièges inclinables",Traveler,Bonaberi
2435,Bonamoussadi,"Silence,Sport,Navigation GPS,Climatisation,Wi-Fi gratuit,Langue parlée,Boisson gratuite,Musique,Ambiance chaleureuse,Espace de rangement,Animaux acceptés,Cuisine,Éclairage tamisé",Traveler,Mokolo
3962,Buea,"Ponctualité,Boisson gratuite",Traveler,Fontem
1759,Kumba,"Silence,Cuisine,Animaux acceptés",Planner,Edéa
2003,Muyuka,"Climatisation,Musique,Conversation,Vue panoramique,Espace de rangement,Silence",Planner,Campo
4334,Belabo,"Boisson gratuite,Wi-Fi gratuit,Éclairage tamisé,Ambiance chaleureuse,Climatisation,Musique,Vue panoramique,Connectivité,Sport,Silence,Langue parlée,Assistance bagages,Conversation,Navigation GPS,Chauffeur expérimenté,Conduite souple,Ponctualité,Cuisine,Confort,Sièges inclinables,Espace de rangement,Animaux acceptés",Planner,Limbe
1962,Belabo,"Confort,Chauffeur expérimenté,Langue parlée,Ambiance chaleureuse,Cuisine,Connectivité,Musique,Éclairage tamisé,Conduite souple,Navigation GPS,Animaux acceptés,Wi-Fi gratuit,Sport,Ponctualité,Climatisation,Sièges inclinables",Traveler,Loum
93,Mora,"Wi-Fi gratuit,Ponctualité,Sport,Chauffeur expérimenté,Boisson gratuite,Musique,Sièges inclinables,Cuisine,Éclairage tamisé,Ambiance chaleureuse,Conduite souple",Planner,Fontem
2849,Batibo,"Conversation,Chauffeur expérimenté,Conduite souple,Éclairage tamisé,Espace de rangement,Langue parlée,Silence",Traveler,Edéa
1175,Buea,"Wi-Fi gratuit,Climatisation,Animaux acceptés,Sport,Boisson gratuite,Conversation,Sièges inclinables,Navigation GPS,Ambiance chaleureuse,Assistance bagages,Vue panoramique,Langue parlée,Chauffeur expérimenté,Connectivité,Ponctualité,Éclairage tamisé,Cuisine,Silence,Conduite souple,Musique",Planner,Bamenda
870,Mbanga,"Ponctualité,Connectivité,Chauffeur expérimenté,Confort,Sièges inclinables,Silence,Espace de rangement,Cuisine,Boisson gratuite,Conduite souple,Assistance bagages,Animaux acceptés,Musique,Éclairage tamisé,Climatisation,Sport",Traveler,Fontem
1035,Bimbia,"Espace de rangement,Musique,Assistance bagages,Ponctualité,Vue panoramique,Navigation GPS,Éclairage tamisé,Ambiance chaleureuse,Wi-Fi gratuit,Conduite souple,Conversation",Planner,Kousseri
3287,Beti,"Musique,Éclairage tamisé,Boisson gratuite,Sièges inclinables,Connectivité,Assistance bagages,Vue panoramique,Silence,Ambiance chaleureuse,Wi-Fi gratuit,Animaux acceptés,Climatisation,Conversation,Sport,Ponctualité",Traveler,Bali
806,Nanga-Eboko,"Cuisine,Musique,Wi-Fi gratuit,Langue parlée,Boisson gratuite,Confort,Vue panoramique,Ponctualité,Conduite souple,Conversation,Espace de rangement,Sport,Navigation GPS,Connectivité,Éclairage tamisé,Silence,Animaux acceptés",Traveler,Gazawa
919,Buea,"Animaux acceptés,Wi-Fi gratuit,Chauffeur expérimenté,Navigation GPS,Assistance bagages,Sièges inclinables,Conduite souple,Cuisine,Vue panoramique,Silence,Ponctualité,Ambiance chaleureuse",Planner,Bafang
1287,Nanga-Eboko,"Climatisation,Wi-Fi gratuit,Navigation GPS,Langue parlée,Espace de rangement,Conduite souple,Conversation,Animaux acceptés,Confort,Silence,Ponctualité,Boisson gratuite,Assistance bagages,Sport,Éclairage tamisé,Cuisine,Chauffeur expérimenté,Vue panoramique",Planner,Bafoussam
4577,Belabo,"Wi-Fi gratuit,Climatisation,Cuisine,Espace de rangement,Ponctualité,Langue parlée,Chauffeur expérimenté,Conversation,Ambiance chaleureuse,Silence,Vue panoramique,Conduite souple,Sièges inclinables,Animaux acceptés,Éclairage tamisé",Planner,Maroua
2894,Mokolo,"Climatisation,Espace de rangement,Conversation,Ponctualité,Sièges inclinables,Chauffeur expérimenté,Connectivité,Musique,Silence,Éclairage tamisé",Planner,Bogo
3451,Buea,"Vue panoramique,Conversation,Confort,Chauffeur expérimenté,Assistance bagages,Navigation GPS,Espace de rangement,Connectivité,Musique,Ponctualité",Traveler,Bonamoussadi
3954,Nanga-Eboko,"Wi-Fi gratuit,Conversation,Espace de rangement,Navigation GPS,Sièges inclinables,Boisson gratuite,Vue panoramique",Traveler,Mbouda
4868,Dibombari,"Ambiance chaleureuse,Sièges inclinables,Ponctualité,Boisson gratuite,Animaux acceptés,Confort,Sport,Chauffeur expérimenté,Conduite souple,Silence,Musique,Espace de rangement,Assistance bagages,Conversation,Connectivité,Vue panoramique,Cuisine,Langue parlée,Navigation GPS,Wi-Fi gratuit",Traveler,Melong
682,Dibombari,"Cuisine,Conduite souple,Éclairage tamisé",Traveler,Mokolo
3223,Guider,"Boisson gratuite,Chauffeur expérimenté,Éclairage tamisé,Ambiance chaleureuse,Musique",Planner,Essos
1954,Belo,"Boisson gratuite,Confort,Éclairage tamisé,Espace de rangement,Connectivité,Sport,Ambiance chaleureuse,Vue panoramique,Langue parlée,Assistance bagages,Cuisine,Ponctualité,Conversation,Silence,Animaux acceptés,Conduite souple,Musique,Sièges inclinables,Wi-Fi gratuit,Navigation GPS,Chauffeur expérimenté,Climatisation",Traveler,Campo
29,Muyuka,"Connectivité,Ponctualité,Éclairage tamisé,Conduite souple,Wi-Fi gratuit,Conversation,Musique,Silence,Vue panoramique,Chauffeur expérimenté,Cuisine,Espace de rangement,Confort",Planner,Belabo
3157,Bonaberi,"Cuisine,Vue panoramique,Boisson gratuite,Conduite souple,Ponctualité,Sport,Éclairage tamisé,Espace de rangement,Assistance bagages,Langue parlée,Conversation,Silence,Navigation GPS",Traveler,Mbouda
952,Boutours,"Navigation GPS,Musique,Animaux acceptés,Silence,Ambiance chaleureuse,Éclairage tamisé,Climatisation,Conduite souple,Langue parlée,Conversation,Ponctualité,Connectivité",Traveler,Kousseri
1617,Bonamoussadi,"Climatisation,Conversation,Silence,Sport,Animaux acceptés,Navigation GPS,Ambiance chaleureuse,Connectivité,Langue parlée,Musique,Assistance bagages,Cuisine,Chauffeur expérimenté",Traveler,Mbouda
1926,Essos,"Connectivité,Ponctualité,Musique,Espace de rangement,Conversation,Ambiance chaleureuse,Langue parlée,Conduite souple,Chauffeur expérimenté,Confort",Planner,Gazawa
1420,Edéa,"Langue parlée,Conduite souple,Boisson gratuite,Vue panoramique,Ambiance chaleureuse,Confort,Cuisine,Connectivité,Ponctualité,Conversation,Wi-Fi gratuit,Silence,Musique,Climatisation",Traveler,Messa
463,Bonamoussadi,"Wi-Fi gratuit,Conduite souple,Cuisine,Climatisation,Chauffeur expérimenté,Connectivité,Confort,Ambiance chaleureuse,Langue parlée,Ponctualité,Navigation GPS,Sièges inclinables,Boisson gratuite,Vue panoramique,Musique,Sport",Traveler,Dibombari
4386,Yaounde,Boisson gratuite,Planner,Essos
2184,Bandjoun,"Espace de rangement,Boisson gratuite,Confort,Musique,Silence,Sport,Connectivité,Vue panoramique,Cuisine,Navigation GPS,Conduite souple,Assistance bagages,Animaux acceptés,Wi-Fi gratuit,Ambiance chaleureuse",Planner,Beti
3385,Douala,"Espace de rangement,Sport,Vue panoramique",Traveler,Bertoua
4956,Belabo,"Vue panoramique,Confort,Navigation GPS,Animaux acceptés,Silence,Musique,Ponctualité,Sport,Climatisation,Langue parlée,Wi-Fi gratuit,Cuisine,Éclairage tamisé,Espace de rangement,Connectivité,Boisson gratuite,Conduite souple,Assistance bagages,Ambiance chaleureuse,Conversation,Chauffeur expérimenté,Sièges inclinables",Planner,Campo
176,Bonanjo,"Conversation,Silence,Connectivité,Ponctualité,Animaux acceptés,Sport,Assistance bagages,Climatisation,Vue panoramique,Chauffeur expérimenté,Boisson gratuite,Sièges inclinables,Conduite souple",Planner,Bali Nyonga
3658,Maroua,"Wi-Fi gratuit,Langue parlée,Conduite souple,Sport,Navigation GPS,Chauffeur expérimenté,Ponctualité,Animaux acceptés,Confort,Sièges inclinables,Climatisation,Éclairage tamisé,Assistance bagages",Traveler,Mora
746,Bali Nyonga,Cuisine,Traveler,Nanga-Eboko
2534,Guider,"Climatisation,Navigation GPS,Connectivité,Wi-Fi gratuit,Langue parlée,Ponctualité,Conduite souple,Chauffeur expérimenté,Espace de rangement,Éclairage tamisé,Sport,Silence,Boisson gratuite,Cuisine",Traveler,Bonakouamouang
664,Meiganga,"Sport,Conversation,Navigation GPS,Animaux acceptés,Vue panoramique,Ambiance chaleureuse,Wi-Fi gratuit,Confort,Climatisation,Ponctualité,Boisson gratuite,Conduite souple,Silence,Connectivité,Éclairage tamisé,Musique,Chauffeur expérimenté,Espace de rangement,Sièges inclinables,Langue parlée",Traveler,Edéa
1047,Bonanjo,"Assistance bagages,Conversation,Connectivité,Animaux acceptés,Navigation GPS,Langue parlée,Espace de rangement,Sièges inclinables,Éclairage tamisé,Ambiance chaleureuse,Silence,Cuisine,Wi-Fi gratuit",Traveler,Garoua
4477,Nanga-Eboko,"Vue panoramique,Confort,Sièges inclinables,Conversation,Connectivité,Silence,Boisson gratuite,Cuisine,Ponctualité,Musique,Espace de rangement,Assistance bagages,Conduite souple,Chauffeur expérimenté,Navigation GPS,Langue parlée,Animaux acceptés",Planner,Bafang
2877,Bonakouamouang,"Vue panoramique,Espace de rangement,Sièges inclinables,Conversation,Animaux acceptés,Langue parlée,Wi-Fi gratuit,Navigation GPS,Ponctualité,Sport",Planner,Bonakouamouang
3167,Bandjoun,"Animaux acceptés,Sport,Langue parlée,Conduite souple,Espace de rangement,Silence,Chauffeur expérimenté,Navigation GPS,Climatisation,Assistance bagages,Wi-Fi gratuit",Planner,Yaounde
3031,Bimbia,"Vue panoramique,Langue parlée",Traveler,Loum
234,Mbouda,"Assistance bagages,Connectivité,Navigation GPS",Planner,Bonabéri
4004,Figuif,"Boisson gratuite,Conversation,Ambiance chaleureuse,Langue parlée,Confort,Sport,Connectivité,Conduite souple,Navigation GPS,Ponctualité,Éclairage tamisé,Wi-Fi gratuit,Animaux acceptés,Chauffeur expérimenté,Musique,Espace de rangement,Vue panoramique,Sièges inclinables,Climatisation,Silence,Assistance bagages,Cuisine",Traveler,Bamenda
4138,Garoua,"Espace de rangement,Conversation,Sièges inclinables,Ponctualité,Musique,Climatisation,Assistance bagages",Traveler,Gazawa
3191,Bamenda,"Conversation,Navigation GPS,Boisson gratuite,Wi-Fi gratuit,Éclairage tamisé,Confort,Animaux acceptés,Connectivité,Chauffeur expérimenté,Assistance bagages,Cuisine,Silence,Ambiance chaleureuse,Espace de rangement,Sport,Ponctualité,Conduite souple",Traveler,Bonaberi
211,Nkongsamba,"Espace de rangement,Cuisine,Chauffeur expérimenté,Sièges inclinables,Ambiance chaleureuse,Vue panoramique,Langue parlée,Wi-Fi gratuit,Silence,Animaux acceptés,Assistance bagages,Navigation GPS,Boisson gratuite",Traveler,Bonakouamouang
4957,Yagoua,"Ponctualité,Silence,Musique,Connectivité,Animaux acceptés,Assistance bagages,Espace de rangement,Conversation,Langue parlée,Wi-Fi gratuit,Éclairage tamisé,Confort,Climatisation,Navigation GPS,Sièges inclinables,Boisson gratuite,Vue panoramique,Cuisine,Ambiance chaleureuse,Sport,Conduite souple,Chauffeur expérimenté",Planner,Bonabéri
4665,Edéa,"Connectivité,Cuisine,Conversation,Chauffeur expérimenté,Langue parlée,Espace de rangement,Sport,Wi-Fi gratuit,Éclairage tamisé,Animaux acceptés,Musique,Assistance bagages,Boisson gratuite,Ponctualité,Ambiance chaleureuse,Climatisation,Confort",Traveler,Nkongsamba
4954,Boutours,"Ponctualité,Vue panoramique,Animaux acceptés,Navigation GPS,Climatisation,Ambiance chaleureuse,Sport,Langue parlée,Silence,Chauffeur expérimenté,Boisson gratuite,Wi-Fi gratuit,Sièges inclinables,Cuisine,Conversation,Connectivité",Traveler,Bimbia
402,Fontem,"Espace de rangement,Assistance bagages,Chauffeur expérimenté,Sport,Éclairage tamisé,Musique,Boisson gratuite,Confort,Ambiance chaleureuse,Conversation,Sièges inclinables,Conduite souple,Climatisation,Ponctualité,Silence,Connectivité,Langue parlée",Planner,Belabo
2415,Boutours,"Animaux acceptés,Chauffeur expérimenté,Cuisine,Conversation,Silence,Éclairage tamisé,Navigation GPS",Traveler,Banga Bakundu
867,Boutours,"Silence,Conversation,Navigation GPS,Animaux acceptés,Musique,Confort,Ponctualité,Ambiance chaleureuse,Langue parlée,Conduite souple,Climatisation,Sièges inclinables",Planner,Bafang
1631,Guider,Musique,Traveler,Edéa
2371,Edéa,"Musique,Navigation GPS,Connectivité,Vue panoramique,Ponctualité,Ambiance chaleureuse,Climatisation,Espace de rangement,Sport,Confort,Cuisine,Éclairage tamisé,Chauffeur expérimenté",Planner,Garoua
3017,Meiganga,"Cuisine,Sièges inclinables,Conduite souple,Ambiance chaleureuse,Silence,Climatisation,Ponctualité,Espace de rangement,Connectivité,Confort",Traveler,Yagoua
1746,Bonaberi,"Chauffeur expérimenté,Confort,Espace de rangement,Vue panoramique,Navigation GPS,Ponctualité,Conversation,Sièges inclinables,Langue parlée,Conduite souple,Boisson gratuite,Musique,Sport,Silence,Climatisation,Assistance bagages",Traveler,Mbouda
2316,Buea,"Navigation GPS,Wi-Fi gratuit,Sièges inclinables,Espace de rangement,Animaux acceptés,Éclairage tamisé,Sport,Assistance bagages,Vue panoramique,Climatisation,Chauffeur expérimenté,Cuisine,Connectivité,Ambiance chaleureuse,Silence,Boisson gratuite,Musique,Conversation",Planner,Dibombari
1585,Garoua,"Wi-Fi gratuit,Boisson gratuite,Climatisation,Animaux acceptés,Langue parlée,Sport,Assistance bagages,Vue panoramique,Connectivité,Cuisine,Musique",Traveler,Gazawa
3684,Meiganga,"Conduite souple,Confort",Traveler,Kribi
3445,Bafoussam,"Silence,Espace de rangement,Conversation,Chauffeur expérimenté,Connectivité,Vue panoramique,Wi-Fi gratuit,Animaux acceptés,Cuisine,Musique,Boisson gratuite,Conduite souple,Confort,Navigation GPS,Ambiance chaleureuse",Traveler,Buea
229,Bimbia,"Climatisation,Confort,Conversation,Boisson gratuite,Navigation GPS,Assistance bagages,Espace de rangement,Connectivité,Éclairage tamisé",Traveler,Kumba
4958,Fontem,"Cuisine,Vue panoramique,Connectivité",Traveler,Maroua
2109,Meiganga,"Climatisation,Ponctualité,Conversation,Silence,Animaux acceptés,Navigation GPS,Boisson gratuite,Espace de rangement,Chauffeur expérimenté,Assistance bagages,Sport,Sièges inclinables",Traveler,Maroua
656,Bali,"Vue panoramique,Climatisation,Ambiance chaleureuse,Conduite souple,Cuisine,Navigation GPS,Chauffeur expérimenté,Assistance bagages,Silence,Espace de rangement,Ponctualité,Animaux acceptés,Sport",Traveler,Maroua
298,Kribi,Connectivité,Planner,Batibo
3026,Mbouda,"Conduite souple,Conversation,Climatisation,Assistance bagages,Chauffeur expérimenté,Wi-Fi gratuit,Connectivité,Sport,Vue panoramique,Silence,Sièges inclinables,Boisson gratuite",Traveler,Campo
1442,Banga Bakundu,"Conversation,Navigation GPS,Connectivité,Ponctualité,Climatisation,Confort,Vue panoramique,Langue parlée,Assistance bagages,Conduite souple,Wi-Fi gratuit,Boisson gratuite,Cuisine,Sport,Chauffeur expérimenté,Musique",Traveler,Bertoua
3227,Mbandjock,"Sièges inclinables,Silence,Espace de rangement,Ambiance chaleureuse,Conversation,Langue parlée,Éclairage tamisé,Assistance bagages,Sport,Connectivité,Boisson gratuite,Conduite souple",Traveler,Bafia
3111,Nkongsamba,"Connectivité,Cuisine,Éclairage tamisé",Traveler,Bonabéri
3756,Bonaberi,"Langue parlée,Éclairage tamisé,Espace de rangement",Traveler,Nkongsamba
737,Belabo,"Vue panoramique,Conduite souple",Traveler,Bamenda
4977,Muyuka,"Ambiance chaleureuse,Vue panoramique,Climatisation,Cuisine,Chauffeur expérimenté,Animaux acceptés,Connectivité,Sport,Espace de rangement,Éclairage tamisé,Boisson gratuite,Assistance bagages,Musique,Silence,Conversation",Traveler,Bamenda
4077,Belabo,"Confort,Conduite souple,Climatisation",Planner,Batibo
2267,Kumba,"Animaux acceptés,Confort,Boisson gratuite,Vue panoramique,Éclairage tamisé,Langue parlée,Ponctualité,Cuisine,Sport,Chauffeur expérimenté,Connectivité,Musique,Silence,Espace de rangement,Navigation GPS,Wi-Fi gratuit,Ambiance chaleureuse",Planner,Nanga-Eboko
2008,Bafia,"Sport,Éclairage tamisé,Vue panoramique,Silence,Climatisation",Traveler,Dibombari
1394,Loum,"Chauffeur expérimenté,Langue parlée,Musique,Wi-Fi gratuit,Cuisine",Planner,Limbe
23,Bamenda,"Ponctualité,Silence,Vue panoramique,Conduite souple,Wi-Fi gratuit,Musique,Climatisation,Animaux acceptés,Chauffeur expérimenté,Langue parlée,Sièges inclinables,Ambiance chaleureuse,Éclairage tamisé,Navigation GPS,Connectivité,Assistance bagages,Cuisine,Sport,Conversation,Confort,Espace de rangement",Planner,Bonaberi
2752,Mbanga,"Assistance bagages,Connectivité,Conversation,Silence,Climatisation,Chauffeur expérimenté,Cuisine,Confort,Vue panoramique,Ponctualité,Animaux acceptés,Langue parlée,Sport,Conduite souple,Wi-Fi gratuit,Ambiance chaleureuse,Éclairage tamisé,Musique,Boisson gratuite,Navigation GPS",Planner,Bali
292,Bamenda,"Conversation,Assistance bagages,Boisson gratuite,Silence,Ambiance chaleureuse,Wi-Fi gratuit,Langue parlée,Éclairage tamisé,Confort,Cuisine,Musique,Connectivité,Sport,Navigation GPS,Espace de rangement,Animaux acceptés,Climatisation,Sièges inclinables,Conduite souple,Vue panoramique,Chauffeur expérimenté",Planner,Mutengene
3644,Essos,"Silence,Ponctualité,Navigation GPS",Traveler,Mbandjock
1473,Campo,"Ambiance chaleureuse,Sièges inclinables,Climatisation,Connectivité,Confort,Ponctualité,Conversation,Silence,Éclairage tamisé,Wi-Fi gratuit,Cuisine,Animaux acceptés",Planner,Boutours
1403,Bonakouamouang,"Climatisation,Navigation GPS,Wi-Fi gratuit,Sport,Cuisine,Ponctualité,Confort,Sièges inclinables,Conduite souple,Conversation,Chauffeur expérimenté,Animaux acceptés,Espace de rangement,Boisson gratuite,Ambiance chaleureuse,Assistance bagages,Silence,Éclairage tamisé,Connectivité,Vue panoramique",Planner,Bandjoun
3229,Douala,"Espace de rangement,Animaux acceptés,Ambiance chaleureuse,Vue panoramique,Chauffeur expérimenté,Langue parlée,Sport,Navigation GPS,Conversation,Cuisine,Sièges inclinables,Connectivité,Silence,Musique,Boisson gratuite,Climatisation,Wi-Fi gratuit,Ponctualité,Confort,Éclairage tamisé,Assistance bagages,Conduite souple",Planner,Bonabéri
1673,Douala,"Musique,Silence,Conduite souple,Vue panoramique,Langue parlée,Conversation,Ponctualité,Ambiance chaleureuse,Cuisine,Navigation GPS,Boisson gratuite,Connectivité,Assistance bagages,Sièges inclinables,Éclairage tamisé,Climatisation,Animaux acceptés,Sport,Espace de rangement,Wi-Fi gratuit,Chauffeur expérimenté",Traveler,Edéa
4101,Bamenda,"Wi-Fi gratuit,Cuisine,Espace de rangement,Assistance bagages,Ponctualité,Langue parlée",Traveler,Bogo
2285,Limbe,"Ambiance chaleureuse,Espace de rangement,Ponctualité,Conduite souple,Assistance bagages,Animaux acceptés",Traveler,Melong
4273,Douala,"Silence,Langue parlée,Confort,Navigation GPS,Espace de rangement,Sièges inclinables,Wi-Fi gratuit,Connectivité,Chauffeur expérimenté,Climatisation,Conversation,Animaux acceptés,Boisson gratuite,Cuisine,Conduite souple,Assistance bagages,Vue panoramique",Planner,Meiganga
1969,Dibombari,"Musique,Conduite souple,Wi-Fi gratuit",Planner,Bamenda
2095,Mbouda,"Ponctualité,Musique,Climatisation,Silence,Langue parlée,Sport,Sièges inclinables,Ambiance chaleureuse,Assistance bagages,Cuisine,Wi-Fi gratuit,Boisson gratuite,Animaux acceptés,Espace de rangement,Connectivité,Navigation GPS,Conduite souple",Traveler,Bandjoun
2337,Buea,"Navigation GPS,Conversation",Planner,Bafia
1071,Mokolo,"Éclairage tamisé,Musique,Sièges inclinables,Ambiance chaleureuse,Confort,Sport,Cuisine,Boisson gratuite,Silence,Connectivité,Navigation GPS,Chauffeur expérimenté,Climatisation,Wi-Fi gratuit,Ponctualité,Conversation,Assistance bagages,Conduite souple,Espace de rangement",Traveler,Nkongsamba
27,Gazawa,"Sport,Wi-Fi gratuit,Climatisation,Boisson gratuite,Cuisine,Langue parlée,Confort,Éclairage tamisé,Conversation,Navigation GPS,Animaux acceptés,Musique,Silence,Ambiance chaleureuse,Conduite souple,Ponctualité,Chauffeur expérimenté,Vue panoramique,Espace de rangement,Assistance bagages",Planner,Bonaberi
1783,Nkongsamba,"Sport,Langue parlée,Chauffeur expérimenté,Assistance bagages,Conversation,Éclairage tamisé,Navigation GPS,Climatisation,Espace de rangement,Sièges inclinables,Silence,Conduite souple,Musique,Boisson gratuite,Animaux acceptés,Vue panoramique,Ambiance chaleureuse,Ponctualité",Planner,Bandjoun
3760,Campo,"Cuisine,Climatisation,Wi-Fi gratuit,Silence,Ambiance chaleureuse,Connectivité,Ponctualité,Sport,Espace de rangement,Conversation,Confort",Traveler,Bertoua
1724,Mora,"Animaux acceptés,Connectivité",Traveler,Kribi
4124,Bonakouamouang,"Langue parlée,Sport,Navigation GPS,Cuisine,Animaux acceptés,Sièges inclinables,Espace de rangement,Musique,Ponctualité,Vue panoramique,Connectivité,Climatisation,Assistance bagages,Chauffeur expérimenté,Confort,Conversation",Traveler,Fontem
2253,Bertoua,Langue parlée,Planner,Messa
1352,Bimbia,"Silence,Langue parlée,Conversation,Éclairage tamisé,Cuisine,Sièges inclinables,Connectivité,Assistance bagages,Climatisation,Sport,Vue panoramique,Ambiance chaleureuse,Wi-Fi gratuit,Chauffeur expérimenté,Boisson gratuite,Ponctualité,Espace de rangement,Conduite souple,Animaux acceptés,Navigation GPS,Musique",Planner,Buea
2481,Mokolo,"Assistance bagages,Musique,Silence,Cuisine,Vue panoramique,Conduite souple,Confort,Animaux acceptés,Conversation,Boisson gratuite,Sièges inclinables,Climatisation",Traveler,Bonaberi
3261,Nkongsamba,"Langue parlée,Ambiance chaleureuse,Climatisation,Sport,Boisson gratuite,Musique,Cuisine,Animaux acceptés,Conversation,Chauffeur expérimenté,Ponctualité",Planner,Garoua
1470,Bali,"Éclairage tamisé,Cuisine,Animaux acceptés,Musique,Conversation,Ambiance chaleureuse,Ponctualité,Climatisation,Confort,Chauffeur expérimenté,Vue panoramique,Silence,Connectivité",Planner,Batibo
1723,Boutours,"Climatisation,Espace de rangement,Animaux acceptés,Sièges inclinables,Vue panoramique,Boisson gratuite,Musique,Ponctualité,Silence,Confort,Langue parlée,Sport,Conduite souple,Cuisine,Assistance bagages,Conversation,Wi-Fi gratuit,Ambiance chaleureuse,Navigation GPS,Chauffeur expérimenté,Connectivité",Traveler,Bonamoussadi
4203,Mbanga,"Espace de rangement,Conduite souple,Confort,Climatisation,Ambiance chaleureuse,Ponctualité,Connectivité,Animaux acceptés,Chauffeur expérimenté,Conversation,Silence,Éclairage tamisé,Vue panoramique,Cuisine,Navigation GPS,Sièges inclinables",Planner,Dibombari
4674,Loum,"Connectivité,Espace de rangement,Musique,Vue panoramique,Confort,Chauffeur expérimenté,Wi-Fi gratuit,Ambiance chaleureuse,Navigation GPS",Traveler,Maroua
1373,Buea,"Confort,Musique,Éclairage tamisé,Vue panoramique,Navigation GPS,Ambiance chaleureuse,Wi-Fi gratuit,Climatisation,Espace de rangement,Cuisine,Langue parlée,Sièges inclinables,Assistance bagages,Chauffeur expérimenté,Sport,Boisson gratuite,Silence,Conversation,Conduite souple,Connectivité,Ponctualité",Planner,Messa
3557,Douala,"Sport,Musique,Vue panoramique,Ambiance chaleureuse,Ponctualité,Wi-Fi gratuit,Éclairage tamisé,Confort,Connectivité,Espace de rangement,Silence,Animaux acceptés,Boisson gratuite,Chauffeur expérimenté,Climatisation",Traveler,Messa
2988,Mbalmayo,"Sièges inclinables,Animaux acceptés,Confort,Vue panoramique,Langue parlée,Espace de rangement,Navigation GPS,Chauffeur expérimenté,Conversation,Éclairage tamisé,Conduite souple,Ponctualité,Ambiance chaleureuse",Traveler,Dibombari
2400,Nanga-Eboko,"Cuisine,Assistance bagages,Boisson gratuite,Ambiance chaleureuse,Sièges inclinables,Animaux acceptés,Ponctualité,Silence,Espace de rangement,Wi-Fi gratuit,Musique,Vue panoramique,Climatisation,Connectivité,Conversation,Navigation GPS,Conduite souple,Langue parlée,Confort,Chauffeur expérimenté",Traveler,Loum
826,Mokolo,"Espace de rangement,Sport,Éclairage tamisé,Ponctualité,Langue parlée",Traveler,Bamenda
3127,Guider,"Climatisation,Wi-Fi gratuit,Chauffeur expérimenté",Traveler,Mbalmayo
2992,Beti,"Chauffeur expérimenté,Navigation GPS,Vue panoramique,Langue parlée,Conversation,Musique,Cuisine,Sport,Animaux acceptés,Confort,Sièges inclinables",Traveler,Bertoua
4643,Bonaberi,"Vue panoramique,Conversation,Musique,Navigation GPS,Assistance bagages,Cuisine,Boisson gratuite,Éclairage tamisé",Planner,Meiganga
481,Mbouda,"Musique,Chauffeur expérimenté,Vue panoramique,Boisson gratuite,Climatisation,Sport,Éclairage tamisé,Connectivité,Cuisine,Confort,Ambiance chaleureuse,Conduite souple,Sièges inclinables,Langue parlée",Planner,Buea
886,Essos,Sièges inclinables,Traveler,Kribi
4234,Kumba,"Espace de rangement,Confort,Navigation GPS,Climatisation,Connectivité,Wi-Fi gratuit,Sport,Vue panoramique,Ambiance chaleureuse,Animaux acceptés,Conduite souple,Chauffeur expérimenté,Langue parlée,Cuisine,Silence,Assistance bagages,Ponctualité,Conversation",Planner,Bafang
1392,Bafoussam,"Ponctualité,Musique,Assistance bagages",Planner,Nkongsamba
2498,Bogo,"Vue panoramique,Navigation GPS,Assistance bagages,Éclairage tamisé,Espace de rangement,Wi-Fi gratuit,Chauffeur expérimenté,Confort,Silence,Musique,Ambiance chaleureuse,Langue parlée,Sièges inclinables,Ponctualité",Planner,Guider
2624,Mbandjock,"Animaux acceptés,Ambiance chaleureuse,Éclairage tamisé,Sièges inclinables",Planner,Bali Nyonga
1194,Kousseri,"Boisson gratuite,Assistance bagages,Ponctualité,Climatisation,Musique,Cuisine,Ambiance chaleureuse,Sport,Langue parlée,Confort,Espace de rangement",Traveler,Mutengene
4474,Beti,"Sièges inclinables,Chauffeur expérimenté,Éclairage tamisé,Conversation,Assistance bagages,Conduite souple,Cuisine,Navigation GPS,Sport,Ponctualité,Wi-Fi gratuit,Ambiance chaleureuse,Vue panoramique,Animaux acceptés,Langue parlée,Connectivité,Silence",Traveler,Figuif
3913,Mbandjock,"Confort,Ponctualité,Animaux acceptés,Connectivité,Silence,Vue panoramique,Conduite souple,Cuisine,Éclairage tamisé,Espace de rangement,Sport,Ambiance chaleureuse,Langue parlée,Chauffeur expérimenté,Navigation GPS",Traveler,Bonanjo
2026,Bonakouamouang,"Musique,Cuisine,Confort,Sport",Planner,Bimbia
3706,Fontem,"Connectivité,Ambiance chaleureuse,Navigation GPS,Sièges inclinables,Ponctualité,Conversation,Silence,Chauffeur expérimenté,Boisson gratuite,Éclairage tamisé,Climatisation,Vue panoramique,Cuisine",Planner,Nanga-Eboko
3862,Mora,"Assistance bagages,Climatisation",Planner,Mbandjock
219,Kribi,"Vue panoramique,Ambiance chaleureuse,Boisson gratuite,Chauffeur expérimenté,Connectivité,Conversation,Musique",Planner,Guider
3900,Garoua,"Conduite souple,Conversation,Chauffeur expérimenté",Planner,Limbe
4826,Bimbia,"Confort,Sièges inclinables,Vue panoramique,Climatisation,Wi-Fi gratuit,Conduite souple,Assistance bagages,Langue parlée,Ponctualité,Sport,Boisson gratuite,Cuisine,Ambiance chaleureuse,Silence,Conversation",Planner,Bafia
790,Batibo,"Sièges inclinables,Animaux acceptés,Cuisine,Connectivité,Vue panoramique,Wi-Fi gratuit,Conduite souple,Climatisation,Sport,Musique,Langue parlée,Ponctualité,Conversation,Assistance bagages",Planner,Fontem
2966,Kumba,"Musique,Silence,Cuisine,Sièges inclinables",Planner,Bamenda
55,Maroua,"Animaux acceptés,Silence,Sport,Langue parlée,Cuisine,Confort,Assistance bagages,Connectivité,Conduite souple,Vue panoramique,Espace de rangement,Boisson gratuite,Navigation GPS,Ponctualité,Chauffeur expérimenté,Climatisation,Éclairage tamisé,Sièges inclinables,Ambiance chaleureuse,Wi-Fi gratuit,Conversation",Planner,Banga Bakundu
2305,Essos,"Navigation GPS,Silence,Climatisation,Boisson gratuite,Espace de rangement,Sport,Vue panoramique,Assistance bagages,Conversation,Chauffeur expérimenté,Cuisine,Wi-Fi gratuit,Confort,Animaux acceptés,Musique",Planner,Bafoussam
4720,Bafang,"Ambiance chaleureuse,Sièges inclinables,Ponctualité,Musique,Connectivité,Confort,Assistance bagages,Conversation",Planner,Messa
4500,Belabo,"Ponctualité,Éclairage tamisé,Sport,Climatisation,Espace de rangement,Ambiance chaleureuse,Vue panoramique,Silence,Boisson gratuite,Chauffeur expérimenté,Navigation GPS,Musique,Cuisine,Confort,Sièges inclinables,Assistance bagages,Animaux acceptés,Wi-Fi gratuit,Langue parlée,Conversation",Planner,Yaounde
1655,Mbalmayo,"Espace de rangement,Silence,Cuisine,Éclairage tamisé",Traveler,Figuif
4918,Bafoussam,"Conversation,Wi-Fi gratuit,Ambiance chaleureuse,Langue parlée,Éclairage tamisé,Assistance bagages,Confort,Sport,Silence,Musique,Climatisation",Planner,Mbandjock
4499,Figuif,"Ambiance chaleureuse,Espace de rangement,Musique,Navigation GPS,Chauffeur expérimenté,Connectivité,Éclairage tamisé,Climatisation,Vue panoramique,Animaux acceptés,Conduite souple,Ponctualité,Conversation,Sièges inclinables,Sport,Cuisine,Langue parlée,Boisson gratuite,Confort,Assistance bagages,Wi-Fi gratuit,Silence",Planner,Bonanjo
2726,Bimbia,Climatisation,Traveler,Bonanjo
554,Bonamoussadi,"Vue panoramique,Espace de rangement,Climatisation,Connectivité,Boisson gratuite,Chauffeur expérimenté,Assistance bagages,Animaux acceptés,Conduite souple,Wi-Fi gratuit,Navigation GPS,Langue parlée,Sièges inclinables,Confort,Ambiance chaleureuse,Conversation",Planner,Figuif
2175,Bafia,"Langue parlée,Boisson gratuite,Animaux acceptés,Chauffeur expérimenté,Vue panoramique,Éclairage tamisé,Connectivité,Cuisine,Conversation,Ambiance chaleureuse,Wi-Fi gratuit,Conduite souple,Assistance bagages,Silence,Sièges inclinables",Planner,Banga Bakundu
165,Kumba,Conduite souple,Traveler,Messa
3870,Limbe,"Espace de rangement,Cuisine,Ponctualité,Connectivité,Conduite souple,Sièges inclinables,Confort,Assistance bagages,Conversation,Ambiance chaleureuse,Sport,Navigation GPS,Animaux acceptés,Silence,Wi-Fi gratuit,Vue panoramique",Traveler,Batibo
2083,Mbandjock,Sport,Planner,Bali
3515,Loum,"Connectivité,Musique,Silence,Climatisation",Traveler,Mbandjock
2637,Bonabéri,"Sièges inclinables,Wi-Fi gratuit,Conduite souple,Ponctualité,Conversation,Éclairage tamisé",Traveler,Dibombari
2348,Bogo,"Vue panoramique,Langue parlée,Ambiance chaleureuse,Silence,Sièges inclinables,Sport,Chauffeur expérimenté,Conversation,Musique,Animaux acceptés,Éclairage tamisé,Climatisation,Wi-Fi gratuit,Boisson gratuite,Ponctualité",Planner,Nkongsamba
4467,Mora,"Conversation,Vue panoramique,Confort,Wi-Fi gratuit,Connectivité,Boisson gratuite,Navigation GPS",Traveler,Mutengene
4374,Mutengene,"Conduite souple,Boisson gratuite,Wi-Fi gratuit,Sport,Conversation,Silence,Climatisation,Assistance bagages,Chauffeur expérimenté,Ambiance chaleureuse,Ponctualité,Éclairage tamisé,Langue parlée,Navigation GPS,Confort,Vue panoramique",Planner,Campo
4569,Bonaberi,"Éclairage tamisé,Chauffeur expérimenté,Connectivité,Sièges inclinables,Confort,Wi-Fi gratuit,Conduite souple,Assistance bagages,Ponctualité,Espace de rangement,Cuisine,Conversation,Vue panoramique,Animaux acceptés,Ambiance chaleureuse,Navigation GPS",Planner,Buea
179,Mbandjock,"Assistance bagages,Silence,Sièges inclinables,Boisson gratuite,Cuisine,Navigation GPS,Connectivité,Sport,Espace de rangement,Conduite souple,Conversation,Ponctualité,Ambiance chaleureuse,Musique,Climatisation,Wi-Fi gratuit,Vue panoramique,Confort,Animaux acceptés,Chauffeur expérimenté,Langue parlée",Traveler,Bandjoun
2658,Bonaberi,"Boisson gratuite,Conversation,Wi-Fi gratuit,Navigation GPS,Ambiance chaleureuse,Vue panoramique,Ponctualité,Cuisine,Silence,Sport",Traveler,Bali Nyonga
4105,Kousseri,"Conduite souple,Chauffeur expérimenté",Traveler,Dibombari
2686,Muyuka,"Ponctualité,Confort,Connectivité,Ambiance chaleureuse,Assistance bagages,Navigation GPS,Silence,Animaux acceptés,Climatisation,Boisson gratuite,Sièges inclinables,Chauffeur expérimenté,Éclairage tamisé,Conduite souple",Planner,Belo
4158,Kumba,"Sièges inclinables,Ambiance chaleureuse,Musique,Conversation,Chauffeur expérimenté,Conduite souple,Boisson gratuite,Navigation GPS,Espace de rangement,Éclairage tamisé,Animaux acceptés,Sport,Confort,Wi-Fi gratuit,Cuisine,Assistance bagages,Langue parlée,Ponctualité,Silence,Climatisation,Vue panoramique,Connectivité",Traveler,Nanga-Eboko
4820,Bonabéri,"Chauffeur expérimenté,Éclairage tamisé,Silence,Confort,Wi-Fi gratuit,Langue parlée,Boisson gratuite,Cuisine,Sport,Espace de rangement,Animaux acceptés,Climatisation,Vue panoramique,Conversation,Conduite souple,Sièges inclinables,Ponctualité,Musique,Ambiance chaleureuse,Connectivité",Planner,Gazawa
504,Bertoua,Musique,Traveler,Bonaberi
3719,Messa,"Vue panoramique,Chauffeur expérimenté,Conversation,Sport,Navigation GPS,Climatisation,Ponctualité,Conduite souple,Silence,Musique",Traveler,Batibo
259,Bafia,"Espace de rangement,Wi-Fi gratuit,Navigation GPS,Conduite souple,Assistance bagages,Climatisation,Chauffeur expérimenté,Ponctualité,Langue parlée,Vue panoramique,Musique,Connectivité,Sièges inclinables,Sport,Animaux acceptés,Confort,Silence,Conversation,Cuisine,Boisson gratuite",Traveler,Messa
4136,Bonaberi,"Connectivité,Ponctualité,Sport,Boisson gratuite",Planner,Boutours
3647,Mbouda,"Vue panoramique,Connectivité,Éclairage tamisé,Assistance bagages,Climatisation,Boisson gratuite,Wi-Fi gratuit,Conduite souple,Navigation GPS",Traveler,Mbalmayo
4190,Bogo,"Sport,Assistance bagages,Climatisation",Planner,Nkongsamba
3213,Bonaberi,"Confort,Wi-Fi gratuit,Ponctualité,Sièges inclinables,Animaux acceptés,Sport,Chauffeur expérimenté,Conduite souple,Musique,Vue panoramique,Assistance bagages,Ambiance chaleureuse,Climatisation,Cuisine,Silence,Éclairage tamisé,Langue parlée",Traveler,Beti
1508,Bafang,"Langue parlée,Wi-Fi gratuit,Éclairage tamisé,Cuisine,Chauffeur expérimenté",Planner,Bafia
1658,Maroua,"Assistance bagages,Connectivité,Climatisation,Ponctualité,Boisson gratuite,Confort,Cuisine,Animaux acceptés,Sport,Langue parlée,Éclairage tamisé,Navigation GPS,Conversation,Vue panoramique,Conduite souple,Sièges inclinables,Musique,Ambiance chaleureuse,Espace de rangement,Silence,Chauffeur expérimenté",Planner,Melong
4301,Buea,"Ponctualité,Animaux acceptés,Climatisation,Wi-Fi gratuit,Ambiance chaleureuse,Cuisine,Éclairage tamisé,Vue panoramique,Silence,Musique,Confort,Connectivité,Sport,Assistance bagages,Boisson gratuite,Sièges inclinables,Langue parlée,Espace de rangement,Conversation",Planner,Yagoua
3706,Bamenda,"Connectivité,Assistance bagages,Navigation GPS,Conduite souple,Éclairage tamisé,Boisson gratuite,Climatisation,Musique,Langue parlée,Ambiance chaleureuse,Sièges inclinables,Vue panoramique,Chauffeur expérimenté,Confort,Animaux acceptés",Planner,Yaounde
1389,Douala,"Silence,Confort,Éclairage tamisé,Ambiance chaleureuse",Traveler,Bamenda
4112,Mbalmayo,"Wi-Fi gratuit,Ambiance chaleureuse,Sièges inclinables,Cuisine,Conduite souple,Ponctualité,Chauffeur expérimenté,Assistance bagages,Sport,Confort,Vue panoramique,Climatisation,Éclairage tamisé,Connectivité,Silence,Boisson gratuite,Langue parlée,Musique,Espace de rangement,Animaux acceptés,Navigation GPS,Conversation",Planner,Fontem
2831,Mbanga,"Langue parlée,Confort,Climatisation,Chauffeur expérimenté,Musique,Assistance bagages",Traveler,Bali
76,Bonanjo,"Wi-Fi gratuit,Sièges inclinables,Cuisine,Ambiance chaleureuse,Climatisation,Éclairage tamisé,Musique,Ponctualité,Sport,Navigation GPS,Boisson gratuite,Silence,Langue parlée",Planner,Guider
734,Yagoua,"Connectivité,Assistance bagages,Cuisine,Sport,Éclairage tamisé,Chauffeur expérimenté,Confort,Sièges inclinables,Navigation GPS,Conversation,Ambiance chaleureuse,Climatisation,Conduite souple,Musique,Wi-Fi gratuit,Langue parlée,Animaux acceptés,Silence,Ponctualité,Boisson gratuite,Espace de rangement",Planner,Bali Nyonga
3379,Bandjoun,"Sport,Confort,Éclairage tamisé,Espace de rangement,Boisson gratuite,Vue panoramique,Connectivité,Navigation GPS,Silence,Chauffeur expérimenté,Climatisation,Conversation,Conduite souple,Langue parlée,Animaux acceptés",Planner,Mutengene
1108,Bamenda,"Espace de rangement,Éclairage tamisé,Animaux acceptés,Conduite souple,Cuisine",Planner,Bafia
2562,Batibo,"Confort,Climatisation,Ambiance chaleureuse,Espace de rangement",Planner,Fontem
1163,Bertoua,"Sièges inclinables,Musique,Cuisine",Traveler,Bafang
695,Batibo,"Ponctualité,Éclairage tamisé,Vue panoramique,Langue parlée,Assistance bagages,Boisson gratuite,Navigation GPS,Musique,Chauffeur expérimenté,Silence,Climatisation,Espace de rangement,Animaux acceptés,Conversation,Cuisine,Ambiance chaleureuse,Sièges inclinables",Traveler,Nkongsamba
3678,Yagoua,"Ponctualité,Assistance bagages,Conversation,Conduite souple,Animaux acceptés,Confort,Cuisine,Wi-Fi gratuit,Boisson gratuite,Espace de rangement",Planner,Guider
1860,Garoua,Espace de rangement,Planner,Mbandjock
3777,Nanga-Eboko,"Ambiance chaleureuse,Wi-Fi gratuit,Climatisation,Confort,Sièges inclinables,Chauffeur expérimenté,Cuisine,Boisson gratuite,Musique,Éclairage tamisé,Vue panoramique,Langue parlée,Espace de rangement,Sport",Traveler,Bali
4408,Mutengene,"Vue panoramique,Wi-Fi gratuit,Éclairage tamisé,Climatisation,Cuisine,Chauffeur expérimenté,Conversation,Sport,Boisson gratuite,Musique,Assistance bagages,Animaux acceptés,Ambiance chaleureuse,Langue parlée,Navigation GPS,Connectivité,Silence,Confort,Espace de rangement,Ponctualité",Planner,Bonakouamouang
1358,Bimbia,"Ambiance chaleureuse,Conversation,Boisson gratuite,Climatisation,Langue parlée",Traveler,Campo
2940,Mbanga,"Assistance bagages,Chauffeur expérimenté,Connectivité,Ponctualité,Vue panoramique,Ambiance chaleureuse,Climatisation,Cuisine,Wi-Fi gratuit,Conversation,Navigation GPS,Conduite souple,Confort,Sièges inclinables,Animaux acceptés,Sport,Musique,Éclairage tamisé,Boisson gratuite",Planner,Nanga-Eboko
4132,Limbe,"Connectivité,Climatisation,Vue panoramique,Wi-Fi gratuit",Planner,Belo
2774,Bafia,"Conduite souple,Connectivité,Chauffeur expérimenté,Boisson gratuite,Sièges inclinables,Silence,Sport,Espace de rangement",Traveler,Kumba
4434,Mokolo,"Conversation,Cuisine,Connectivité,Silence,Sport,Ponctualité,Conduite souple,Confort,Chauffeur expérimenté,Sièges inclinables,Vue panoramique",Planner,Bamenda
3619,Figuif,Ponctualité,Traveler,Meiganga
3008,Mbandjock,"Sièges inclinables,Confort,Musique,Chauffeur expérimenté,Boisson gratuite,Wi-Fi gratuit,Navigation GPS,Connectivité,Cuisine,Conversation,Vue panoramique,Animaux acceptés,Ambiance chaleureuse,Conduite souple,Ponctualité,Assistance bagages,Éclairage tamisé,Climatisation",Planner,Banga Bakundu
4726,Mokolo,"Éclairage tamisé,Wi-Fi gratuit,Vue panoramique,Animaux acceptés",Traveler,Bonakouamouang
3141,Bafoussam,"Cuisine,Silence,Sport,Conduite souple,Langue parlée,Wi-Fi gratuit,Animaux acceptés,Climatisation,Ponctualité,Chauffeur expérimenté,Navigation GPS,Éclairage tamisé,Espace de rangement,Assistance bagages,Conversation,Connectivité,Musique",Traveler,Belabo
1562,Bertoua,"Ponctualité,Langue parlée,Animaux acceptés,Connectivité,Navigation GPS,Vue panoramique,Éclairage tamisé,Musique,Sport,Boisson gratuite,Cuisine,Espace de rangement,Conversation,Chauffeur expérimenté,Conduite souple,Silence",Planner,Gazawa
4143,Boutours,"Assistance bagages,Wi-Fi gratuit,Navigation GPS,Chauffeur expérimenté,Vue panoramique,Espace de rangement,Éclairage tamisé,Connectivité,Conversation,Boisson gratuite",Traveler,Meiganga
4654,Beti,"Wi-Fi gratuit,Conduite souple,Cuisine,Assistance bagages,Sièges inclinables,Espace de rangement,Vue panoramique,Éclairage tamisé,Langue parlée,Conversation,Ambiance chaleureuse,Ponctualité,Boisson gratuite,Chauffeur expérimenté,Confort,Sport,Navigation GPS,Animaux acceptés,Connectivité",Traveler,Bonamoussadi
4773,Campo,"Cuisine,Vue panoramique,Sport,Silence,Navigation GPS,Boisson gratuite,Éclairage tamisé,Espace de rangement,Langue parlée,Climatisation,Confort,Animaux acceptés,Conversation,Sièges inclinables,Ambiance chaleureuse,Wi-Fi gratuit,Connectivité",Traveler,Mbalmayo
2820,Essos,"Chauffeur expérimenté,Navigation GPS,Espace de rangement,Éclairage tamisé,Animaux acceptés,Conversation,Sport,Boisson gratuite,Climatisation,Confort,Musique,Langue parlée,Ambiance chaleureuse,Connectivité,Silence,Cuisine,Ponctualité,Conduite souple,Vue panoramique,Assistance bagages",Traveler,Mbalmayo
2354,Bogo,"Navigation GPS,Éclairage tamisé,Conduite souple,Ponctualité",Traveler,Nanga-Eboko
2524,Guider,"Cuisine,Conversation,Conduite souple,Animaux acceptés,Assistance bagages,Connectivité,Boisson gratuite,Confort,Musique,Éclairage tamisé,Ponctualité,Climatisation,Sièges inclinables,Sport,Navigation GPS,Chauffeur expérimenté,Ambiance chaleureuse,Vue panoramique,Silence",Planner,Figuif
3054,Buea,"Espace de rangement,Chauffeur expérimenté,Connectivité,Wi-Fi gratuit,Éclairage tamisé,Ponctualité,Climatisation,Conversation,Langue parlée,Boisson gratuite,Musique,Navigation GPS,Sport,Animaux acceptés,Sièges inclinables,Confort",Traveler,Maroua
4979,Bafia,"Silence,Animaux acceptés,Conduite souple,Boisson gratuite,Climatisation,Sport,Connectivité,Cuisine,Navigation GPS,Sièges inclinables,Ponctualité,Assistance bagages",Traveler,Bafoussam
3287,Essos,"Sport,Ponctualité,Connectivité,Éclairage tamisé",Traveler,Kumba
4764,Beti,"Vue panoramique,Navigation GPS,Wi-Fi gratuit,Ponctualité,Assistance bagages,Confort,Sport,Conversation,Sièges inclinables,Cuisine,Musique,Boisson gratuite,Conduite souple,Langue parlée,Connectivité,Espace de rangement,Ambiance chaleureuse,Climatisation,Éclairage tamisé,Chauffeur expérimenté,Silence,Animaux acceptés",Planner,Mutengene
4282,Bandjoun,"Conduite souple,Wi-Fi gratuit,Ambiance chaleureuse,Cuisine,Vue panoramique,Langue parlée,Confort,Animaux acceptés,Musique,Climatisation,Ponctualité,Connectivité,Silence,Éclairage tamisé,Assistance bagages",Planner,Fontem
4498,Figuif,"Silence,Vue panoramique,Climatisation,Conversation,Ponctualité,Musique,Confort,Boisson gratuite,Wi-Fi gratuit,Connectivité,Cuisine,Éclairage tamisé,Langue parlée,Sport,Conduite souple,Navigation GPS,Assistance bagages,Chauffeur expérimenté,Animaux acceptés,Ambiance chaleureuse,Espace de rangement,Sièges inclinables",Traveler,Dibombari
599,Nkongsamba,"Langue parlée,Musique",Traveler,Bonanjo
2439,Figuif,"Conduite souple,Espace de rangement,Chauffeur expérimenté,Éclairage tamisé,Ponctualité,Navigation GPS",Planner,Bandjoun
4987,Belabo,"Conduite souple,Vue panoramique,Assistance bagages,Wi-Fi gratuit,Musique,Chauffeur expérimenté,Cuisine,Espace de rangement,Sport,Boisson gratuite,Silence,Conversation,Confort,Ambiance chaleureuse,Navigation GPS,Climatisation,Animaux acceptés,Langue parlée,Ponctualité,Éclairage tamisé,Connectivité",Planner,Bonabéri
3286,Campo,"Sièges inclinables,Boisson gratuite",Planner,Mbandjock
2023,Douala,"Navigation GPS,Ponctualité,Cuisine",Traveler,Bali
561,Yagoua,"Espace de rangement,Éclairage tamisé,Animaux acceptés,Musique,Chauffeur expérimenté,Sièges inclinables,Boisson gratuite,Navigation GPS,Conversation,Confort",Planner,Bali
1527,Bogo,"Cuisine,Ambiance chaleureuse,Vue panoramique,Assistance bagages,Sièges inclinables",Planner,Bali Nyonga
2344,Kribi,"Navigation GPS,Animaux acceptés,Silence,Espace de rangement,Assistance bagages,Ambiance chaleureuse,Sièges inclinables,Climatisation,Confort,Connectivité,Conversation,Chauffeur expérimenté,Langue parlée,Cuisine,Wi-Fi gratuit,Musique,Éclairage tamisé,Vue panoramique",Planner,Muyuka
4389,Bali,"Connectivité,Navigation GPS,Assistance bagages,Confort,Chauffeur expérimenté,Éclairage tamisé,Espace de rangement,Vue panoramique,Conduite souple,Climatisation,Musique,Conversation",Planner,Melong
3107,Bogo,"Boisson gratuite,Navigation GPS,Espace de rangement,Ponctualité,Connectivité,Chauffeur expérimenté,Animaux acceptés,Conduite souple,Cuisine,Sièges inclinables,Ambiance chaleureuse,Wi-Fi gratuit",Planner,Kousseri
1138,Bali,"Sport,Ponctualité,Boisson gratuite,Cuisine,Confort,Climatisation,Wi-Fi gratuit,Espace de rangement,Ambiance chaleureuse,Conduite souple",Traveler,Bafoussam
2209,Bafia,"Animaux acceptés,Éclairage tamisé,Conversation,Climatisation,Boisson gratuite,Sièges inclinables,Ponctualité,Connectivité,Conduite souple,Vue panoramique,Chauffeur expérimenté,Espace de rangement,Navigation GPS,Cuisine,Sport,Langue parlée,Silence,Assistance bagages",Traveler,Bonanjo
1065,Melong,"Éclairage tamisé,Musique,Climatisation,Silence,Wi-Fi gratuit,Boisson gratuite,Langue parlée,Assistance bagages,Sièges inclinables,Conduite souple,Connectivité,Animaux acceptés,Espace de rangement,Conversation,Vue panoramique,Ponctualité,Sport,Chauffeur expérimenté,Cuisine,Navigation GPS",Planner,Bogo
3516,Douala,"Sièges inclinables,Ambiance chaleureuse,Animaux acceptés,Langue parlée,Chauffeur expérimenté,Sport,Wi-Fi gratuit,Silence,Vue panoramique,Ponctualité,Boisson gratuite,Navigation GPS,Éclairage tamisé,Confort,Espace de rangement,Conduite souple,Musique,Connectivité,Conversation",Planner,Maroua
1845,Bafoussam,"Chauffeur expérimenté,Musique,Silence,Assistance bagages,Navigation GPS,Éclairage tamisé,Ambiance chaleureuse,Sport,Sièges inclinables,Langue parlée,Animaux acceptés,Ponctualité,Vue panoramique,Connectivité",Traveler,Melong
2558,Boutours,Assistance bagages,Planner,Bimbia
2655,Bamenda,"Climatisation,Chauffeur expérimenté,Ambiance chaleureuse,Éclairage tamisé,Assistance bagages,Conduite souple,Sièges inclinables,Conversation,Musique,Ponctualité,Vue panoramique,Cuisine,Silence,Confort,Boisson gratuite,Animaux acceptés,Langue parlée,Espace de rangement,Navigation GPS,Connectivité,Wi-Fi gratuit,Sport",Planner,Douala
2863,Yaounde,"Assistance bagages,Confort",Planner,Douala
2443,Nanga-Eboko,"Ponctualité,Assistance bagages,Connectivité,Climatisation,Cuisine,Boisson gratuite,Silence,Sport,Chauffeur expérimenté,Animaux acceptés,Confort,Musique,Ambiance chaleureuse,Espace de rangement,Éclairage tamisé,Wi-Fi gratuit,Conduite souple,Sièges inclinables",Planner,Bertoua
2877,Limbe,"Musique,Connectivité,Vue panoramique,Langue parlée,Cuisine,Sport,Éclairage tamisé,Assistance bagages,Wi-Fi gratuit,Ambiance chaleureuse,Boisson gratuite,Espace de rangement,Conduite souple,Sièges inclinables",Traveler,Kumba
251,Kribi,"Boisson gratuite,Sièges inclinables,Conduite souple,Navigation GPS,Connectivité,Chauffeur expérimenté,Silence,Confort,Éclairage tamisé,Ambiance chaleureuse,Wi-Fi gratuit,Espace de rangement,Climatisation,Cuisine,Sport,Assistance bagages",Traveler,Kumba
1784,Boutours,"Conversation,Sièges inclinables,Ambiance chaleureuse,Navigation GPS,Langue parlée,Climatisation,Espace de rangement,Cuisine,Wi-Fi gratuit",Traveler,Bandjoun
393,Yagoua,"Cuisine,Éclairage tamisé,Confort,Chauffeur expérimenté",Planner,Muyuka
3478,Mora,"Silence,Animaux acceptés,Conduite souple,Espace de rangement,Wi-Fi gratuit,Conversation,Langue parlée,Vue panoramique,Sport,Climatisation,Assistance bagages,Connectivité,Confort,Chauffeur expérimenté,Cuisine",Traveler,Garoua
3467,Buea,"Cuisine,Assistance bagages,Climatisation,Boisson gratuite,Langue parlée,Sièges inclinables,Vue panoramique,Wi-Fi gratuit,Chauffeur expérimenté,Ponctualité",Planner,Bafia
624,Mbouda,"Éclairage tamisé,Langue parlée,Navigation GPS,Ponctualité,Ambiance chaleureuse,Silence,Conversation,Musique,Connectivité,Cuisine,Vue panoramique,Conduite souple,Boisson gratuite",Planner,Douala
4464,Bonaberi,"Vue panoramique,Climatisation,Silence,Navigation GPS,Espace de rangement,Ambiance chaleureuse,Langue parlée,Conduite souple,Wi-Fi gratuit,Éclairage tamisé,Confort,Chauffeur expérimenté,Animaux acceptés,Conversation,Cuisine,Sièges inclinables,Assistance bagages,Boisson gratuite",Planner,Batibo
2789,Yaounde,"Éclairage tamisé,Espace de rangement,Assistance bagages,Ambiance chaleureuse,Ponctualité,Conduite souple,Conversation,Langue parlée,Silence,Vue panoramique,Cuisine,Wi-Fi gratuit,Sport,Musique,Sièges inclinables,Climatisation,Animaux acceptés,Navigation GPS",Traveler,Bali Nyonga
442,Essos,"Climatisation,Ambiance chaleureuse,Boisson gratuite,Silence,Vue panoramique,Connectivité,Assistance bagages,Conversation",Planner,Limbe
2118,Buea,"Silence,Conversation,Assistance bagages,Espace de rangement,Connectivité,Climatisation,Animaux acceptés,Éclairage tamisé,Ambiance chaleureuse,Confort,Chauffeur expérimenté,Sport",Traveler,Loum
2288,Belo,"Silence,Ambiance chaleureuse,Climatisation,Éclairage tamisé,Navigation GPS,Boisson gratuite",Traveler,Campo
1962,Nanga-Eboko,"Chauffeur expérimenté,Wi-Fi gratuit,Espace de rangement,Boisson gratuite,Navigation GPS,Éclairage tamisé,Climatisation,Confort,Ambiance chaleureuse,Sport,Langue parlée,Silence,Sièges inclinables,Conduite souple,Connectivité,Musique,Animaux acceptés,Assistance bagages,Vue panoramique",Traveler,Bamenda
4742,Kumba,"Boisson gratuite,Silence,Navigation GPS,Éclairage tamisé,Conversation,Animaux acceptés,Chauffeur expérimenté,Ponctualité,Sport,Assistance bagages,Musique,Vue panoramique,Wi-Fi gratuit",Traveler,Bamenda
344,Beti,"Ambiance chaleureuse,Confort,Vue panoramique,Conduite souple,Cuisine,Éclairage tamisé,Musique,Chauffeur expérimenté",Planner,Yagoua
4306,Nkongsamba,"Sport,Langue parlée,Ponctualité,Sièges inclinables,Confort,Vue panoramique,Cuisine",Traveler,Batibo
3839,Mbouda,"Chauffeur expérimenté,Ambiance chaleureuse,Boisson gratuite,Espace de rangement,Assistance bagages,Éclairage tamisé,Conversation,Cuisine,Langue parlée,Sièges inclinables,Confort,Navigation GPS,Climatisation,Sport,Conduite souple,Animaux acceptés,Vue panoramique",Traveler,Buea
1834,Guider,"Conduite souple,Assistance bagages",Traveler,Mbouda
2391,Batibo,"Boisson gratuite,Langue parlée,Conduite souple,Musique,Espace de rangement",Traveler,Douala
4031,Mbandjock,"Chauffeur expérimenté,Éclairage tamisé,Vue panoramique",Traveler,Campo
349,Buea,"Conduite souple,Musique,Vue panoramique,Ambiance chaleureuse,Confort,Cuisine,Climatisation,Connectivité,Animaux acceptés,Sièges inclinables,Navigation GPS,Conversation,Espace de rangement,Assistance bagages,Wi-Fi gratuit,Sport,Ponctualité,Chauffeur expérimenté,Éclairage tamisé,Silence,Langue parlée",Planner,Belo
890,Douala,"Cuisine,Conduite souple,Boisson gratuite,Assistance bagages,Ponctualité,Animaux acceptés,Navigation GPS,Wi-Fi gratuit,Conversation,Langue parlée,Sport,Climatisation",Planner,Guider
891,Bonamoussadi,"Vue panoramique,Connectivité,Éclairage tamisé,Animaux acceptés,Confort,Langue parlée,Cuisine,Sport,Boisson gratuite,Ponctualité,Conduite souple,Musique,Wi-Fi gratuit,Espace de rangement,Ambiance chaleureuse,Assistance bagages,Chauffeur expérimenté,Conversation,Silence",Planner,Bonabéri
1941,Belo,"Animaux acceptés,Ambiance chaleureuse,Sport,Cuisine,Navigation GPS,Espace de rangement,Wi-Fi gratuit,Conduite souple,Confort",Planner,Meiganga
385,Maroua,"Conversation,Musique,Navigation GPS,Sièges inclinables,Climatisation,Conduite souple,Animaux acceptés,Langue parlée,Connectivité,Assistance bagages,Silence,Wi-Fi gratuit,Confort,Ambiance chaleureuse,Ponctualité,Espace de rangement,Chauffeur expérimenté,Cuisine,Boisson gratuite,Éclairage tamisé,Vue panoramique",Traveler,Bali
1747,Mbalmayo,"Boisson gratuite,Animaux acceptés,Wi-Fi gratuit,Ambiance chaleureuse,Cuisine,Climatisation,Connectivité,Vue panoramique,Conversation,Conduite souple,Chauffeur expérimenté,Confort,Ponctualité,Sièges inclinables",Traveler,Figuif
2254,Batibo,"Silence,Chauffeur expérimenté,Conduite souple,Assistance bagages,Wi-Fi gratuit,Musique,Ponctualité,Cuisine,Climatisation,Éclairage tamisé,Vue panoramique,Sport,Espace de rangement,Boisson gratuite,Conversation,Confort,Langue parlée",Traveler,Edéa
108,Campo,"Éclairage tamisé,Navigation GPS,Conversation,Animaux acceptés,Ambiance chaleureuse,Musique,Silence,Chauffeur expérimenté,Langue parlée,Espace de rangement",Traveler,Mokolo
647,Mutengene,"Assistance bagages,Confort,Sièges inclinables,Silence",Traveler,Beti
2302,Mbalmayo,"Climatisation,Animaux acceptés,Sport,Vue panoramique,Connectivité,Espace de rangement,Chauffeur expérimenté,Conduite souple",Planner,Guider
4312,Melong,"Cuisine,Navigation GPS",Planner,Loum
2287,Bogo,"Sièges inclinables,Conduite souple,Langue parlée,Navigation GPS,Espace de rangement,Ponctualité,Chauffeur expérimenté,Éclairage tamisé,Wi-Fi gratuit,Sport,Connectivité,Boisson gratuite,Musique,Confort,Cuisine,Silence,Climatisation,Ambiance chaleureuse,Assistance bagages,Vue panoramique,Conversation",Planner,Mokolo
1395,Essos,"Vue panoramique,Climatisation,Langue parlée,Musique,Wi-Fi gratuit,Assistance bagages,Ambiance chaleureuse,Chauffeur expérimenté,Boisson gratuite,Navigation GPS,Conversation,Cuisine",Planner,Bafoussam
3316,Buea,"Sport,Musique,Conversation,Sièges inclinables,Conduite souple,Vue panoramique,Ponctualité,Éclairage tamisé,Assistance bagages,Climatisation,Boisson gratuite,Wi-Fi gratuit,Langue parlée,Silence,Navigation GPS,Ambiance chaleureuse,Confort,Connectivité",Traveler,Muyuka
3196,Bafang,"Conversation,Navigation GPS,Ambiance chaleureuse,Silence,Ponctualité,Sport",Planner,Mora
671,Meiganga,"Confort,Boisson gratuite,Conduite souple,Vue panoramique,Ponctualité,Sièges inclinables,Navigation GPS,Ambiance chaleureuse,Musique,Langue parlée,Assistance bagages,Chauffeur expérimenté,Connectivité,Climatisation,Silence,Espace de rangement,Wi-Fi gratuit,Cuisine,Éclairage tamisé,Sport",Traveler,Kousseri
952,Buea,"Navigation GPS,Animaux acceptés,Sièges inclinables,Silence,Musique,Assistance bagages,Conversation,Climatisation,Boisson gratuite,Ambiance chaleureuse,Ponctualité,Chauffeur expérimenté,Éclairage tamisé",Planner,Mora
3404,Campo,"Wi-Fi gratuit,Cuisine,Climatisation,Silence",Planner,Messa
1637,Nanga-Eboko,"Ambiance chaleureuse,Boisson gratuite,Éclairage tamisé,Sport,Connectivité,Assistance bagages,Navigation GPS,Vue panoramique,Cuisine,Animaux acceptés,Conversation",Traveler,Edéa
2232,Gazawa,"Musique,Ambiance chaleureuse,Boisson gratuite,Wi-Fi gratuit,Chauffeur expérimenté,Cuisine,Climatisation,Vue panoramique,Sièges inclinables,Assistance bagages,Ponctualité,Conduite souple,Navigation GPS,Confort,Connectivité,Éclairage tamisé,Espace de rangement",Planner,Fontem
2023,Guider,"Connectivité,Confort",Traveler,Bandjoun
1622,Kribi,"Climatisation,Assistance bagages,Wi-Fi gratuit,Musique,Ponctualité,Espace de rangement,Connectivité,Cuisine,Éclairage tamisé,Chauffeur expérimenté",Planner,Messa
185,Douala,"Connectivité,Vue panoramique,Cuisine,Animaux acceptés,Wi-Fi gratuit,Ponctualité,Langue parlée,Conversation",Planner,Boutours
2998,Muyuka,"Connectivité,Ponctualité,Assistance bagages,Sièges inclinables,Animaux acceptés,Conversation,Langue parlée,Éclairage tamisé,Confort,Boisson gratuite,Sport,Cuisine,Ambiance chaleureuse,Navigation GPS,Espace de rangement,Chauffeur expérimenté,Conduite souple,Climatisation",Planner,Batibo
1809,Buea,"Ponctualité,Animaux acceptés,Conduite souple,Boisson gratuite,Musique,Ambiance chaleureuse,Chauffeur expérimenté,Vue panoramique,Sièges inclinables,Conversation,Éclairage tamisé,Navigation GPS,Assistance bagages,Connectivité,Confort,Wi-Fi gratuit,Langue parlée,Sport,Cuisine",Planner,Beti
4030,Batibo,"Cuisine,Éclairage tamisé,Ambiance chaleureuse,Sport,Chauffeur expérimenté,Conduite souple,Navigation GPS,Animaux acceptés,Conversation,Connectivité",Traveler,Bonamoussadi
490,Campo,"Cuisine,Navigation GPS,Musique",Planner,Muyuka
2592,Mora,"Espace de rangement,Chauffeur expérimenté,Connectivité,Ambiance chaleureuse,Climatisation,Boisson gratuite,Sport,Sièges inclinables,Vue panoramique,Navigation GPS,Confort,Cuisine,Éclairage tamisé,Conduite souple,Silence",Traveler,Mbalmayo
779,Kousseri,Langue parlée,Traveler,Yagoua
4389,Gazawa,"Chauffeur expérimenté,Musique,Cuisine,Ponctualité,Climatisation,Sport,Espace de rangement,Conduite souple,Confort,Connectivité,Ambiance chaleureuse,Éclairage tamisé,Conversation,Silence,Sièges inclinables,Langue parlée,Boisson gratuite",Planner,Mbalmayo
4376,Nanga-Eboko,"Éclairage tamisé,Ambiance chaleureuse,Wi-Fi gratuit,Assistance bagages,Sièges inclinables,Sport,Ponctualité,Vue panoramique,Climatisation,Conversation,Navigation GPS,Cuisine,Musique,Chauffeur expérimenté,Connectivité,Espace de rangement,Confort,Langue parlée,Animaux acceptés",Planner,Yaounde
4155,Essos,"Conduite souple,Musique,Confort,Chauffeur expérimenté,Conversation,Climatisation,Éclairage tamisé,Silence,Ponctualité,Langue parlée,Vue panoramique,Cuisine,Animaux acceptés",Planner,Mbanga
2048,Bertoua,"Langue parlée,Conversation,Ambiance chaleureuse,Cuisine,Sport,Silence",Planner,Campo
1647,Bonakouamouang,"Conversation,Sièges inclinables,Langue parlée,Sport,Animaux acceptés,Ponctualité,Éclairage tamisé,Confort,Conduite souple,Espace de rangement,Chauffeur expérimenté,Cuisine,Navigation GPS,Wi-Fi gratuit,Musique,Connectivité,Silence,Vue panoramique,Boisson gratuite,Climatisation,Ambiance chaleureuse",Planner,Boutours
2347,Bamenda,"Langue parlée,Ambiance chaleureuse,Cuisine,Climatisation,Vue panoramique,Musique,Silence,Éclairage tamisé,Wi-Fi gratuit,Ponctualité,Conduite souple,Chauffeur expérimenté,Conversation,Navigation GPS,Sièges inclinables,Sport,Animaux acceptés,Assistance bagages,Espace de rangement,Boisson gratuite,Connectivité",Planner,Batibo
1333,Belabo,"Vue panoramique,Confort",Planner,Banga Bakundu
2398,Belo,"Connectivité,Climatisation,Assistance bagages,Ambiance chaleureuse,Langue parlée,Conduite souple,Chauffeur expérimenté,Wi-Fi gratuit,Sport,Silence,Vue panoramique,Boisson gratuite,Conversation,Animaux acceptés,Sièges inclinables,Musique,Ponctualité",Planner,Mutengene
1841,Belabo,"Connectivité,Navigation GPS,Ponctualité,Assistance bagages,Cuisine,Climatisation,Éclairage tamisé,Conduite souple,Wi-Fi gratuit,Conversation,Ambiance chaleureuse,Espace de rangement,Boisson gratuite,Langue parlée,Vue panoramique,Musique,Sièges inclinables,Silence",Planner,Mbandjock
2054,Bonamoussadi,"Conduite souple,Sièges inclinables,Conversation",Planner,Mora
902,Mbalmayo,"Climatisation,Ponctualité,Musique,Assistance bagages,Animaux acceptés,Connectivité,Navigation GPS,Cuisine,Langue parlée,Wi-Fi gratuit,Éclairage tamisé,Vue panoramique,Conduite souple,Sport,Confort,Chauffeur expérimenté",Planner,Nkongsamba
865,Gazawa,"Wi-Fi gratuit,Musique,Chauffeur expérimenté,Sport,Vue panoramique,Espace de rangement,Assistance bagages,Ambiance chaleureuse,Connectivité,Sièges inclinables,Silence",Traveler,Belabo
2444,Bonakouamouang,"Musique,Wi-Fi gratuit,Conversation,Langue parlée,Vue panoramique,Climatisation,Ambiance chaleureuse,Chauffeur expérimenté,Éclairage tamisé,Animaux acceptés,Assistance bagages,Boisson gratuite,Espace de rangement,Cuisine,Sport,Sièges inclinables",Traveler,Belo
4817,Meiganga,"Conduite souple,Conversation,Ambiance chaleureuse",Planner,Mora
1508,Bonamoussadi,"Wi-Fi gratuit,Climatisation",Planner,Mbanga
3322,Guider,"Musique,Confort,Vue panoramique,Chauffeur expérimenté,Boisson gratuite,Navigation GPS,Silence,Wi-Fi gratuit,Ponctualité,Animaux acceptés,Ambiance chaleureuse,Conduite souple,Sport,Sièges inclinables,Langue parlée,Climatisation,Éclairage tamisé,Espace de rangement,Assistance bagages",Traveler,Essos
340,Kumba,"Sièges inclinables,Éclairage tamisé,Espace de rangement,Conversation,Chauffeur expérimenté",Planner,Nanga-Eboko
1,Beti,"Confort,Wi-Fi gratuit,Silence,Sport,Assistance bagages,Climatisation,Espace de rangement,Conduite souple",Planner,Batibo
1356,Bandjoun,"Vue panoramique,Espace de rangement,Silence,Sport,Connectivité,Langue parlée",Traveler,Mokolo
1613,Bandjoun,"Conduite souple,Musique",Planner,Melong
2415,Essos,"Conduite souple,Espace de rangement,Assistance bagages,Conversation,Sièges inclinables,Climatisation,Musique,Boisson gratuite,Ambiance chaleureuse,Ponctualité,Confort",Traveler,Melong
2400,Belo,"Assistance bagages,Éclairage tamisé,Chauffeur expérimenté,Silence,Climatisation,Boisson gratuite,Sport,Sièges inclinables,Ambiance chaleureuse,Espace de rangement,Cuisine,Wi-Fi gratuit,Animaux acceptés,Navigation GPS,Ponctualité,Langue parlée,Confort,Conversation,Connectivité,Musique,Vue panoramique",Planner,Loum
4387,Edéa,"Connectivité,Wi-Fi gratuit,Navigation GPS,Musique,Éclairage tamisé,Cuisine,Vue panoramique,Chauffeur expérimenté,Sport,Animaux acceptés,Confort,Silence,Espace de rangement,Conversation",Planner,Bertoua
1545,Batibo,"Silence,Sièges inclinables,Espace de rangement,Boisson gratuite,Ambiance chaleureuse,Chauffeur expérimenté,Assistance bagages,Climatisation,Sport,Langue parlée,Connectivité,Ponctualité",Traveler,Buea
805,Yagoua,"Ponctualité,Conduite souple,Climatisation,Animaux acceptés,Conversation,Connectivité,Cuisine,Wi-Fi gratuit,Boisson gratuite,Confort",Traveler,Belabo
3722,Bonaberi,"Sport,Ambiance chaleureuse,Conversation,Assistance bagages,Espace de rangement,Chauffeur expérimenté,Connectivité,Animaux acceptés,Confort",Planner,Dibombari
2585,Campo,"Animaux acceptés,Ponctualité,Ambiance chaleureuse,Cuisine,Musique,Silence",Planner,Mbouda
3278,Muyuka,"Connectivité,Climatisation,Cuisine,Chauffeur expérimenté,Éclairage tamisé,Assistance bagages,Langue parlée,Ponctualité,Musique,Confort,Navigation GPS,Ambiance chaleureuse,Sièges inclinables,Sport,Espace de rangement,Wi-Fi gratuit,Silence,Conduite souple,Vue panoramique,Animaux acceptés",Traveler,Mbouda
4051,Figuif,"Connectivité,Conduite souple,Sièges inclinables,Éclairage tamisé,Animaux acceptés,Chauffeur expérimenté,Vue panoramique,Cuisine,Silence,Confort,Boisson gratuite,Ambiance chaleureuse,Assistance bagages,Conversation,Sport,Navigation GPS,Wi-Fi gratuit,Ponctualité,Climatisation,Langue parlée,Musique,Espace de rangement",Traveler,Bafang
1333,Bogo,"Sport,Langue parlée,Boisson gratuite,Ambiance chaleureuse,Éclairage tamisé,Chauffeur expérimenté,Assistance bagages,Sièges inclinables,Animaux acceptés,Connectivité,Wi-Fi gratuit,Conduite souple",Traveler,Bertoua
4340,Mokolo,"Silence,Confort,Éclairage tamisé,Musique,Conduite souple,Chauffeur expérimenté,Conversation,Boisson gratuite,Climatisation,Sport,Vue panoramique,Animaux acceptés,Navigation GPS,Ambiance chaleureuse,Wi-Fi gratuit,Langue parlée,Assistance bagages,Ponctualité",Traveler,Messa
199,Mora,"Chauffeur expérimenté,Wi-Fi gratuit,Confort,Conduite souple,Connectivité,Musique,Boisson gratuite,Silence,Langue parlée,Assistance bagages,Vue panoramique,Animaux acceptés,Espace de rangement",Traveler,Guider
2749,Yagoua,"Éclairage tamisé,Conversation,Conduite souple,Silence,Chauffeur expérimenté,Wi-Fi gratuit,Ponctualité,Assistance bagages,Confort,Animaux acceptés",Planner,Mbouda
700,Bonanjo,"Navigation GPS,Vue panoramique,Boisson gratuite,Musique,Chauffeur expérimenté,Climatisation,Éclairage tamisé,Langue parlée,Conduite souple,Animaux acceptés,Wi-Fi gratuit,Connectivité,Assistance bagages,Espace de rangement,Ponctualité,Cuisine,Ambiance chaleureuse,Conversation,Sièges inclinables,Sport,Silence,Confort",Planner,Belo
1398,Muyuka,"Silence,Animaux acceptés,Assistance bagages,Ambiance chaleureuse,Chauffeur expérimenté,Ponctualité,Navigation GPS,Conversation,Climatisation,Confort,Boisson gratuite",Traveler,Bertoua
668,Mbanga,"Chauffeur expérimenté,Wi-Fi gratuit,Conversation,Boisson gratuite,Ambiance chaleureuse,Éclairage tamisé,Silence,Cuisine",Traveler,Bafoussam
3193,Mokolo,"Ponctualité,Cuisine",Traveler,Kumba
147,Bafia,"Espace de rangement,Sièges inclinables,Ambiance chaleureuse,Connectivité,Boisson gratuite,Éclairage tamisé",Planner,Figuif
1225,Buea,"Navigation GPS,Animaux acceptés,Éclairage tamisé,Silence,Chauffeur expérimenté,Vue panoramique,Cuisine,Climatisation,Sièges inclinables,Conduite souple,Connectivité,Musique,Confort",Traveler,Boutours
3764,Nkongsamba,"Navigation GPS,Boisson gratuite",Traveler,Campo
743,Bali Nyonga,Éclairage tamisé,Planner,Messa
112,Boutours,"Chauffeur expérimenté,Musique,Sport,Espace de rangement,Éclairage tamisé,Vue panoramique,Wi-Fi gratuit,Cuisine,Confort,Conduite souple,Sièges inclinables,Navigation GPS",Traveler,Beti
1002,Nkongsamba,"Climatisation,Musique,Sport,Langue parlée,Animaux acceptés,Ambiance chaleureuse,Éclairage tamisé,Conduite souple,Silence,Confort,Assistance bagages,Chauffeur expérimenté",Planner,Essos
3488,Meiganga,"Connectivité,Vue panoramique,Espace de rangement,Musique,Navigation GPS,Climatisation,Chauffeur expérimenté,Conduite souple,Conversation,Ponctualité,Animaux acceptés,Boisson gratuite,Assistance bagages,Éclairage tamisé,Cuisine,Silence,Confort",Planner,Bamenda
3005,Bamenda,Animaux acceptés,Traveler,Bali Nyonga
4947,Bamenda,"Wi-Fi gratuit,Espace de rangement,Musique,Climatisation,Cuisine,Connectivité,Assistance bagages,Éclairage tamisé,Sièges inclinables,Confort,Silence,Animaux acceptés,Conduite souple",Planner,Limbe
3662,Mbalmayo,"Ambiance chaleureuse,Vue panoramique,Conduite souple,Sport,Musique,Cuisine,Assistance bagages,Connectivité,Langue parlée,Wi-Fi gratuit,Boisson gratuite,Conversation,Confort,Climatisation,Chauffeur expérimenté",Traveler,Kousseri
4408,Garoua,"Silence,Espace de rangement,Vue panoramique,Navigation GPS,Assistance bagages,Cuisine,Boisson gratuite",Traveler,Buea
2315,Bertoua,"Sport,Espace de rangement,Ponctualité,Éclairage tamisé,Climatisation,Navigation GPS,Conversation,Chauffeur expérimenté,Silence,Assistance bagages,Animaux acceptés,Conduite souple,Musique,Boisson gratuite,Cuisine",Planner,Bamenda
4955,Bertoua,"Climatisation,Chauffeur expérimenté,Navigation GPS,Espace de rangement,Langue parlée,Boisson gratuite,Ponctualité,Ambiance chaleureuse,Animaux acceptés,Assistance bagages,Conversation,Wi-Fi gratuit,Sièges inclinables,Sport,Vue panoramique,Éclairage tamisé,Confort",Traveler,Bonabéri
3424,Mutengene,"Ponctualité,Cuisine,Climatisation,Conduite souple,Wi-Fi gratuit,Sport,Éclairage tamisé",Traveler,Bafia
4817,Dibombari,"Ambiance chaleureuse,Sport,Espace de rangement,Cuisine,Conduite souple,Connectivité,Éclairage tamisé,Chauffeur expérimenté,Ponctualité,Assistance bagages,Musique,Wi-Fi gratuit,Sièges inclinables,Animaux acceptés,Boisson gratuite,Confort,Navigation GPS",Planner,Bali
1188,Nanga-Eboko,"Conduite souple,Vue panoramique,Cuisine,Confort,Wi-Fi gratuit,Animaux acceptés,Conversation,Climatisation,Silence,Sièges inclinables,Navigation GPS",Planner,Essos
1204,Mutengene,"Chauffeur expérimenté,Cuisine,Langue parlée,Musique,Sièges inclinables,Assistance bagages,Connectivité",Traveler,Batibo
4131,Yagoua,"Musique,Ambiance chaleureuse,Ponctualité,Navigation GPS,Silence,Sport,Animaux acceptés,Boisson gratuite,Confort,Sièges inclinables,Langue parlée,Cuisine,Chauffeur expérimenté",Planner,Beti
2542,Messa,"Assistance bagages,Cuisine,Animaux acceptés,Silence,Navigation GPS,Musique",Traveler,Yagoua
4782,Mbanga,"Confort,Espace de rangement,Sport,Assistance bagages,Animaux acceptés,Wi-Fi gratuit,Boisson gratuite,Navigation GPS,Éclairage tamisé,Ambiance chaleureuse,Musique,Langue parlée,Silence,Cuisine,Climatisation,Connectivité,Conduite souple,Sièges inclinables,Ponctualité,Chauffeur expérimenté",Planner,Bertoua
2053,Melong,"Climatisation,Sièges inclinables,Sport,Connectivité,Ponctualité,Musique",Traveler,Douala
4268,Bertoua,"Confort,Cuisine,Musique,Climatisation,Ambiance chaleureuse,Langue parlée,Wi-Fi gratuit,Sièges inclinables,Animaux acceptés,Boisson gratuite",Planner,Nanga-Eboko
1497,Boutours,"Espace de rangement,Boisson gratuite,Navigation GPS,Conversation,Chauffeur expérimenté,Musique,Vue panoramique,Conduite souple,Connectivité,Sièges inclinables,Animaux acceptés,Cuisine,Climatisation,Ambiance chaleureuse,Assistance bagages,Confort,Langue parlée",Planner,Boutours
4804,Garoua,"Conduite souple,Animaux acceptés,Wi-Fi gratuit,Climatisation,Confort,Espace de rangement,Conversation,Boisson gratuite,Langue parlée,Éclairage tamisé,Navigation GPS",Planner,Bafoussam
3850,Bonabéri,"Cuisine,Conversation,Espace de rangement,Sport,Musique,Langue parlée",Traveler,Kousseri
717,Beti,"Vue panoramique,Sport,Conversation,Confort,Assistance bagages,Éclairage tamisé,Connectivité,Espace de rangement,Conduite souple,Silence,Ambiance chaleureuse,Sièges inclinables,Navigation GPS,Musique,Ponctualité,Animaux acceptés,Chauffeur expérimenté,Wi-Fi gratuit",Planner,Guider
2995,Yagoua,"Musique,Chauffeur expérimenté,Navigation GPS,Conversation,Connectivité,Assistance bagages,Climatisation,Ponctualité,Sièges inclinables,Animaux acceptés,Wi-Fi gratuit,Boisson gratuite,Cuisine,Silence,Langue parlée,Vue panoramique,Éclairage tamisé,Espace de rangement,Conduite souple,Confort,Ambiance chaleureuse",Planner,Bali Nyonga
3222,Loum,"Cuisine,Musique",Planner,Fontem
3266,Nanga-Eboko,"Conversation,Navigation GPS,Sport,Ponctualité,Animaux acceptés,Confort,Silence,Éclairage tamisé,Climatisation,Chauffeur expérimenté,Musique,Wi-Fi gratuit,Connectivité,Vue panoramique,Boisson gratuite,Conduite souple",Planner,Bimbia
2194,Guider,"Confort,Conversation,Langue parlée,Connectivité,Sport,Animaux acceptés,Climatisation,Espace de rangement,Wi-Fi gratuit,Musique,Ponctualité,Silence,Éclairage tamisé,Assistance bagages,Ambiance chaleureuse,Chauffeur expérimenté",Traveler,Batibo
2089,Messa,"Conversation,Musique,Conduite souple,Sport,Climatisation,Langue parlée",Planner,Loum
4886,Bafia,"Assistance bagages,Cuisine,Ponctualité,Conduite souple,Navigation GPS,Boisson gratuite,Vue panoramique,Espace de rangement,Langue parlée,Animaux acceptés,Musique,Confort,Silence",Traveler,Gazawa
3905,Douala,"Musique,Ponctualité,Sièges inclinables,Silence,Sport,Confort,Wi-Fi gratuit,Climatisation,Vue panoramique,Éclairage tamisé,Navigation GPS,Conversation,Connectivité,Conduite souple,Cuisine,Assistance bagages,Langue parlée,Chauffeur expérimenté,Ambiance chaleureuse,Espace de rangement",Planner,Nkongsamba
3089,Mbandjock,"Conduite souple,Espace de rangement,Chauffeur expérimenté,Musique,Ambiance chaleureuse",Traveler,Limbe
4239,Mokolo,"Sièges inclinables,Espace de rangement,Animaux acceptés,Éclairage tamisé,Confort,Cuisine,Chauffeur expérimenté,Ambiance chaleureuse,Connectivité,Sport,Ponctualité,Conduite souple,Climatisation,Navigation GPS,Conversation,Vue panoramique",Planner,Mbandjock
2006,Bertoua,"Ambiance chaleureuse,Chauffeur expérimenté,Conduite souple,Sièges inclinables,Confort,Ponctualité,Espace de rangement,Silence,Assistance bagages,Wi-Fi gratuit,Éclairage tamisé,Connectivité,Vue panoramique,Conversation,Navigation GPS,Boisson gratuite,Langue parlée,Musique,Sport,Animaux acceptés,Climatisation,Cuisine",Traveler,Dibombari
1193,Essos,"Langue parlée,Musique,Cuisine",Traveler,Bafia
3799,Bonakouamouang,"Cuisine,Espace de rangement,Ambiance chaleureuse",Planner,Meiganga
1260,Buea,"Vue panoramique,Langue parlée,Espace de rangement,Sport,Animaux acceptés,Boisson gratuite,Navigation GPS,Cuisine,Musique,Conduite souple,Assistance bagages,Sièges inclinables,Wi-Fi gratuit,Chauffeur expérimenté,Connectivité,Confort,Conversation",Planner,Nkongsamba
1119,Bertoua,"Wi-Fi gratuit,Cuisine,Conduite souple,Assistance bagages,Vue panoramique,Ambiance chaleureuse,Éclairage tamisé,Boisson gratuite",Planner,Bertoua
2307,Beti,"Sport,Vue panoramique,Animaux acceptés,Boisson gratuite,Confort,Conduite souple,Connectivité,Ponctualité,Langue parlée",Traveler,Bonanjo
538,Bogo,"Conduite souple,Connectivité,Navigation GPS,Silence,Animaux acceptés,Ambiance chaleureuse,Boisson gratuite,Assistance bagages,Éclairage tamisé,Sièges inclinables,Conversation,Confort,Ponctualité",Planner,Loum
1960,Yaounde,"Conversation,Sport,Climatisation,Langue parlée,Animaux acceptés,Cuisine,Espace de rangement,Éclairage tamisé,Vue panoramique,Assistance bagages,Ambiance chaleureuse,Silence,Confort",Planner,Mbalmayo
3467,Bandjoun,"Chauffeur expérimenté,Boisson gratuite,Confort,Cuisine,Assistance bagages,Ambiance chaleureuse,Climatisation,Vue panoramique,Musique,Connectivité,Ponctualité,Conversation,Wi-Fi gratuit,Animaux acceptés,Conduite souple,Sièges inclinables,Langue parlée,Navigation GPS",Traveler,Nanga-Eboko
664,Bogo,"Conduite souple,Silence",Traveler,Mutengene
4965,Bonamoussadi,"Sièges inclinables,Chauffeur expérimenté,Climatisation,Sport,Conduite souple,Boisson gratuite,Confort,Ambiance chaleureuse,Langue parlée,Éclairage tamisé,Conversation,Vue panoramique,Cuisine,Assistance bagages,Navigation GPS,Silence,Connectivité,Ponctualité,Musique,Espace de rangement,Animaux acceptés",Traveler,Bimbia
4307,Kumba,"Ponctualité,Chauffeur expérimenté,Navigation GPS,Sièges inclinables,Confort,Climatisation,Sport",Planner,Gazawa
1442,Bogo,"Sièges inclinables,Sport,Confort,Vue panoramique,Animaux acceptés,Navigation GPS,Chauffeur expérimenté,Langue parlée,Connectivité,Climatisation,Wi-Fi gratuit",Planner,Banga Bakundu
3914,Bonakouamouang,"Ponctualité,Conduite souple,Ambiance chaleureuse,Animaux acceptés,Sièges inclinables,Assistance bagages,Confort",Planner,Bali Nyonga
682,Bonakouamouang,"Climatisation,Conduite souple,Éclairage tamisé,Animaux acceptés,Assistance bagages,Sièges inclinables,Navigation GPS,Musique",Planner,Bimbia
3935,Bonakouamouang,"Chauffeur expérimenté,Confort,Vue panoramique,Wi-Fi gratuit,Navigation GPS,Cuisine,Silence,Ambiance chaleureuse,Conduite souple,Boisson gratuite,Espace de rangement,Animaux acceptés,Assistance bagages,Langue parlée,Connectivité,Ponctualité,Sport,Éclairage tamisé,Musique,Climatisation",Traveler,Essos
4547,Kribi,"Connectivité,Sport,Ponctualité,Climatisation,Langue parlée,Animaux acceptés,Silence,Boisson gratuite,Sièges inclinables,Wi-Fi gratuit,Conduite souple,Ambiance chaleureuse,Conversation,Navigation GPS,Chauffeur expérimenté,Assistance bagages,Cuisine,Confort",Planner,Yaounde
4073,Belo,"Sièges inclinables,Chauffeur expérimenté,Confort,Éclairage tamisé,Musique,Langue parlée,Cuisine,Silence,Espace de rangement,Boisson gratuite,Assistance bagages,Navigation GPS,Connectivité,Ambiance chaleureuse,Ponctualité,Conversation,Vue panoramique",Planner,Bertoua
1612,Belabo,"Navigation GPS,Sièges inclinables,Confort,Chauffeur expérimenté,Assistance bagages,Wi-Fi gratuit,Animaux acceptés,Sport,Espace de rangement,Cuisine,Musique,Ponctualité,Vue panoramique,Langue parlée",Planner,Bafoussam
3938,Yaounde,"Ambiance chaleureuse,Silence,Wi-Fi gratuit,Conversation,Climatisation,Assistance bagages,Vue panoramique,Navigation GPS,Musique,Langue parlée,Conduite souple,Ponctualité,Espace de rangement,Sport,Cuisine",Traveler,Mokolo
3899,Boutours,"Cuisine,Conduite souple,Espace de rangement,Ponctualité,Sièges inclinables",Traveler,Muyuka
1241,Buea,"Assistance bagages,Animaux acceptés,Chauffeur expérimenté,Sièges inclinables,Langue parlée,Musique,Vue panoramique,Conversation,Silence,Cuisine,Wi-Fi gratuit,Climatisation,Confort",Traveler,Maroua
13,Bafia,"Ponctualité,Sièges inclinables",Traveler,Maroua
2814,Mbandjock,"Connectivité,Musique,Assistance bagages,Confort",Traveler,Figuif
1645,Bali,"Conversation,Langue parlée,Sport",Planner,Kumba
1949,Maroua,"Ambiance chaleureuse,Musique,Sport,Assistance bagages,Cuisine,Éclairage tamisé,Silence,Confort,Sièges inclinables,Ponctualité,Conduite souple,Navigation GPS,Chauffeur expérimenté,Langue parlée",Planner,Fontem
1224,Nanga-Eboko,"Sièges inclinables,Vue panoramique,Silence,Ambiance chaleureuse,Sport,Confort,Ponctualité,Climatisation",Planner,Yaounde
1149,Meiganga,"Musique,Espace de rangement,Vue panoramique,Sièges inclinables,Connectivité,Climatisation,Assistance bagages,Animaux acceptés,Conversation,Wi-Fi gratuit,Ambiance chaleureuse,Sport,Conduite souple,Boisson gratuite,Ponctualité,Langue parlée,Navigation GPS,Silence,Éclairage tamisé,Chauffeur expérimenté,Confort,Cuisine",Planner,Yaounde
2087,Buea,"Boisson gratuite,Assistance bagages,Cuisine,Sport,Musique,Vue panoramique,Silence,Langue parlée,Chauffeur expérimenté,Conduite souple,Ambiance chaleureuse,Connectivité,Climatisation,Wi-Fi gratuit,Navigation GPS",Traveler,Bimbia
3121,Bogo,"Sièges inclinables,Silence,Confort,Conversation,Éclairage tamisé,Musique,Ponctualité,Ambiance chaleureuse,Langue parlée,Conduite souple,Vue panoramique,Connectivité,Boisson gratuite,Assistance bagages,Sport,Wi-Fi gratuit,Climatisation,Cuisine",Traveler,Douala
1504,Bandjoun,"Sport,Sièges inclinables,Assistance bagages,Climatisation",Traveler,Banga Bakundu
1392,Melong,"Chauffeur expérimenté,Espace de rangement,Sièges inclinables,Conduite souple,Musique,Climatisation,Animaux acceptés,Conversation,Éclairage tamisé,Langue parlée,Ponctualité,Assistance bagages,Connectivité",Planner,Bali
791,Boutours,"Chauffeur expérimenté,Cuisine,Sièges inclinables,Musique,Confort,Langue parlée,Ambiance chaleureuse,Assistance bagages,Navigation GPS,Vue panoramique,Sport",Traveler,Bonabéri
2161,Muyuka,"Boisson gratuite,Espace de rangement,Wi-Fi gratuit,Musique,Connectivité,Conversation,Sport,Langue parlée,Vue panoramique,Sièges inclinables,Climatisation,Ponctualité,Confort,Assistance bagages,Animaux acceptés,Ambiance chaleureuse",Traveler,Kribi
3297,Banga Bakundu,"Espace de rangement,Cuisine,Conversation,Assistance bagages,Silence,Éclairage tamisé,Ambiance chaleureuse,Conduite souple,Vue panoramique,Connectivité,Animaux acceptés,Boisson gratuite,Wi-Fi gratuit,Ponctualité,Langue parlée",Planner,Kousseri
4496,Bafia,"Ponctualité,Climatisation,Vue panoramique,Espace de rangement,Ambiance chaleureuse,Navigation GPS,Cuisine,Silence,Conduite souple,Musique,Sièges inclinables,Animaux acceptés",Traveler,Bertoua
1998,Bonakouamouang,"Espace de rangement,Éclairage tamisé,Langue parlée,Navigation GPS,Connectivité,Assistance bagages,Climatisation,Animaux acceptés,Conversation,Boisson gratuite,Ambiance chaleureuse,Cuisine",Planner,Bafoussam
975,Campo,"Espace de rangement,Sièges inclinables,Conversation,Ponctualité,Sport,Boisson gratuite,Navigation GPS,Silence,Musique,Chauffeur expérimenté",Traveler,Mutengene
3411,Bertoua,"Conduite souple,Silence,Assistance bagages,Animaux acceptés,Musique,Langue parlée,Conversation,Climatisation,Chauffeur expérimenté,Sport,Boisson gratuite,Connectivité,Confort,Espace de rangement,Ambiance chaleureuse,Wi-Fi gratuit,Navigation GPS,Cuisine,Ponctualité,Sièges inclinables,Vue panoramique",Planner,Bonamoussadi
1698,Bimbia,"Ambiance chaleureuse,Langue parlée,Climatisation,Chauffeur expérimenté",Planner,Kribi
760,Yagoua,"Assistance bagages,Espace de rangement,Éclairage tamisé,Silence,Ponctualité,Langue parlée,Musique,Wi-Fi gratuit,Conversation,Navigation GPS,Sport,Chauffeur expérimenté,Climatisation",Traveler,Belo
76,Bali Nyonga,"Sport,Confort,Sièges inclinables,Conversation,Boisson gratuite,Éclairage tamisé,Assistance bagages,Connectivité,Navigation GPS,Vue panoramique,Silence,Ponctualité,Climatisation,Espace de rangement,Langue parlée",Planner,Nanga-Eboko
4570,Mbanga,"Conduite souple,Climatisation,Langue parlée,Assistance bagages,Chauffeur expérimenté,Sport,Ponctualité,Silence,Sièges inclinables,Boisson gratuite,Éclairage tamisé,Navigation GPS,Animaux acceptés,Vue panoramique,Confort,Wi-Fi gratuit,Ambiance chaleureuse,Cuisine,Espace de rangement,Conversation",Planner,Bafia
4916,Buea,"Connectivité,Animaux acceptés,Cuisine,Confort,Climatisation",Traveler,Bonabéri
937,Bimbia,"Boisson gratuite,Climatisation,Connectivité,Animaux acceptés,Éclairage tamisé,Cuisine",Planner,Muyuka
1699,Bonaberi,"Sièges inclinables,Silence,Assistance bagages,Wi-Fi gratuit,Boisson gratuite,Connectivité,Langue parlée",Planner,Bonabéri
3300,Beti,"Assistance bagages,Confort,Silence,Sièges inclinables,Conversation,Vue panoramique,Cuisine,Espace de rangement,Éclairage tamisé,Conduite souple,Boisson gratuite",Planner,Mbouda
1088,Garoua,"Assistance bagages,Musique,Connectivité,Ambiance chaleureuse,Navigation GPS,Animaux acceptés,Ponctualité,Wi-Fi gratuit,Sport,Climatisation,Boisson gratuite,Silence,Cuisine,Éclairage tamisé,Sièges inclinables,Confort,Conversation,Espace de rangement,Chauffeur expérimenté,Conduite souple,Langue parlée",Traveler,Mbanga
4365,Bertoua,"Ponctualité,Espace de rangement,Chauffeur expérimenté,Ambiance chaleureuse",Traveler,Meiganga
4374,Bertoua,"Boisson gratuite,Conversation,Connectivité,Confort,Assistance bagages,Ambiance chaleureuse,Climatisation,Sièges inclinables,Langue parlée,Silence,Espace de rangement,Navigation GPS,Éclairage tamisé,Ponctualité,Sport,Chauffeur expérimenté,Musique,Cuisine,Wi-Fi gratuit,Animaux acceptés,Conduite souple,Vue panoramique",Planner,Loum
497,Fontem,"Musique,Ambiance chaleureuse,Langue parlée,Connectivité,Conduite souple,Cuisine,Boisson gratuite,Vue panoramique,Éclairage tamisé,Climatisation,Espace de rangement,Assistance bagages",Planner,Bonamoussadi
4916,Mbalmayo,"Wi-Fi gratuit,Navigation GPS,Connectivité,Vue panoramique,Langue parlée,Boisson gratuite,Confort,Sport,Éclairage tamisé,Assistance bagages,Animaux acceptés,Silence,Sièges inclinables,Ponctualité",Traveler,Guider
3571,Essos,"Boisson gratuite,Musique,Assistance bagages,Ambiance chaleureuse,Espace de rangement,Navigation GPS,Chauffeur expérimenté,Confort,Climatisation,Sport,Éclairage tamisé",Planner,Kousseri
20,Garoua,"Langue parlée,Chauffeur expérimenté,Espace de rangement,Ambiance chaleureuse,Animaux acceptés,Cuisine,Silence,Vue panoramique,Musique,Assistance bagages,Ponctualité,Boisson gratuite,Navigation GPS,Sport",Traveler,Muyuka
323,Mbandjock,"Assistance bagages,Cuisine",Planner,Guider
1406,Batibo,"Connectivité,Climatisation,Confort",Traveler,Fontem
1321,Kribi,"Animaux acceptés,Sièges inclinables,Boisson gratuite,Wi-Fi gratuit,Cuisine,Sport",Planner,Mokolo
1935,Belo,"Éclairage tamisé,Assistance bagages,Connectivité",Traveler,Bonabéri
1529,Bonabéri,"Sièges inclinables,Climatisation,Conduite souple,Wi-Fi gratuit,Ambiance chaleureuse,Langue parlée,Éclairage tamisé,Musique,Vue panoramique,Connectivité,Sport,Confort,Chauffeur expérimenté",Traveler,Beti
1921,Kousseri,"Animaux acceptés,Wi-Fi gratuit,Sièges inclinables,Chauffeur expérimenté,Cuisine,Connectivité,Confort,Conduite souple,Climatisation,Boisson gratuite,Espace de rangement,Ponctualité,Navigation GPS,Silence,Conversation,Sport,Assistance bagages,Ambiance chaleureuse,Éclairage tamisé,Langue parlée,Musique",Planner,Banga Bakundu
788,Bonabéri,"Connectivité,Confort",Planner,Buea
3250,Mokolo,"Silence,Wi-Fi gratuit,Confort,Langue parlée,Animaux acceptés,Navigation GPS,Cuisine,Éclairage tamisé,Ponctualité,Conversation,Connectivité,Chauffeur expérimenté,Conduite souple,Ambiance chaleureuse,Assistance bagages,Espace de rangement,Musique,Vue panoramique,Climatisation,Boisson gratuite,Sport,Sièges inclinables",Planner,Mbalmayo
1536,Messa,"Silence,Climatisation,Langue parlée,Conversation,Cuisine,Conduite souple,Éclairage tamisé,Musique,Sport,Ponctualité,Boisson gratuite,Vue panoramique,Assistance bagages,Sièges inclinables,Animaux acceptés",Planner,Messa
1816,Mbouda,"Animaux acceptés,Éclairage tamisé,Langue parlée,Ambiance chaleureuse,Sport,Wi-Fi gratuit,Ponctualité,Climatisation,Navigation GPS,Conversation,Confort,Assistance bagages,Conduite souple,Chauffeur expérimenté,Boisson gratuite,Silence,Espace de rangement,Sièges inclinables",Traveler,Fontem
1568,Buea,"Wi-Fi gratuit,Connectivité,Chauffeur expérimenté",Planner,Batibo
2730,Belabo,"Langue parlée,Sièges inclinables,Vue panoramique,Chauffeur expérimenté,Espace de rangement,Conversation,Climatisation,Conduite souple",Traveler,Mbanga
4731,Buea,Sièges inclinables,Planner,Gazawa
3808,Mbandjock,"Boisson gratuite,Ponctualité,Vue panoramique,Sièges inclinables,Animaux acceptés,Langue parlée,Ambiance chaleureuse,Climatisation,Sport,Conversation,Navigation GPS,Confort,Musique,Cuisine,Chauffeur expérimenté,Assistance bagages,Wi-Fi gratuit,Conduite souple,Silence,Connectivité,Éclairage tamisé,Espace de rangement",Traveler,Bandjoun
3527,Bonanjo,"Silence,Animaux acceptés,Sport,Conduite souple,Conversation,Assistance bagages,Connectivité,Vue panoramique,Langue parlée,Éclairage tamisé,Chauffeur expérimenté,Navigation GPS,Ambiance chaleureuse,Sièges inclinables,Wi-Fi gratuit,Musique,Climatisation,Espace de rangement,Boisson gratuite,Cuisine",Planner,Bali
4390,Meiganga,"Espace de rangement,Éclairage tamisé,Vue panoramique,Animaux acceptés,Sièges inclinables,Ponctualité,Silence,Sport,Boisson gratuite,Assistance bagages,Confort,Conversation,Chauffeur expérimenté,Conduite souple,Climatisation,Navigation GPS,Connectivité,Cuisine,Ambiance chaleureuse,Langue parlée,Wi-Fi gratuit,Musique",Traveler,Kumba
1461,Bali,"Connectivité,Silence,Sièges inclinables,Cuisine,Confort,Climatisation,Assistance bagages,Chauffeur expérimenté,Vue panoramique,Éclairage tamisé,Ambiance chaleureuse,Conversation,Boisson gratuite,Langue parlée,Espace de rangement",Planner,Bonaberi
2265,Bogo,"Espace de rangement,Conversation,Chauffeur expérimenté,Conduite souple,Confort,Ambiance chaleureuse,Animaux acceptés,Ponctualité,Climatisation,Assistance bagages,Éclairage tamisé,Sièges inclinables,Vue panoramique,Cuisine,Musique,Navigation GPS,Sport,Wi-Fi gratuit,Boisson gratuite,Silence,Connectivité",Traveler,Campo
2953,Mutengene,"Ambiance chaleureuse,Confort,Wi-Fi gratuit",Planner,Belabo
3713,Mora,"Ponctualité,Espace de rangement,Conduite souple,Wi-Fi gratuit,Conversation,Silence,Animaux acceptés,Climatisation,Boisson gratuite,Confort,Connectivité,Langue parlée,Ambiance chaleureuse,Sièges inclinables,Navigation GPS,Éclairage tamisé",Traveler,Bonaberi
1488,Melong,"Éclairage tamisé,Musique,Conversation,Sièges inclinables,Assistance bagages,Confort,Conduite souple,Ponctualité,Cuisine,Animaux acceptés,Wi-Fi gratuit,Chauffeur expérimenté,Ambiance chaleureuse,Navigation GPS,Boisson gratuite,Vue panoramique,Espace de rangement,Climatisation,Silence,Connectivité,Sport",Planner,Essos
3343,Yagoua,"Wi-Fi gratuit,Boisson gratuite,Vue panoramique,Ambiance chaleureuse,Navigation GPS,Confort,Espace de rangement,Sport,Conduite souple,Éclairage tamisé,Ponctualité,Silence,Chauffeur expérimenté,Animaux acceptés,Langue parlée,Connectivité,Assistance bagages,Climatisation,Musique,Sièges inclinables,Conversation",Traveler,Buea
1295,Bonanjo,"Silence,Navigation GPS,Chauffeur expérimenté,Ponctualité,Animaux acceptés,Climatisation,Sport,Vue panoramique,Boisson gratuite,Espace de rangement,Cuisine,Sièges inclinables,Langue parlée,Assistance bagages,Musique,Conversation",Traveler,Campo
1381,Dibombari,"Ponctualité,Ambiance chaleureuse,Chauffeur expérimenté,Connectivité,Silence,Langue parlée,Conduite souple,Sport,Animaux acceptés,Wi-Fi gratuit,Sièges inclinables,Éclairage tamisé,Vue panoramique",Traveler,Edéa
1828,Bafia,"Confort,Boisson gratuite,Sport,Ambiance chaleureuse",Traveler,Bogo
624,Edéa,"Confort,Espace de rangement,Navigation GPS,Climatisation,Vue panoramique",Planner,Buea
3817,Bonakouamouang,"Ponctualité,Wi-Fi gratuit,Conduite souple,Boisson gratuite,Sport,Éclairage tamisé,Chauffeur expérimenté,Silence,Cuisine,Langue parlée,Confort",Planner,Fontem
529,Bonaberi,"Chauffeur expérimenté,Éclairage tamisé,Espace de rangement,Ponctualité,Connectivité,Vue panoramique,Assistance bagages,Silence,Cuisine",Traveler,Bogo
2771,Bafoussam,"Animaux acceptés,Cuisine,Musique,Confort,Boisson gratuite,Wi-Fi gratuit,Ponctualité,Langue parlée,Espace de rangement,Vue panoramique,Sièges inclinables,Assistance bagages,Connectivité,Silence,Ambiance chaleureuse",Traveler,Douala
4881,Bimbia,"Vue panoramique,Animaux acceptés,Climatisation,Éclairage tamisé,Musique,Ambiance chaleureuse,Assistance bagages,Langue parlée,Wi-Fi gratuit,Confort,Conduite souple,Boisson gratuite,Cuisine,Sport,Conversation,Ponctualité,Espace de rangement",Traveler,Bonanjo
1141,Mutengene,"Conversation,Musique,Silence",Traveler,Yagoua
2483,Mbalmayo,"Conduite souple,Sièges inclinables,Boisson gratuite,Vue panoramique,Silence,Navigation GPS,Assistance bagages",Planner,Muyuka
2468,Fontem,"Espace de rangement,Boisson gratuite,Langue parlée,Sport,Ambiance chaleureuse,Animaux acceptés,Connectivité,Navigation GPS,Assistance bagages,Conversation,Ponctualité,Éclairage tamisé",Planner,Bali Nyonga
3395,Bali,"Cuisine,Éclairage tamisé,Ponctualité,Ambiance chaleureuse,Musique,Conduite souple,Vue panoramique,Silence,Espace de rangement",Traveler,Yaounde
1906,Kousseri,"Conversation,Sièges inclinables,Musique,Confort,Silence,Boisson gratuite,Langue parlée,Espace de rangement,Cuisine,Wi-Fi gratuit,Conduite souple,Connectivité,Sport,Éclairage tamisé,Navigation GPS,Animaux acceptés,Assistance bagages,Climatisation",Traveler,Fontem
4901,Bamenda,"Confort,Assistance bagages,Conversation,Langue parlée,Climatisation,Cuisine,Wi-Fi gratuit,Chauffeur expérimenté,Animaux acceptés,Navigation GPS,Musique,Conduite souple,Boisson gratuite,Sièges inclinables,Vue panoramique,Éclairage tamisé,Silence",Traveler,Beti
229,Nanga-Eboko,"Navigation GPS,Animaux acceptés,Confort",Traveler,Buea
2142,Beti,"Langue parlée,Conduite souple,Climatisation,Connectivité",Planner,Bandjoun
3347,Dibombari,"Wi-Fi gratuit,Langue parlée,Silence,Sport",Planner,Kumba
3006,Maroua,"Confort,Navigation GPS,Vue panoramique,Chauffeur expérimenté,Espace de rangement,Ambiance chaleureuse,Silence,Sport,Wi-Fi gratuit",Traveler,Kumba
214,Bonabéri,"Conduite souple,Ponctualité,Silence,Espace de rangement",Planner,Bamenda
3524,Belabo,"Assistance bagages,Musique,Sièges inclinables,Silence,Sport,Boisson gratuite",Traveler,Nkongsamba
116,Bonakouamouang,"Assistance bagages,Langue parlée,Cuisine,Navigation GPS,Climatisation,Chauffeur expérimenté,Silence,Musique,Ambiance chaleureuse,Confort,Connectivité,Wi-Fi gratuit,Sport,Sièges inclinables,Espace de rangement,Éclairage tamisé",Planner,Bogo
672,Bonaberi,"Silence,Boisson gratuite,Sport,Confort,Assistance bagages,Musique,Wi-Fi gratuit,Cuisine,Ambiance chaleureuse,Ponctualité,Conduite souple,Climatisation,Éclairage tamisé,Langue parlée,Connectivité,Conversation,Navigation GPS,Chauffeur expérimenté,Sièges inclinables,Animaux acceptés,Vue panoramique",Planner,Dibombari
3362,Bonamoussadi,Wi-Fi gratuit,Traveler,Loum
3117,Dibombari,"Connectivité,Animaux acceptés,Silence,Sièges inclinables,Boisson gratuite,Ambiance chaleureuse,Sport",Traveler,Messa
2052,Buea,"Boisson gratuite,Espace de rangement",Traveler,Garoua
454,Yaounde,"Chauffeur expérimenté,Confort,Musique,Wi-Fi gratuit,Boisson gratuite,Animaux acceptés,Langue parlée,Climatisation,Cuisine,Connectivité",Planner,Meiganga
1625,Bogo,"Langue parlée,Connectivité,Animaux acceptés,Espace de rangement",Traveler,Bimbia
2776,Fontem,"Chauffeur expérimenté,Navigation GPS,Sièges inclinables,Confort,Climatisation,Conversation,Espace de rangement,Conduite souple,Cuisine,Langue parlée,Éclairage tamisé,Ponctualité,Assistance bagages,Boisson gratuite,Wi-Fi gratuit,Animaux acceptés,Sport,Silence",Traveler,Mora
4043,Mbanga,"Confort,Navigation GPS,Assistance bagages,Connectivité,Conversation,Cuisine",Traveler,Bimbia
4827,Meiganga,"Confort,Climatisation,Ponctualité,Animaux acceptés,Conversation,Conduite souple,Boisson gratuite,Sport,Navigation GPS,Assistance bagages,Chauffeur expérimenté,Wi-Fi gratuit,Musique,Vue panoramique,Éclairage tamisé,Ambiance chaleureuse,Espace de rangement,Silence",Traveler,Mbanga
3848,Mutengene,"Connectivité,Langue parlée,Sport,Ambiance chaleureuse,Confort,Conversation,Assistance bagages,Espace de rangement",Planner,Beti
4787,Bandjoun,"Espace de rangement,Confort,Ambiance chaleureuse,Animaux acceptés,Cuisine,Connectivité,Sport,Silence,Boisson gratuite,Ponctualité,Climatisation,Chauffeur expérimenté,Éclairage tamisé,Sièges inclinables,Wi-Fi gratuit",Planner,Bafang
869,Bonamoussadi,"Connectivité,Animaux acceptés,Climatisation,Wi-Fi gratuit,Chauffeur expérimenté,Sport,Langue parlée,Ambiance chaleureuse,Sièges inclinables,Confort,Navigation GPS",Planner,Campo
3997,Loum,"Connectivité,Chauffeur expérimenté,Animaux acceptés,Assistance bagages,Ambiance chaleureuse,Cuisine,Conduite souple,Conversation,Espace de rangement,Ponctualité,Sport,Navigation GPS,Vue panoramique,Éclairage tamisé,Climatisation",Traveler,Melong
4199,Bimbia,"Musique,Cuisine",Planner,Buea
163,Bafang,Éclairage tamisé,Planner,Bertoua
4010,Campo,"Assistance bagages,Silence,Navigation GPS,Conversation,Confort,Espace de rangement,Sport,Musique,Éclairage tamisé,Wi-Fi gratuit,Conduite souple,Climatisation,Langue parlée,Cuisine,Animaux acceptés,Ponctualité,Chauffeur expérimenté,Boisson gratuite,Vue panoramique,Sièges inclinables,Connectivité",Traveler,Bonaberi
2121,Mbouda,"Connectivité,Boisson gratuite,Espace de rangement,Wi-Fi gratuit,Ambiance chaleureuse",Traveler,Douala
4069,Mbouda,"Silence,Chauffeur expérimenté,Sport,Conduite souple,Assistance bagages,Confort,Vue panoramique,Musique,Wi-Fi gratuit,Navigation GPS,Animaux acceptés,Ponctualité,Conversation,Éclairage tamisé,Boisson gratuite,Climatisation,Connectivité,Cuisine,Ambiance chaleureuse,Langue parlée,Espace de rangement",Traveler,Loum
3083,Bonaberi,"Vue panoramique,Sport,Confort,Conversation,Éclairage tamisé,Silence,Connectivité,Assistance bagages,Musique,Cuisine,Conduite souple,Espace de rangement,Animaux acceptés,Ponctualité,Ambiance chaleureuse,Sièges inclinables,Navigation GPS,Climatisation,Boisson gratuite,Chauffeur expérimenté,Langue parlée,Wi-Fi gratuit",Planner,Essos
4174,Kumba,"Éclairage tamisé,Cuisine",Traveler,Bonamoussadi
331,Bertoua,"Langue parlée,Espace de rangement,Assistance bagages,Ambiance chaleureuse,Chauffeur expérimenté,Climatisation,Boisson gratuite,Cuisine,Silence,Navigation GPS",Traveler,Nkongsamba
2488,Loum,"Cuisine,Navigation GPS,Musique,Ponctualité,Conversation,Silence,Sièges inclinables,Boisson gratuite,Assistance bagages,Animaux acceptés,Ambiance chaleureuse,Sport,Confort,Langue parlée,Éclairage tamisé,Conduite souple,Vue panoramique,Wi-Fi gratuit",Planner,Yaounde
3281,Nanga-Eboko,"Connectivité,Espace de rangement,Ambiance chaleureuse,Silence,Vue panoramique,Chauffeur expérimenté,Langue parlée,Conduite souple,Animaux acceptés,Conversation",Planner,Bogo
3986,Banga Bakundu,"Boisson gratuite,Climatisation,Confort,Espace de rangement,Animaux acceptés,Conduite souple,Conversation,Éclairage tamisé,Silence,Sport,Sièges inclinables,Wi-Fi gratuit,Assistance bagages,Connectivité,Ambiance chaleureuse,Navigation GPS,Cuisine,Chauffeur expérimenté,Ponctualité,Langue parlée",Traveler,Beti
1599,Mbalmayo,"Animaux acceptés,Ambiance chaleureuse,Langue parlée,Conduite souple,Sport,Assistance bagages,Connectivité,Vue panoramique,Cuisine,Ponctualité,Chauffeur expérimenté",Planner,Loum
1578,Buea,"Boisson gratuite,Animaux acceptés,Sport,Espace de rangement,Connectivité,Ambiance chaleureuse,Chauffeur expérimenté,Confort,Vue panoramique,Conversation,Langue parlée,Éclairage tamisé,Conduite souple,Silence,Navigation GPS,Assistance bagages,Ponctualité,Climatisation",Traveler,Buea
2653,Bafia,"Langue parlée,Connectivité,Cuisine,Musique,Assistance bagages,Boisson gratuite,Silence,Wi-Fi gratuit,Navigation GPS,Espace de rangement,Ambiance chaleureuse,Éclairage tamisé,Sièges inclinables,Confort",Traveler,Yagoua
3550,Mokolo,"Éclairage tamisé,Wi-Fi gratuit,Sièges inclinables,Espace de rangement,Ambiance chaleureuse,Connectivité,Confort,Vue panoramique,Climatisation,Assistance bagages,Langue parlée,Conversation,Cuisine,Ponctualité,Musique,Boisson gratuite,Navigation GPS,Conduite souple",Planner,Dibombari
902,Melong,"Ponctualité,Boisson gratuite,Langue parlée,Climatisation,Sièges inclinables,Connectivité,Animaux acceptés,Wi-Fi gratuit",Traveler,Meiganga
4660,Muyuka,"Sport,Navigation GPS,Climatisation,Assistance bagages,Conversation,Ambiance chaleureuse,Silence,Éclairage tamisé,Sièges inclinables,Vue panoramique,Connectivité",Traveler,Bafoussam
2512,Guider,"Vue panoramique,Éclairage tamisé,Assistance bagages,Cuisine,Ambiance chaleureuse,Sièges inclinables,Navigation GPS,Sport,Confort,Conversation,Espace de rangement,Boisson gratuite,Langue parlée",Traveler,Bonaberi
3366,Buea,"Conversation,Boisson gratuite",Planner,Meiganga
1713,Bafia,"Musique,Wi-Fi gratuit,Animaux acceptés,Langue parlée,Espace de rangement,Climatisation,Connectivité",Traveler,Bertoua
4769,Guider,"Conversation,Confort,Animaux acceptés",Planner,Buea
3094,Batibo,Conversation,Traveler,Bali Nyonga
359,Bertoua,"Assistance bagages,Silence,Conduite souple,Langue parlée,Animaux acceptés",Traveler,Dibombari
3058,Edéa,"Assistance bagages,Vue panoramique",Traveler,Bonanjo
796,Mora,"Conduite souple,Musique,Chauffeur expérimenté,Boisson gratuite,Langue parlée,Navigation GPS,Sport,Cuisine,Conversation,Éclairage tamisé,Assistance bagages,Connectivité,Ambiance chaleureuse,Vue panoramique,Ponctualité,Animaux acceptés",Traveler,Bandjoun
1326,Mora,"Conversation,Animaux acceptés,Connectivité,Vue panoramique,Langue parlée,Musique,Conduite souple,Cuisine,Silence,Chauffeur expérimenté,Espace de rangement,Sport,Boisson gratuite,Éclairage tamisé,Ponctualité,Wi-Fi gratuit",Traveler,Garoua
1280,Bamenda,"Langue parlée,Musique,Éclairage tamisé,Conduite souple,Sport,Connectivité,Silence,Climatisation,Vue panoramique,Sièges inclinables,Conversation,Animaux acceptés,Espace de rangement,Wi-Fi gratuit,Assistance bagages",Traveler,Yagoua
1930,Bonakouamouang,"Éclairage tamisé,Cuisine,Conversation,Boisson gratuite,Conduite souple,Ponctualité,Navigation GPS,Animaux acceptés,Climatisation,Sièges inclinables,Ambiance chaleureuse,Wi-Fi gratuit,Langue parlée,Vue panoramique,Silence",Planner,Meiganga
3885,Bafia,"Wi-Fi gratuit,Assistance bagages,Chauffeur expérimenté,Espace de rangement,Musique,Confort,Cuisine",Planner,Guider
1561,Mbouda,"Climatisation,Cuisine,Conduite souple,Navigation GPS,Ambiance chaleureuse,Confort,Chauffeur expérimenté,Animaux acceptés,Sport,Connectivité,Ponctualité",Traveler,Buea
3251,Yaounde,"Climatisation,Confort,Wi-Fi gratuit,Sport,Espace de rangement,Silence,Ponctualité,Ambiance chaleureuse,Vue panoramique",Traveler,Bogo
1730,Bonamoussadi,Wi-Fi gratuit,Planner,Bonanjo
2094,Meiganga,"Sport,Sièges inclinables,Connectivité,Assistance bagages,Conversation,Ponctualité,Musique,Conduite souple,Chauffeur expérimenté,Confort,Climatisation,Vue panoramique",Planner,Bamenda
743,Kumba,"Sport,Animaux acceptés,Conduite souple,Confort,Navigation GPS,Ponctualité,Cuisine,Musique,Boisson gratuite,Connectivité,Silence,Climatisation,Espace de rangement,Wi-Fi gratuit,Langue parlée,Ambiance chaleureuse",Traveler,Banga Bakundu
2486,Buea,"Espace de rangement,Cuisine,Sièges inclinables,Musique,Ambiance chaleureuse,Assistance bagages,Vue panoramique,Wi-Fi gratuit,Confort,Connectivité",Planner,Yagoua
1055,Beti,"Conversation,Silence,Navigation GPS,Climatisation,Animaux acceptés,Sièges inclinables,Assistance bagages,Musique,Vue panoramique,Boisson gratuite,Connectivité,Ponctualité,Sport,Confort,Wi-Fi gratuit,Langue parlée,Chauffeur expérimenté",Traveler,Bimbia
3451,Bandjoun,"Langue parlée,Climatisation,Conversation,Assistance bagages,Animaux acceptés,Ambiance chaleureuse,Connectivité,Chauffeur expérimenté,Ponctualité,Wi-Fi gratuit,Sièges inclinables,Sport,Vue panoramique,Éclairage tamisé,Boisson gratuite,Cuisine,Silence,Navigation GPS,Confort,Espace de rangement,Musique,Conduite souple",Traveler,Bertoua
4717,Figuif,"Animaux acceptés,Confort,Sport,Langue parlée,Silence,Climatisation,Connectivité,Cuisine,Ambiance chaleureuse,Boisson gratuite,Sièges inclinables,Éclairage tamisé,Musique,Conduite souple,Espace de rangement,Wi-Fi gratuit,Conversation,Ponctualité,Navigation GPS,Vue panoramique",Planner,Bali
904,Belabo,"Musique,Éclairage tamisé,Conversation,Chauffeur expérimenté,Navigation GPS,Connectivité,Sport",Traveler,Nanga-Eboko
2468,Figuif,"Animaux acceptés,Sport,Boisson gratuite,Ambiance chaleureuse,Espace de rangement,Cuisine,Silence,Sièges inclinables,Connectivité,Musique",Traveler,Yaounde
2614,Bonamoussadi,"Boisson gratuite,Langue parlée,Musique,Climatisation,Espace de rangement,Vue panoramique",Traveler,Bafang
2790,Bandjoun,"Sièges inclinables,Wi-Fi gratuit,Éclairage tamisé,Climatisation,Chauffeur expérimenté,Assistance bagages,Confort,Musique,Cuisine,Conversation,Connectivité,Ambiance chaleureuse,Langue parlée",Planner,Nanga-Eboko
2016,Mokolo,"Ambiance chaleureuse,Musique,Connectivité,Confort,Silence,Ponctualité,Navigation GPS,Vue panoramique,Boisson gratuite,Wi-Fi gratuit,Animaux acceptés,Climatisation,Sport,Sièges inclinables,Cuisine,Conduite souple,Conversation,Éclairage tamisé,Chauffeur expérimenté,Assistance bagages",Traveler,Bonakouamouang
417,Mutengene,"Langue parlée,Ponctualité,Connectivité,Sièges inclinables,Espace de rangement,Animaux acceptés,Cuisine,Climatisation,Silence,Vue panoramique,Éclairage tamisé,Confort,Chauffeur expérimenté,Assistance bagages,Wi-Fi gratuit,Musique,Sport",Traveler,Essos
2997,Melong,"Cuisine,Climatisation,Confort,Assistance bagages,Navigation GPS,Langue parlée",Planner,Bali
3112,Mbanga,"Sport,Confort,Cuisine,Connectivité,Boisson gratuite,Espace de rangement,Musique,Chauffeur expérimenté,Ambiance chaleureuse,Wi-Fi gratuit,Conversation,Ponctualité,Animaux acceptés,Vue panoramique",Planner,Bali Nyonga
838,Nanga-Eboko,"Animaux acceptés,Connectivité,Langue parlée,Espace de rangement,Éclairage tamisé,Cuisine,Confort,Navigation GPS,Boisson gratuite,Vue panoramique,Conversation,Wi-Fi gratuit,Musique,Silence",Traveler,Bafia
1552,Buea,"Vue panoramique,Animaux acceptés,Wi-Fi gratuit,Espace de rangement,Connectivité,Assistance bagages,Confort,Cuisine,Chauffeur expérimenté,Climatisation,Silence,Ambiance chaleureuse,Ponctualité,Sièges inclinables,Sport",Traveler,Essos
2459,Kribi,"Vue panoramique,Langue parlée,Ambiance chaleureuse,Ponctualité,Conversation,Conduite souple,Espace de rangement,Connectivité,Éclairage tamisé,Confort,Navigation GPS,Musique,Cuisine,Chauffeur expérimenté,Wi-Fi gratuit,Silence,Climatisation,Boisson gratuite,Assistance bagages,Animaux acceptés,Sport",Traveler,Campo
2700,Bimbia,"Animaux acceptés,Ponctualité,Musique,Vue panoramique,Cuisine,Navigation GPS,Assistance bagages,Silence,Sport",Planner,Guider
4046,Belabo,"Boisson gratuite,Sport,Langue parlée,Espace de rangement,Connectivité,Éclairage tamisé,Vue panoramique,Confort,Sièges inclinables,Conduite souple,Navigation GPS,Chauffeur expérimenté,Wi-Fi gratuit,Cuisine,Climatisation,Animaux acceptés,Musique,Silence,Assistance bagages,Ambiance chaleureuse",Planner,Essos
1338,Bali,"Animaux acceptés,Wi-Fi gratuit,Espace de rangement,Sport,Navigation GPS,Sièges inclinables,Cuisine,Confort,Langue parlée,Ambiance chaleureuse,Boisson gratuite,Conduite souple,Connectivité",Planner,Buea
2643,Bogo,"Conversation,Ponctualité,Espace de rangement,Cuisine,Chauffeur expérimenté,Vue panoramique,Climatisation,Connectivité,Sport,Boisson gratuite,Ambiance chaleureuse",Traveler,Messa
1708,Batibo,"Éclairage tamisé,Sport,Sièges inclinables,Boisson gratuite,Confort,Connectivité,Ambiance chaleureuse,Ponctualité",Traveler,Guider
3607,Essos,"Confort,Cuisine,Vue panoramique",Planner,Nkongsamba
1965,Essos,"Assistance bagages,Espace de rangement,Chauffeur expérimenté,Langue parlée,Conduite souple,Wi-Fi gratuit,Navigation GPS,Ponctualité,Boisson gratuite,Animaux acceptés,Éclairage tamisé,Silence,Musique,Sport,Confort,Ambiance chaleureuse,Climatisation,Vue panoramique,Conversation,Cuisine,Connectivité,Sièges inclinables",Planner,Buea
4705,Mbalmayo,"Cuisine,Animaux acceptés,Assistance bagages,Climatisation,Navigation GPS",Planner,Mbanga
2473,Nanga-Eboko,"Sièges inclinables,Chauffeur expérimenté,Éclairage tamisé,Langue parlée,Sport,Silence,Conduite souple,Animaux acceptés,Climatisation,Assistance bagages,Vue panoramique,Ponctualité,Navigation GPS,Conversation,Musique,Boisson gratuite,Connectivité,Espace de rangement",Planner,Garoua
1203,Douala,"Conversation,Assistance bagages,Animaux acceptés,Éclairage tamisé,Navigation GPS,Ambiance chaleureuse",Planner,Douala
3013,Mbouda,"Climatisation,Boisson gratuite,Cuisine,Musique,Animaux acceptés",Planner,Campo
666,Maroua,"Confort,Assistance bagages,Éclairage tamisé,Cuisine,Ponctualité,Langue parlée,Espace de rangement,Animaux acceptés,Sièges inclinables,Silence,Sport,Vue panoramique,Chauffeur expérimenté,Conduite souple,Conversation,Connectivité,Musique",Traveler,Campo
3259,Douala,Navigation GPS,Traveler,Mora
2518,Bamenda,"Confort,Sport,Conduite souple,Connectivité,Silence,Ambiance chaleureuse,Musique,Cuisine",Planner,Yaounde
2106,Bamenda,"Sport,Navigation GPS,Boisson gratuite,Éclairage tamisé,Animaux acceptés,Cuisine,Musique,Confort,Wi-Fi gratuit,Vue panoramique,Assistance bagages,Silence,Ponctualité,Connectivité,Ambiance chaleureuse,Conversation,Langue parlée,Climatisation",Traveler,Meiganga
4699,Loum,"Wi-Fi gratuit,Navigation GPS,Sièges inclinables,Assistance bagages,Silence,Conversation,Vue panoramique,Espace de rangement,Ambiance chaleureuse,Boisson gratuite,Cuisine,Sport,Confort,Ponctualité,Éclairage tamisé",Traveler,Yagoua
530,Mokolo,"Wi-Fi gratuit,Chauffeur expérimenté,Sport,Boisson gratuite,Sièges inclinables,Connectivité,Éclairage tamisé,Cuisine,Animaux acceptés,Ambiance chaleureuse,Vue panoramique,Assistance bagages,Navigation GPS,Climatisation,Silence,Musique,Langue parlée",Traveler,Mbalmayo
3718,Fontem,"Sport,Assistance bagages,Climatisation,Boisson gratuite,Musique",Traveler,Buea
4627,Meiganga,"Animaux acceptés,Ponctualité,Vue panoramique,Confort,Boisson gratuite,Ambiance chaleureuse,Sport,Assistance bagages",Traveler,Bonamoussadi
3719,Mbalmayo,"Vue panoramique,Connectivité,Confort,Conduite souple,Silence",Traveler,Mbanga
1101,Beti,"Conversation,Cuisine,Musique,Ponctualité,Sport",Traveler,Gazawa
721,Beti,"Connectivité,Assistance bagages,Ponctualité,Confort,Boisson gratuite,Animaux acceptés,Langue parlée,Wi-Fi gratuit,Musique,Silence,Éclairage tamisé,Climatisation,Ambiance chaleureuse,Conduite souple,Sièges inclinables,Espace de rangement,Vue panoramique,Cuisine,Conversation",Planner,Guider
2082,Bandjoun,"Éclairage tamisé,Confort,Vue panoramique,Assistance bagages,Silence,Ponctualité,Wi-Fi gratuit,Langue parlée,Conduite souple,Sport,Navigation GPS,Animaux acceptés,Musique,Chauffeur expérimenté,Conversation,Boisson gratuite,Connectivité,Climatisation,Espace de rangement,Ambiance chaleureuse",Planner,Gazawa
4739,Kousseri,"Éclairage tamisé,Langue parlée,Sièges inclinables,Conduite souple",Traveler,Muyuka
2582,Bonaberi,"Animaux acceptés,Conduite souple,Sièges inclinables,Éclairage tamisé,Sport,Conversation,Espace de rangement,Confort,Chauffeur expérimenté",Traveler,Loum
2840,Dibombari,"Vue panoramique,Confort,Boisson gratuite,Ponctualité,Climatisation,Wi-Fi gratuit,Musique,Animaux acceptés,Sièges inclinables,Éclairage tamisé,Connectivité,Conversation,Silence,Chauffeur expérimenté,Sport,Navigation GPS,Espace de rangement",Traveler,Mokolo
2035,Bafang,"Animaux acceptés,Cuisine,Espace de rangement,Connectivité,Sièges inclinables,Boisson gratuite,Climatisation,Éclairage tamisé,Assistance bagages,Musique,Chauffeur expérimenté,Sport,Ambiance chaleureuse,Ponctualité,Wi-Fi gratuit,Langue parlée,Navigation GPS,Confort",Planner,Bonakouamouang
2205,Kribi,"Musique,Ponctualité,Navigation GPS,Espace de rangement,Ambiance chaleureuse,Chauffeur expérimenté,Silence,Wi-Fi gratuit,Conversation,Vue panoramique,Sièges inclinables,Cuisine,Langue parlée,Sport,Connectivité,Conduite souple,Éclairage tamisé,Climatisation,Confort,Animaux acceptés,Boisson gratuite",Planner,Campo
680,Bonakouamouang,"Silence,Sport,Cuisine,Climatisation,Assistance bagages,Boisson gratuite,Espace de rangement,Conduite souple,Confort,Conversation,Ambiance chaleureuse,Connectivité,Vue panoramique,Ponctualité,Sièges inclinables,Éclairage tamisé,Wi-Fi gratuit,Navigation GPS,Langue parlée",Planner,Bimbia
3517,Limbe,"Éclairage tamisé,Cuisine,Musique,Connectivité,Confort,Sport,Silence,Boisson gratuite,Animaux acceptés,Langue parlée,Navigation GPS,Climatisation,Sièges inclinables,Conversation,Ambiance chaleureuse,Espace de rangement,Vue panoramique,Conduite souple,Assistance bagages,Chauffeur expérimenté,Wi-Fi gratuit,Ponctualité",Traveler,Bali
2387,Buea,"Langue parlée,Sport,Wi-Fi gratuit,Navigation GPS,Animaux acceptés,Ambiance chaleureuse",Traveler,Bali Nyonga
1038,Mbandjock,"Connectivité,Vue panoramique,Ponctualité,Assistance bagages,Chauffeur expérimenté,Ambiance chaleureuse,Éclairage tamisé,Sièges inclinables,Animaux acceptés,Confort,Wi-Fi gratuit",Traveler,Banga Bakundu
1795,Garoua,"Boisson gratuite,Animaux acceptés,Climatisation,Assistance bagages,Sport,Éclairage tamisé,Wi-Fi gratuit,Navigation GPS,Vue panoramique,Conversation,Connectivité,Espace de rangement,Ponctualité,Langue parlée,Ambiance chaleureuse,Conduite souple,Silence,Chauffeur expérimenté",Traveler,Muyuka
2154,Limbe,"Wi-Fi gratuit,Éclairage tamisé,Langue parlée,Assistance bagages,Vue panoramique,Espace de rangement,Ponctualité,Sport,Climatisation,Chauffeur expérimenté,Ambiance chaleureuse,Animaux acceptés,Silence,Conduite souple,Sièges inclinables,Boisson gratuite,Navigation GPS,Confort,Musique,Cuisine",Traveler,Bogo
3449,Meiganga,"Sièges inclinables,Boisson gratuite,Chauffeur expérimenté,Conversation,Navigation GPS,Conduite souple,Climatisation",Planner,Bertoua
4159,Banga Bakundu,"Chauffeur expérimenté,Vue panoramique,Navigation GPS,Assistance bagages,Musique,Ponctualité,Cuisine,Conversation,Ambiance chaleureuse,Éclairage tamisé,Confort,Espace de rangement,Boisson gratuite,Silence,Animaux acceptés,Conduite souple,Langue parlée,Climatisation,Wi-Fi gratuit,Sièges inclinables",Traveler,Mbouda
838,Batibo,"Connectivité,Musique,Ambiance chaleureuse,Confort,Wi-Fi gratuit,Sièges inclinables,Vue panoramique,Climatisation,Assistance bagages,Chauffeur expérimenté,Boisson gratuite,Conversation,Silence,Navigation GPS,Conduite souple,Animaux acceptés,Espace de rangement,Sport,Langue parlée,Éclairage tamisé",Traveler,Limbe
2011,Boutours,"Climatisation,Boisson gratuite,Navigation GPS,Chauffeur expérimenté,Vue panoramique,Ambiance chaleureuse,Assistance bagages,Sièges inclinables,Confort",Traveler,Belabo
2970,Nkongsamba,"Assistance bagages,Confort,Éclairage tamisé,Conversation,Conduite souple",Traveler,Bonakouamouang
4330,Limbe,"Assistance bagages,Éclairage tamisé,Connectivité,Animaux acceptés,Cuisine,Ambiance chaleureuse,Musique,Climatisation,Confort,Langue parlée,Conversation,Navigation GPS,Conduite souple,Ponctualité,Silence,Boisson gratuite",Planner,Campo
415,Kribi,"Ponctualité,Wi-Fi gratuit,Vue panoramique,Confort,Navigation GPS,Ambiance chaleureuse,Cuisine,Espace de rangement,Sport,Connectivité,Boisson gratuite,Éclairage tamisé,Assistance bagages,Climatisation,Chauffeur expérimenté,Conduite souple",Traveler,Bimbia
1505,Mbouda,"Silence,Wi-Fi gratuit,Confort,Conduite souple,Chauffeur expérimenté",Traveler,Mbanga
3016,Bonakouamouang,"Musique,Espace de rangement,Langue parlée,Vue panoramique,Ponctualité,Wi-Fi gratuit,Silence,Conduite souple,Éclairage tamisé",Planner,Campo
3130,Mora,"Ambiance chaleureuse,Wi-Fi gratuit,Langue parlée,Climatisation,Navigation GPS",Planner,Bonanjo
4497,Mokolo,"Sièges inclinables,Boisson gratuite,Connectivité,Langue parlée,Conduite souple,Musique,Wi-Fi gratuit,Climatisation,Sport,Éclairage tamisé",Planner,Messa
115,Bandjoun,"Climatisation,Assistance bagages",Planner,Bonakouamouang
3644,Bogo,"Climatisation,Chauffeur expérimenté,Musique,Sport,Animaux acceptés,Éclairage tamisé,Langue parlée,Ambiance chaleureuse,Conduite souple,Conversation,Connectivité,Confort,Boisson gratuite,Navigation GPS,Espace de rangement,Vue panoramique,Assistance bagages",Planner,Bertoua
4723,Guider,"Musique,Chauffeur expérimenté,Cuisine,Navigation GPS,Confort,Éclairage tamisé,Sport,Boisson gratuite,Ponctualité",Planner,Buea
4800,Mbalmayo,"Ponctualité,Ambiance chaleureuse,Connectivité",Traveler,Gazawa
4248,Garoua,"Connectivité,Boisson gratuite,Chauffeur expérimenté,Éclairage tamisé,Musique,Sport,Conversation,Animaux acceptés,Cuisine,Espace de rangement,Vue panoramique,Langue parlée,Silence,Confort,Wi-Fi gratuit,Sièges inclinables,Assistance bagages,Navigation GPS,Ponctualité,Climatisation",Traveler,Fontem
5000,Mokolo,"Climatisation,Cuisine,Assistance bagages,Navigation GPS,Langue parlée,Ponctualité,Éclairage tamisé,Conduite souple,Espace de rangement",Traveler,Bertoua
3216,Mbanga,"Wi-Fi gratuit,Vue panoramique,Cuisine,Silence,Conduite souple,Boisson gratuite,Chauffeur expérimenté",Traveler,Mutengene
2211,Mokolo,"Silence,Langue parlée,Sport,Sièges inclinables,Ambiance chaleureuse,Conduite souple,Confort,Animaux acceptés,Éclairage tamisé,Boisson gratuite",Planner,Kumba
2823,Essos,"Éclairage tamisé,Sport",Traveler,Bafia
4796,Belo,"Confort,Ponctualité",Planner,Yagoua
3312,Figuif,Navigation GPS,Planner,Essos
3056,Bertoua,"Conduite souple,Ambiance chaleureuse,Espace de rangement,Conversation,Sport,Ponctualité,Musique,Confort,Wi-Fi gratuit,Boisson gratuite,Silence,Vue panoramique,Langue parlée,Assistance bagages,Climatisation,Éclairage tamisé,Connectivité,Sièges inclinables,Chauffeur expérimenté,Navigation GPS",Traveler,Messa
2315,Buea,Assistance bagages,Traveler,Buea
3356,Edéa,"Silence,Conduite souple,Navigation GPS,Langue parlée,Animaux acceptés,Vue panoramique,Conversation,Musique,Espace de rangement,Confort,Chauffeur expérimenté,Climatisation,Wi-Fi gratuit,Assistance bagages,Connectivité,Cuisine,Boisson gratuite,Ambiance chaleureuse",Traveler,Douala
4526,Kousseri,Boisson gratuite,Traveler,Messa
3595,Bali Nyonga,"Éclairage tamisé,Sièges inclinables",Planner,Melong
31,Bertoua,Sièges inclinables,Traveler,Batibo
2713,Nkongsamba,Boisson gratuite,Traveler,Bertoua
2745,Belabo,"Animaux acceptés,Cuisine,Sport,Wi-Fi gratuit",Planner,Loum
539,Bonanjo,"Chauffeur expérimenté,Climatisation,Animaux acceptés",Planner,Bertoua
3996,Muyuka,"Vue panoramique,Conversation,Assistance bagages",Traveler,Bafia
3045,Bali Nyonga,"Musique,Navigation GPS,Langue parlée,Animaux acceptés,Silence,Boisson gratuite,Assistance bagages",Planner,Douala
929,Bonakouamouang,"Navigation GPS,Boisson gratuite,Éclairage tamisé,Connectivité,Ponctualité,Assistance bagages,Musique,Silence,Conversation,Sport,Ambiance chaleureuse,Vue panoramique,Climatisation,Animaux acceptés,Wi-Fi gratuit",Planner,Mokolo
3700,Bali,"Climatisation,Conversation,Espace de rangement,Chauffeur expérimenté,Ponctualité,Vue panoramique,Musique,Langue parlée,Connectivité,Éclairage tamisé,Sièges inclinables,Wi-Fi gratuit",Traveler,Bonamoussadi
4866,Belabo,"Cuisine,Assistance bagages,Éclairage tamisé,Animaux acceptés,Musique,Ponctualité,Ambiance chaleureuse,Boisson gratuite,Sièges inclinables,Conversation,Sport,Wi-Fi gratuit,Conduite souple,Confort,Espace de rangement,Vue panoramique,Navigation GPS,Climatisation,Silence,Connectivité,Langue parlée,Chauffeur expérimenté",Planner,Essos
821,Kribi,"Langue parlée,Confort,Ponctualité,Animaux acceptés,Boisson gratuite,Sport,Ambiance chaleureuse,Sièges inclinables,Vue panoramique,Assistance bagages,Conversation,Musique,Éclairage tamisé",Traveler,Bandjoun
3974,Yagoua,"Confort,Chauffeur expérimenté,Connectivité,Animaux acceptés,Assistance bagages,Vue panoramique",Planner,Bandjoun
1378,Muyuka,Éclairage tamisé,Traveler,Essos
1394,Nanga-Eboko,"Chauffeur expérimenté,Vue panoramique,Climatisation,Espace de rangement,Sièges inclinables,Silence,Cuisine,Conversation,Boisson gratuite,Conduite souple,Musique,Ambiance chaleureuse,Assistance bagages,Sport,Wi-Fi gratuit,Navigation GPS,Ponctualité,Confort,Connectivité,Langue parlée,Éclairage tamisé",Planner,Mokolo
4093,Mbanga,"Cuisine,Confort,Conversation,Conduite souple,Langue parlée,Sport,Climatisation,Wi-Fi gratuit,Connectivité,Vue panoramique,Espace de rangement,Ponctualité,Éclairage tamisé,Sièges inclinables,Navigation GPS,Assistance bagages,Musique,Ambiance chaleureuse,Boisson gratuite,Animaux acceptés,Chauffeur expérimenté,Silence",Traveler,Dibombari
4473,Kumba,"Navigation GPS,Ponctualité,Langue parlée,Wi-Fi gratuit,Sport,Silence,Vue panoramique,Animaux acceptés,Climatisation",Planner,Bonakouamouang
525,Gazawa,"Ambiance chaleureuse,Boisson gratuite",Traveler,Mbalmayo
147,Belo,"Conversation,Connectivité,Sport,Navigation GPS,Ambiance chaleureuse,Ponctualité,Musique,Éclairage tamisé,Animaux acceptés",Planner,Yaounde
4431,Bimbia,"Assistance bagages,Animaux acceptés,Silence,Vue panoramique,Cuisine,Confort,Climatisation,Boisson gratuite,Éclairage tamisé,Wi-Fi gratuit,Langue parlée,Chauffeur expérimenté,Ponctualité,Musique,Espace de rangement,Navigation GPS,Ambiance chaleureuse,Conversation,Sport,Connectivité,Conduite souple,Sièges inclinables",Planner,Boutours
447,Gazawa,"Climatisation,Cuisine,Musique,Animaux acceptés,Conduite souple,Sièges inclinables,Ambiance chaleureuse,Connectivité,Vue panoramique,Chauffeur expérimenté,Conversation",Planner,Fontem
276,Bonabéri,"Boisson gratuite,Silence,Climatisation,Musique,Éclairage tamisé,Espace de rangement,Langue parlée,Sport,Navigation GPS,Connectivité,Chauffeur expérimenté,Cuisine,Ambiance chaleureuse,Assistance bagages,Sièges inclinables,Conversation,Wi-Fi gratuit,Ponctualité,Vue panoramique",Planner,Bonaberi
1093,Bali Nyonga,"Wi-Fi gratuit,Confort,Langue parlée,Conversation,Climatisation,Espace de rangement,Ambiance chaleureuse,Silence,Assistance bagages,Conduite souple,Cuisine,Boisson gratuite,Connectivité,Musique",Planner,Bertoua
2887,Bali Nyonga,"Musique,Ambiance chaleureuse,Ponctualité,Wi-Fi gratuit,Silence,Connectivité,Chauffeur expérimenté,Langue parlée,Assistance bagages,Espace de rangement,Éclairage tamisé,Sièges inclinables,Vue panoramique",Planner,Beti
1077,Bertoua,"Conversation,Vue panoramique,Assistance bagages,Wi-Fi gratuit,Ponctualité,Sport",Planner,Yagoua
1510,Bafia,"Ambiance chaleureuse,Musique,Assistance bagages,Conduite souple,Connectivité,Cuisine,Conversation,Ponctualité,Vue panoramique,Navigation GPS,Chauffeur expérimenté,Silence,Langue parlée,Sport,Sièges inclinables,Boisson gratuite,Animaux acceptés,Espace de rangement,Éclairage tamisé,Wi-Fi gratuit,Confort,Climatisation",Traveler,Mutengene
3663,Loum,"Wi-Fi gratuit,Conduite souple,Ambiance chaleureuse,Cuisine",Planner,Meiganga
1899,Beti,"Assistance bagages,Climatisation,Wi-Fi gratuit,Confort,Espace de rangement,Ambiance chaleureuse,Langue parlée,Navigation GPS,Sièges inclinables",Traveler,Kousseri
3922,Bonamoussadi,"Sport,Cuisine,Confort,Vue panoramique,Conduite souple,Musique,Éclairage tamisé,Boisson gratuite,Ambiance chaleureuse,Conversation,Ponctualité,Chauffeur expérimenté",Planner,Bamenda
4724,Belo,"Ponctualité,Sport,Ambiance chaleureuse",Traveler,Mokolo
1332,Belo,"Wi-Fi gratuit,Conduite souple,Conversation,Silence,Sport,Vue panoramique,Cuisine,Climatisation,Chauffeur expérimenté,Confort,Connectivité,Langue parlée,Navigation GPS,Ambiance chaleureuse,Assistance bagages,Espace de rangement,Ponctualité,Éclairage tamisé",Planner,Banga Bakundu
1495,Figuif,"Sport,Animaux acceptés,Wi-Fi gratuit,Cuisine,Navigation GPS,Climatisation,Musique,Espace de rangement,Conversation,Langue parlée,Boisson gratuite,Vue panoramique,Éclairage tamisé,Conduite souple,Assistance bagages,Ambiance chaleureuse,Chauffeur expérimenté,Confort,Sièges inclinables,Silence,Connectivité,Ponctualité",Planner,Kribi
3809,Bali,"Conduite souple,Éclairage tamisé",Planner,Bamenda
336,Bamenda,"Silence,Éclairage tamisé,Cuisine,Espace de rangement,Animaux acceptés,Sièges inclinables,Vue panoramique,Climatisation,Chauffeur expérimenté",Planner,Bali Nyonga
3235,Mbandjock,"Musique,Sport,Ambiance chaleureuse,Espace de rangement,Langue parlée,Boisson gratuite,Chauffeur expérimenté,Confort,Cuisine",Planner,Nanga-Eboko
1538,Buea,"Conduite souple,Wi-Fi gratuit,Sièges inclinables,Climatisation,Musique,Sport,Langue parlée,Conversation,Vue panoramique,Ponctualité,Chauffeur expérimenté,Ambiance chaleureuse,Navigation GPS,Boisson gratuite,Éclairage tamisé,Espace de rangement,Assistance bagages,Animaux acceptés,Confort,Connectivité",Traveler,Fontem
2405,Mora,"Chauffeur expérimenté,Wi-Fi gratuit,Sièges inclinables",Planner,Belo
3082,Bogo,"Ambiance chaleureuse,Boisson gratuite,Climatisation,Espace de rangement,Sport,Vue panoramique,Animaux acceptés,Silence,Chauffeur expérimenté,Ponctualité,Assistance bagages,Sièges inclinables,Conversation,Langue parlée,Wi-Fi gratuit,Conduite souple,Confort",Planner,Bimbia
1357,Mora,"Conversation,Vue panoramique,Confort,Ambiance chaleureuse,Assistance bagages,Sport,Silence,Wi-Fi gratuit",Planner,Bamenda
2620,Bali,"Conversation,Connectivité,Éclairage tamisé,Silence,Confort,Boisson gratuite,Assistance bagages,Espace de rangement,Conduite souple,Ponctualité,Chauffeur expérimenté,Musique,Sport,Vue panoramique,Wi-Fi gratuit",Planner,Banga Bakundu
4895,Kousseri,"Confort,Ponctualité,Éclairage tamisé,Cuisine,Langue parlée,Assistance bagages,Vue panoramique",Planner,Maroua
2469,Bimbia,"Ponctualité,Cuisine,Sport,Assistance bagages,Navigation GPS,Vue panoramique,Connectivité,Éclairage tamisé,Climatisation,Langue parlée,Conduite souple,Wi-Fi gratuit,Chauffeur expérimenté,Animaux acceptés,Espace de rangement,Musique,Confort,Ambiance chaleureuse",Traveler,Boutours
2402,Mbanga,"Ambiance chaleureuse,Confort,Conversation,Musique,Éclairage tamisé,Connectivité,Assistance bagages,Sport,Conduite souple,Cuisine,Espace de rangement,Navigation GPS,Langue parlée,Climatisation,Silence,Sièges inclinables,Ponctualité,Wi-Fi gratuit,Boisson gratuite,Chauffeur expérimenté",Planner,Messa
3313,Bafoussam,"Sport,Confort",Traveler,Loum
4661,Mbandjock,"Climatisation,Ambiance chaleureuse,Cuisine,Musique,Silence,Chauffeur expérimenté,Assistance bagages,Navigation GPS,Sport,Langue parlée,Éclairage tamisé",Planner,Melong
4543,Banga Bakundu,"Assistance bagages,Vue panoramique,Éclairage tamisé,Silence,Conversation,Animaux acceptés,Navigation GPS,Ambiance chaleureuse,Ponctualité,Langue parlée,Connectivité,Espace de rangement,Sièges inclinables,Musique",Planner,Bandjoun
2517,Buea,"Climatisation,Ambiance chaleureuse,Confort,Silence,Assistance bagages,Conversation,Sièges inclinables,Boisson gratuite,Connectivité,Musique,Sport,Ponctualité,Langue parlée,Navigation GPS,Animaux acceptés,Vue panoramique,Chauffeur expérimenté,Cuisine,Conduite souple,Éclairage tamisé",Planner,Bamenda
3867,Figuif,"Sport,Espace de rangement,Conduite souple,Vue panoramique,Assistance bagages,Navigation GPS,Chauffeur expérimenté,Boisson gratuite,Langue parlée,Silence,Cuisine,Wi-Fi gratuit,Éclairage tamisé,Confort,Musique,Sièges inclinables,Ambiance chaleureuse,Connectivité,Conversation,Ponctualité,Climatisation,Animaux acceptés",Traveler,Mbalmayo
4881,Bogo,"Sièges inclinables,Climatisation",Traveler,Bonaberi
733,Kumba,"Confort,Conduite souple,Ambiance chaleureuse,Cuisine,Assistance bagages,Sièges inclinables,Langue parlée,Chauffeur expérimenté,Musique,Ponctualité,Animaux acceptés,Wi-Fi gratuit,Climatisation,Vue panoramique,Éclairage tamisé",Planner,Bogo
4773,Guider,"Musique,Boisson gratuite,Conversation,Animaux acceptés,Silence,Confort,Sièges inclinables,Vue panoramique,Connectivité,Climatisation,Assistance bagages,Navigation GPS,Cuisine,Ambiance chaleureuse,Ponctualité,Espace de rangement,Conduite souple,Sport,Langue parlée,Chauffeur expérimenté,Wi-Fi gratuit",Traveler,Bonanjo
3686,Bamenda,"Ponctualité,Langue parlée,Conduite souple,Musique,Sièges inclinables,Navigation GPS,Cuisine,Confort,Silence,Éclairage tamisé,Sport,Conversation,Espace de rangement,Chauffeur expérimenté,Ambiance chaleureuse,Wi-Fi gratuit,Boisson gratuite,Climatisation,Connectivité",Traveler,Mokolo
1599,Bonaberi,"Navigation GPS,Animaux acceptés,Ambiance chaleureuse,Éclairage tamisé,Conduite souple,Confort,Langue parlée,Chauffeur expérimenté,Assistance bagages,Silence,Wi-Fi gratuit,Sport,Ponctualité,Boisson gratuite,Cuisine,Vue panoramique,Climatisation,Connectivité",Traveler,Fontem
4760,Fontem,"Ponctualité,Sport,Connectivité,Assistance bagages,Animaux acceptés,Wi-Fi gratuit,Boisson gratuite,Vue panoramique,Éclairage tamisé,Chauffeur expérimenté,Conversation,Langue parlée,Musique",Traveler,Bafoussam
4705,Bogo,"Chauffeur expérimenté,Espace de rangement,Animaux acceptés,Boisson gratuite,Wi-Fi gratuit,Sport,Conduite souple,Ponctualité,Climatisation,Sièges inclinables,Langue parlée",Traveler,Mbandjock
642,Messa,"Climatisation,Vue panoramique,Boisson gratuite,Sièges inclinables,Ponctualité,Langue parlée,Conversation,Connectivité,Assistance bagages,Musique,Ambiance chaleureuse,Silence,Confort,Cuisine",Planner,Bali
2478,Belabo,"Sièges inclinables,Éclairage tamisé,Boisson gratuite,Animaux acceptés,Sport,Cuisine,Conversation,Conduite souple,Chauffeur expérimenté,Assistance bagages,Climatisation,Langue parlée,Confort,Silence,Vue panoramique,Espace de rangement,Ambiance chaleureuse",Traveler,Kumba
3586,Batibo,"Connectivité,Confort,Ponctualité,Navigation GPS,Éclairage tamisé,Assistance bagages,Boisson gratuite,Sport,Silence,Espace de rangement,Langue parlée,Cuisine,Climatisation,Chauffeur expérimenté,Vue panoramique,Musique,Animaux acceptés,Sièges inclinables,Wi-Fi gratuit",Planner,Bamenda
2970,Muyuka,"Sièges inclinables,Conversation,Ponctualité,Assistance bagages,Connectivité,Vue panoramique,Navigation GPS,Langue parlée,Silence,Animaux acceptés,Sport,Boisson gratuite,Cuisine,Chauffeur expérimenté",Traveler,Guider
2209,Guider,"Climatisation,Espace de rangement,Musique,Connectivité,Silence,Langue parlée,Ambiance chaleureuse,Conversation,Sièges inclinables,Vue panoramique,Navigation GPS,Confort,Chauffeur expérimenté,Boisson gratuite,Wi-Fi gratuit,Ponctualité,Conduite souple",Traveler,Messa
2088,Muyuka,"Ambiance chaleureuse,Espace de rangement,Langue parlée,Sièges inclinables,Éclairage tamisé,Sport,Wi-Fi gratuit,Animaux acceptés,Chauffeur expérimenté,Cuisine",Traveler,Bafia
3967,Mbanga,"Langue parlée,Vue panoramique,Ponctualité,Wi-Fi gratuit,Confort,Musique,Silence,Conduite souple,Cuisine,Assistance bagages,Éclairage tamisé,Ambiance chaleureuse,Sièges inclinables,Sport,Chauffeur expérimenté",Planner,Bertoua
4099,Bonamoussadi,"Animaux acceptés,Espace de rangement,Chauffeur expérimenté,Wi-Fi gratuit,Boisson gratuite",Traveler,Bonanjo
3558,Mbouda,"Vue panoramique,Animaux acceptés,Conduite souple,Wi-Fi gratuit,Cuisine,Chauffeur expérimenté,Musique,Confort,Boisson gratuite,Sièges inclinables,Assistance bagages,Navigation GPS,Langue parlée,Conversation,Ponctualité,Sport,Silence,Ambiance chaleureuse,Climatisation,Connectivité,Espace de rangement,Éclairage tamisé",Traveler,Bamenda
3351,Bandjoun,"Conversation,Confort,Musique,Cuisine,Boisson gratuite,Animaux acceptés,Ambiance chaleureuse,Sport,Éclairage tamisé,Navigation GPS,Espace de rangement,Silence,Conduite souple",Planner,Mbandjock
339,Nanga-Eboko,"Boisson gratuite,Assistance bagages,Sièges inclinables,Cuisine,Conversation,Vue panoramique,Conduite souple,Silence,Ambiance chaleureuse,Chauffeur expérimenté,Wi-Fi gratuit,Climatisation,Langue parlée,Sport",Planner,Bertoua
3150,Bonaberi,"Wi-Fi gratuit,Ponctualité,Connectivité,Cuisine,Sièges inclinables,Conversation,Navigation GPS,Boisson gratuite,Langue parlée,Sport,Chauffeur expérimenté,Climatisation,Confort,Musique,Animaux acceptés,Conduite souple,Éclairage tamisé,Ambiance chaleureuse",Planner,Bafia
846,Bafia,"Langue parlée,Espace de rangement,Conduite souple,Musique,Ambiance chaleureuse,Cuisine",Traveler,Buea
664,Mora,"Langue parlée,Animaux acceptés,Connectivité,Éclairage tamisé",Planner,Bonanjo
2918,Mbalmayo,"Animaux acceptés,Vue panoramique,Ambiance chaleureuse,Langue parlée,Musique,Ponctualité,Éclairage tamisé,Confort,Assistance bagages,Sièges inclinables,Climatisation,Boisson gratuite",Traveler,Dibombari
1454,Mokolo,"Navigation GPS,Ambiance chaleureuse,Boisson gratuite,Espace de rangement,Cuisine,Ponctualité,Animaux acceptés,Silence,Musique,Sièges inclinables,Sport,Langue parlée,Conversation,Chauffeur expérimenté,Wi-Fi gratuit,Éclairage tamisé,Confort",Planner,Limbe
816,Bali Nyonga,"Ambiance chaleureuse,Ponctualité,Cuisine,Assistance bagages,Animaux acceptés,Silence,Langue parlée,Confort,Éclairage tamisé,Wi-Fi gratuit,Climatisation",Traveler,Bonabéri
1539,Bafoussam,"Navigation GPS,Conversation,Boisson gratuite,Assistance bagages,Wi-Fi gratuit,Connectivité,Espace de rangement,Ambiance chaleureuse,Conduite souple,Éclairage tamisé",Planner,Guider
2005,Bafoussam,"Vue panoramique,Cuisine,Assistance bagages,Langue parlée,Navigation GPS,Connectivité,Conversation,Espace de rangement,Ponctualité,Sport,Sièges inclinables,Conduite souple,Éclairage tamisé,Chauffeur expérimenté,Musique,Climatisation,Boisson gratuite,Wi-Fi gratuit,Ambiance chaleureuse",Planner,Bonaberi
39,Yaounde,"Climatisation,Musique,Ambiance chaleureuse,Assistance bagages,Connectivité,Animaux acceptés,Sièges inclinables,Ponctualité,Boisson gratuite,Confort,Sport,Conduite souple",Traveler,Mokolo
3614,Douala,"Animaux acceptés,Boisson gratuite,Chauffeur expérimenté,Climatisation,Ponctualité,Navigation GPS,Cuisine,Conduite souple,Assistance bagages,Vue panoramique,Connectivité,Éclairage tamisé,Wi-Fi gratuit,Sport,Silence",Planner,Figuif
4054,Mokolo,"Animaux acceptés,Vue panoramique,Ambiance chaleureuse,Conduite souple,Conversation,Sport,Climatisation,Espace de rangement,Boisson gratuite,Sièges inclinables,Assistance bagages,Navigation GPS",Traveler,Bali
4040,Bogo,"Cuisine,Conduite souple,Animaux acceptés,Espace de rangement,Vue panoramique",Planner,Kribi
19,Mutengene,"Climatisation,Vue panoramique,Confort,Assistance bagages,Espace de rangement,Sport,Sièges inclinables,Boisson gratuite,Éclairage tamisé,Musique,Animaux acceptés,Cuisine,Langue parlée,Conversation,Wi-Fi gratuit,Ambiance chaleureuse,Silence,Navigation GPS,Conduite souple,Ponctualité,Chauffeur expérimenté,Connectivité",Traveler,Bafia
779,Meiganga,"Confort,Éclairage tamisé,Wi-Fi gratuit,Boisson gratuite,Assistance bagages,Climatisation,Navigation GPS,Animaux acceptés,Ambiance chaleureuse,Chauffeur expérimenté,Conversation,Sport",Traveler,Bonaberi
534,Belo,"Boisson gratuite,Wi-Fi gratuit,Sport,Silence,Ponctualité,Confort,Conduite souple,Cuisine,Éclairage tamisé,Ambiance chaleureuse,Vue panoramique,Langue parlée,Chauffeur expérimenté",Traveler,Batibo
675,Bonakouamouang,Navigation GPS,Planner,Bertoua
692,Melong,"Silence,Animaux acceptés,Wi-Fi gratuit,Boisson gratuite,Cuisine,Navigation GPS,Vue panoramique,Conduite souple,Confort,Climatisation,Assistance bagages,Éclairage tamisé,Langue parlée,Chauffeur expérimenté,Conversation,Musique,Connectivité,Espace de rangement,Sièges inclinables,Ponctualité,Ambiance chaleureuse,Sport",Traveler,Mutengene
1112,Fontem,"Wi-Fi gratuit,Connectivité,Climatisation",Planner,Bali Nyonga
341,Nanga-Eboko,"Sièges inclinables,Animaux acceptés,Ponctualité,Conversation,Silence,Confort,Espace de rangement,Musique,Vue panoramique,Wi-Fi gratuit,Chauffeur expérimenté,Conduite souple,Langue parlée,Sport,Assistance bagages",Planner,Fontem
4485,Messa,"Conduite souple,Navigation GPS,Assistance bagages,Ambiance chaleureuse,Éclairage tamisé,Boisson gratuite,Vue panoramique,Connectivité,Sièges inclinables,Ponctualité,Cuisine,Langue parlée,Animaux acceptés",Traveler,Figuif
3990,Boutours,Vue panoramique,Planner,Bonakouamouang
698,Bamenda,"Éclairage tamisé,Espace de rangement,Confort,Chauffeur expérimenté,Navigation GPS,Sport,Langue parlée,Animaux acceptés,Ponctualité,Cuisine,Boisson gratuite,Climatisation,Silence,Assistance bagages,Sièges inclinables",Traveler,Mbanga
2693,Buea,"Assistance bagages,Éclairage tamisé,Confort,Sièges inclinables,Ambiance chaleureuse,Espace de rangement,Cuisine,Sport,Langue parlée,Connectivité,Climatisation,Conduite souple",Planner,Muyuka
847,Fontem,"Vue panoramique,Sport,Wi-Fi gratuit,Connectivité,Conduite souple,Navigation GPS,Animaux acceptés,Assistance bagages,Silence,Chauffeur expérimenté,Ambiance chaleureuse,Sièges inclinables,Boisson gratuite,Espace de rangement,Confort,Langue parlée,Cuisine",Planner,Campo
3364,Bali Nyonga,"Climatisation,Boisson gratuite,Wi-Fi gratuit,Éclairage tamisé,Conversation",Planner,Campo
1494,Dibombari,"Navigation GPS,Chauffeur expérimenté,Éclairage tamisé,Confort,Conversation",Traveler,Meiganga
3962,Bertoua,"Vue panoramique,Connectivité,Langue parlée,Espace de rangement,Silence",Planner,Bali Nyonga
3430,Garoua,"Chauffeur expérimenté,Sièges inclinables,Ponctualité,Climatisation,Langue parlée,Cuisine,Animaux acceptés,Boisson gratuite,Espace de rangement,Sport,Navigation GPS,Connectivité,Wi-Fi gratuit,Vue panoramique,Ambiance chaleureuse,Conversation,Musique,Silence,Conduite souple",Traveler,Loum
3503,Edéa,"Navigation GPS,Assistance bagages,Espace de rangement,Chauffeur expérimenté,Sport,Wi-Fi gratuit,Musique,Conduite souple,Ponctualité,Éclairage tamisé,Boisson gratuite,Vue panoramique,Ambiance chaleureuse",Traveler,Meiganga
3496,Fontem,"Connectivité,Éclairage tamisé,Sport",Planner,Mbouda
2193,Bamenda,"Climatisation,Confort,Sport",Planner,Mora
4206,Figuif,"Musique,Climatisation,Conduite souple,Éclairage tamisé,Connectivité,Cuisine",Planner,Mutengene
2953,Bimbia,"Ambiance chaleureuse,Éclairage tamisé,Sièges inclinables,Espace de rangement,Cuisine,Sport,Connectivité,Climatisation,Confort,Silence,Animaux acceptés,Langue parlée,Navigation GPS,Assistance bagages,Vue panoramique,Conversation",Planner,Limbe
137,Nkongsamba,"Sport,Éclairage tamisé,Boisson gratuite,Musique,Langue parlée,Silence,Ponctualité,Chauffeur expérimenté,Sièges inclinables,Conversation,Connectivité,Confort,Vue panoramique,Navigation GPS,Ambiance chaleureuse,Conduite souple,Wi-Fi gratuit,Cuisine,Climatisation,Espace de rangement,Assistance bagages,Animaux acceptés",Traveler,Batibo
4602,Mbalmayo,"Espace de rangement,Connectivité,Éclairage tamisé,Boisson gratuite,Sport,Chauffeur expérimenté,Navigation GPS,Musique,Assistance bagages,Conduite souple,Ambiance chaleureuse,Vue panoramique,Ponctualité,Langue parlée,Wi-Fi gratuit,Silence,Confort,Conversation,Cuisine",Traveler,Bafang
3178,Yagoua,"Cuisine,Silence,Assistance bagages,Climatisation,Conduite souple,Sport,Espace de rangement,Confort,Conversation,Chauffeur expérimenté,Vue panoramique,Wi-Fi gratuit,Éclairage tamisé,Animaux acceptés,Langue parlée,Musique,Ambiance chaleureuse,Ponctualité,Connectivité,Navigation GPS",Planner,Figuif
2876,Bafang,"Confort,Animaux acceptés,Chauffeur expérimenté,Boisson gratuite,Sièges inclinables",Traveler,Bonaberi
3581,Mokolo,"Ambiance chaleureuse,Confort,Climatisation,Chauffeur expérimenté,Navigation GPS,Wi-Fi gratuit,Animaux acceptés,Cuisine,Ponctualité,Langue parlée,Connectivité,Assistance bagages,Musique",Planner,Bonanjo
1772,Bonamoussadi,"Silence,Boisson gratuite,Assistance bagages,Éclairage tamisé,Musique,Wi-Fi gratuit,Ambiance chaleureuse,Cuisine,Connectivité,Confort,Vue panoramique,Langue parlée,Chauffeur expérimenté,Animaux acceptés,Conversation,Conduite souple,Espace de rangement,Sport,Ponctualité,Navigation GPS,Sièges inclinables",Planner,Kumba
2741,Gazawa,"Sport,Chauffeur expérimenté,Animaux acceptés",Traveler,Mokolo
4708,Nkongsamba,"Musique,Wi-Fi gratuit,Ponctualité,Conduite souple,Confort",Planner,Bogo
2880,Douala,"Confort,Éclairage tamisé,Ambiance chaleureuse,Conversation,Ponctualité,Boisson gratuite,Espace de rangement,Sport,Assistance bagages,Navigation GPS",Planner,Bafia
3849,Kumba,"Chauffeur expérimenté,Ambiance chaleureuse,Assistance bagages,Navigation GPS,Silence,Sièges inclinables,Vue panoramique,Musique,Langue parlée,Confort,Éclairage tamisé,Boisson gratuite,Connectivité,Espace de rangement,Climatisation,Conversation,Ponctualité,Wi-Fi gratuit,Conduite souple,Cuisine",Traveler,Bimbia
2893,Muyuka,"Cuisine,Sièges inclinables,Connectivité,Vue panoramique,Wi-Fi gratuit,Confort,Sport,Conduite souple,Animaux acceptés,Boisson gratuite,Éclairage tamisé,Chauffeur expérimenté,Silence,Espace de rangement,Conversation,Navigation GPS,Ambiance chaleureuse,Assistance bagages,Musique,Ponctualité",Planner,Figuif
3458,Kribi,"Sièges inclinables,Cuisine,Langue parlée,Navigation GPS,Sport",Traveler,Figuif
3044,Bonamoussadi,"Ponctualité,Éclairage tamisé,Wi-Fi gratuit",Traveler,Bali
1987,Maroua,"Conversation,Musique,Wi-Fi gratuit,Conduite souple,Climatisation,Ponctualité,Éclairage tamisé",Planner,Kousseri
4846,Meiganga,"Éclairage tamisé,Ponctualité,Langue parlée,Climatisation,Musique,Assistance bagages,Animaux acceptés,Sièges inclinables,Navigation GPS,Espace de rangement,Boisson gratuite",Planner,Edéa
2200,Bonamoussadi,"Sport,Éclairage tamisé,Navigation GPS,Connectivité,Vue panoramique,Chauffeur expérimenté,Musique,Espace de rangement,Cuisine,Boisson gratuite,Confort,Sièges inclinables,Animaux acceptés,Conversation,Assistance bagages,Wi-Fi gratuit,Ambiance chaleureuse,Langue parlée,Conduite souple,Silence,Ponctualité,Climatisation",Traveler,Loum
4882,Limbe,"Climatisation,Langue parlée,Navigation GPS,Sport,Wi-Fi gratuit,Vue panoramique,Confort",Planner,Nanga-Eboko
2587,Loum,"Navigation GPS,Ponctualité,Conversation,Sport,Conduite souple,Silence,Espace de rangement,Connectivité,Ambiance chaleureuse,Éclairage tamisé,Assistance bagages",Planner,Bonakouamouang
3405,Beti,"Wi-Fi gratuit,Espace de rangement,Chauffeur expérimenté,Musique,Confort",Planner,Douala
188,Meiganga,"Climatisation,Sièges inclinables,Sport,Animaux acceptés,Musique,Éclairage tamisé,Boisson gratuite,Ponctualité,Navigation GPS,Connectivité,Ambiance chaleureuse,Assistance bagages,Conduite souple,Confort,Silence,Conversation,Cuisine,Vue panoramique,Chauffeur expérimenté",Traveler,Mbanga
4255,Fontem,"Vue panoramique,Chauffeur expérimenté,Cuisine,Connectivité,Éclairage tamisé,Sièges inclinables,Conversation,Sport",Planner,Nanga-Eboko
43,Bertoua,"Assistance bagages,Conduite souple,Ambiance chaleureuse,Espace de rangement,Ponctualité,Confort,Sièges inclinables,Navigation GPS,Connectivité,Sport,Climatisation,Cuisine,Boisson gratuite,Chauffeur expérimenté,Vue panoramique,Musique,Conversation,Langue parlée,Silence",Planner,Bandjoun
3357,Banga Bakundu,"Conduite souple,Espace de rangement,Conversation,Confort,Vue panoramique,Musique,Connectivité,Ponctualité,Ambiance chaleureuse,Animaux acceptés,Wi-Fi gratuit,Climatisation,Langue parlée,Silence,Chauffeur expérimenté,Assistance bagages",Planner,Melong
2783,Gazawa,"Conduite souple,Sièges inclinables,Boisson gratuite,Langue parlée,Confort,Climatisation,Cuisine,Musique,Espace de rangement,Wi-Fi gratuit,Conversation,Chauffeur expérimenté,Silence,Vue panoramique",Planner,Kribi
2731,Bonanjo,Connectivité,Traveler,Bamenda
76,Bandjoun,"Boisson gratuite,Animaux acceptés,Confort",Planner,Bonamoussadi
3253,Kousseri,"Vue panoramique,Sièges inclinables,Chauffeur expérimenté,Animaux acceptés,Espace de rangement,Climatisation,Silence,Éclairage tamisé,Boisson gratuite,Ponctualité,Cuisine",Traveler,Douala
1809,Nkongsamba,"Cuisine,Climatisation,Animaux acceptés,Conversation,Conduite souple,Connectivité",Traveler,Bimbia
427,Gazawa,"Conversation,Connectivité,Conduite souple,Sièges inclinables,Ponctualité,Assistance bagages,Sport,Musique,Espace de rangement,Cuisine,Climatisation",Traveler,Maroua
506,Essos,"Musique,Sport,Ponctualité,Conduite souple,Éclairage tamisé,Boisson gratuite,Wi-Fi gratuit,Sièges inclinables,Ambiance chaleureuse,Climatisation,Vue panoramique,Conversation",Planner,Beti
4960,Bertoua,"Sport,Ponctualité,Ambiance chaleureuse,Boisson gratuite,Assistance bagages,Musique,Cuisine,Chauffeur expérimenté,Éclairage tamisé,Navigation GPS,Conversation,Wi-Fi gratuit,Climatisation,Langue parlée,Vue panoramique",Planner,Nkongsamba
1479,Bonanjo,"Cuisine,Conduite souple,Chauffeur expérimenté,Navigation GPS,Langue parlée,Connectivité,Animaux acceptés,Conversation,Climatisation,Vue panoramique,Sport,Boisson gratuite,Confort,Ponctualité,Sièges inclinables,Musique,Wi-Fi gratuit,Silence,Assistance bagages,Éclairage tamisé",Planner,Bonaberi
4951,Boutours,"Navigation GPS,Éclairage tamisé,Boisson gratuite,Wi-Fi gratuit,Connectivité,Animaux acceptés,Assistance bagages,Ponctualité,Silence,Vue panoramique,Chauffeur expérimenté,Conduite souple,Langue parlée,Climatisation,Sport,Confort,Sièges inclinables,Conversation,Ambiance chaleureuse,Cuisine,Musique,Espace de rangement",Traveler,Guider
4502,Kribi,"Conduite souple,Silence,Sport,Éclairage tamisé,Musique,Vue panoramique,Wi-Fi gratuit,Boisson gratuite,Connectivité,Assistance bagages,Ambiance chaleureuse",Traveler,Guider
584,Kumba,Ponctualité,Traveler,Yagoua
886,Belo,"Silence,Assistance bagages,Éclairage tamisé",Traveler,Essos
3627,Mutengene,"Boisson gratuite,Vue panoramique,Sièges inclinables,Cuisine,Confort,Chauffeur expérimenté,Animaux acceptés,Climatisation,Wi-Fi gratuit",Planner,Bimbia
3914,Yagoua,Langue parlée,Traveler,Meiganga
2062,Bonanjo,"Musique,Animaux acceptés,Boisson gratuite,Éclairage tamisé,Silence,Assistance bagages,Ponctualité,Conversation,Vue panoramique,Wi-Fi gratuit,Conduite souple,Chauffeur expérimenté,Connectivité,Sport,Cuisine,Ambiance chaleureuse,Confort,Navigation GPS",Planner,Mokolo
4085,Nkongsamba,"Chauffeur expérimenté,Ambiance chaleureuse,Conduite souple,Animaux acceptés,Boisson gratuite,Cuisine,Conversation,Éclairage tamisé",Traveler,Kribi
3644,Batibo,"Connectivité,Cuisine,Chauffeur expérimenté,Confort,Langue parlée,Silence,Vue panoramique,Boisson gratuite,Musique,Animaux acceptés,Sport,Ponctualité,Conduite souple,Wi-Fi gratuit",Planner,Mbalmayo
391,Mbouda,"Langue parlée,Cuisine,Silence,Éclairage tamisé,Vue panoramique,Wi-Fi gratuit,Animaux acceptés,Navigation GPS",Planner,Bimbia
4554,Bogo,"Navigation GPS,Wi-Fi gratuit,Boisson gratuite,Éclairage tamisé,Assistance bagages,Sièges inclinables,Conduite souple,Conversation,Musique,Climatisation,Ponctualité,Espace de rangement,Confort,Silence,Ambiance chaleureuse,Chauffeur expérimenté,Animaux acceptés,Sport,Vue panoramique",Planner,Yagoua
1130,Bonaberi,"Conduite souple,Musique,Espace de rangement,Sièges inclinables,Climatisation,Sport,Ambiance chaleureuse,Cuisine,Éclairage tamisé,Navigation GPS,Boisson gratuite,Silence,Langue parlée,Connectivité",Planner,Mbouda
793,Belo,Navigation GPS,Traveler,Bogo
12,Belabo,"Wi-Fi gratuit,Boisson gratuite,Climatisation,Ponctualité,Animaux acceptés,Cuisine,Musique",Traveler,Bonamoussadi
3620,Bamenda,"Cuisine,Wi-Fi gratuit,Espace de rangement,Silence,Conduite souple,Sport,Animaux acceptés,Vue panoramique,Boisson gratuite,Climatisation,Assistance bagages,Ponctualité,Confort,Sièges inclinables,Chauffeur expérimenté,Langue parlée,Connectivité,Navigation GPS,Éclairage tamisé,Conversation,Ambiance chaleureuse,Musique",Traveler,Beti
340,Kribi,"Espace de rangement,Confort,Assistance bagages,Sport,Navigation GPS,Chauffeur expérimenté,Vue panoramique,Boisson gratuite,Conversation,Conduite souple,Langue parlée,Silence,Sièges inclinables,Cuisine,Musique,Wi-Fi gratuit,Ambiance chaleureuse,Ponctualité,Connectivité,Éclairage tamisé,Climatisation,Animaux acceptés",Traveler,Garoua
3681,Mbalmayo,"Conversation,Climatisation,Cuisine,Sport,Confort,Connectivité,Éclairage tamisé,Assistance bagages,Sièges inclinables,Musique,Chauffeur expérimenté,Silence,Ponctualité",Traveler,Bertoua
260,Campo,"Vue panoramique,Sièges inclinables,Confort,Sport,Conduite souple,Chauffeur expérimenté,Musique",Planner,Nanga-Eboko
3882,Bogo,"Ambiance chaleureuse,Sport,Boisson gratuite,Wi-Fi gratuit,Ponctualité,Climatisation,Sièges inclinables,Assistance bagages,Navigation GPS,Cuisine,Vue panoramique,Conduite souple,Chauffeur expérimenté,Silence,Animaux acceptés",Traveler,Batibo
52,Messa,"Animaux acceptés,Sièges inclinables,Silence,Musique,Navigation GPS,Éclairage tamisé,Boisson gratuite,Conversation,Wi-Fi gratuit,Connectivité,Climatisation,Ambiance chaleureuse,Chauffeur expérimenté",Traveler,Banga Bakundu
2466,Limbe,"Assistance bagages,Chauffeur expérimenté,Navigation GPS,Vue panoramique,Climatisation,Silence,Sièges inclinables,Cuisine,Conversation,Confort,Sport",Traveler,Kribi
418,Bonamoussadi,"Climatisation,Animaux acceptés",Traveler,Bertoua
3371,Buea,"Navigation GPS,Conversation,Wi-Fi gratuit,Connectivité,Ambiance chaleureuse,Musique,Sièges inclinables,Animaux acceptés,Silence,Confort,Conduite souple,Cuisine,Sport,Chauffeur expérimenté",Traveler,Yaounde
1257,Bogo,"Animaux acceptés,Musique",Traveler,Edéa
1813,Bimbia,"Ambiance chaleureuse,Assistance bagages,Ponctualité,Wi-Fi gratuit,Vue panoramique,Sport,Navigation GPS,Silence,Conversation,Confort,Espace de rangement,Animaux acceptés,Boisson gratuite,Conduite souple,Sièges inclinables,Chauffeur expérimenté,Musique,Langue parlée,Cuisine,Connectivité,Éclairage tamisé,Climatisation",Traveler,Bonabéri
2489,Edéa,"Silence,Vue panoramique,Chauffeur expérimenté,Sièges inclinables,Musique,Boisson gratuite,Animaux acceptés,Espace de rangement,Cuisine,Connectivité,Éclairage tamisé",Traveler,Figuif
4213,Bonamoussadi,"Boisson gratuite,Conduite souple,Sièges inclinables,Éclairage tamisé,Connectivité,Confort,Climatisation,Assistance bagages",Planner,Bafoussam
4857,Yaounde,"Sièges inclinables,Cuisine,Espace de rangement,Conduite souple,Wi-Fi gratuit,Connectivité,Navigation GPS,Éclairage tamisé,Ambiance chaleureuse,Boisson gratuite,Chauffeur expérimenté,Silence,Animaux acceptés,Assistance bagages,Musique,Vue panoramique,Confort,Sport,Langue parlée,Ponctualité",Traveler,Buea
357,Muyuka,"Espace de rangement,Éclairage tamisé,Confort,Silence,Conversation,Assistance bagages,Climatisation,Cuisine",Planner,Bonanjo
1496,Mbouda,"Navigation GPS,Conversation,Espace de rangement,Animaux acceptés,Confort,Boisson gratuite,Éclairage tamisé,Chauffeur expérimenté,Climatisation,Ambiance chaleureuse,Sport,Langue parlée,Vue panoramique,Silence,Conduite souple",Planner,Buea
2848,Kumba,"Cuisine,Éclairage tamisé,Sièges inclinables,Espace de rangement,Ambiance chaleureuse",Traveler,Messa
4481,Guider,"Conduite souple,Langue parlée,Silence,Cuisine,Espace de rangement,Sièges inclinables,Conversation",Traveler,Yaounde
578,Bonakouamouang,"Langue parlée,Assistance bagages,Cuisine,Ambiance chaleureuse,Boisson gratuite,Climatisation,Connectivité,Wi-Fi gratuit,Sièges inclinables,Espace de rangement,Vue panoramique,Conduite souple,Sport,Confort,Navigation GPS,Animaux acceptés",Traveler,Bonabéri
3158,Belo,"Vue panoramique,Chauffeur expérimenté,Climatisation,Wi-Fi gratuit,Animaux acceptés,Assistance bagages,Confort,Boisson gratuite,Ambiance chaleureuse,Ponctualité,Cuisine",Traveler,Boutours
504,Loum,"Langue parlée,Confort,Wi-Fi gratuit,Musique,Sport,Assistance bagages,Ponctualité,Espace de rangement,Sièges inclinables,Connectivité,Silence,Éclairage tamisé,Climatisation,Conversation,Cuisine,Animaux acceptés,Conduite souple,Navigation GPS,Boisson gratuite",Traveler,Mbanga
2802,Meiganga,"Ponctualité,Wi-Fi gratuit,Navigation GPS,Climatisation,Boisson gratuite,Éclairage tamisé,Musique,Confort,Silence,Connectivité,Sport,Vue panoramique,Animaux acceptés,Cuisine,Espace de rangement,Conduite souple,Chauffeur expérimenté,Ambiance chaleureuse",Traveler,Buea
1316,Limbe,"Boisson gratuite,Sièges inclinables,Silence,Éclairage tamisé",Traveler,Guider
4738,Belo,"Silence,Vue panoramique,Confort,Ponctualité,Animaux acceptés,Conduite souple,Climatisation,Wi-Fi gratuit,Musique,Connectivité,Ambiance chaleureuse,Boisson gratuite,Sport,Sièges inclinables,Langue parlée,Chauffeur expérimenté",Traveler,Bali
4963,Edéa,"Chauffeur expérimenté,Vue panoramique,Sport,Connectivité,Wi-Fi gratuit,Espace de rangement,Conduite souple,Confort,Climatisation,Ponctualité,Silence,Langue parlée,Boisson gratuite,Cuisine,Éclairage tamisé,Conversation,Sièges inclinables,Assistance bagages",Traveler,Bafia
856,Bafia,"Conversation,Conduite souple,Assistance bagages,Climatisation,Silence,Ponctualité,Éclairage tamisé,Cuisine",Planner,Douala
3226,Edéa,"Langue parlée,Ponctualité,Vue panoramique,Cuisine,Confort,Navigation GPS,Chauffeur expérimenté,Sièges inclinables,Éclairage tamisé,Climatisation,Conversation,Ambiance chaleureuse,Assistance bagages",Traveler,Guider
4469,Bafoussam,"Conversation,Ponctualité,Connectivité,Ambiance chaleureuse,Sport,Conduite souple,Éclairage tamisé,Cuisine,Climatisation,Musique,Vue panoramique,Assistance bagages,Boisson gratuite,Animaux acceptés,Langue parlée",Traveler,Limbe
4723,Limbe,"Wi-Fi gratuit,Langue parlée,Animaux acceptés,Chauffeur expérimenté,Sport,Cuisine,Vue panoramique",Planner,Maroua
1893,Mbouda,"Conversation,Chauffeur expérimenté,Boisson gratuite,Navigation GPS,Climatisation,Wi-Fi gratuit,Langue parlée,Ambiance chaleureuse,Conduite souple,Sport,Éclairage tamisé,Cuisine,Espace de rangement,Sièges inclinables,Confort,Musique,Assistance bagages,Animaux acceptés,Connectivité,Ponctualité,Vue panoramique",Traveler,Campo
1961,Figuif,"Confort,Conversation,Assistance bagages,Éclairage tamisé,Ponctualité,Sièges inclinables,Conduite souple,Cuisine,Sport,Wi-Fi gratuit,Langue parlée,Vue panoramique,Connectivité,Climatisation,Espace de rangement,Chauffeur expérimenté,Navigation GPS",Traveler,Melong
469,Mokolo,"Ponctualité,Climatisation,Chauffeur expérimenté,Musique,Navigation GPS,Ambiance chaleureuse,Espace de rangement,Confort,Conduite souple,Vue panoramique",Planner,Garoua
400,Meiganga,"Navigation GPS,Connectivité,Musique,Chauffeur expérimenté,Sièges inclinables,Langue parlée,Espace de rangement,Cuisine,Éclairage tamisé,Ambiance chaleureuse,Animaux acceptés,Assistance bagages,Confort,Vue panoramique,Sport,Wi-Fi gratuit,Boisson gratuite,Conversation,Climatisation,Silence",Planner,Bamenda
3032,Nanga-Eboko,"Climatisation,Assistance bagages,Sièges inclinables,Éclairage tamisé,Sport,Conduite souple,Vue panoramique,Boisson gratuite,Conversation,Cuisine,Chauffeur expérimenté,Animaux acceptés,Espace de rangement,Connectivité",Planner,Bonamoussadi
3090,Yagoua,"Confort,Connectivité,Éclairage tamisé,Assistance bagages,Ambiance chaleureuse,Chauffeur expérimenté,Langue parlée,Climatisation,Espace de rangement,Musique,Wi-Fi gratuit,Boisson gratuite,Ponctualité,Sport",Traveler,Banga Bakundu
4190,Bertoua,"Musique,Ponctualité,Conversation,Climatisation,Langue parlée,Wi-Fi gratuit,Navigation GPS",Traveler,Kumba
3787,Bertoua,"Conversation,Musique,Chauffeur expérimenté,Wi-Fi gratuit,Confort,Navigation GPS,Boisson gratuite,Assistance bagages,Espace de rangement,Sièges inclinables,Ponctualité,Éclairage tamisé,Connectivité,Vue panoramique,Climatisation,Langue parlée",Planner,Bonanjo
3809,Melong,"Éclairage tamisé,Climatisation,Langue parlée,Conduite souple,Ambiance chaleureuse,Espace de rangement,Boisson gratuite,Assistance bagages,Sport,Vue panoramique,Ponctualité,Musique",Planner,Garoua
2723,Mokolo,"Navigation GPS,Éclairage tamisé,Animaux acceptés,Cuisine,Ponctualité,Connectivité,Langue parlée,Sport,Climatisation,Assistance bagages,Boisson gratuite,Conversation,Chauffeur expérimenté,Ambiance chaleureuse,Espace de rangement,Musique,Confort,Vue panoramique,Silence",Traveler,Douala
4401,Bonakouamouang,"Langue parlée,Sièges inclinables,Sport",Traveler,Yagoua
1685,Bonamoussadi,Chauffeur expérimenté,Traveler,Nanga-Eboko
3381,Mbouda,"Assistance bagages,Conduite souple,Wi-Fi gratuit,Connectivité,Confort,Ponctualité,Sièges inclinables,Vue panoramique,Chauffeur expérimenté,Silence",Planner,Meiganga
2032,Belabo,"Navigation GPS,Ponctualité,Cuisine,Assistance bagages,Sport,Animaux acceptés,Boisson gratuite,Espace de rangement,Wi-Fi gratuit,Conduite souple,Climatisation,Conversation,Ambiance chaleureuse,Sièges inclinables,Chauffeur expérimenté,Silence,Confort,Vue panoramique,Langue parlée,Éclairage tamisé,Connectivité,Musique",Planner,Belo
1261,Melong,"Ponctualité,Navigation GPS,Chauffeur expérimenté,Conversation,Espace de rangement,Silence,Animaux acceptés,Conduite souple,Cuisine,Vue panoramique,Langue parlée,Climatisation,Sièges inclinables,Boisson gratuite,Assistance bagages,Connectivité,Wi-Fi gratuit,Éclairage tamisé,Ambiance chaleureuse,Musique",Traveler,Bonamoussadi
765,Belo,Boisson gratuite,Planner,Bali
3639,Bonakouamouang,Sièges inclinables,Traveler,Belabo
3934,Belo,"Connectivité,Silence,Chauffeur expérimenté,Conduite souple,Langue parlée,Assistance bagages,Wi-Fi gratuit,Confort,Sport,Cuisine,Ambiance chaleureuse,Boisson gratuite,Espace de rangement,Sièges inclinables,Animaux acceptés,Conversation,Vue panoramique,Ponctualité,Éclairage tamisé,Navigation GPS,Musique,Climatisation",Traveler,Muyuka
3094,Campo,"Assistance bagages,Cuisine,Navigation GPS,Climatisation,Conduite souple,Espace de rangement,Confort,Sièges inclinables,Vue panoramique,Ponctualité,Ambiance chaleureuse,Boisson gratuite,Musique,Sport,Langue parlée,Wi-Fi gratuit,Connectivité,Conversation,Silence,Animaux acceptés",Traveler,Melong
3170,Mbandjock,"Musique,Conduite souple,Navigation GPS,Animaux acceptés,Ambiance chaleureuse,Ponctualité,Assistance bagages,Conversation,Wi-Fi gratuit,Connectivité,Climatisation,Langue parlée,Confort,Sièges inclinables",Planner,Mbalmayo
3092,Mbalmayo,"Espace de rangement,Cuisine,Langue parlée,Conversation,Conduite souple,Wi-Fi gratuit,Connectivité,Musique,Sièges inclinables,Ambiance chaleureuse,Navigation GPS,Animaux acceptés",Planner,Batibo
2803,Mbanga,"Wi-Fi gratuit,Espace de rangement,Navigation GPS,Boisson gratuite,Éclairage tamisé,Confort,Connectivité,Sièges inclinables,Climatisation,Musique,Silence,Vue panoramique,Conduite souple,Langue parlée,Cuisine,Ambiance chaleureuse",Planner,Kribi
1517,Bertoua,"Climatisation,Ambiance chaleureuse,Langue parlée,Sport,Boisson gratuite,Connectivité,Ponctualité,Navigation GPS,Chauffeur expérimenté,Animaux acceptés,Espace de rangement,Vue panoramique,Assistance bagages,Sièges inclinables,Cuisine,Silence",Traveler,Kousseri
277,Fontem,Cuisine,Traveler,Bali
4999,Loum,"Musique,Vue panoramique,Conduite souple,Espace de rangement",Planner,Muyuka
3381,Mbandjock,"Connectivité,Wi-Fi gratuit,Conversation,Cuisine,Éclairage tamisé,Conduite souple,Sport,Boisson gratuite,Ambiance chaleureuse,Chauffeur expérimenté,Musique,Assistance bagages,Confort,Climatisation,Sièges inclinables,Silence,Animaux acceptés,Ponctualité,Vue panoramique,Espace de rangement,Navigation GPS",Planner,Mora
1163,Bonamoussadi,"Éclairage tamisé,Wi-Fi gratuit,Sport,Assistance bagages,Langue parlée,Cuisine,Ponctualité,Connectivité,Silence",Planner,Bafang
1513,Nanga-Eboko,"Conversation,Assistance bagages,Éclairage tamisé,Espace de rangement,Vue panoramique,Climatisation,Navigation GPS",Traveler,Bafoussam
375,Bandjoun,"Ponctualité,Langue parlée,Silence,Confort,Vue panoramique",Traveler,Mbalmayo
1503,Mbalmayo,"Confort,Climatisation,Sport,Ambiance chaleureuse,Silence,Animaux acceptés",Planner,Bali Nyonga
779,Bertoua,"Silence,Boisson gratuite,Climatisation,Espace de rangement,Assistance bagages,Navigation GPS,Conduite souple,Conversation,Sièges inclinables,Animaux acceptés,Langue parlée,Sport,Vue panoramique,Musique,Ambiance chaleureuse,Éclairage tamisé,Cuisine,Confort,Wi-Fi gratuit,Chauffeur expérimenté,Ponctualité",Planner,Dibombari
4109,Melong,"Espace de rangement,Ponctualité,Animaux acceptés,Climatisation,Ambiance chaleureuse,Wi-Fi gratuit,Confort,Boisson gratuite,Éclairage tamisé,Langue parlée,Sport,Sièges inclinables,Connectivité,Musique,Cuisine,Conversation",Traveler,Figuif
2145,Muyuka,"Connectivité,Silence,Espace de rangement,Animaux acceptés,Éclairage tamisé,Conversation,Chauffeur expérimenté,Sièges inclinables,Wi-Fi gratuit,Assistance bagages,Musique",Planner,Fontem
3346,Maroua,"Climatisation,Connectivité,Cuisine,Langue parlée,Assistance bagages,Wi-Fi gratuit,Vue panoramique,Musique,Conversation,Navigation GPS,Ponctualité,Sport,Espace de rangement,Éclairage tamisé,Chauffeur expérimenté,Conduite souple,Confort,Boisson gratuite,Sièges inclinables,Silence,Ambiance chaleureuse",Planner,Bogo
1304,Figuif,"Espace de rangement,Assistance bagages,Sport,Wi-Fi gratuit,Connectivité,Animaux acceptés,Boisson gratuite",Planner,Bertoua
2931,Garoua,"Wi-Fi gratuit,Vue panoramique,Cuisine,Conduite souple,Éclairage tamisé,Musique,Climatisation,Ambiance chaleureuse,Chauffeur expérimenté,Sport",Planner,Fontem
4088,Dibombari,"Connectivité,Climatisation",Planner,Mora
4417,Bonaberi,"Ambiance chaleureuse,Musique,Connectivité,Boisson gratuite,Sport,Ponctualité,Silence,Assistance bagages,Navigation GPS,Wi-Fi gratuit,Sièges inclinables,Conversation,Animaux acceptés,Chauffeur expérimenté,Cuisine,Climatisation,Conduite souple,Éclairage tamisé",Planner,Mbanga
790,Fontem,"Conversation,Espace de rangement,Connectivité,Silence,Boisson gratuite,Ponctualité,Langue parlée,Assistance bagages,Ambiance chaleureuse,Navigation GPS,Confort,Vue panoramique,Éclairage tamisé,Sièges inclinables,Chauffeur expérimenté,Wi-Fi gratuit,Musique,Conduite souple,Cuisine,Sport",Planner,Yaounde
4647,Nanga-Eboko,"Sport,Sièges inclinables,Éclairage tamisé,Langue parlée,Espace de rangement,Boisson gratuite,Silence,Vue panoramique,Wi-Fi gratuit,Climatisation,Confort,Connectivité,Conduite souple,Animaux acceptés,Ambiance chaleureuse,Cuisine,Chauffeur expérimenté,Conversation",Planner,Limbe
464,Figuif,"Confort,Éclairage tamisé,Assistance bagages,Climatisation,Langue parlée,Conversation,Ponctualité,Chauffeur expérimenté,Conduite souple,Vue panoramique,Silence,Ambiance chaleureuse",Traveler,Edéa
3757,Mora,"Langue parlée,Assistance bagages,Cuisine",Planner,Mutengene
2698,Mbalmayo,"Ponctualité,Conversation,Navigation GPS,Musique,Silence",Planner,Muyuka
45,Yagoua,"Ponctualité,Confort,Navigation GPS",Traveler,Belabo
3440,Banga Bakundu,"Wi-Fi gratuit,Vue panoramique,Cuisine,Assistance bagages,Conversation,Sièges inclinables,Chauffeur expérimenté,Navigation GPS,Animaux acceptés,Silence,Confort,Ponctualité,Boisson gratuite,Ambiance chaleureuse,Éclairage tamisé",Traveler,Bamenda
4520,Bertoua,"Conversation,Boisson gratuite,Assistance bagages,Silence,Wi-Fi gratuit,Chauffeur expérimenté,Sport,Éclairage tamisé,Espace de rangement,Ponctualité,Sièges inclinables,Animaux acceptés,Langue parlée,Climatisation",Traveler,Dibombari
1393,Bafang,"Navigation GPS,Silence,Ponctualité,Ambiance chaleureuse,Cuisine",Planner,Melong
3647,Maroua,"Cuisine,Espace de rangement,Confort,Ponctualité,Navigation GPS,Connectivité,Ambiance chaleureuse,Assistance bagages,Vue panoramique,Boisson gratuite,Wi-Fi gratuit,Conduite souple,Conversation,Langue parlée,Climatisation,Chauffeur expérimenté,Sièges inclinables,Éclairage tamisé,Musique",Planner,Campo
2931,Bafia,"Espace de rangement,Chauffeur expérimenté,Assistance bagages,Sièges inclinables,Climatisation,Silence,Wi-Fi gratuit,Confort,Ponctualité,Éclairage tamisé,Conversation,Animaux acceptés,Connectivité,Boisson gratuite,Cuisine,Vue panoramique,Conduite souple,Ambiance chaleureuse",Traveler,Belo
4887,Campo,"Espace de rangement,Connectivité,Sport,Animaux acceptés,Assistance bagages,Confort,Ponctualité,Chauffeur expérimenté,Vue panoramique,Boisson gratuite,Musique,Conduite souple,Cuisine,Sièges inclinables",Planner,Bonamoussadi
4252,Bandjoun,"Boisson gratuite,Sièges inclinables,Éclairage tamisé,Climatisation,Sport,Ambiance chaleureuse,Assistance bagages,Chauffeur expérimenté,Confort,Vue panoramique,Connectivité,Langue parlée,Navigation GPS,Espace de rangement",Traveler,Buea
3271,Kumba,"Assistance bagages,Silence,Langue parlée,Espace de rangement,Conduite souple,Confort,Ambiance chaleureuse,Musique,Vue panoramique,Navigation GPS,Connectivité",Traveler,Figuif
4360,Mbanga,"Navigation GPS,Sièges inclinables,Confort,Sport,Climatisation,Ambiance chaleureuse,Wi-Fi gratuit,Vue panoramique,Assistance bagages,Espace de rangement,Langue parlée,Animaux acceptés,Chauffeur expérimenté,Éclairage tamisé,Boisson gratuite,Ponctualité,Silence,Conversation,Connectivité,Conduite souple,Cuisine",Planner,Dibombari
1012,Bali Nyonga,"Éclairage tamisé,Wi-Fi gratuit,Espace de rangement,Vue panoramique,Animaux acceptés,Conduite souple,Ambiance chaleureuse,Ponctualité,Sièges inclinables,Conversation,Confort,Connectivité,Navigation GPS,Musique",Planner,Bali Nyonga
4424,Kumba,"Connectivité,Ponctualité,Wi-Fi gratuit,Navigation GPS,Musique,Langue parlée,Éclairage tamisé,Cuisine,Vue panoramique,Sport,Ambiance chaleureuse",Planner,Bamenda
2337,Banga Bakundu,"Wi-Fi gratuit,Conduite souple,Connectivité,Animaux acceptés,Confort,Musique",Planner,Belabo
2925,Beti,Musique,Traveler,Kumba
3074,Limbe,"Ponctualité,Animaux acceptés,Éclairage tamisé,Wi-Fi gratuit,Ambiance chaleureuse,Conversation,Conduite souple,Boisson gratuite,Sport,Chauffeur expérimenté,Vue panoramique,Navigation GPS,Confort,Musique,Langue parlée,Sièges inclinables,Connectivité",Traveler,Mbouda
2644,Bafia,"Assistance bagages,Ambiance chaleureuse,Navigation GPS,Animaux acceptés,Musique,Sièges inclinables,Boisson gratuite,Langue parlée,Vue panoramique,Sport,Silence,Confort,Espace de rangement,Conversation,Éclairage tamisé,Connectivité,Chauffeur expérimenté,Wi-Fi gratuit,Cuisine,Climatisation",Traveler,Kribi
3873,Bertoua,"Conversation,Langue parlée,Connectivité,Musique,Wi-Fi gratuit,Climatisation,Confort,Navigation GPS,Éclairage tamisé,Conduite souple,Assistance bagages,Ambiance chaleureuse,Sièges inclinables,Chauffeur expérimenté,Ponctualité,Cuisine,Silence,Sport,Boisson gratuite,Vue panoramique",Traveler,Maroua
438,Mokolo,"Animaux acceptés,Vue panoramique,Sport",Traveler,Campo
4702,Kumba,"Silence,Connectivité,Ponctualité,Conversation,Assistance bagages",Planner,Meiganga
517,Bonaberi,"Confort,Sport",Planner,Bonamoussadi
1654,Douala,"Cuisine,Éclairage tamisé,Chauffeur expérimenté,Climatisation,Confort,Navigation GPS,Ponctualité,Ambiance chaleureuse,Connectivité,Wi-Fi gratuit,Silence,Musique,Sport,Conversation,Boisson gratuite,Assistance bagages,Animaux acceptés,Langue parlée,Conduite souple,Espace de rangement,Vue panoramique,Sièges inclinables",Planner,Buea
3769,Mora,"Navigation GPS,Conversation,Connectivité,Éclairage tamisé,Vue panoramique",Traveler,Maroua
2179,Meiganga,"Silence,Chauffeur expérimenté,Ambiance chaleureuse,Confort,Conduite souple,Climatisation,Langue parlée,Assistance bagages,Musique,Sièges inclinables,Navigation GPS,Animaux acceptés,Connectivité,Boisson gratuite",Traveler,Bogo
2213,Messa,"Sport,Musique,Cuisine,Wi-Fi gratuit,Langue parlée,Navigation GPS,Éclairage tamisé",Planner,Mutengene
3450,Bamenda,"Conduite souple,Vue panoramique,Confort,Éclairage tamisé,Connectivité,Sport,Assistance bagages,Silence,Musique,Climatisation,Sièges inclinables,Boisson gratuite,Chauffeur expérimenté,Cuisine",Planner,Mokolo
3234,Batibo,"Sport,Connectivité,Assistance bagages",Traveler,Mbalmayo
1355,Beti,"Sport,Ambiance chaleureuse,Navigation GPS,Cuisine,Vue panoramique,Connectivité,Assistance bagages,Silence,Confort,Sièges inclinables,Chauffeur expérimenté,Animaux acceptés,Climatisation",Planner,Nkongsamba
978,Bertoua,"Boisson gratuite,Ponctualité,Espace de rangement",Planner,Banga Bakundu
825,Boutours,"Boisson gratuite,Sport",Planner,Banga Bakundu
4279,Buea,"Cuisine,Confort,Navigation GPS,Éclairage tamisé,Conduite souple,Boisson gratuite,Musique,Sièges inclinables,Climatisation,Wi-Fi gratuit",Planner,Essos
3916,Yagoua,"Wi-Fi gratuit,Espace de rangement,Chauffeur expérimenté,Navigation GPS,Assistance bagages,Connectivité,Sièges inclinables,Éclairage tamisé,Langue parlée,Conversation,Confort,Animaux acceptés,Ambiance chaleureuse,Silence,Cuisine,Musique,Conduite souple,Vue panoramique,Climatisation,Boisson gratuite",Traveler,Mbandjock
2671,Bafang,"Langue parlée,Vue panoramique",Planner,Bogo
1183,Bimbia,"Ambiance chaleureuse,Cuisine,Connectivité,Animaux acceptés,Éclairage tamisé,Navigation GPS,Chauffeur expérimenté,Conversation,Langue parlée,Sièges inclinables,Espace de rangement,Boisson gratuite,Climatisation,Wi-Fi gratuit",Traveler,Dibombari
4421,Mbanga,Espace de rangement,Planner,Bonakouamouang
2094,Belo,Navigation GPS,Traveler,Dibombari
549,Douala,"Ponctualité,Assistance bagages,Éclairage tamisé,Cuisine,Ambiance chaleureuse,Sièges inclinables,Confort,Navigation GPS,Silence,Conduite souple",Traveler,Bertoua
4617,Limbe,"Cuisine,Éclairage tamisé,Connectivité,Sport,Langue parlée,Chauffeur expérimenté,Navigation GPS,Ponctualité,Conduite souple,Assistance bagages,Sièges inclinables,Vue panoramique,Conversation,Boisson gratuite,Climatisation,Animaux acceptés,Musique,Silence,Espace de rangement,Confort",Traveler,Nanga-Eboko
561,Melong,"Espace de rangement,Chauffeur expérimenté",Planner,Dibombari
317,Bafang,"Silence,Animaux acceptés,Conduite souple,Sièges inclinables,Sport,Éclairage tamisé,Conversation,Espace de rangement,Cuisine,Assistance bagages",Traveler,Bonabéri
4178,Kribi,"Wi-Fi gratuit,Vue panoramique,Musique,Ambiance chaleureuse,Navigation GPS,Animaux acceptés,Conduite souple,Cuisine,Boisson gratuite,Confort,Espace de rangement,Sièges inclinables,Éclairage tamisé,Sport",Traveler,Bamenda
92,Mutengene,"Ambiance chaleureuse,Vue panoramique,Éclairage tamisé,Espace de rangement,Animaux acceptés,Cuisine,Ponctualité,Langue parlée,Navigation GPS,Silence,Boisson gratuite,Conduite souple,Wi-Fi gratuit",Planner,Guider
3398,Bafang,"Silence,Ponctualité,Vue panoramique,Éclairage tamisé,Conduite souple",Planner,Essos
849,Limbe,"Ponctualité,Sièges inclinables,Musique,Climatisation,Langue parlée,Animaux acceptés,Vue panoramique,Chauffeur expérimenté,Navigation GPS,Silence,Boisson gratuite,Ambiance chaleureuse,Confort,Wi-Fi gratuit,Sport,Cuisine,Conduite souple,Connectivité,Éclairage tamisé,Assistance bagages,Espace de rangement,Conversation",Traveler,Bafoussam
115,Kribi,"Chauffeur expérimenté,Connectivité,Sièges inclinables,Éclairage tamisé,Sport,Cuisine,Espace de rangement,Assistance bagages,Boisson gratuite,Ponctualité,Vue panoramique,Ambiance chaleureuse,Conversation",Planner,Bamenda
3661,Belo,"Navigation GPS,Conduite souple,Sièges inclinables,Langue parlée,Vue panoramique,Boisson gratuite,Ponctualité,Climatisation,Conversation,Wi-Fi gratuit,Éclairage tamisé,Silence",Traveler,Melong
4865,Kumba,"Chauffeur expérimenté,Conduite souple,Conversation,Climatisation,Cuisine,Vue panoramique",Planner,Bogo
4643,Yagoua,"Animaux acceptés,Confort,Silence,Wi-Fi gratuit,Vue panoramique,Conduite souple,Chauffeur expérimenté,Ambiance chaleureuse,Éclairage tamisé,Sièges inclinables,Boisson gratuite,Musique",Traveler,Beti
1410,Meiganga,"Langue parlée,Éclairage tamisé,Vue panoramique,Confort,Cuisine,Silence,Wi-Fi gratuit,Ambiance chaleureuse,Connectivité,Conduite souple,Animaux acceptés,Navigation GPS,Musique,Conversation,Chauffeur expérimenté,Sièges inclinables,Climatisation,Ponctualité",Planner,Kousseri
242,Campo,"Connectivité,Musique,Wi-Fi gratuit,Assistance bagages,Conversation,Cuisine,Confort,Boisson gratuite,Vue panoramique,Chauffeur expérimenté,Silence,Conduite souple,Animaux acceptés,Climatisation,Navigation GPS,Ambiance chaleureuse,Ponctualité",Planner,Gazawa
331,Buea,"Ponctualité,Silence,Chauffeur expérimenté,Navigation GPS",Planner,Mbandjock
475,Kousseri,"Navigation GPS,Chauffeur expérimenté,Sport",Planner,Figuif
2244,Mora,"Climatisation,Sièges inclinables,Éclairage tamisé,Wi-Fi gratuit,Musique,Navigation GPS,Boisson gratuite,Ambiance chaleureuse,Vue panoramique,Cuisine,Chauffeur expérimenté",Planner,Kribi
4792,Bogo,"Climatisation,Boisson gratuite,Ponctualité,Éclairage tamisé,Langue parlée,Espace de rangement,Sport,Cuisine,Conversation,Confort",Traveler,Kousseri
4680,Bafoussam,"Conversation,Conduite souple,Sièges inclinables,Navigation GPS,Éclairage tamisé,Ambiance chaleureuse,Chauffeur expérimenté,Wi-Fi gratuit,Cuisine,Connectivité,Vue panoramique,Musique,Espace de rangement,Animaux acceptés,Silence,Climatisation,Assistance bagages,Ponctualité,Langue parlée,Confort,Sport",Traveler,Bali Nyonga
1385,Kribi,"Conduite souple,Silence,Conversation,Assistance bagages,Éclairage tamisé,Chauffeur expérimenté,Langue parlée,Espace de rangement,Animaux acceptés,Ponctualité,Musique,Wi-Fi gratuit,Boisson gratuite,Connectivité,Vue panoramique,Climatisation,Cuisine,Ambiance chaleureuse,Sièges inclinables,Confort",Traveler,Bertoua
4638,Loum,"Animaux acceptés,Boisson gratuite,Climatisation,Assistance bagages,Navigation GPS,Chauffeur expérimenté,Connectivité,Espace de rangement,Musique,Ponctualité,Vue panoramique,Éclairage tamisé,Wi-Fi gratuit,Confort,Sièges inclinables,Ambiance chaleureuse,Sport,Conduite souple,Silence,Conversation",Traveler,Belo
4860,Belo,"Climatisation,Ambiance chaleureuse,Cuisine,Musique,Chauffeur expérimenté,Silence,Navigation GPS,Éclairage tamisé,Sport,Langue parlée,Vue panoramique,Espace de rangement,Ponctualité,Conduite souple,Conversation,Assistance bagages,Connectivité,Confort,Animaux acceptés,Boisson gratuite,Wi-Fi gratuit,Sièges inclinables",Planner,Mutengene
4321,Limbe,"Animaux acceptés,Sport",Planner,Mbalmayo
3661,Campo,"Navigation GPS,Confort,Sport,Cuisine,Langue parlée,Wi-Fi gratuit,Connectivité,Silence,Ambiance chaleureuse,Conduite souple,Musique,Sièges inclinables,Espace de rangement,Vue panoramique,Boisson gratuite,Éclairage tamisé,Ponctualité,Animaux acceptés,Assistance bagages,Climatisation,Conversation",Planner,Meiganga
4701,Mbanga,"Navigation GPS,Vue panoramique,Espace de rangement,Musique,Cuisine,Ponctualité,Ambiance chaleureuse,Assistance bagages,Connectivité,Chauffeur expérimenté,Confort,Animaux acceptés,Silence,Conversation,Éclairage tamisé,Sport,Conduite souple,Boisson gratuite",Planner,Boutours
1941,Boutours,"Wi-Fi gratuit,Ponctualité",Traveler,Bonabéri
4304,Belo,"Ambiance chaleureuse,Musique,Conversation,Wi-Fi gratuit,Sport,Climatisation,Sièges inclinables,Espace de rangement,Conduite souple,Langue parlée,Vue panoramique,Silence,Animaux acceptés,Assistance bagages",Traveler,Mbouda
3025,Mokolo,"Sièges inclinables,Espace de rangement,Confort,Wi-Fi gratuit,Éclairage tamisé,Cuisine,Ambiance chaleureuse,Boisson gratuite,Silence,Chauffeur expérimenté,Ponctualité,Sport,Musique,Connectivité,Assistance bagages,Conversation,Navigation GPS,Langue parlée,Conduite souple,Vue panoramique,Climatisation",Traveler,Bonaberi
2005,Bonanjo,"Conduite souple,Conversation,Connectivité,Éclairage tamisé,Confort",Traveler,Bamenda
577,Mbouda,"Cuisine,Assistance bagages,Ambiance chaleureuse,Espace de rangement,Boisson gratuite,Silence,Animaux acceptés,Connectivité,Wi-Fi gratuit,Éclairage tamisé,Navigation GPS,Confort,Chauffeur expérimenté,Langue parlée,Climatisation",Planner,Boutours
3737,Kousseri,"Sièges inclinables,Éclairage tamisé,Chauffeur expérimenté,Wi-Fi gratuit,Connectivité,Musique,Langue parlée,Cuisine,Navigation GPS,Climatisation,Boisson gratuite,Sport,Conversation,Confort,Ambiance chaleureuse,Espace de rangement,Vue panoramique,Ponctualité,Assistance bagages,Animaux acceptés",Traveler,Kumba
167,Bali Nyonga,"Vue panoramique,Connectivité,Silence,Musique,Langue parlée,Chauffeur expérimenté,Boisson gratuite,Navigation GPS,Wi-Fi gratuit,Animaux acceptés,Assistance bagages",Traveler,Dibombari
727,Bonanjo,"Chauffeur expérimenté,Conduite souple,Espace de rangement,Ponctualité,Sièges inclinables,Navigation GPS,Langue parlée,Wi-Fi gratuit,Connectivité,Ambiance chaleureuse,Silence,Climatisation,Assistance bagages,Boisson gratuite,Éclairage tamisé,Confort,Cuisine,Vue panoramique",Planner,Garoua
4201,Essos,"Conversation,Sièges inclinables,Éclairage tamisé,Navigation GPS,Wi-Fi gratuit,Assistance bagages,Confort,Ambiance chaleureuse,Ponctualité,Musique",Planner,Buea
3726,Bamenda,"Ponctualité,Silence,Musique,Animaux acceptés,Wi-Fi gratuit,Sport,Sièges inclinables,Assistance bagages,Conversation,Langue parlée,Ambiance chaleureuse,Chauffeur expérimenté",Planner,Mokolo
3016,Edéa,"Connectivité,Navigation GPS,Climatisation,Musique,Conversation,Boisson gratuite,Wi-Fi gratuit,Conduite souple,Sport,Ponctualité",Planner,Bonabéri
4005,Loum,"Ponctualité,Navigation GPS,Vue panoramique,Sièges inclinables,Musique,Langue parlée,Climatisation,Éclairage tamisé,Conversation,Espace de rangement,Assistance bagages,Conduite souple,Ambiance chaleureuse,Boisson gratuite,Sport,Cuisine,Connectivité,Chauffeur expérimenté,Confort,Animaux acceptés,Silence,Wi-Fi gratuit",Traveler,Belo
3693,Mbandjock,"Conversation,Climatisation,Cuisine,Connectivité",Planner,Bonamoussadi
2122,Kribi,"Connectivité,Sport,Musique,Navigation GPS,Ambiance chaleureuse,Langue parlée,Wi-Fi gratuit,Conversation,Chauffeur expérimenté,Espace de rangement,Confort,Boisson gratuite,Assistance bagages,Vue panoramique,Conduite souple,Sièges inclinables,Éclairage tamisé,Climatisation,Silence",Traveler,Bali Nyonga
4866,Mbanga,"Navigation GPS,Éclairage tamisé,Silence,Conduite souple,Sièges inclinables,Ambiance chaleureuse,Boisson gratuite,Sport,Chauffeur expérimenté,Wi-Fi gratuit,Cuisine,Langue parlée,Espace de rangement,Confort,Musique,Vue panoramique,Ponctualité,Animaux acceptés,Assistance bagages,Connectivité",Traveler,Boutours
1040,Mbandjock,"Climatisation,Cuisine,Musique,Connectivité,Silence,Assistance bagages,Chauffeur expérimenté,Langue parlée,Ambiance chaleureuse,Sport,Navigation GPS,Vue panoramique,Animaux acceptés,Conduite souple,Conversation",Traveler,Essos
850,Loum,"Chauffeur expérimenté,Climatisation,Silence,Assistance bagages,Boisson gratuite,Ambiance chaleureuse,Confort,Vue panoramique,Éclairage tamisé,Musique,Langue parlée,Connectivité,Conversation,Conduite souple,Ponctualité,Sièges inclinables,Wi-Fi gratuit,Navigation GPS,Cuisine,Espace de rangement",Traveler,Bafoussam
3705,Bafia,"Confort,Sport,Assistance bagages,Cuisine,Climatisation,Ambiance chaleureuse,Ponctualité,Éclairage tamisé,Espace de rangement,Musique,Conduite souple,Navigation GPS,Chauffeur expérimenté",Traveler,Bali Nyonga
3302,Gazawa,"Confort,Espace de rangement,Conduite souple,Silence",Planner,Bertoua
480,Belo,"Ponctualité,Assistance bagages,Espace de rangement,Navigation GPS,Sièges inclinables,Animaux acceptés,Chauffeur expérimenté,Conduite souple,Connectivité,Conversation,Wi-Fi gratuit,Sport,Vue panoramique",Planner,Kousseri
4381,Beti,"Vue panoramique,Ponctualité,Musique,Assistance bagages",Planner,Douala
4791,Bandjoun,"Conversation,Assistance bagages,Climatisation,Wi-Fi gratuit,Conduite souple,Confort,Silence,Espace de rangement,Animaux acceptés,Navigation GPS,Connectivité,Cuisine,Musique",Traveler,Figuif
2351,Belo,"Connectivité,Ponctualité,Animaux acceptés,Sport,Éclairage tamisé",Traveler,Mokolo
655,Gazawa,"Boisson gratuite,Conversation,Conduite souple,Sièges inclinables,Langue parlée,Chauffeur expérimenté,Espace de rangement,Ambiance chaleureuse,Musique,Ponctualité,Connectivité,Vue panoramique,Cuisine,Animaux acceptés,Climatisation",Traveler,Mbalmayo
3821,Banga Bakundu,"Chauffeur expérimenté,Espace de rangement,Animaux acceptés,Boisson gratuite",Planner,Yaounde
4756,Dibombari,"Sièges inclinables,Vue panoramique,Conduite souple,Ambiance chaleureuse,Musique,Sport,Éclairage tamisé,Langue parlée,Chauffeur expérimenté,Confort,Boisson gratuite,Assistance bagages,Connectivité,Navigation GPS,Ponctualité",Traveler,Bafia
821,Bafoussam,"Animaux acceptés,Cuisine,Assistance bagages,Conduite souple",Traveler,Guider
3284,Bali Nyonga,"Confort,Boisson gratuite,Assistance bagages,Cuisine,Sport,Chauffeur expérimenté,Ponctualité,Sièges inclinables,Langue parlée,Climatisation,Vue panoramique,Animaux acceptés",Planner,Limbe
1574,Figuif,"Connectivité,Silence,Cuisine,Confort,Boisson gratuite,Conduite souple,Éclairage tamisé,Animaux acceptés,Langue parlée,Assistance bagages,Wi-Fi gratuit",Traveler,Belabo
1207,Garoua,"Sport,Chauffeur expérimenté,Ambiance chaleureuse,Musique,Espace de rangement,Assistance bagages,Ponctualité,Conduite souple,Langue parlée,Wi-Fi gratuit,Navigation GPS,Animaux acceptés,Cuisine,Silence,Confort,Climatisation",Traveler,Bonanjo
601,Belo,"Chauffeur expérimenté,Sport,Cuisine,Ambiance chaleureuse,Musique,Éclairage tamisé,Vue panoramique,Connectivité,Espace de rangement,Wi-Fi gratuit,Boisson gratuite,Animaux acceptés,Langue parlée,Conversation,Silence,Confort,Climatisation,Assistance bagages,Navigation GPS",Traveler,Essos
1427,Bonamoussadi,"Navigation GPS,Animaux acceptés,Boisson gratuite,Ambiance chaleureuse,Assistance bagages,Espace de rangement,Chauffeur expérimenté,Cuisine,Silence,Ponctualité,Confort,Sièges inclinables,Éclairage tamisé,Conversation,Wi-Fi gratuit,Musique,Climatisation,Langue parlée,Sport,Conduite souple,Vue panoramique",Planner,Campo
338,Figuif,"Vue panoramique,Climatisation,Sport,Ambiance chaleureuse,Cuisine,Assistance bagages,Boisson gratuite,Espace de rangement,Conduite souple",Traveler,Melong
448,Belo,"Navigation GPS,Éclairage tamisé,Animaux acceptés,Vue panoramique,Espace de rangement,Musique,Sièges inclinables,Confort,Ambiance chaleureuse,Chauffeur expérimenté,Connectivité,Sport,Silence,Conduite souple,Assistance bagages,Boisson gratuite,Langue parlée,Wi-Fi gratuit,Cuisine,Ponctualité,Climatisation",Traveler,Mokolo
318,Kumba,"Éclairage tamisé,Ambiance chaleureuse,Ponctualité,Sièges inclinables,Musique,Vue panoramique,Silence,Animaux acceptés,Connectivité,Chauffeur expérimenté,Espace de rangement,Climatisation,Conversation,Langue parlée,Navigation GPS,Boisson gratuite,Cuisine,Wi-Fi gratuit,Sport,Conduite souple",Planner,Mbandjock
689,Muyuka,"Chauffeur expérimenté,Animaux acceptés,Langue parlée,Cuisine,Silence,Musique,Climatisation,Navigation GPS,Ponctualité,Sièges inclinables,Ambiance chaleureuse,Conversation",Planner,Essos
325,Maroua,"Espace de rangement,Langue parlée,Wi-Fi gratuit,Vue panoramique,Ambiance chaleureuse,Conversation,Navigation GPS,Conduite souple,Ponctualité,Animaux acceptés,Connectivité",Planner,Essos
4708,Dibombari,"Conversation,Navigation GPS,Vue panoramique,Ponctualité,Boisson gratuite,Animaux acceptés,Assistance bagages",Traveler,Mbouda
127,Yagoua,Cuisine,Planner,Bonanjo
457,Yagoua,"Silence,Connectivité,Sport,Animaux acceptés,Chauffeur expérimenté",Planner,Mbalmayo
3002,Belo,"Sport,Conversation,Conduite souple,Ponctualité,Silence,Confort",Planner,Bafang
1365,Loum,"Conversation,Confort,Langue parlée,Wi-Fi gratuit,Animaux acceptés,Assistance bagages,Éclairage tamisé",Planner,Bonaberi
2811,Figuif,"Confort,Silence,Vue panoramique,Ponctualité,Connectivité,Conduite souple,Chauffeur expérimenté,Assistance bagages,Climatisation,Sièges inclinables,Espace de rangement,Sport,Musique,Boisson gratuite,Navigation GPS",Planner,Yaounde
2547,Yagoua,"Vue panoramique,Conversation,Chauffeur expérimenté,Conduite souple,Sport,Boisson gratuite,Musique,Animaux acceptés,Ambiance chaleureuse,Langue parlée,Cuisine",Planner,Buea
4849,Buea,"Vue panoramique,Climatisation,Langue parlée,Assistance bagages,Musique,Espace de rangement,Navigation GPS,Éclairage tamisé,Ponctualité,Connectivité,Chauffeur expérimenté,Sièges inclinables,Cuisine,Confort,Silence,Boisson gratuite",Traveler,Bogo
2814,Mokolo,"Wi-Fi gratuit,Musique,Connectivité,Sport,Ponctualité,Climatisation,Navigation GPS,Animaux acceptés,Confort,Vue panoramique,Conversation,Cuisine,Conduite souple,Éclairage tamisé,Espace de rangement,Ambiance chaleureuse,Sièges inclinables,Chauffeur expérimenté",Traveler,Mbalmayo
3637,Campo,Musique,Planner,Dibombari
742,Bogo,"Vue panoramique,Wi-Fi gratuit,Assistance bagages,Chauffeur expérimenté,Climatisation,Espace de rangement,Sport,Conduite souple,Navigation GPS,Boisson gratuite,Musique,Ambiance chaleureuse,Animaux acceptés,Éclairage tamisé,Connectivité,Silence,Ponctualité",Traveler,Boutours
91,Kousseri,"Éclairage tamisé,Boisson gratuite,Conversation,Chauffeur expérimenté",Planner,Buea
2143,Bertoua,"Éclairage tamisé,Assistance bagages,Ponctualité,Ambiance chaleureuse,Sport,Navigation GPS,Animaux acceptés,Conduite souple,Langue parlée,Cuisine,Boisson gratuite,Wi-Fi gratuit,Connectivité,Confort",Traveler,Bali
4601,Essos,"Boisson gratuite,Ambiance chaleureuse,Silence,Vue panoramique,Espace de rangement,Navigation GPS,Sièges inclinables,Conduite souple,Conversation,Chauffeur expérimenté,Cuisine,Ponctualité,Connectivité,Assistance bagages,Confort,Animaux acceptés,Wi-Fi gratuit,Musique,Éclairage tamisé,Sport",Traveler,Fontem
1592,Mbalmayo,"Sport,Cuisine,Musique,Assistance bagages,Animaux acceptés,Conversation,Ponctualité,Boisson gratuite,Wi-Fi gratuit,Confort,Silence",Planner,Messa
3392,Kumba,"Conduite souple,Assistance bagages,Ponctualité,Navigation GPS,Silence,Langue parlée,Sièges inclinables,Confort,Chauffeur expérimenté,Connectivité,Espace de rangement",Planner,Bonaberi
4327,Yagoua,"Chauffeur expérimenté,Conduite souple",Planner,Mbanga
3390,Essos,"Éclairage tamisé,Conversation,Sport,Ponctualité,Wi-Fi gratuit,Langue parlée,Chauffeur expérimenté,Vue panoramique,Connectivité,Animaux acceptés,Boisson gratuite,Conduite souple,Sièges inclinables,Confort,Ambiance chaleureuse",Traveler,Nanga-Eboko
1929,Gazawa,"Conduite souple,Éclairage tamisé,Connectivité,Ambiance chaleureuse,Boisson gratuite,Climatisation,Conversation,Chauffeur expérimenté,Assistance bagages,Langue parlée,Vue panoramique,Sièges inclinables,Sport,Silence",Planner,Gazawa
4773,Boutours,"Navigation GPS,Climatisation,Espace de rangement,Boisson gratuite,Confort,Ponctualité,Sport,Chauffeur expérimenté,Cuisine,Conduite souple,Vue panoramique,Assistance bagages",Planner,Belo
3266,Bogo,"Conversation,Sièges inclinables,Chauffeur expérimenté",Traveler,Kumba
2632,Buea,"Cuisine,Langue parlée,Wi-Fi gratuit,Sport,Ponctualité,Conduite souple,Éclairage tamisé,Espace de rangement,Assistance bagages",Planner,Bertoua
640,Edéa,"Langue parlée,Conduite souple,Sièges inclinables,Assistance bagages,Climatisation,Éclairage tamisé,Conversation,Wi-Fi gratuit,Cuisine,Ambiance chaleureuse,Sport,Chauffeur expérimenté,Boisson gratuite,Musique",Planner,Bertoua
2219,Edéa,"Chauffeur expérimenté,Boisson gratuite,Navigation GPS,Ponctualité,Cuisine,Conversation,Sport,Animaux acceptés,Wi-Fi gratuit,Connectivité",Traveler,Bali
359,Beti,"Animaux acceptés,Conversation,Langue parlée,Éclairage tamisé,Cuisine,Sport,Chauffeur expérimenté,Wi-Fi gratuit,Musique,Ponctualité,Assistance bagages,Sièges inclinables,Espace de rangement,Ambiance chaleureuse",Planner,Bimbia
3602,Bandjoun,"Vue panoramique,Sport,Cuisine,Wi-Fi gratuit,Conversation,Climatisation,Assistance bagages,Boisson gratuite,Navigation GPS,Langue parlée,Ponctualité,Sièges inclinables,Espace de rangement,Silence,Animaux acceptés,Conduite souple,Chauffeur expérimenté,Confort,Musique",Traveler,Fontem
3172,Beti,"Cuisine,Wi-Fi gratuit,Navigation GPS,Assistance bagages,Boisson gratuite,Espace de rangement",Planner,Bafia
2484,Bonabéri,Silence,Planner,Melong
4461,Nanga-Eboko,"Climatisation,Cuisine,Vue panoramique,Musique,Ambiance chaleureuse,Sport",Traveler,Dibombari
171,Nkongsamba,"Musique,Assistance bagages,Éclairage tamisé,Conversation,Navigation GPS,Chauffeur expérimenté,Espace de rangement,Silence,Cuisine,Sport,Wi-Fi gratuit,Boisson gratuite,Sièges inclinables,Conduite souple,Ponctualité,Climatisation",Planner,Bogo
438,Bafoussam,"Chauffeur expérimenté,Langue parlée,Climatisation,Musique,Sport,Ambiance chaleureuse,Vue panoramique,Navigation GPS,Animaux acceptés,Sièges inclinables,Wi-Fi gratuit",Traveler,Bonakouamouang
4410,Mbalmayo,"Assistance bagages,Wi-Fi gratuit,Ambiance chaleureuse,Silence,Sport,Boisson gratuite,Vue panoramique,Espace de rangement,Confort,Cuisine,Musique,Conduite souple,Navigation GPS,Connectivité,Climatisation,Conversation,Animaux acceptés",Planner,Bafoussam
2692,Essos,"Navigation GPS,Éclairage tamisé,Silence,Vue panoramique,Sport,Conversation,Conduite souple,Ambiance chaleureuse,Espace de rangement,Musique,Chauffeur expérimenté,Wi-Fi gratuit",Traveler,Meiganga
3361,Kumba,"Boisson gratuite,Silence,Conversation,Chauffeur expérimenté,Espace de rangement,Confort,Vue panoramique,Sport,Conduite souple,Navigation GPS,Éclairage tamisé,Assistance bagages,Sièges inclinables",Planner,Muyuka
3088,Bonakouamouang,"Éclairage tamisé,Wi-Fi gratuit,Conduite souple,Vue panoramique,Climatisation,Navigation GPS",Planner,Beti
4517,Yagoua,"Silence,Animaux acceptés",Planner,Nkongsamba
2033,Nanga-Eboko,"Éclairage tamisé,Chauffeur expérimenté,Cuisine,Assistance bagages",Traveler,Banga Bakundu
65,Bali Nyonga,"Langue parlée,Sport,Espace de rangement,Chauffeur expérimenté,Wi-Fi gratuit,Ponctualité,Connectivité,Boisson gratuite,Sièges inclinables,Conduite souple,Climatisation,Silence,Éclairage tamisé,Conversation,Assistance bagages,Ambiance chaleureuse,Confort",Traveler,Bafang
4393,Campo,"Éclairage tamisé,Assistance bagages,Climatisation,Chauffeur expérimenté,Navigation GPS,Ponctualité,Silence,Cuisine,Espace de rangement,Sièges inclinables,Connectivité,Conversation,Musique,Vue panoramique,Wi-Fi gratuit,Confort,Ambiance chaleureuse,Animaux acceptés,Boisson gratuite,Langue parlée,Sport",Planner,Yaounde
1986,Bali Nyonga,"Ambiance chaleureuse,Sport",Planner,Muyuka
4595,Muyuka,"Chauffeur expérimenté,Ponctualité,Sport,Navigation GPS,Boisson gratuite,Musique,Silence,Espace de rangement,Éclairage tamisé,Sièges inclinables,Confort,Animaux acceptés,Cuisine",Planner,Bamenda
4187,Mbalmayo,"Chauffeur expérimenté,Navigation GPS,Confort",Planner,Mbouda
2837,Bonabéri,"Connectivité,Espace de rangement",Traveler,Loum
865,Douala,"Wi-Fi gratuit,Éclairage tamisé,Vue panoramique,Conversation,Espace de rangement,Langue parlée,Chauffeur expérimenté,Confort,Climatisation,Connectivité,Navigation GPS,Boisson gratuite,Assistance bagages,Ambiance chaleureuse,Cuisine,Silence,Sport",Planner,Mokolo
1105,Maroua,"Boisson gratuite,Navigation GPS,Ponctualité,Vue panoramique,Éclairage tamisé,Sport,Conduite souple,Espace de rangement,Langue parlée,Assistance bagages,Confort",Traveler,Bimbia
1160,Bafoussam,Sport,Traveler,Mbandjock
6,Mora,"Sièges inclinables,Connectivité,Vue panoramique,Silence,Wi-Fi gratuit,Ambiance chaleureuse,Éclairage tamisé,Animaux acceptés,Ponctualité,Boisson gratuite,Cuisine",Planner,Kousseri
4686,Guider,"Confort,Éclairage tamisé,Wi-Fi gratuit,Ambiance chaleureuse,Cuisine,Assistance bagages,Conduite souple,Ponctualité,Silence,Vue panoramique,Langue parlée,Espace de rangement,Conversation",Traveler,Meiganga
2782,Guider,"Conduite souple,Musique,Sièges inclinables,Ambiance chaleureuse,Cuisine,Sport,Assistance bagages,Ponctualité",Planner,Bertoua
3151,Mbandjock,"Silence,Vue panoramique,Climatisation,Sport,Espace de rangement,Chauffeur expérimenté,Wi-Fi gratuit,Éclairage tamisé,Connectivité,Sièges inclinables,Animaux acceptés",Planner,Kumba
3561,Bimbia,"Conversation,Conduite souple,Sièges inclinables,Boisson gratuite,Ambiance chaleureuse",Planner,Maroua
3488,Meiganga,"Wi-Fi gratuit,Espace de rangement,Sièges inclinables,Conversation,Navigation GPS,Silence,Confort,Langue parlée,Musique,Conduite souple,Vue panoramique,Ponctualité,Sport,Boisson gratuite,Chauffeur expérimenté,Ambiance chaleureuse",Traveler,Kribi
4686,Messa,Navigation GPS,Traveler,Limbe
4347,Bertoua,"Chauffeur expérimenté,Cuisine,Musique,Climatisation,Sport,Navigation GPS,Connectivité,Confort,Ponctualité",Traveler,Campo
2370,Bafang,"Boisson gratuite,Sièges inclinables,Assistance bagages,Connectivité,Wi-Fi gratuit,Navigation GPS,Sport,Ponctualité,Chauffeur expérimenté,Éclairage tamisé,Vue panoramique,Musique,Climatisation,Conduite souple,Langue parlée",Planner,Bimbia
3159,Maroua,"Éclairage tamisé,Animaux acceptés,Boisson gratuite,Climatisation,Espace de rangement,Confort,Wi-Fi gratuit",Planner,Bonabéri
477,Kribi,"Sièges inclinables,Cuisine,Wi-Fi gratuit,Climatisation,Espace de rangement,Vue panoramique,Animaux acceptés,Navigation GPS,Ambiance chaleureuse,Musique,Assistance bagages,Silence,Sport,Langue parlée,Éclairage tamisé,Chauffeur expérimenté,Ponctualité",Traveler,Figuif
3621,Mutengene,"Conversation,Chauffeur expérimenté,Musique,Conduite souple,Vue panoramique,Cuisine,Navigation GPS,Sièges inclinables,Langue parlée,Éclairage tamisé,Confort,Ambiance chaleureuse,Animaux acceptés,Wi-Fi gratuit,Connectivité,Climatisation,Sport,Boisson gratuite,Silence",Traveler,Bafia
3390,Nanga-Eboko,"Assistance bagages,Conversation,Éclairage tamisé,Climatisation,Animaux acceptés,Sport,Silence,Ponctualité,Conduite souple,Navigation GPS,Cuisine,Connectivité",Traveler,Beti
3969,Banga Bakundu,"Ponctualité,Confort,Vue panoramique,Éclairage tamisé,Silence,Conduite souple,Cuisine,Conversation,Animaux acceptés,Espace de rangement,Boisson gratuite,Sport,Climatisation,Ambiance chaleureuse,Chauffeur expérimenté,Wi-Fi gratuit,Navigation GPS,Connectivité,Langue parlée",Traveler,Gazawa
4656,Bali Nyonga,"Langue parlée,Éclairage tamisé,Assistance bagages,Espace de rangement,Ambiance chaleureuse,Climatisation,Sièges inclinables,Vue panoramique,Conduite souple,Ponctualité,Conversation,Animaux acceptés,Boisson gratuite,Chauffeur expérimenté,Silence,Cuisine,Navigation GPS,Musique",Planner,Bonanjo
4094,Bafia,"Conversation,Assistance bagages,Animaux acceptés,Sièges inclinables,Connectivité,Boisson gratuite,Silence,Langue parlée,Éclairage tamisé,Espace de rangement,Ambiance chaleureuse,Chauffeur expérimenté",Planner,Bali
2338,Nkongsamba,"Musique,Vue panoramique,Wi-Fi gratuit,Espace de rangement,Boisson gratuite,Chauffeur expérimenté,Ambiance chaleureuse,Confort,Langue parlée,Assistance bagages",Planner,Bonabéri
1427,Bonakouamouang,"Vue panoramique,Cuisine,Confort,Ambiance chaleureuse",Planner,Bali Nyonga
1984,Buea,"Ambiance chaleureuse,Ponctualité,Sport,Animaux acceptés,Éclairage tamisé,Climatisation,Espace de rangement,Boisson gratuite,Connectivité,Navigation GPS,Confort,Chauffeur expérimenté",Traveler,Bertoua
2015,Fontem,"Assistance bagages,Musique,Sièges inclinables,Chauffeur expérimenté,Cuisine,Éclairage tamisé,Climatisation,Animaux acceptés,Sport,Vue panoramique,Espace de rangement,Boisson gratuite,Confort,Conduite souple",Traveler,Messa
4513,Bamenda,"Éclairage tamisé,Connectivité,Ambiance chaleureuse,Boisson gratuite,Vue panoramique",Traveler,Bali
2884,Belo,"Espace de rangement,Sport,Connectivité,Chauffeur expérimenté,Sièges inclinables",Planner,Kribi
797,Kumba,"Langue parlée,Assistance bagages,Conduite souple,Chauffeur expérimenté,Navigation GPS,Espace de rangement,Silence,Animaux acceptés,Musique,Wi-Fi gratuit,Climatisation,Sièges inclinables,Ambiance chaleureuse,Conversation",Planner,Bogo
1374,Fontem,"Assistance bagages,Sièges inclinables,Wi-Fi gratuit",Traveler,Belo
2232,Bali,"Conversation,Wi-Fi gratuit,Boisson gratuite,Langue parlée,Éclairage tamisé,Silence,Sport,Assistance bagages,Conduite souple,Espace de rangement",Planner,Bafang
3381,Limbe,"Assistance bagages,Conversation,Langue parlée,Ponctualité,Confort,Sièges inclinables,Boisson gratuite,Vue panoramique,Éclairage tamisé,Cuisine,Chauffeur expérimenté,Musique,Espace de rangement",Planner,Belo
4982,Messa,"Cuisine,Climatisation,Ambiance chaleureuse",Planner,Kousseri
2117,Beti,"Silence,Espace de rangement,Sport,Musique",Planner,Campo
1490,Maroua,"Cuisine,Éclairage tamisé,Animaux acceptés,Musique,Climatisation,Ambiance chaleureuse,Chauffeur expérimenté",Planner,Bandjoun
409,Limbe,"Ponctualité,Langue parlée,Silence,Sièges inclinables,Climatisation,Conversation,Boisson gratuite,Assistance bagages,Connectivité,Ambiance chaleureuse,Cuisine,Éclairage tamisé,Sport,Wi-Fi gratuit,Confort",Planner,Bonakouamouang
4347,Kribi,"Wi-Fi gratuit,Sièges inclinables,Vue panoramique,Cuisine,Climatisation,Confort,Sport,Navigation GPS,Langue parlée,Espace de rangement,Connectivité,Animaux acceptés,Boisson gratuite,Ambiance chaleureuse,Ponctualité,Silence,Chauffeur expérimenté,Éclairage tamisé",Traveler,Mbalmayo
2434,Bonakouamouang,"Wi-Fi gratuit,Silence,Chauffeur expérimenté,Connectivité,Ponctualité,Conduite souple,Climatisation,Sièges inclinables,Confort,Cuisine,Ambiance chaleureuse,Boisson gratuite,Sport,Conversation,Langue parlée",Traveler,Bali
19,Bafang,"Navigation GPS,Wi-Fi gratuit,Éclairage tamisé,Chauffeur expérimenté,Connectivité,Espace de rangement",Traveler,Nanga-Eboko
217,Garoua,"Climatisation,Espace de rangement,Boisson gratuite,Wi-Fi gratuit,Confort,Silence,Conduite souple,Sièges inclinables,Cuisine,Assistance bagages,Musique,Animaux acceptés,Chauffeur expérimenté,Éclairage tamisé,Connectivité,Langue parlée,Navigation GPS,Ponctualité,Ambiance chaleureuse",Planner,Batibo
2963,Figuif,"Espace de rangement,Wi-Fi gratuit,Musique,Conversation,Ambiance chaleureuse,Silence,Langue parlée",Planner,Kumba
4858,Kribi,"Ambiance chaleureuse,Éclairage tamisé,Sièges inclinables,Conduite souple,Silence,Sport,Connectivité,Ponctualité,Animaux acceptés,Cuisine,Climatisation,Boisson gratuite,Navigation GPS,Conversation,Vue panoramique,Espace de rangement,Musique,Assistance bagages,Wi-Fi gratuit,Confort",Traveler,Mutengene
868,Essos,"Ambiance chaleureuse,Connectivité",Planner,Nanga-Eboko
4658,Campo,"Assistance bagages,Climatisation,Connectivité,Animaux acceptés,Conduite souple,Chauffeur expérimenté,Wi-Fi gratuit,Langue parlée,Éclairage tamisé,Ambiance chaleureuse,Confort,Silence",Traveler,Batibo
1974,Gazawa,"Musique,Animaux acceptés,Sièges inclinables,Ponctualité,Chauffeur expérimenté,Conduite souple,Espace de rangement,Boisson gratuite,Sport,Climatisation,Navigation GPS,Conversation,Assistance bagages,Cuisine,Vue panoramique,Éclairage tamisé,Wi-Fi gratuit,Silence,Connectivité,Ambiance chaleureuse",Traveler,Buea
2765,Fontem,"Espace de rangement,Confort,Sièges inclinables,Connectivité,Navigation GPS,Langue parlée,Animaux acceptés,Ambiance chaleureuse,Vue panoramique,Assistance bagages,Climatisation,Wi-Fi gratuit,Conversation,Cuisine,Conduite souple,Sport,Boisson gratuite,Silence,Éclairage tamisé,Chauffeur expérimenté,Musique,Ponctualité",Traveler,Bali
1034,Yaounde,"Wi-Fi gratuit,Chauffeur expérimenté,Navigation GPS,Cuisine,Confort,Ambiance chaleureuse,Langue parlée",Traveler,Nkongsamba
4843,Maroua,"Ambiance chaleureuse,Animaux acceptés,Sport,Sièges inclinables,Wi-Fi gratuit,Navigation GPS,Conduite souple,Éclairage tamisé,Chauffeur expérimenté,Assistance bagages,Vue panoramique,Boisson gratuite,Silence,Connectivité,Conversation,Espace de rangement,Confort,Ponctualité,Musique",Traveler,Mutengene
4590,Bonabéri,"Cuisine,Animaux acceptés,Silence,Chauffeur expérimenté,Musique,Vue panoramique,Éclairage tamisé,Ponctualité,Boisson gratuite,Wi-Fi gratuit,Conduite souple,Assistance bagages,Sièges inclinables",Planner,Mutengene
4776,Bonaberi,"Wi-Fi gratuit,Sport,Espace de rangement,Ponctualité,Cuisine,Boisson gratuite,Assistance bagages,Connectivité,Climatisation,Silence,Vue panoramique,Éclairage tamisé,Ambiance chaleureuse",Planner,Belabo
2254,Mutengene,"Musique,Sport,Silence,Éclairage tamisé,Ponctualité,Assistance bagages,Climatisation,Cuisine,Boisson gratuite",Planner,Essos
2264,Mutengene,"Sport,Chauffeur expérimenté,Vue panoramique,Conduite souple,Climatisation,Sièges inclinables,Assistance bagages,Langue parlée,Boisson gratuite,Navigation GPS,Silence,Cuisine,Connectivité,Ponctualité,Animaux acceptés,Espace de rangement,Musique",Traveler,Belo
4552,Kribi,"Animaux acceptés,Wi-Fi gratuit",Traveler,Muyuka
3864,Bonamoussadi,"Espace de rangement,Ponctualité,Assistance bagages,Chauffeur expérimenté,Sport,Musique,Animaux acceptés,Conversation",Planner,Bimbia
3168,Figuif,"Assistance bagages,Boisson gratuite,Sièges inclinables,Wi-Fi gratuit,Musique,Climatisation,Langue parlée,Ponctualité,Vue panoramique,Cuisine,Ambiance chaleureuse,Conversation,Conduite souple",Planner,Bonamoussadi
2545,Mora,"Sport,Ponctualité,Connectivité,Cuisine,Ambiance chaleureuse,Boisson gratuite,Musique,Vue panoramique,Climatisation,Chauffeur expérimenté,Confort,Silence,Langue parlée,Sièges inclinables,Éclairage tamisé,Wi-Fi gratuit,Conduite souple,Animaux acceptés,Assistance bagages,Espace de rangement,Navigation GPS,Conversation",Planner,Meiganga
3122,Fontem,Espace de rangement,Planner,Mbalmayo
4394,Mora,"Climatisation,Confort,Navigation GPS,Sport,Cuisine,Chauffeur expérimenté,Conduite souple,Silence,Connectivité,Assistance bagages,Espace de rangement,Ambiance chaleureuse,Conversation,Wi-Fi gratuit,Langue parlée,Éclairage tamisé,Ponctualité",Planner,Limbe
4684,Bali Nyonga,"Animaux acceptés,Vue panoramique,Boisson gratuite,Langue parlée,Assistance bagages,Ambiance chaleureuse,Connectivité",Planner,Nkongsamba
2006,Meiganga,"Éclairage tamisé,Silence,Climatisation,Confort,Espace de rangement,Chauffeur expérimenté,Connectivité,Ambiance chaleureuse,Navigation GPS,Ponctualité,Langue parlée,Sport,Musique",Planner,Kousseri
2468,Loum,"Sport,Animaux acceptés,Espace de rangement,Chauffeur expérimenté,Langue parlée,Conduite souple,Boisson gratuite,Confort,Sièges inclinables,Éclairage tamisé",Planner,Messa
2098,Nanga-Eboko,"Confort,Éclairage tamisé,Silence,Assistance bagages,Vue panoramique,Espace de rangement,Conversation,Animaux acceptés,Navigation GPS,Langue parlée,Wi-Fi gratuit,Boisson gratuite,Ambiance chaleureuse,Ponctualité,Cuisine,Conduite souple,Chauffeur expérimenté,Sport,Sièges inclinables,Connectivité,Climatisation,Musique",Planner,Mora
1497,Figuif,"Conversation,Musique,Silence,Conduite souple,Sièges inclinables,Wi-Fi gratuit",Traveler,Mbandjock
653,Nkongsamba,"Ponctualité,Langue parlée,Conduite souple,Sièges inclinables,Espace de rangement,Conversation,Musique,Ambiance chaleureuse,Cuisine,Wi-Fi gratuit",Planner,Batibo
1924,Mokolo,"Éclairage tamisé,Vue panoramique,Ambiance chaleureuse,Langue parlée,Espace de rangement,Boisson gratuite,Confort,Animaux acceptés,Conversation,Chauffeur expérimenté,Sièges inclinables,Sport,Musique,Assistance bagages,Connectivité,Climatisation",Planner,Yaounde
2171,Bogo,"Espace de rangement,Confort,Conduite souple,Climatisation,Ponctualité,Sièges inclinables,Boisson gratuite",Traveler,Bonabéri
323,Loum,"Silence,Climatisation,Boisson gratuite,Ponctualité,Éclairage tamisé,Espace de rangement,Langue parlée,Connectivité,Musique,Cuisine,Animaux acceptés,Ambiance chaleureuse,Conduite souple,Conversation,Assistance bagages,Vue panoramique,Chauffeur expérimenté,Wi-Fi gratuit,Sport,Navigation GPS,Confort",Planner,Kousseri
548,Meiganga,"Animaux acceptés,Chauffeur expérimenté,Conduite souple,Navigation GPS,Ponctualité,Espace de rangement",Planner,Mora
4260,Garoua,"Chauffeur expérimenté,Assistance bagages,Navigation GPS,Ponctualité,Conversation,Wi-Fi gratuit,Animaux acceptés,Sport,Sièges inclinables,Silence,Conduite souple,Cuisine,Confort,Vue panoramique,Éclairage tamisé,Espace de rangement",Planner,Bali
4278,Mora,"Cuisine,Silence,Chauffeur expérimenté,Éclairage tamisé,Conversation,Sport,Espace de rangement,Conduite souple,Ambiance chaleureuse,Boisson gratuite,Connectivité,Vue panoramique,Musique,Confort,Wi-Fi gratuit,Sièges inclinables,Ponctualité,Navigation GPS,Animaux acceptés,Assistance bagages",Traveler,Mbalmayo
3436,Guider,"Musique,Confort,Conduite souple,Ponctualité,Boisson gratuite,Silence,Navigation GPS",Planner,Essos
1955,Mbouda,"Conduite souple,Vue panoramique,Éclairage tamisé,Assistance bagages,Espace de rangement,Ponctualité,Chauffeur expérimenté,Connectivité,Boisson gratuite,Sport,Ambiance chaleureuse,Navigation GPS,Wi-Fi gratuit,Climatisation,Silence,Langue parlée,Conversation,Animaux acceptés,Confort",Planner,Fontem
4263,Nanga-Eboko,"Cuisine,Musique,Silence,Sport,Connectivité,Assistance bagages,Ponctualité,Animaux acceptés,Climatisation,Conversation,Wi-Fi gratuit,Confort,Conduite souple",Traveler,Douala
2487,Banga Bakundu,"Boisson gratuite,Vue panoramique,Silence,Ponctualité,Sport,Langue parlée,Navigation GPS,Éclairage tamisé,Connectivité,Animaux acceptés,Conversation,Climatisation,Cuisine,Sièges inclinables,Confort,Chauffeur expérimenté",Traveler,Edéa
4460,Belabo,"Vue panoramique,Chauffeur expérimenté,Conversation,Musique",Planner,Garoua
3111,Meiganga,"Climatisation,Chauffeur expérimenté,Connectivité",Traveler,Kribi
4145,Muyuka,"Silence,Connectivité,Wi-Fi gratuit,Chauffeur expérimenté,Boisson gratuite,Sport,Ambiance chaleureuse,Animaux acceptés,Espace de rangement",Planner,Mokolo
2227,Bandjoun,"Climatisation,Conduite souple",Traveler,Nanga-Eboko
3053,Mbouda,"Animaux acceptés,Cuisine,Espace de rangement,Sièges inclinables,Climatisation,Boisson gratuite,Confort,Silence,Assistance bagages,Conversation,Chauffeur expérimenté,Connectivité,Wi-Fi gratuit,Ambiance chaleureuse",Planner,Belo
343,Buea,"Vue panoramique,Navigation GPS,Conduite souple,Espace de rangement,Ambiance chaleureuse,Assistance bagages,Cuisine,Boisson gratuite,Éclairage tamisé,Animaux acceptés,Wi-Fi gratuit,Conversation,Ponctualité,Sport",Traveler,Mokolo
3775,Bali Nyonga,"Vue panoramique,Silence,Sport,Wi-Fi gratuit,Cuisine,Ambiance chaleureuse",Planner,Guider
1805,Loum,"Climatisation,Éclairage tamisé,Ponctualité,Sport,Vue panoramique,Conduite souple,Sièges inclinables,Connectivité,Langue parlée,Confort,Conversation,Musique,Silence,Cuisine",Planner,Bimbia
886,Mbalmayo,Confort,Traveler,Bali
1001,Kousseri,"Musique,Sport,Boisson gratuite,Assistance bagages,Conduite souple,Ambiance chaleureuse,Connectivité,Conversation,Sièges inclinables,Langue parlée,Climatisation,Cuisine,Navigation GPS,Wi-Fi gratuit,Espace de rangement,Animaux acceptés,Ponctualité,Chauffeur expérimenté,Vue panoramique,Éclairage tamisé",Planner,Loum
4268,Bonaberi,"Animaux acceptés,Assistance bagages,Langue parlée,Conduite souple,Chauffeur expérimenté,Silence",Traveler,Boutours
2715,Bogo,Wi-Fi gratuit,Planner,Bamenda
3033,Mora,"Chauffeur expérimenté,Silence,Connectivité,Wi-Fi gratuit,Boisson gratuite,Climatisation,Vue panoramique,Ambiance chaleureuse,Espace de rangement,Éclairage tamisé,Assistance bagages,Musique,Cuisine,Langue parlée,Animaux acceptés,Conversation,Ponctualité,Sièges inclinables,Confort",Traveler,Maroua
3052,Edéa,"Conversation,Confort,Conduite souple,Vue panoramique,Sièges inclinables,Espace de rangement,Silence",Traveler,Figuif
3177,Fontem,"Musique,Espace de rangement,Cuisine,Silence,Conduite souple,Langue parlée,Ponctualité,Chauffeur expérimenté,Ambiance chaleureuse,Boisson gratuite,Confort,Climatisation,Sièges inclinables,Éclairage tamisé,Conversation,Vue panoramique,Sport,Animaux acceptés,Assistance bagages",Traveler,Maroua
3996,Mora,"Wi-Fi gratuit,Conversation,Ponctualité,Confort,Ambiance chaleureuse,Éclairage tamisé,Climatisation,Assistance bagages,Musique,Navigation GPS,Chauffeur expérimenté,Conduite souple,Sièges inclinables,Vue panoramique,Silence,Cuisine,Boisson gratuite",Traveler,Boutours
31,Bandjoun,"Musique,Vue panoramique",Planner,Muyuka
4311,Bonamoussadi,"Ambiance chaleureuse,Sport,Assistance bagages,Musique,Conversation,Confort,Espace de rangement,Silence,Animaux acceptés,Cuisine,Ponctualité,Conduite souple,Éclairage tamisé,Vue panoramique,Navigation GPS",Traveler,Mbanga
1190,Mbalmayo,"Langue parlée,Musique,Wi-Fi gratuit,Boisson gratuite,Confort,Ambiance chaleureuse,Cuisine,Ponctualité,Climatisation,Navigation GPS,Éclairage tamisé",Traveler,Essos
4352,Beti,"Cuisine,Conduite souple,Vue panoramique,Sièges inclinables,Éclairage tamisé,Sport,Langue parlée,Assistance bagages,Ponctualité,Boisson gratuite,Ambiance chaleureuse,Conversation,Animaux acceptés,Connectivité,Navigation GPS",Planner,Bafia
1143,Bertoua,"Langue parlée,Boisson gratuite,Éclairage tamisé,Cuisine,Sport,Sièges inclinables,Wi-Fi gratuit,Chauffeur expérimenté,Climatisation,Assistance bagages,Silence,Conversation,Ambiance chaleureuse,Animaux acceptés,Musique,Connectivité,Vue panoramique,Confort,Conduite souple,Navigation GPS,Espace de rangement",Planner,Gazawa
2258,Yaounde,"Sièges inclinables,Ponctualité,Conduite souple,Espace de rangement,Connectivité,Cuisine,Silence,Musique,Conversation,Confort,Animaux acceptés",Planner,Bonamoussadi
3555,Nkongsamba,"Conversation,Langue parlée,Navigation GPS,Silence,Vue panoramique,Confort,Ponctualité,Sport,Climatisation,Musique,Ambiance chaleureuse,Boisson gratuite,Connectivité",Planner,Kribi
773,Beti,Assistance bagages,Traveler,Yaounde
3497,Buea,"Wi-Fi gratuit,Espace de rangement,Climatisation,Assistance bagages,Silence,Langue parlée,Chauffeur expérimenté,Conduite souple,Conversation,Ponctualité,Vue panoramique,Éclairage tamisé",Traveler,Mora
1692,Bonabéri,"Animaux acceptés,Chauffeur expérimenté,Climatisation,Ponctualité,Confort,Assistance bagages,Langue parlée,Boisson gratuite",Traveler,Bonaberi
4951,Gazawa,"Cuisine,Musique,Assistance bagages,Confort,Connectivité,Chauffeur expérimenté,Silence,Sièges inclinables,Wi-Fi gratuit,Ambiance chaleureuse,Navigation GPS,Boisson gratuite,Conduite souple,Climatisation,Éclairage tamisé,Animaux acceptés",Planner,Figuif
4183,Boutours,"Wi-Fi gratuit,Conduite souple,Vue panoramique,Animaux acceptés,Chauffeur expérimenté,Langue parlée,Ambiance chaleureuse,Connectivité,Espace de rangement,Ponctualité,Navigation GPS,Assistance bagages,Sport,Confort,Boisson gratuite,Sièges inclinables,Climatisation,Cuisine",Planner,Bafang
3099,Yaounde,"Climatisation,Cuisine,Silence,Ambiance chaleureuse,Éclairage tamisé,Espace de rangement",Planner,Yagoua
3243,Buea,"Éclairage tamisé,Conduite souple,Langue parlée,Musique,Ponctualité,Conversation,Sièges inclinables,Cuisine,Espace de rangement,Navigation GPS,Confort,Silence,Sport,Wi-Fi gratuit,Connectivité,Assistance bagages,Boisson gratuite,Chauffeur expérimenté,Vue panoramique,Ambiance chaleureuse",Planner,Garoua
654,Mbouda,"Boisson gratuite,Climatisation,Connectivité,Ponctualité,Wi-Fi gratuit,Silence,Conversation",Planner,Mbandjock
250,Dibombari,"Éclairage tamisé,Connectivité,Wi-Fi gratuit,Animaux acceptés,Chauffeur expérimenté,Conversation",Planner,Mbalmayo
326,Belabo,"Wi-Fi gratuit,Cuisine,Vue panoramique,Ambiance chaleureuse,Langue parlée,Ponctualité,Connectivité,Chauffeur expérimenté,Animaux acceptés,Navigation GPS,Climatisation,Conduite souple,Espace de rangement,Assistance bagages,Silence,Musique,Confort,Sièges inclinables",Planner,Mora
3609,Messa,"Navigation GPS,Connectivité,Sièges inclinables,Ponctualité",Traveler,Bertoua
2872,Essos,"Conduite souple,Sport,Chauffeur expérimenté,Assistance bagages,Ponctualité,Navigation GPS,Wi-Fi gratuit,Vue panoramique,Éclairage tamisé",Planner,Gazawa
568,Dibombari,"Assistance bagages,Musique,Wi-Fi gratuit",Traveler,Bertoua
935,Nanga-Eboko,"Conduite souple,Cuisine,Assistance bagages,Silence",Planner,Bali
896,Bonamoussadi,"Climatisation,Connectivité,Assistance bagages,Ponctualité,Animaux acceptés,Conduite souple,Ambiance chaleureuse,Éclairage tamisé,Vue panoramique,Silence",Planner,Mutengene
1107,Belabo,"Espace de rangement,Musique,Navigation GPS,Wi-Fi gratuit,Cuisine,Conversation,Ambiance chaleureuse,Sièges inclinables,Vue panoramique",Planner,Bafia
1964,Bamenda,"Conduite souple,Chauffeur expérimenté,Musique,Espace de rangement,Wi-Fi gratuit,Conversation,Cuisine,Langue parlée,Ponctualité,Ambiance chaleureuse,Boisson gratuite,Sport,Navigation GPS,Confort,Sièges inclinables,Silence,Assistance bagages,Éclairage tamisé,Climatisation",Traveler,Maroua
2323,Bafia,"Langue parlée,Éclairage tamisé,Vue panoramique,Conversation,Wi-Fi gratuit",Traveler,Bali
670,Bali,"Ponctualité,Sport",Traveler,Bafang
4943,Kumba,"Connectivité,Climatisation,Cuisine,Conversation,Sièges inclinables,Animaux acceptés,Conduite souple,Éclairage tamisé,Sport,Navigation GPS,Wi-Fi gratuit,Musique,Vue panoramique,Assistance bagages,Espace de rangement",Traveler,Loum
4158,Messa,"Ponctualité,Éclairage tamisé,Vue panoramique,Espace de rangement,Navigation GPS,Boisson gratuite,Cuisine",Traveler,Boutours
4768,Bali,"Sièges inclinables,Ponctualité,Boisson gratuite,Sport,Connectivité,Assistance bagages,Confort,Vue panoramique,Espace de rangement,Conduite souple,Ambiance chaleureuse,Climatisation,Silence,Chauffeur expérimenté,Navigation GPS,Éclairage tamisé",Traveler,Bonakouamouang
2650,Douala,"Éclairage tamisé,Wi-Fi gratuit,Langue parlée,Ambiance chaleureuse,Silence,Conduite souple,Musique,Assistance bagages,Boisson gratuite,Sièges inclinables,Vue panoramique,Navigation GPS,Sport,Ponctualité,Confort,Chauffeur expérimenté,Espace de rangement,Conversation,Animaux acceptés,Connectivité,Cuisine,Climatisation",Traveler,Buea
3131,Kribi,"Boisson gratuite,Cuisine,Navigation GPS,Animaux acceptés,Silence,Espace de rangement,Ponctualité,Sport,Connectivité,Chauffeur expérimenté",Planner,Bafia
737,Buea,"Sport,Boisson gratuite",Traveler,Bafang
4591,Yagoua,"Confort,Sièges inclinables,Espace de rangement,Ponctualité,Connectivité,Musique,Ambiance chaleureuse,Climatisation,Langue parlée,Animaux acceptés,Assistance bagages,Cuisine,Chauffeur expérimenté,Boisson gratuite,Navigation GPS,Vue panoramique,Sport,Silence,Wi-Fi gratuit",Traveler,Batibo
3386,Buea,"Conversation,Éclairage tamisé,Langue parlée,Navigation GPS,Ambiance chaleureuse,Climatisation,Conduite souple",Traveler,Mora
3481,Bertoua,"Confort,Éclairage tamisé,Wi-Fi gratuit,Ambiance chaleureuse,Sièges inclinables,Conversation,Sport,Assistance bagages,Vue panoramique,Langue parlée,Navigation GPS,Espace de rangement,Cuisine,Climatisation,Chauffeur expérimenté,Musique,Animaux acceptés,Ponctualité,Conduite souple",Traveler,Bali Nyonga
2117,Garoua,"Climatisation,Navigation GPS,Wi-Fi gratuit,Assistance bagages,Cuisine,Connectivité,Boisson gratuite,Silence,Sport,Langue parlée,Sièges inclinables,Animaux acceptés,Ambiance chaleureuse,Éclairage tamisé,Conduite souple,Espace de rangement,Musique,Chauffeur expérimenté",Planner,Mbalmayo
878,Edéa,"Silence,Chauffeur expérimenté,Éclairage tamisé,Espace de rangement,Cuisine,Boisson gratuite,Climatisation,Confort,Vue panoramique,Ambiance chaleureuse,Musique,Assistance bagages,Sport,Connectivité,Conversation,Conduite souple,Navigation GPS,Sièges inclinables",Traveler,Mbouda
2971,Melong,"Conversation,Ambiance chaleureuse,Espace de rangement,Vue panoramique,Musique,Assistance bagages,Conduite souple,Wi-Fi gratuit,Sièges inclinables,Connectivité,Éclairage tamisé,Navigation GPS,Silence",Traveler,Belabo
2608,Muyuka,"Assistance bagages,Ponctualité",Traveler,Fontem
315,Beti,"Musique,Sièges inclinables,Climatisation,Wi-Fi gratuit,Conduite souple,Assistance bagages,Cuisine,Conversation,Espace de rangement,Chauffeur expérimenté",Traveler,Bonabéri
4223,Bertoua,"Ponctualité,Éclairage tamisé,Sport,Vue panoramique,Cuisine,Conversation,Confort,Climatisation,Langue parlée,Conduite souple,Wi-Fi gratuit,Musique,Navigation GPS,Boisson gratuite,Animaux acceptés",Traveler,Bonamoussadi
2184,Loum,"Ambiance chaleureuse,Sièges inclinables,Musique,Climatisation,Chauffeur expérimenté,Conversation",Traveler,Mutengene
3073,Muyuka,"Assistance bagages,Musique,Ponctualité,Navigation GPS",Planner,Bafang
3706,Bafang,"Conduite souple,Confort,Espace de rangement,Climatisation,Boisson gratuite,Animaux acceptés,Cuisine,Navigation GPS,Ambiance chaleureuse,Wi-Fi gratuit,Sport,Vue panoramique,Langue parlée",Planner,Bonabéri
355,Boutours,"Ambiance chaleureuse,Musique,Silence,Ponctualité,Sport,Espace de rangement,Conversation,Connectivité,Langue parlée,Cuisine,Éclairage tamisé,Boisson gratuite,Climatisation,Chauffeur expérimenté",Traveler,Edéa
3195,Bertoua,"Langue parlée,Espace de rangement,Sport,Vue panoramique,Connectivité,Ambiance chaleureuse,Cuisine,Assistance bagages,Éclairage tamisé",Traveler,Mokolo
4664,Edéa,"Cuisine,Connectivité,Vue panoramique,Assistance bagages,Éclairage tamisé",Planner,Mbanga
1765,Yaounde,"Cuisine,Assistance bagages,Wi-Fi gratuit,Musique,Éclairage tamisé",Planner,Gazawa
3192,Bonamoussadi,"Confort,Éclairage tamisé",Planner,Bertoua
3216,Bafia,"Sport,Conversation,Navigation GPS,Musique,Sièges inclinables",Traveler,Mutengene
2182,Yaounde,"Climatisation,Ambiance chaleureuse,Navigation GPS,Conversation,Assistance bagages,Espace de rangement,Cuisine,Sièges inclinables,Vue panoramique,Musique,Chauffeur expérimenté,Ponctualité,Sport,Confort,Silence,Wi-Fi gratuit",Traveler,Boutours
3131,Bafang,"Sport,Navigation GPS,Boisson gratuite,Ponctualité,Espace de rangement,Animaux acceptés,Silence,Cuisine,Confort,Wi-Fi gratuit,Chauffeur expérimenté,Éclairage tamisé,Sièges inclinables,Langue parlée,Climatisation,Ambiance chaleureuse,Conduite souple,Connectivité,Conversation,Vue panoramique",Traveler,Bertoua
333,Bonaberi,"Conduite souple,Animaux acceptés,Langue parlée,Conversation,Climatisation,Sport,Cuisine,Navigation GPS,Confort,Silence,Ponctualité,Musique,Chauffeur expérimenté,Assistance bagages,Vue panoramique",Traveler,Guider
4700,Garoua,"Musique,Ambiance chaleureuse,Assistance bagages,Navigation GPS,Conduite souple,Cuisine,Connectivité,Confort,Ponctualité,Chauffeur expérimenté,Langue parlée,Conversation,Silence,Wi-Fi gratuit,Sièges inclinables,Sport,Boisson gratuite,Éclairage tamisé,Animaux acceptés",Traveler,Bonabéri
4836,Yaounde,"Ponctualité,Éclairage tamisé,Conduite souple,Sport,Animaux acceptés,Langue parlée,Silence,Confort,Musique,Ambiance chaleureuse,Assistance bagages,Chauffeur expérimenté,Sièges inclinables,Boisson gratuite,Navigation GPS",Traveler,Bimbia
3720,Muyuka,"Conversation,Vue panoramique,Éclairage tamisé,Animaux acceptés,Ponctualité,Connectivité,Sport,Boisson gratuite,Espace de rangement,Ambiance chaleureuse,Cuisine,Climatisation,Navigation GPS,Musique,Langue parlée,Assistance bagages,Chauffeur expérimenté,Silence,Sièges inclinables",Planner,Beti
732,Kribi,"Sièges inclinables,Sport,Confort,Espace de rangement,Wi-Fi gratuit,Cuisine,Animaux acceptés,Silence,Chauffeur expérimenté,Conduite souple,Boisson gratuite",Planner,Batibo
4210,Mbouda,"Espace de rangement,Assistance bagages,Wi-Fi gratuit,Boisson gratuite,Musique,Chauffeur expérimenté,Animaux acceptés,Sièges inclinables,Climatisation,Connectivité,Silence,Vue panoramique,Conduite souple,Langue parlée,Ponctualité,Confort,Cuisine,Ambiance chaleureuse,Conversation,Sport",Traveler,Bertoua
3544,Nkongsamba,"Sièges inclinables,Ambiance chaleureuse,Silence,Wi-Fi gratuit,Ponctualité,Chauffeur expérimenté,Animaux acceptés,Sport,Musique,Climatisation,Confort",Planner,Bonakouamouang
2544,Melong,"Navigation GPS,Assistance bagages,Confort,Sport,Chauffeur expérimenté,Langue parlée,Wi-Fi gratuit,Ambiance chaleureuse,Éclairage tamisé,Musique,Connectivité,Ponctualité,Animaux acceptés,Conduite souple,Boisson gratuite,Sièges inclinables,Cuisine,Climatisation,Espace de rangement,Vue panoramique,Conversation",Traveler,Kumba
2814,Mbouda,"Sport,Musique,Ambiance chaleureuse,Boisson gratuite,Éclairage tamisé,Langue parlée,Conversation,Confort,Wi-Fi gratuit,Vue panoramique,Sièges inclinables,Conduite souple,Espace de rangement,Connectivité,Animaux acceptés,Assistance bagages,Cuisine,Chauffeur expérimenté,Silence",Traveler,Buea
4385,Bafang,"Conduite souple,Connectivité,Wi-Fi gratuit,Langue parlée,Ponctualité,Musique,Cuisine,Climatisation,Chauffeur expérimenté,Navigation GPS,Boisson gratuite,Conversation,Éclairage tamisé,Sport,Espace de rangement,Sièges inclinables,Confort,Silence,Animaux acceptés",Planner,Bandjoun
4518,Bonakouamouang,"Éclairage tamisé,Climatisation,Vue panoramique,Wi-Fi gratuit,Silence,Boisson gratuite,Animaux acceptés,Espace de rangement,Assistance bagages,Sport,Langue parlée,Cuisine,Conversation,Chauffeur expérimenté,Musique,Conduite souple",Planner,Nanga-Eboko
4096,Bali,Climatisation,Planner,Douala
1615,Buea,"Éclairage tamisé,Navigation GPS,Animaux acceptés,Musique,Silence,Assistance bagages,Vue panoramique,Conduite souple,Boisson gratuite,Sièges inclinables",Planner,Bonabéri
734,Limbe,"Ponctualité,Confort,Espace de rangement,Navigation GPS,Boisson gratuite,Sièges inclinables,Éclairage tamisé,Cuisine,Sport,Conversation,Assistance bagages,Connectivité,Musique,Vue panoramique,Langue parlée,Ambiance chaleureuse,Wi-Fi gratuit,Chauffeur expérimenté,Conduite souple,Animaux acceptés,Silence,Climatisation",Traveler,Limbe
4479,Bertoua,"Sport,Cuisine,Conversation,Climatisation",Traveler,Campo
3445,Garoua,"Sièges inclinables,Animaux acceptés,Espace de rangement",Traveler,Mbandjock
3435,Bonamoussadi,"Animaux acceptés,Wi-Fi gratuit,Conversation,Langue parlée,Conduite souple,Cuisine,Éclairage tamisé,Musique,Climatisation,Ponctualité,Navigation GPS,Assistance bagages,Vue panoramique",Traveler,Yagoua
1994,Maroua,"Boisson gratuite,Connectivité,Confort,Navigation GPS,Conversation,Vue panoramique,Musique,Silence,Ambiance chaleureuse,Chauffeur expérimenté,Sièges inclinables,Assistance bagages,Cuisine,Animaux acceptés",Planner,Bertoua
2907,Mokolo,"Assistance bagages,Wi-Fi gratuit,Cuisine,Chauffeur expérimenté,Espace de rangement,Conversation,Musique",Traveler,Bafia
694,Loum,"Silence,Conduite souple,Conversation,Ambiance chaleureuse,Wi-Fi gratuit,Confort,Sièges inclinables,Animaux acceptés,Langue parlée,Espace de rangement,Chauffeur expérimenté,Musique,Cuisine,Sport,Éclairage tamisé,Ponctualité",Planner,Garoua
4795,Edéa,"Conduite souple,Animaux acceptés,Silence,Langue parlée,Musique,Confort,Boisson gratuite,Chauffeur expérimenté,Sport,Wi-Fi gratuit,Assistance bagages,Navigation GPS,Ambiance chaleureuse,Éclairage tamisé,Espace de rangement,Sièges inclinables,Connectivité,Vue panoramique,Ponctualité",Planner,Muyuka
1604,Bandjoun,"Climatisation,Chauffeur expérimenté,Animaux acceptés,Assistance bagages,Conversation,Sièges inclinables,Vue panoramique,Éclairage tamisé,Espace de rangement,Conduite souple,Ponctualité,Silence,Sport,Confort,Musique,Wi-Fi gratuit,Cuisine,Connectivité,Ambiance chaleureuse,Langue parlée",Traveler,Bali Nyonga
4940,Batibo,"Éclairage tamisé,Sport,Conversation,Confort,Climatisation,Sièges inclinables,Musique,Assistance bagages,Animaux acceptés,Ambiance chaleureuse,Vue panoramique,Ponctualité,Silence,Cuisine,Conduite souple,Chauffeur expérimenté",Planner,Bertoua
4277,Bonakouamouang,"Musique,Éclairage tamisé,Wi-Fi gratuit,Climatisation,Silence,Sièges inclinables,Conversation,Vue panoramique,Conduite souple,Assistance bagages,Ambiance chaleureuse,Chauffeur expérimenté,Connectivité,Langue parlée,Confort,Ponctualité,Animaux acceptés,Espace de rangement",Planner,Bimbia
3261,Belabo,"Connectivité,Sport,Espace de rangement,Conversation,Sièges inclinables,Cuisine,Boisson gratuite,Assistance bagages,Confort,Conduite souple,Animaux acceptés,Vue panoramique,Climatisation,Ambiance chaleureuse",Planner,Belabo
1000,Bonabéri,"Wi-Fi gratuit,Climatisation,Ambiance chaleureuse,Sport,Connectivité",Planner,Fontem
3980,Essos,"Ambiance chaleureuse,Connectivité,Navigation GPS,Sport,Assistance bagages,Silence,Musique,Boisson gratuite,Langue parlée,Conduite souple,Espace de rangement,Wi-Fi gratuit,Vue panoramique,Climatisation,Ponctualité,Conversation",Traveler,Beti
2472,Buea,"Langue parlée,Wi-Fi gratuit,Conversation,Sièges inclinables,Conduite souple,Sport,Vue panoramique,Animaux acceptés,Navigation GPS,Climatisation",Traveler,Kribi
3236,Mbandjock,"Espace de rangement,Éclairage tamisé,Boisson gratuite,Conversation,Cuisine,Climatisation,Sièges inclinables,Musique,Vue panoramique,Navigation GPS,Sport,Ponctualité,Wi-Fi gratuit,Connectivité",Planner,Belo
3936,Mora,"Wi-Fi gratuit,Ambiance chaleureuse,Sièges inclinables,Langue parlée,Animaux acceptés,Espace de rangement,Navigation GPS,Éclairage tamisé,Climatisation,Assistance bagages,Confort,Musique,Sport,Conduite souple,Boisson gratuite,Chauffeur expérimenté,Conversation,Vue panoramique,Ponctualité",Planner,Bonakouamouang
3629,Mbandjock,"Wi-Fi gratuit,Animaux acceptés,Langue parlée,Conduite souple,Conversation,Cuisine,Sièges inclinables,Ponctualité,Ambiance chaleureuse,Vue panoramique,Climatisation,Navigation GPS,Connectivité,Chauffeur expérimenté,Espace de rangement,Boisson gratuite,Éclairage tamisé,Sport,Musique,Confort,Silence,Assistance bagages",Planner,Bonamoussadi
44,Bonakouamouang,"Connectivité,Vue panoramique,Conversation,Navigation GPS,Espace de rangement,Wi-Fi gratuit,Éclairage tamisé,Langue parlée,Confort,Silence,Ponctualité,Climatisation,Chauffeur expérimenté,Conduite souple",Traveler,Bonamoussadi
2138,Edéa,"Chauffeur expérimenté,Confort",Planner,Guider
3230,Edéa,"Ponctualité,Sièges inclinables,Connectivité,Langue parlée,Animaux acceptés,Climatisation",Planner,Bogo
4362,Belo,"Boisson gratuite,Musique,Espace de rangement,Conduite souple,Connectivité,Ponctualité,Sièges inclinables",Traveler,Gazawa
3235,Melong,Wi-Fi gratuit,Traveler,Belabo
1595,Bamenda,"Cuisine,Ambiance chaleureuse,Climatisation,Sport,Navigation GPS,Assistance bagages,Wi-Fi gratuit,Vue panoramique,Éclairage tamisé,Ponctualité,Connectivité,Chauffeur expérimenté,Boisson gratuite,Animaux acceptés,Langue parlée,Sièges inclinables,Espace de rangement,Conduite souple",Planner,Yagoua
2890,Bafia,"Conversation,Chauffeur expérimenté,Animaux acceptés,Connectivité,Sièges inclinables,Silence,Boisson gratuite,Wi-Fi gratuit,Climatisation,Cuisine,Conduite souple,Ambiance chaleureuse,Confort,Assistance bagages,Ponctualité,Langue parlée",Planner,Mora
3298,Loum,"Boisson gratuite,Wi-Fi gratuit,Conduite souple,Connectivité,Sport",Planner,Loum
1150,Bali Nyonga,"Espace de rangement,Boisson gratuite,Chauffeur expérimenté,Assistance bagages,Conduite souple,Conversation,Navigation GPS",Planner,Fontem
2180,Kribi,"Confort,Conversation,Espace de rangement,Éclairage tamisé,Conduite souple,Ambiance chaleureuse",Planner,Bandjoun
325,Bertoua,"Cuisine,Vue panoramique,Wi-Fi gratuit,Ponctualité,Assistance bagages,Musique,Navigation GPS,Conversation,Langue parlée",Planner,Bafia
356,Mora,"Animaux acceptés,Vue panoramique,Climatisation,Conduite souple,Cuisine,Wi-Fi gratuit,Ponctualité,Éclairage tamisé,Boisson gratuite,Silence,Assistance bagages,Langue parlée,Sièges inclinables,Espace de rangement,Connectivité,Ambiance chaleureuse,Sport,Musique,Navigation GPS,Chauffeur expérimenté,Conversation",Traveler,Bonabéri
4886,Melong,"Espace de rangement,Ponctualité,Animaux acceptés,Climatisation",Traveler,Fontem
4095,Garoua,"Navigation GPS,Sièges inclinables,Sport,Assistance bagages,Musique,Cuisine,Conversation",Traveler,Bafia
3576,Loum,"Cuisine,Ambiance chaleureuse,Conduite souple,Chauffeur expérimenté,Musique,Éclairage tamisé,Vue panoramique,Silence,Sièges inclinables,Wi-Fi gratuit,Navigation GPS",Planner,Essos
3783,Bamenda,"Conduite souple,Ponctualité,Animaux acceptés,Cuisine,Chauffeur expérimenté,Wi-Fi gratuit,Navigation GPS,Musique,Éclairage tamisé,Sièges inclinables",Traveler,Yaounde
2085,Garoua,"Musique,Conversation,Langue parlée,Connectivité,Sièges inclinables,Navigation GPS,Espace de rangement,Cuisine,Climatisation,Chauffeur expérimenté,Confort,Ponctualité,Vue panoramique,Wi-Fi gratuit,Conduite souple,Ambiance chaleureuse,Sport,Animaux acceptés,Boisson gratuite,Assistance bagages",Traveler,Batibo
10,Boutours,"Musique,Espace de rangement,Ambiance chaleureuse,Chauffeur expérimenté,Conversation,Ponctualité,Éclairage tamisé,Climatisation,Sièges inclinables",Traveler,Bonanjo
213,Limbe,"Boisson gratuite,Confort",Planner,Bonakouamouang
389,Campo,"Chauffeur expérimenté,Vue panoramique,Assistance bagages,Ambiance chaleureuse,Navigation GPS,Sport,Éclairage tamisé,Confort,Boisson gratuite,Climatisation,Conversation,Connectivité,Ponctualité,Espace de rangement,Silence,Conduite souple,Sièges inclinables,Musique,Animaux acceptés,Cuisine",Planner,Bali
3452,Douala,"Éclairage tamisé,Cuisine,Langue parlée,Silence,Espace de rangement,Navigation GPS,Ponctualité,Vue panoramique,Assistance bagages",Planner,Mutengene
1302,Mbalmayo,"Boisson gratuite,Sport,Vue panoramique,Animaux acceptés,Climatisation,Ambiance chaleureuse,Silence,Wi-Fi gratuit,Cuisine,Conversation,Connectivité,Navigation GPS,Espace de rangement,Langue parlée,Confort,Ponctualité,Assistance bagages",Traveler,Douala
3574,Figuif,"Chauffeur expérimenté,Boisson gratuite,Ambiance chaleureuse,Sport,Navigation GPS",Traveler,Mutengene
1208,Buea,"Conduite souple,Silence,Langue parlée,Connectivité,Sport,Confort,Navigation GPS,Espace de rangement,Assistance bagages,Ponctualité,Sièges inclinables,Chauffeur expérimenté,Éclairage tamisé,Cuisine,Boisson gratuite,Ambiance chaleureuse,Animaux acceptés,Wi-Fi gratuit,Vue panoramique,Conversation,Climatisation,Musique",Planner,Mutengene
3496,Bertoua,"Confort,Chauffeur expérimenté,Conduite souple,Navigation GPS,Boisson gratuite,Ponctualité,Assistance bagages,Vue panoramique,Éclairage tamisé,Connectivité",Planner,Bonaberi
1446,Bali Nyonga,"Conversation,Assistance bagages,Climatisation,Chauffeur expérimenté,Sport,Conduite souple,Musique,Sièges inclinables,Éclairage tamisé,Ponctualité,Langue parlée,Ambiance chaleureuse",Planner,Bonabéri
736,Bali,"Animaux acceptés,Éclairage tamisé,Cuisine,Vue panoramique,Connectivité,Chauffeur expérimenté,Navigation GPS,Conversation",Planner,Douala
2947,Guider,"Langue parlée,Wi-Fi gratuit,Sièges inclinables,Confort,Conduite souple,Ambiance chaleureuse,Conversation,Sport,Vue panoramique,Climatisation,Assistance bagages,Éclairage tamisé,Animaux acceptés",Traveler,Bafang
2399,Edéa,"Conduite souple,Éclairage tamisé,Connectivité,Sport,Cuisine,Navigation GPS",Planner,Douala
1679,Bonabéri,"Assistance bagages,Conduite souple,Langue parlée,Climatisation,Espace de rangement,Ambiance chaleureuse,Sièges inclinables,Vue panoramique",Planner,Dibombari
1959,Guider,"Sièges inclinables,Espace de rangement,Musique,Boisson gratuite,Silence,Animaux acceptés,Vue panoramique",Traveler,Bafoussam
863,Belabo,"Climatisation,Navigation GPS,Chauffeur expérimenté,Éclairage tamisé,Espace de rangement,Wi-Fi gratuit",Planner,Yagoua
1256,Bonanjo,"Musique,Cuisine,Silence,Confort,Boisson gratuite,Éclairage tamisé,Chauffeur expérimenté,Wi-Fi gratuit,Animaux acceptés,Vue panoramique,Ponctualité,Climatisation,Connectivité,Langue parlée,Conversation,Conduite souple",Traveler,Buea
3312,Guider,"Conduite souple,Animaux acceptés,Assistance bagages,Musique,Espace de rangement,Sièges inclinables",Traveler,Dibombari
2773,Nkongsamba,"Sport,Sièges inclinables,Boisson gratuite,Langue parlée,Vue panoramique,Silence,Cuisine,Ambiance chaleureuse,Wi-Fi gratuit,Conduite souple,Ponctualité,Confort,Climatisation",Traveler,Belo
1587,Campo,"Confort,Boisson gratuite,Conversation,Éclairage tamisé,Connectivité,Climatisation,Langue parlée,Espace de rangement,Musique,Ponctualité,Chauffeur expérimenté,Sièges inclinables,Wi-Fi gratuit,Sport,Cuisine,Vue panoramique,Ambiance chaleureuse,Assistance bagages,Conduite souple,Animaux acceptés,Navigation GPS,Silence",Traveler,Buea
314,Bimbia,"Wi-Fi gratuit,Conduite souple,Silence,Connectivité,Chauffeur expérimenté,Sièges inclinables,Musique,Assistance bagages,Navigation GPS,Climatisation",Planner,Figuif
4598,Bonanjo,"Navigation GPS,Vue panoramique,Cuisine",Traveler,Edéa
2420,Douala,"Animaux acceptés,Connectivité,Espace de rangement,Boisson gratuite,Chauffeur expérimenté,Silence,Wi-Fi gratuit,Conversation,Vue panoramique,Navigation GPS,Confort,Éclairage tamisé",Traveler,Loum
2162,Bimbia,"Navigation GPS,Langue parlée,Éclairage tamisé,Sièges inclinables,Wi-Fi gratuit,Musique,Conversation,Chauffeur expérimenté,Assistance bagages,Connectivité,Vue panoramique,Silence",Planner,Bali
2907,Garoua,"Éclairage tamisé,Chauffeur expérimenté,Ambiance chaleureuse,Ponctualité,Animaux acceptés,Sport,Cuisine,Sièges inclinables",Planner,Bonabéri
1449,Fontem,"Conversation,Climatisation",Traveler,Dibombari
3140,Bertoua,"Cuisine,Vue panoramique,Ponctualité,Silence,Wi-Fi gratuit,Conduite souple,Confort,Sièges inclinables,Boisson gratuite,Espace de rangement,Animaux acceptés,Sport,Langue parlée,Assistance bagages,Éclairage tamisé,Conversation,Musique,Navigation GPS,Climatisation,Chauffeur expérimenté,Connectivité",Traveler,Bafia
3060,Yaounde,"Navigation GPS,Animaux acceptés,Wi-Fi gratuit,Vue panoramique,Musique,Silence,Espace de rangement,Conduite souple,Ambiance chaleureuse,Ponctualité,Éclairage tamisé,Sièges inclinables,Chauffeur expérimenté,Conversation,Boisson gratuite,Langue parlée,Connectivité,Confort,Cuisine,Assistance bagages",Traveler,Buea
238,Kumba,"Conduite souple,Espace de rangement,Wi-Fi gratuit,Boisson gratuite,Navigation GPS,Cuisine,Animaux acceptés,Vue panoramique,Éclairage tamisé,Connectivité,Chauffeur expérimenté,Ambiance chaleureuse,Sport,Assistance bagages,Sièges inclinables,Musique,Ponctualité,Silence,Climatisation,Confort,Langue parlée",Planner,Bafang
3493,Belabo,"Éclairage tamisé,Conversation,Ambiance chaleureuse,Confort,Sièges inclinables,Espace de rangement,Boisson gratuite,Chauffeur expérimenté,Conduite souple,Navigation GPS",Traveler,Beti
4621,Mbouda,"Langue parlée,Espace de rangement",Traveler,Melong
2208,Mutengene,"Sièges inclinables,Boisson gratuite,Vue panoramique,Espace de rangement,Animaux acceptés,Éclairage tamisé,Cuisine,Wi-Fi gratuit,Conversation,Assistance bagages,Confort",Traveler,Bonabéri
1098,Guider,"Climatisation,Animaux acceptés,Ambiance chaleureuse,Conversation,Wi-Fi gratuit,Confort,Sièges inclinables,Éclairage tamisé,Ponctualité,Espace de rangement,Langue parlée",Traveler,Nkongsamba
3854,Bafoussam,"Connectivité,Sport,Animaux acceptés,Ponctualité,Éclairage tamisé",Traveler,Mbanga
4859,Kumba,"Langue parlée,Confort,Ambiance chaleureuse,Ponctualité,Sièges inclinables,Espace de rangement,Navigation GPS,Éclairage tamisé,Climatisation,Chauffeur expérimenté,Musique",Planner,Nkongsamba
2438,Bonakouamouang,"Climatisation,Animaux acceptés,Conversation,Connectivité,Confort,Conduite souple,Vue panoramique,Cuisine,Ponctualité,Boisson gratuite,Assistance bagages,Silence,Sièges inclinables,Langue parlée,Ambiance chaleureuse,Wi-Fi gratuit,Navigation GPS,Éclairage tamisé,Sport,Espace de rangement,Musique",Traveler,Dibombari
506,Nanga-Eboko,"Confort,Connectivité,Sièges inclinables,Assistance bagages,Boisson gratuite,Espace de rangement,Silence,Wi-Fi gratuit,Cuisine,Ambiance chaleureuse,Éclairage tamisé,Animaux acceptés,Conversation,Vue panoramique,Chauffeur expérimenté",Planner,Boutours
4510,Yaounde,"Chauffeur expérimenté,Cuisine,Langue parlée,Ponctualité,Musique,Éclairage tamisé,Assistance bagages,Vue panoramique,Boisson gratuite,Espace de rangement,Animaux acceptés,Sièges inclinables,Ambiance chaleureuse,Conversation,Climatisation,Navigation GPS,Confort,Wi-Fi gratuit,Sport,Silence,Connectivité,Conduite souple",Traveler,Muyuka
448,Bonamoussadi,Assistance bagages,Planner,Bertoua
2086,Bonanjo,"Langue parlée,Connectivité,Éclairage tamisé,Sièges inclinables,Chauffeur expérimenté,Conversation,Ambiance chaleureuse",Traveler,Bertoua
3843,Bafoussam,"Wi-Fi gratuit,Conduite souple,Musique,Sport,Sièges inclinables,Ambiance chaleureuse,Cuisine",Planner,Nanga-Eboko
2686,Bonabéri,"Cuisine,Wi-Fi gratuit,Langue parlée,Navigation GPS,Ambiance chaleureuse,Assistance bagages,Sport,Conversation,Animaux acceptés,Silence",Planner,Messa
829,Messa,"Cuisine,Chauffeur expérimenté,Éclairage tamisé,Climatisation,Ambiance chaleureuse,Animaux acceptés,Langue parlée,Musique,Conversation,Ponctualité,Confort,Sièges inclinables,Wi-Fi gratuit,Connectivité",Traveler,Muyuka
3531,Bandjoun,"Assistance bagages,Silence,Espace de rangement,Boisson gratuite,Éclairage tamisé,Confort,Ambiance chaleureuse,Climatisation,Conversation,Vue panoramique,Sièges inclinables,Sport,Wi-Fi gratuit,Connectivité,Animaux acceptés,Conduite souple,Ponctualité,Langue parlée,Navigation GPS,Cuisine,Musique",Planner,Bonanjo
126,Nanga-Eboko,"Conversation,Animaux acceptés,Espace de rangement,Wi-Fi gratuit,Climatisation,Éclairage tamisé,Langue parlée,Conduite souple,Assistance bagages,Ponctualité,Navigation GPS,Connectivité,Sport,Confort",Traveler,Bonabéri
2945,Melong,"Ponctualité,Boisson gratuite,Espace de rangement,Climatisation,Langue parlée,Sport,Confort,Cuisine,Chauffeur expérimenté,Musique,Sièges inclinables,Silence,Navigation GPS",Traveler,Boutours
3275,Fontem,"Sport,Espace de rangement,Climatisation,Chauffeur expérimenté,Silence,Animaux acceptés,Navigation GPS,Boisson gratuite,Conduite souple,Ponctualité,Connectivité,Cuisine,Conversation,Langue parlée,Éclairage tamisé",Planner,Belabo
1661,Dibombari,"Navigation GPS,Sport,Climatisation,Conduite souple,Conversation,Wi-Fi gratuit",Planner,Loum
291,Belabo,"Sièges inclinables,Assistance bagages,Animaux acceptés,Ambiance chaleureuse,Espace de rangement,Langue parlée,Conduite souple,Silence,Chauffeur expérimenté,Wi-Fi gratuit,Boisson gratuite,Cuisine,Vue panoramique,Éclairage tamisé,Musique,Ponctualité,Climatisation,Confort,Connectivité",Traveler,Buea
4481,Mbouda,"Conversation,Climatisation,Chauffeur expérimenté,Silence,Animaux acceptés,Sièges inclinables,Wi-Fi gratuit,Vue panoramique,Navigation GPS,Espace de rangement,Conduite souple,Sport,Cuisine,Ponctualité,Langue parlée,Musique,Ambiance chaleureuse,Assistance bagages,Connectivité,Éclairage tamisé",Traveler,Edéa
1193,Melong,"Ponctualité,Navigation GPS,Ambiance chaleureuse,Sport,Climatisation,Éclairage tamisé,Chauffeur expérimenté,Vue panoramique",Traveler,Figuif
3426,Kousseri,"Wi-Fi gratuit,Assistance bagages,Sport,Conduite souple,Boisson gratuite,Langue parlée,Navigation GPS,Chauffeur expérimenté,Climatisation,Sièges inclinables,Musique,Ambiance chaleureuse,Espace de rangement,Connectivité,Animaux acceptés,Éclairage tamisé,Ponctualité,Cuisine,Confort,Conversation,Vue panoramique",Traveler,Bafia
933,Mbalmayo,"Animaux acceptés,Navigation GPS,Conversation,Assistance bagages,Espace de rangement,Silence,Sport,Chauffeur expérimenté,Sièges inclinables,Musique,Boisson gratuite",Planner,Figuif
4487,Batibo,"Wi-Fi gratuit,Chauffeur expérimenté,Sport,Vue panoramique,Climatisation,Assistance bagages,Conduite souple,Animaux acceptés,Boisson gratuite,Ponctualité,Éclairage tamisé,Ambiance chaleureuse,Conversation,Navigation GPS",Planner,Douala
577,Bamenda,"Climatisation,Navigation GPS,Boisson gratuite,Conduite souple,Sport,Animaux acceptés,Espace de rangement,Cuisine",Traveler,Fontem
410,Edéa,"Climatisation,Ponctualité",Planner,Edéa
3470,Bandjoun,"Boisson gratuite,Sport,Assistance bagages,Connectivité,Cuisine,Ponctualité,Sièges inclinables,Confort",Planner,Yaounde
4407,Buea,"Wi-Fi gratuit,Confort,Silence,Musique,Animaux acceptés,Langue parlée,Espace de rangement,Sport,Éclairage tamisé,Cuisine,Sièges inclinables,Conduite souple,Conversation,Connectivité,Ambiance chaleureuse,Assistance bagages,Navigation GPS,Ponctualité,Chauffeur expérimenté",Traveler,Bali Nyonga
1349,Figuif,"Espace de rangement,Ponctualité,Climatisation,Chauffeur expérimenté,Animaux acceptés,Boisson gratuite,Musique,Confort,Assistance bagages,Vue panoramique,Navigation GPS,Sièges inclinables,Conversation,Ambiance chaleureuse,Éclairage tamisé,Sport,Wi-Fi gratuit,Langue parlée",Traveler,Bimbia
3127,Bafang,"Animaux acceptés,Conversation,Sièges inclinables,Climatisation,Chauffeur expérimenté",Planner,Beti
4381,Kumba,"Cuisine,Vue panoramique,Climatisation,Ponctualité,Assistance bagages",Traveler,Bandjoun
4024,Nkongsamba,"Climatisation,Langue parlée,Animaux acceptés,Sièges inclinables,Assistance bagages,Ponctualité,Sport,Vue panoramique,Espace de rangement,Silence,Chauffeur expérimenté,Confort",Planner,Mbanga
2227,Bali,Wi-Fi gratuit,Planner,Buea
2566,Kumba,"Ambiance chaleureuse,Chauffeur expérimenté,Navigation GPS,Espace de rangement,Boisson gratuite,Sièges inclinables,Sport,Assistance bagages,Cuisine",Traveler,Garoua
590,Bali,"Animaux acceptés,Ponctualité,Éclairage tamisé,Climatisation,Conduite souple,Cuisine,Espace de rangement,Musique,Sport,Connectivité,Sièges inclinables,Confort,Ambiance chaleureuse,Langue parlée,Vue panoramique,Wi-Fi gratuit,Silence,Navigation GPS,Chauffeur expérimenté,Assistance bagages",Planner,Bonaberi
2395,Bonamoussadi,"Langue parlée,Boisson gratuite,Vue panoramique,Connectivité,Éclairage tamisé,Musique,Ponctualité,Conduite souple,Assistance bagages,Chauffeur expérimenté,Confort",Traveler,Bali Nyonga
4293,Bonakouamouang,"Wi-Fi gratuit,Climatisation,Ponctualité,Conversation,Éclairage tamisé",Planner,Edéa
3775,Belo,"Boisson gratuite,Ambiance chaleureuse,Climatisation,Navigation GPS,Conduite souple,Animaux acceptés,Éclairage tamisé,Ponctualité,Cuisine,Wi-Fi gratuit,Confort,Vue panoramique,Connectivité,Assistance bagages,Silence,Sièges inclinables,Musique,Conversation,Langue parlée,Sport,Chauffeur expérimenté",Traveler,Mbanga
4922,Yagoua,"Sport,Silence,Musique,Espace de rangement,Ambiance chaleureuse,Assistance bagages,Vue panoramique,Chauffeur expérimenté,Éclairage tamisé,Boisson gratuite,Cuisine,Langue parlée,Conversation,Navigation GPS,Climatisation",Planner,Kumba
4222,Bandjoun,"Ambiance chaleureuse,Sport,Vue panoramique,Climatisation,Silence,Wi-Fi gratuit",Planner,Bonaberi
4810,Douala,"Chauffeur expérimenté,Langue parlée,Cuisine,Conduite souple,Climatisation,Ambiance chaleureuse,Silence,Connectivité,Wi-Fi gratuit,Navigation GPS,Espace de rangement,Conversation,Confort,Éclairage tamisé,Assistance bagages",Traveler,Limbe
2627,Campo,"Sièges inclinables,Ponctualité,Langue parlée,Wi-Fi gratuit,Conduite souple,Cuisine,Sport,Éclairage tamisé,Silence,Animaux acceptés,Chauffeur expérimenté,Assistance bagages,Espace de rangement,Confort,Conversation,Ambiance chaleureuse,Boisson gratuite,Climatisation,Connectivité,Navigation GPS,Musique",Traveler,Bamenda
4266,Boutours,"Conduite souple,Chauffeur expérimenté,Ambiance chaleureuse,Musique",Planner,Garoua
645,Belo,"Boisson gratuite,Connectivité,Silence,Chauffeur expérimenté,Climatisation",Planner,Melong
4482,Bafoussam,"Langue parlée,Sièges inclinables,Climatisation,Chauffeur expérimenté,Conduite souple,Vue panoramique,Boisson gratuite,Cuisine,Conversation,Animaux acceptés,Wi-Fi gratuit,Musique,Connectivité,Ambiance chaleureuse,Silence,Assistance bagages,Ponctualité,Éclairage tamisé",Traveler,Belo
827,Loum,"Assistance bagages,Cuisine,Animaux acceptés,Navigation GPS,Vue panoramique,Boisson gratuite,Conversation,Chauffeur expérimenté,Confort,Wi-Fi gratuit,Langue parlée,Conduite souple,Climatisation,Ponctualité,Espace de rangement,Musique,Ambiance chaleureuse",Traveler,Batibo
1869,Maroua,"Ponctualité,Connectivité",Planner,Limbe
2016,Yaounde,"Cuisine,Ponctualité,Wi-Fi gratuit,Navigation GPS,Chauffeur expérimenté,Sport,Sièges inclinables,Boisson gratuite",Traveler,Melong
3312,Bonamoussadi,"Espace de rangement,Animaux acceptés,Confort,Vue panoramique,Musique,Sièges inclinables,Sport",Traveler,Bonabéri
3706,Messa,"Espace de rangement,Conduite souple,Silence,Boisson gratuite,Langue parlée,Conversation,Cuisine,Musique,Ponctualité,Confort,Animaux acceptés,Climatisation,Éclairage tamisé,Ambiance chaleureuse,Vue panoramique,Navigation GPS,Connectivité,Sièges inclinables,Assistance bagages,Chauffeur expérimenté,Wi-Fi gratuit",Traveler,Douala
3813,Gazawa,"Navigation GPS,Conduite souple,Conversation,Sport,Confort",Traveler,Dibombari
2562,Bonakouamouang,"Ambiance chaleureuse,Éclairage tamisé,Conversation,Langue parlée,Connectivité",Traveler,Mokolo
2242,Mbanga,"Climatisation,Chauffeur expérimenté,Ponctualité,Langue parlée,Animaux acceptés,Cuisine",Planner,Bonakouamouang
1561,Bonabéri,"Boisson gratuite,Langue parlée,Conduite souple,Vue panoramique,Espace de rangement,Éclairage tamisé,Ponctualité,Musique,Connectivité,Sport,Navigation GPS,Cuisine,Chauffeur expérimenté,Confort,Ambiance chaleureuse",Planner,Yagoua
3368,Bali,"Chauffeur expérimenté,Animaux acceptés,Éclairage tamisé,Confort,Connectivité,Vue panoramique,Espace de rangement,Climatisation,Silence,Assistance bagages,Sièges inclinables,Wi-Fi gratuit,Sport",Planner,Bimbia
2371,Bali Nyonga,"Cuisine,Sport,Ambiance chaleureuse,Sièges inclinables,Éclairage tamisé,Wi-Fi gratuit,Musique,Ponctualité,Navigation GPS,Vue panoramique,Silence,Chauffeur expérimenté,Assistance bagages,Langue parlée,Climatisation,Conduite souple,Connectivité,Conversation,Confort,Espace de rangement",Traveler,Bonanjo
812,Bonabéri,"Conversation,Wi-Fi gratuit,Confort,Musique,Vue panoramique,Sport,Boisson gratuite",Traveler,Mbalmayo
3447,Kumba,"Ambiance chaleureuse,Éclairage tamisé,Ponctualité,Confort,Sièges inclinables,Navigation GPS,Vue panoramique,Silence,Connectivité,Boisson gratuite,Conduite souple,Sport",Traveler,Kribi
2440,Belabo,"Connectivité,Espace de rangement,Wi-Fi gratuit,Assistance bagages,Conversation,Ponctualité,Ambiance chaleureuse,Confort,Climatisation,Chauffeur expérimenté,Boisson gratuite",Traveler,Beti
1385,Meiganga,"Wi-Fi gratuit,Sport,Musique,Espace de rangement,Chauffeur expérimenté,Navigation GPS,Cuisine,Langue parlée,Silence,Ambiance chaleureuse,Assistance bagages,Connectivité,Confort,Boisson gratuite",Planner,Beti
2948,Kumba,"Espace de rangement,Langue parlée,Sport,Ponctualité,Chauffeur expérimenté,Wi-Fi gratuit,Sièges inclinables,Cuisine,Boisson gratuite,Confort,Climatisation,Animaux acceptés,Connectivité,Éclairage tamisé,Musique,Ambiance chaleureuse,Silence,Conduite souple,Conversation",Planner,Bertoua
3790,Messa,"Sport,Ambiance chaleureuse,Assistance bagages,Ponctualité",Planner,Limbe
2917,Mbouda,"Navigation GPS,Climatisation,Espace de rangement,Animaux acceptés,Boisson gratuite,Sièges inclinables,Vue panoramique,Ambiance chaleureuse,Confort,Éclairage tamisé,Silence",Traveler,Guider
3193,Bonaberi,"Chauffeur expérimenté,Climatisation,Ponctualité,Cuisine,Assistance bagages,Silence,Ambiance chaleureuse,Vue panoramique,Espace de rangement,Navigation GPS,Éclairage tamisé,Langue parlée,Conduite souple",Traveler,Bimbia
236,Yaounde,"Sièges inclinables,Ponctualité,Ambiance chaleureuse,Chauffeur expérimenté,Vue panoramique,Connectivité,Navigation GPS,Confort,Espace de rangement,Climatisation,Sport,Éclairage tamisé,Langue parlée,Conversation,Boisson gratuite,Conduite souple,Animaux acceptés,Cuisine,Assistance bagages",Planner,Douala
4401,Bamenda,"Connectivité,Vue panoramique,Sièges inclinables,Ambiance chaleureuse,Boisson gratuite,Espace de rangement,Conversation,Conduite souple",Planner,Mbanga
2956,Bonamoussadi,"Animaux acceptés,Silence,Conduite souple,Espace de rangement,Navigation GPS,Ponctualité,Connectivité,Climatisation,Cuisine,Conversation,Sièges inclinables,Langue parlée,Assistance bagages,Musique,Ambiance chaleureuse,Wi-Fi gratuit,Éclairage tamisé,Sport,Confort",Planner,Yagoua
3328,Bonanjo,"Connectivité,Sièges inclinables,Conduite souple,Sport,Conversation,Ponctualité,Animaux acceptés,Climatisation,Navigation GPS,Langue parlée,Assistance bagages,Espace de rangement,Ambiance chaleureuse,Wi-Fi gratuit,Confort,Musique,Silence,Vue panoramique,Chauffeur expérimenté,Cuisine",Planner,Essos
2797,Mutengene,"Boisson gratuite,Ponctualité,Navigation GPS,Confort,Musique,Wi-Fi gratuit,Espace de rangement,Sport,Silence,Langue parlée,Conduite souple,Ambiance chaleureuse,Chauffeur expérimenté,Vue panoramique,Animaux acceptés,Conversation,Climatisation,Assistance bagages,Sièges inclinables,Connectivité,Cuisine",Traveler,Mutengene
998,Buea,"Ponctualité,Sport,Silence,Conversation",Planner,Bertoua
4661,Mbanga,"Sièges inclinables,Navigation GPS,Chauffeur expérimenté,Climatisation,Vue panoramique,Animaux acceptés,Boisson gratuite,Wi-Fi gratuit,Ambiance chaleureuse,Sport,Assistance bagages,Musique,Espace de rangement",Planner,Messa
3025,Dibombari,"Animaux acceptés,Vue panoramique,Espace de rangement,Confort,Climatisation,Navigation GPS,Assistance bagages,Éclairage tamisé,Chauffeur expérimenté",Traveler,Meiganga
1663,Banga Bakundu,"Musique,Éclairage tamisé,Animaux acceptés,Conversation,Ambiance chaleureuse,Vue panoramique,Chauffeur expérimenté,Sièges inclinables,Assistance bagages,Silence,Conduite souple,Sport,Cuisine,Navigation GPS,Connectivité,Climatisation,Wi-Fi gratuit,Boisson gratuite,Ponctualité,Espace de rangement",Planner,Bertoua
3396,Bali,"Animaux acceptés,Climatisation,Langue parlée,Ponctualité,Connectivité",Traveler,Mbandjock
610,Bogo,"Animaux acceptés,Silence,Langue parlée,Boisson gratuite,Connectivité,Confort,Conduite souple,Climatisation",Planner,Batibo
4339,Mbalmayo,"Chauffeur expérimenté,Animaux acceptés,Sièges inclinables,Cuisine,Confort,Conduite souple,Connectivité,Assistance bagages,Silence,Ponctualité,Wi-Fi gratuit",Traveler,Messa
4372,Bertoua,"Navigation GPS,Langue parlée,Assistance bagages,Cuisine,Espace de rangement,Sport,Connectivité,Éclairage tamisé,Conduite souple,Confort,Silence,Animaux acceptés,Conversation,Sièges inclinables,Chauffeur expérimenté,Ambiance chaleureuse,Wi-Fi gratuit,Vue panoramique,Musique,Boisson gratuite,Ponctualité",Planner,Bogo
2325,Nanga-Eboko,"Silence,Navigation GPS,Conversation,Musique",Traveler,Bafoussam
2598,Kumba,"Langue parlée,Climatisation,Musique,Vue panoramique,Confort,Wi-Fi gratuit,Cuisine",Traveler,Bertoua
3897,Kribi,"Silence,Ambiance chaleureuse,Chauffeur expérimenté,Cuisine,Climatisation,Éclairage tamisé,Connectivité,Assistance bagages",Planner,Messa
4298,Mora,"Chauffeur expérimenté,Sièges inclinables,Animaux acceptés,Wi-Fi gratuit,Silence,Langue parlée,Assistance bagages,Ambiance chaleureuse",Traveler,Bogo
4173,Yagoua,"Wi-Fi gratuit,Conduite souple,Vue panoramique,Confort,Musique,Ponctualité,Assistance bagages",Planner,Bonakouamouang
1944,Douala,"Conduite souple,Sièges inclinables,Assistance bagages,Climatisation,Chauffeur expérimenté,Silence,Wi-Fi gratuit,Vue panoramique,Espace de rangement",Traveler,Limbe
992,Nanga-Eboko,"Boisson gratuite,Animaux acceptés,Navigation GPS",Traveler,Beti
154,Gazawa,"Assistance bagages,Ponctualité,Wi-Fi gratuit,Confort,Navigation GPS,Chauffeur expérimenté,Ambiance chaleureuse,Espace de rangement,Boisson gratuite",Planner,Campo
4770,Figuif,"Conversation,Sport",Traveler,Bogo
4823,Bertoua,"Chauffeur expérimenté,Wi-Fi gratuit,Animaux acceptés,Espace de rangement,Silence,Ambiance chaleureuse,Confort,Climatisation,Conduite souple,Sièges inclinables,Conversation,Navigation GPS,Vue panoramique,Sport,Éclairage tamisé,Boisson gratuite,Cuisine,Musique,Langue parlée",Traveler,Douala
1836,Bertoua,"Navigation GPS,Assistance bagages,Éclairage tamisé,Ambiance chaleureuse",Traveler,Bonabéri
2393,Melong,"Ambiance chaleureuse,Espace de rangement,Connectivité,Sièges inclinables,Cuisine,Musique,Climatisation,Silence,Conduite souple,Vue panoramique,Assistance bagages,Sport,Éclairage tamisé",Planner,Bandjoun
3170,Gazawa,"Langue parlée,Ponctualité,Confort,Espace de rangement,Cuisine,Sport,Animaux acceptés,Silence,Musique,Wi-Fi gratuit,Boisson gratuite,Vue panoramique,Conduite souple,Assistance bagages,Sièges inclinables",Planner,Bafoussam
1399,Mokolo,"Ponctualité,Boisson gratuite,Cuisine,Animaux acceptés,Chauffeur expérimenté,Vue panoramique,Conversation,Éclairage tamisé,Assistance bagages,Sport,Conduite souple,Langue parlée,Connectivité,Wi-Fi gratuit,Ambiance chaleureuse,Navigation GPS",Planner,Bonanjo
1266,Bonakouamouang,"Ambiance chaleureuse,Éclairage tamisé,Connectivité,Navigation GPS,Sport,Wi-Fi gratuit,Assistance bagages,Conduite souple,Langue parlée,Silence",Traveler,Mbanga
4028,Bamenda,"Ponctualité,Langue parlée,Cuisine,Boisson gratuite,Éclairage tamisé,Conduite souple,Silence,Sport,Vue panoramique,Climatisation,Ambiance chaleureuse,Connectivité,Espace de rangement,Confort,Navigation GPS,Assistance bagages,Animaux acceptés,Conversation,Chauffeur expérimenté,Wi-Fi gratuit,Sièges inclinables",Planner,Kribi
2485,Kribi,"Wi-Fi gratuit,Musique,Vue panoramique,Connectivité,Boisson gratuite,Sport,Navigation GPS,Chauffeur expérimenté,Cuisine,Assistance bagages,Ambiance chaleureuse,Animaux acceptés,Ponctualité,Éclairage tamisé,Conduite souple",Traveler,Yagoua
1415,Dibombari,"Cuisine,Langue parlée,Ponctualité,Conversation,Confort,Animaux acceptés,Connectivité,Sièges inclinables",Planner,Bonanjo
230,Bertoua,"Cuisine,Climatisation,Vue panoramique,Silence,Chauffeur expérimenté",Planner,Yaounde
4881,Buea,"Assistance bagages,Conversation,Boisson gratuite,Langue parlée,Musique,Vue panoramique,Éclairage tamisé,Cuisine,Sport,Silence,Animaux acceptés,Ambiance chaleureuse,Espace de rangement,Sièges inclinables,Confort,Wi-Fi gratuit,Chauffeur expérimenté,Navigation GPS,Ponctualité",Planner,Kribi
1394,Banga Bakundu,"Langue parlée,Connectivité,Wi-Fi gratuit,Chauffeur expérimenté,Sport,Sièges inclinables,Boisson gratuite,Climatisation,Vue panoramique",Traveler,Mbouda
1612,Loum,"Assistance bagages,Langue parlée,Éclairage tamisé,Climatisation,Ponctualité,Animaux acceptés,Silence,Sièges inclinables,Boisson gratuite,Conversation,Ambiance chaleureuse,Vue panoramique,Navigation GPS,Wi-Fi gratuit,Chauffeur expérimenté,Espace de rangement,Connectivité,Sport,Confort,Musique,Conduite souple",Planner,Bandjoun
2667,Nanga-Eboko,"Conversation,Boisson gratuite,Ambiance chaleureuse,Espace de rangement",Traveler,Yaounde
2797,Bandjoun,"Langue parlée,Sport,Climatisation,Chauffeur expérimenté,Wi-Fi gratuit,Espace de rangement,Ponctualité,Animaux acceptés,Connectivité,Éclairage tamisé,Confort,Assistance bagages,Conduite souple,Conversation",Planner,Essos
1997,Mutengene,"Sport,Ambiance chaleureuse,Cuisine,Vue panoramique",Traveler,Bonanjo
2781,Messa,"Assistance bagages,Silence,Éclairage tamisé,Conversation,Langue parlée,Cuisine,Sport,Ambiance chaleureuse,Ponctualité,Chauffeur expérimenté",Traveler,Bafia
800,Kousseri,"Espace de rangement,Cuisine,Conversation,Wi-Fi gratuit,Animaux acceptés",Planner,Bafia
1607,Buea,"Éclairage tamisé,Musique,Conduite souple,Boisson gratuite,Chauffeur expérimenté,Confort,Connectivité,Ambiance chaleureuse,Conversation,Sport,Sièges inclinables,Animaux acceptés,Ponctualité,Assistance bagages,Climatisation,Langue parlée,Silence,Vue panoramique,Espace de rangement,Navigation GPS",Planner,Mbouda
4897,Maroua,"Silence,Espace de rangement",Planner,Beti
3339,Belabo,"Langue parlée,Musique,Boisson gratuite",Traveler,Bafia
2856,Mbouda,"Cuisine,Langue parlée,Sièges inclinables",Traveler,Nkongsamba
1599,Gazawa,"Sport,Musique,Chauffeur expérimenté,Vue panoramique,Conduite souple,Animaux acceptés,Silence,Ponctualité,Éclairage tamisé,Ambiance chaleureuse,Climatisation,Confort,Navigation GPS,Sièges inclinables,Connectivité,Cuisine,Conversation,Boisson gratuite,Espace de rangement,Wi-Fi gratuit,Langue parlée",Planner,Bonabéri
3796,Nkongsamba,"Chauffeur expérimenté,Wi-Fi gratuit,Boisson gratuite,Climatisation,Animaux acceptés,Sport,Langue parlée,Cuisine",Planner,Belo
2664,Bonanjo,"Sièges inclinables,Conversation,Ambiance chaleureuse,Connectivité,Vue panoramique,Climatisation,Silence,Espace de rangement,Cuisine,Langue parlée,Musique,Wi-Fi gratuit,Assistance bagages,Confort",Planner,Mbandjock
3884,Banga Bakundu,"Ponctualité,Animaux acceptés,Assistance bagages,Chauffeur expérimenté,Connectivité,Langue parlée,Boisson gratuite,Espace de rangement",Planner,Bonaberi
4280,Bimbia,"Sièges inclinables,Chauffeur expérimenté,Climatisation,Conduite souple",Traveler,Mbouda
4075,Gazawa,"Conduite souple,Musique,Ambiance chaleureuse,Boisson gratuite,Wi-Fi gratuit,Confort,Conversation,Cuisine,Animaux acceptés,Langue parlée,Assistance bagages,Éclairage tamisé,Ponctualité",Planner,Bonaberi
3512,Bali,"Confort,Animaux acceptés,Silence,Vue panoramique,Wi-Fi gratuit,Conversation,Chauffeur expérimenté,Sièges inclinables,Conduite souple,Ambiance chaleureuse,Sport,Climatisation,Cuisine,Espace de rangement,Navigation GPS,Langue parlée",Planner,Bonanjo
193,Kribi,"Climatisation,Espace de rangement,Animaux acceptés",Planner,Bogo
3629,Boutours,"Wi-Fi gratuit,Climatisation,Ponctualité,Musique,Navigation GPS,Ambiance chaleureuse,Boisson gratuite,Silence,Vue panoramique,Éclairage tamisé,Langue parlée,Animaux acceptés,Connectivité,Assistance bagages,Conduite souple,Conversation,Cuisine,Chauffeur expérimenté,Sièges inclinables,Sport,Confort,Espace de rangement",Planner,Kumba
1774,Gazawa,"Assistance bagages,Ponctualité,Ambiance chaleureuse,Sport,Musique,Silence,Éclairage tamisé,Sièges inclinables,Cuisine",Planner,Banga Bakundu
2768,Bandjoun,"Connectivité,Ponctualité,Espace de rangement,Chauffeur expérimenté,Conduite souple,Musique,Navigation GPS,Vue panoramique,Animaux acceptés,Assistance bagages,Wi-Fi gratuit,Sièges inclinables,Ambiance chaleureuse,Éclairage tamisé,Confort,Cuisine,Silence,Sport,Conversation,Boisson gratuite,Climatisation",Planner,Bonanjo
2005,Bafang,"Confort,Espace de rangement,Connectivité,Animaux acceptés,Ambiance chaleureuse,Sport,Assistance bagages,Vue panoramique,Musique,Climatisation,Éclairage tamisé,Wi-Fi gratuit,Navigation GPS,Ponctualité,Chauffeur expérimenté,Langue parlée,Conversation,Sièges inclinables,Silence,Boisson gratuite,Cuisine,Conduite souple",Traveler,Bonanjo
2500,Bimbia,"Musique,Wi-Fi gratuit,Animaux acceptés,Boisson gratuite,Chauffeur expérimenté,Confort,Vue panoramique,Sièges inclinables,Éclairage tamisé,Conversation,Espace de rangement,Sport,Conduite souple,Navigation GPS,Langue parlée,Ponctualité,Assistance bagages,Silence,Ambiance chaleureuse",Traveler,Mbanga
1751,Buea,"Navigation GPS,Cuisine,Langue parlée,Ambiance chaleureuse,Boisson gratuite",Planner,Kumba
4484,Bafoussam,"Sièges inclinables,Navigation GPS,Chauffeur expérimenté,Assistance bagages,Conduite souple,Langue parlée,Climatisation,Sport,Connectivité,Conversation,Éclairage tamisé",Planner,Guider
3850,Meiganga,Langue parlée,Planner,Loum
818,Gazawa,"Silence,Ponctualité,Sièges inclinables,Musique",Planner,Meiganga
3364,Bafang,"Silence,Assistance bagages,Sièges inclinables,Boisson gratuite,Navigation GPS,Climatisation,Ponctualité,Conduite souple,Musique,Animaux acceptés,Cuisine,Sport,Conversation,Confort",Traveler,Belo
394,Nanga-Eboko,"Silence,Espace de rangement,Ponctualité,Ambiance chaleureuse,Éclairage tamisé,Climatisation,Conversation,Navigation GPS,Sport,Boisson gratuite,Confort,Vue panoramique,Animaux acceptés,Connectivité,Chauffeur expérimenté,Sièges inclinables,Cuisine,Wi-Fi gratuit,Musique,Conduite souple",Traveler,Gazawa
3751,Bonabéri,"Silence,Espace de rangement,Sièges inclinables,Wi-Fi gratuit,Assistance bagages,Musique,Connectivité,Langue parlée,Climatisation,Cuisine,Vue panoramique",Planner,Bafang
992,Bonabéri,"Sièges inclinables,Conversation,Chauffeur expérimenté,Espace de rangement,Vue panoramique,Connectivité,Conduite souple",Planner,Banga Bakundu
2656,Kribi,"Sport,Conduite souple,Connectivité",Traveler,Bafang
2165,Bafoussam,"Ponctualité,Silence,Confort,Langue parlée,Connectivité,Sport",Planner,Buea
3288,Bali,"Éclairage tamisé,Vue panoramique,Climatisation,Musique,Confort,Boisson gratuite,Conversation,Silence,Conduite souple,Cuisine,Animaux acceptés,Assistance bagages,Ambiance chaleureuse,Espace de rangement,Sport,Sièges inclinables,Chauffeur expérimenté,Langue parlée,Wi-Fi gratuit,Navigation GPS,Ponctualité",Planner,Meiganga
4160,Bonamoussadi,"Wi-Fi gratuit,Sport,Silence,Vue panoramique,Conduite souple,Animaux acceptés,Ponctualité,Assistance bagages,Chauffeur expérimenté,Espace de rangement,Cuisine,Connectivité,Climatisation,Éclairage tamisé,Boisson gratuite,Confort,Sièges inclinables,Langue parlée",Traveler,Beti
2723,Bimbia,Animaux acceptés,Traveler,Bafia
4025,Guider,"Silence,Chauffeur expérimenté,Langue parlée,Sport,Vue panoramique,Boisson gratuite,Navigation GPS,Musique,Wi-Fi gratuit,Connectivité,Confort,Ponctualité,Espace de rangement,Cuisine,Conversation,Animaux acceptés",Traveler,Yagoua
389,Bafang,"Éclairage tamisé,Wi-Fi gratuit,Langue parlée",Traveler,Boutours
2359,Bafia,"Assistance bagages,Conversation,Espace de rangement,Éclairage tamisé,Wi-Fi gratuit,Silence,Langue parlée,Sièges inclinables,Ambiance chaleureuse,Vue panoramique,Boisson gratuite,Cuisine,Ponctualité,Animaux acceptés,Chauffeur expérimenté,Sport",Traveler,Banga Bakundu
3422,Bertoua,"Cuisine,Espace de rangement,Silence,Navigation GPS,Chauffeur expérimenté,Assistance bagages,Musique,Conversation,Ponctualité,Connectivité,Sièges inclinables,Animaux acceptés,Climatisation,Vue panoramique,Wi-Fi gratuit,Confort,Langue parlée,Éclairage tamisé,Ambiance chaleureuse,Sport",Planner,Yagoua
3690,Meiganga,"Musique,Chauffeur expérimenté,Confort",Traveler,Bonabéri
2983,Dibombari,"Animaux acceptés,Wi-Fi gratuit,Assistance bagages,Espace de rangement",Planner,Bali Nyonga
4028,Limbe,"Espace de rangement,Sport,Boisson gratuite,Wi-Fi gratuit,Cuisine,Conduite souple,Climatisation,Navigation GPS,Sièges inclinables,Silence,Ponctualité,Connectivité,Assistance bagages,Ambiance chaleureuse,Langue parlée,Éclairage tamisé",Traveler,Bafang
1865,Nanga-Eboko,"Assistance bagages,Espace de rangement,Sport,Sièges inclinables",Traveler,Nanga-Eboko
1286,Maroua,"Navigation GPS,Langue parlée,Sièges inclinables,Ambiance chaleureuse,Climatisation",Traveler,Campo
4543,Banga Bakundu,"Éclairage tamisé,Vue panoramique,Confort,Animaux acceptés,Conversation,Espace de rangement,Chauffeur expérimenté,Sièges inclinables,Cuisine,Musique,Connectivité,Navigation GPS,Silence,Assistance bagages,Climatisation,Conduite souple,Langue parlée",Traveler,Edéa
1459,Bonabéri,"Assistance bagages,Sport,Musique,Confort,Vue panoramique,Conversation,Climatisation,Cuisine",Planner,Bandjoun
2210,Douala,"Espace de rangement,Conduite souple,Chauffeur expérimenté,Conversation,Wi-Fi gratuit,Cuisine,Ponctualité,Vue panoramique,Musique,Animaux acceptés,Silence,Sport,Connectivité",Traveler,Douala
3271,Bertoua,"Cuisine,Wi-Fi gratuit,Éclairage tamisé,Espace de rangement,Ambiance chaleureuse,Chauffeur expérimenté,Sport,Sièges inclinables,Climatisation",Planner,Yagoua
4202,Bafoussam,"Espace de rangement,Confort,Animaux acceptés,Sièges inclinables,Climatisation,Éclairage tamisé,Chauffeur expérimenté,Wi-Fi gratuit,Musique",Planner,Bali Nyonga
3429,Yaounde,"Climatisation,Sport,Cuisine,Wi-Fi gratuit",Planner,Gazawa
845,Bamenda,"Chauffeur expérimenté,Ambiance chaleureuse,Sport,Cuisine,Sièges inclinables,Wi-Fi gratuit,Musique,Éclairage tamisé,Climatisation,Conversation,Confort,Boisson gratuite,Conduite souple,Connectivité,Assistance bagages,Navigation GPS,Espace de rangement,Animaux acceptés,Ponctualité,Vue panoramique,Silence,Langue parlée",Planner,Figuif
1270,Bonabéri,"Silence,Chauffeur expérimenté,Cuisine,Ambiance chaleureuse,Navigation GPS,Boisson gratuite",Planner,Messa
2364,Mutengene,"Conduite souple,Assistance bagages,Ambiance chaleureuse,Sièges inclinables,Silence,Boisson gratuite,Espace de rangement,Conversation,Éclairage tamisé,Langue parlée,Wi-Fi gratuit,Musique,Climatisation,Connectivité,Cuisine,Confort,Chauffeur expérimenté,Navigation GPS",Planner,Guider
3050,Kumba,"Ambiance chaleureuse,Ponctualité,Musique,Espace de rangement,Vue panoramique,Conversation,Navigation GPS,Cuisine,Climatisation,Éclairage tamisé,Chauffeur expérimenté,Langue parlée,Silence",Traveler,Boutours
2312,Nkongsamba,"Navigation GPS,Animaux acceptés,Connectivité,Conduite souple,Espace de rangement,Cuisine,Boisson gratuite,Chauffeur expérimenté,Sport,Ambiance chaleureuse",Traveler,Buea
2265,Kribi,"Boisson gratuite,Sport,Conversation,Wi-Fi gratuit",Traveler,Belabo
4061,Bafang,"Cuisine,Navigation GPS,Assistance bagages,Wi-Fi gratuit,Langue parlée,Espace de rangement,Ponctualité,Conversation,Éclairage tamisé,Silence,Animaux acceptés,Musique,Sport,Confort,Ambiance chaleureuse,Boisson gratuite,Climatisation",Traveler,Banga Bakundu
2721,Banga Bakundu,"Chauffeur expérimenté,Connectivité,Boisson gratuite,Sport,Silence,Cuisine,Espace de rangement,Langue parlée,Climatisation,Conduite souple,Conversation,Ambiance chaleureuse,Sièges inclinables,Wi-Fi gratuit",Traveler,Edéa
2726,Bafoussam,"Animaux acceptés,Langue parlée,Boisson gratuite,Espace de rangement,Sport,Ambiance chaleureuse,Confort,Navigation GPS,Vue panoramique,Assistance bagages,Conduite souple",Planner,Bimbia
2908,Garoua,"Animaux acceptés,Ambiance chaleureuse,Espace de rangement,Boisson gratuite,Sport",Traveler,Belabo
3570,Muyuka,"Connectivité,Chauffeur expérimenté,Conduite souple,Musique,Sport,Assistance bagages,Sièges inclinables,Confort,Cuisine,Silence,Navigation GPS,Boisson gratuite,Animaux acceptés,Climatisation,Ponctualité",Traveler,Bonaberi
691,Bertoua,Connectivité,Planner,Douala
4389,Buea,"Confort,Sport,Assistance bagages,Connectivité,Silence,Musique,Langue parlée,Ponctualité,Éclairage tamisé,Cuisine,Boisson gratuite,Ambiance chaleureuse,Espace de rangement,Conduite souple,Climatisation,Conversation,Sièges inclinables,Wi-Fi gratuit",Traveler,Meiganga
3034,Mokolo,"Boisson gratuite,Climatisation,Vue panoramique,Connectivité,Navigation GPS",Planner,Dibombari
4896,Nkongsamba,"Ambiance chaleureuse,Assistance bagages,Espace de rangement,Silence,Musique,Ponctualité,Sièges inclinables,Connectivité,Wi-Fi gratuit,Langue parlée,Climatisation,Conversation,Confort",Planner,Kumba
128,Belabo,Cuisine,Planner,Essos
4545,Buea,"Cuisine,Connectivité,Assistance bagages,Conduite souple,Conversation,Climatisation",Planner,Essos
722,Essos,"Sport,Chauffeur expérimenté,Vue panoramique,Espace de rangement,Langue parlée,Navigation GPS,Assistance bagages,Conversation,Cuisine,Ambiance chaleureuse,Musique,Éclairage tamisé,Climatisation,Boisson gratuite,Silence,Wi-Fi gratuit,Conduite souple,Connectivité",Traveler,Bertoua
2593,Gazawa,"Éclairage tamisé,Wi-Fi gratuit,Sport,Cuisine,Boisson gratuite,Langue parlée,Ponctualité,Chauffeur expérimenté,Silence,Vue panoramique,Connectivité,Musique,Espace de rangement,Sièges inclinables,Ambiance chaleureuse,Climatisation,Assistance bagages",Traveler,Campo
2424,Mbalmayo,"Boisson gratuite,Sièges inclinables,Confort,Wi-Fi gratuit,Chauffeur expérimenté,Ambiance chaleureuse",Traveler,Bonamoussadi
3062,Yagoua,"Musique,Boisson gratuite,Chauffeur expérimenté,Langue parlée,Silence,Ponctualité",Traveler,Bogo
1509,Mbanga,"Assistance bagages,Langue parlée,Vue panoramique,Ponctualité,Sièges inclinables,Silence,Conduite souple,Chauffeur expérimenté,Connectivité,Conversation,Ambiance chaleureuse,Éclairage tamisé,Sport,Espace de rangement,Musique,Wi-Fi gratuit",Traveler,Limbe
2017,Bafia,"Assistance bagages,Langue parlée,Conversation,Conduite souple,Espace de rangement,Cuisine,Confort",Traveler,Muyuka
4448,Meiganga,"Assistance bagages,Espace de rangement,Cuisine,Navigation GPS,Confort,Animaux acceptés,Climatisation,Ponctualité,Sièges inclinables,Boisson gratuite",Planner,Bertoua
804,Edéa,"Conversation,Langue parlée,Climatisation,Navigation GPS,Connectivité,Musique,Ponctualité,Animaux acceptés,Vue panoramique,Cuisine,Confort,Assistance bagages,Conduite souple,Chauffeur expérimenté,Boisson gratuite",Traveler,Bafoussam
2496,Campo,"Climatisation,Sport,Musique,Silence,Espace de rangement,Ponctualité,Chauffeur expérimenté,Boisson gratuite,Langue parlée,Sièges inclinables,Éclairage tamisé,Confort",Planner,Mora
1374,Loum,Wi-Fi gratuit,Planner,Meiganga
4683,Messa,"Langue parlée,Navigation GPS,Chauffeur expérimenté,Conversation,Éclairage tamisé,Wi-Fi gratuit,Cuisine,Assistance bagages,Silence,Ponctualité,Confort,Climatisation,Animaux acceptés,Boisson gratuite,Espace de rangement,Musique,Sièges inclinables,Conduite souple",Traveler,Fontem
4735,Muyuka,"Connectivité,Chauffeur expérimenté,Ambiance chaleureuse,Sièges inclinables,Silence",Planner,Mbanga
95,Bandjoun,"Connectivité,Sport,Animaux acceptés,Éclairage tamisé,Espace de rangement,Wi-Fi gratuit,Silence,Climatisation,Cuisine,Confort,Vue panoramique,Ponctualité,Conduite souple,Boisson gratuite,Conversation,Chauffeur expérimenté,Sièges inclinables,Langue parlée,Ambiance chaleureuse,Navigation GPS,Musique,Assistance bagages",Planner,Kousseri
3075,Belo,"Connectivité,Confort,Wi-Fi gratuit,Éclairage tamisé,Vue panoramique,Assistance bagages,Navigation GPS,Espace de rangement,Climatisation,Animaux acceptés,Conversation,Ambiance chaleureuse,Sièges inclinables,Boisson gratuite,Langue parlée,Chauffeur expérimenté,Musique,Silence,Cuisine,Conduite souple",Traveler,Mokolo
3164,Limbe,"Vue panoramique,Éclairage tamisé,Chauffeur expérimenté,Boisson gratuite,Conduite souple,Connectivité,Navigation GPS,Wi-Fi gratuit,Assistance bagages,Ambiance chaleureuse,Cuisine,Climatisation,Confort,Espace de rangement",Planner,Meiganga
3675,Muyuka,"Animaux acceptés,Langue parlée,Navigation GPS,Climatisation,Musique,Cuisine,Éclairage tamisé,Vue panoramique,Boisson gratuite,Ambiance chaleureuse,Confort",Traveler,Mbalmayo
4797,Beti,"Assistance bagages,Confort,Espace de rangement,Langue parlée",Traveler,Belo
3553,Bonabéri,"Cuisine,Ponctualité,Espace de rangement,Climatisation,Animaux acceptés,Confort,Boisson gratuite,Assistance bagages,Éclairage tamisé,Langue parlée,Sièges inclinables",Planner,Messa
4318,Bafia,"Boisson gratuite,Conversation,Connectivité",Traveler,Yaounde
4406,Douala,"Navigation GPS,Sièges inclinables,Musique,Connectivité,Sport,Confort,Assistance bagages,Boisson gratuite,Conversation,Climatisation,Animaux acceptés",Traveler,Bali Nyonga
314,Mutengene,"Chauffeur expérimenté,Assistance bagages,Éclairage tamisé,Connectivité,Ponctualité,Animaux acceptés,Sièges inclinables,Vue panoramique,Wi-Fi gratuit,Silence,Cuisine,Espace de rangement,Sport,Ambiance chaleureuse,Climatisation,Conversation,Boisson gratuite,Conduite souple,Langue parlée",Traveler,Messa
2265,Boutours,"Chauffeur expérimenté,Sièges inclinables,Animaux acceptés",Traveler,Bafia
2263,Bertoua,"Cuisine,Conversation,Ponctualité,Silence,Navigation GPS,Vue panoramique,Confort,Animaux acceptés,Musique,Climatisation,Sièges inclinables,Espace de rangement",Traveler,Mbandjock
3775,Yaounde,"Wi-Fi gratuit,Confort,Vue panoramique,Sport,Boisson gratuite,Conversation,Cuisine,Espace de rangement,Silence,Langue parlée,Sièges inclinables,Navigation GPS,Conduite souple,Chauffeur expérimenté,Connectivité,Assistance bagages,Ambiance chaleureuse,Animaux acceptés,Ponctualité",Planner,Maroua
1281,Bonanjo,"Conversation,Ponctualité,Sièges inclinables,Assistance bagages",Traveler,Bamenda
3821,Bonamoussadi,"Ambiance chaleureuse,Silence,Chauffeur expérimenté,Sport,Confort,Musique,Espace de rangement,Assistance bagages,Wi-Fi gratuit,Climatisation,Boisson gratuite,Langue parlée,Connectivité,Éclairage tamisé,Conduite souple,Ponctualité,Navigation GPS,Conversation,Sièges inclinables,Vue panoramique,Animaux acceptés,Cuisine",Traveler,Mbanga
1161,Dibombari,"Ambiance chaleureuse,Chauffeur expérimenté,Ponctualité,Confort,Assistance bagages,Espace de rangement,Éclairage tamisé,Navigation GPS,Sièges inclinables,Musique,Boisson gratuite,Silence,Conversation,Conduite souple,Sport",Planner,Messa
3474,Buea,"Ponctualité,Wi-Fi gratuit,Boisson gratuite,Navigation GPS,Assistance bagages,Conversation,Silence,Conduite souple,Sport,Chauffeur expérimenté,Sièges inclinables,Confort,Langue parlée,Ambiance chaleureuse,Climatisation,Connectivité,Animaux acceptés",Planner,Mora
1560,Guider,"Sièges inclinables,Navigation GPS,Silence",Planner,Mbandjock
38,Nanga-Eboko,"Navigation GPS,Espace de rangement,Assistance bagages,Connectivité,Ponctualité,Musique,Silence,Confort,Sièges inclinables,Conversation,Wi-Fi gratuit,Climatisation,Vue panoramique,Langue parlée,Sport,Éclairage tamisé,Chauffeur expérimenté,Cuisine,Animaux acceptés,Boisson gratuite",Planner,Limbe
826,Bertoua,"Chauffeur expérimenté,Musique,Langue parlée,Conduite souple,Éclairage tamisé,Navigation GPS,Ambiance chaleureuse,Sport,Climatisation,Conversation,Vue panoramique,Wi-Fi gratuit,Boisson gratuite,Espace de rangement,Animaux acceptés,Sièges inclinables,Cuisine,Connectivité,Confort",Planner,Essos
3539,Essos,"Boisson gratuite,Vue panoramique,Conversation",Traveler,Edéa
4883,Bafoussam,"Conversation,Assistance bagages,Musique,Connectivité,Navigation GPS,Vue panoramique,Sièges inclinables,Silence,Wi-Fi gratuit,Boisson gratuite,Éclairage tamisé,Langue parlée,Ambiance chaleureuse,Ponctualité,Climatisation,Espace de rangement,Cuisine",Planner,Nanga-Eboko
3908,Kumba,"Navigation GPS,Langue parlée",Planner,Figuif
4673,Bonabéri,"Conduite souple,Langue parlée,Cuisine,Sièges inclinables,Confort,Éclairage tamisé,Vue panoramique,Animaux acceptés,Chauffeur expérimenté",Traveler,Bafoussam
3041,Loum,Cuisine,Planner,Kousseri
3841,Bafang,"Animaux acceptés,Ponctualité,Assistance bagages,Éclairage tamisé,Cuisine,Boisson gratuite,Silence,Wi-Fi gratuit,Espace de rangement,Climatisation,Langue parlée,Confort,Chauffeur expérimenté,Conduite souple,Vue panoramique,Navigation GPS,Sièges inclinables",Traveler,Bali Nyonga
4443,Mokolo,"Cuisine,Navigation GPS,Wi-Fi gratuit,Assistance bagages,Langue parlée",Traveler,Banga Bakundu
2989,Bafia,"Boisson gratuite,Sièges inclinables,Sport,Espace de rangement,Wi-Fi gratuit,Ponctualité,Navigation GPS,Chauffeur expérimenté,Assistance bagages,Langue parlée,Silence,Conduite souple,Climatisation,Musique,Confort",Traveler,Dibombari
393,Loum,"Espace de rangement,Musique,Navigation GPS,Cuisine,Langue parlée,Éclairage tamisé,Ambiance chaleureuse,Chauffeur expérimenté,Sport,Climatisation,Wi-Fi gratuit,Sièges inclinables,Confort,Ponctualité",Planner,Buea
4592,Belabo,"Confort,Assistance bagages,Wi-Fi gratuit,Espace de rangement,Cuisine,Silence,Éclairage tamisé,Sport,Boisson gratuite,Ponctualité,Chauffeur expérimenté,Climatisation,Conduite souple,Ambiance chaleureuse,Vue panoramique,Connectivité",Traveler,Bonakouamouang
1075,Buea,"Boisson gratuite,Sport,Vue panoramique",Planner,Bonanjo
3926,Bonakouamouang,"Sport,Éclairage tamisé,Assistance bagages,Chauffeur expérimenté,Vue panoramique,Sièges inclinables,Animaux acceptés,Climatisation,Confort",Planner,Beti
3098,Buea,"Wi-Fi gratuit,Ambiance chaleureuse,Conduite souple,Éclairage tamisé,Cuisine,Ponctualité,Conversation,Confort,Navigation GPS,Sièges inclinables,Langue parlée,Chauffeur expérimenté,Silence",Traveler,Edéa
169,Boutours,"Ponctualité,Silence",Traveler,Mokolo
2724,Messa,"Animaux acceptés,Conversation,Langue parlée,Navigation GPS,Espace de rangement,Wi-Fi gratuit,Chauffeur expérimenté,Boisson gratuite,Sport,Vue panoramique,Conduite souple,Silence,Confort,Sièges inclinables,Cuisine,Assistance bagages,Climatisation,Musique,Ambiance chaleureuse",Planner,Kumba
4980,Belo,"Connectivité,Ambiance chaleureuse,Ponctualité,Sport",Planner,Bonaberi
4499,Bonabéri,"Sport,Ambiance chaleureuse,Assistance bagages,Chauffeur expérimenté,Espace de rangement,Conversation,Boisson gratuite,Connectivité,Langue parlée,Cuisine",Planner,Maroua
1933,Bonamoussadi,"Ambiance chaleureuse,Navigation GPS,Vue panoramique,Cuisine,Connectivité,Climatisation,Assistance bagages",Traveler,Fontem
107,Bonaberi,"Boisson gratuite,Ambiance chaleureuse,Connectivité,Silence,Climatisation,Sport,Sièges inclinables,Navigation GPS,Conduite souple",Planner,Guider
3603,Bamenda,"Éclairage tamisé,Wi-Fi gratuit,Vue panoramique,Ponctualité,Climatisation",Planner,Belo
3124,Bonabéri,"Conversation,Chauffeur expérimenté,Ponctualité,Wi-Fi gratuit",Traveler,Beti
4276,Nkongsamba,"Assistance bagages,Animaux acceptés,Chauffeur expérimenté,Confort,Ponctualité,Boisson gratuite,Conduite souple,Wi-Fi gratuit,Langue parlée,Conversation,Silence,Ambiance chaleureuse",Planner,Kribi
2917,Campo,"Connectivité,Climatisation,Espace de rangement,Cuisine,Sièges inclinables,Musique,Vue panoramique,Silence,Langue parlée,Navigation GPS,Assistance bagages,Éclairage tamisé,Chauffeur expérimenté",Traveler,Mbanga
3894,Messa,"Espace de rangement,Confort,Navigation GPS,Conduite souple,Sièges inclinables,Assistance bagages,Wi-Fi gratuit,Silence,Cuisine,Chauffeur expérimenté,Connectivité,Ambiance chaleureuse,Langue parlée,Éclairage tamisé,Conversation,Climatisation,Musique,Sport,Vue panoramique,Animaux acceptés,Boisson gratuite",Planner,Mokolo
4107,Douala,"Conduite souple,Chauffeur expérimenté,Wi-Fi gratuit,Vue panoramique,Sièges inclinables,Ponctualité,Éclairage tamisé,Conversation,Boisson gratuite,Confort",Planner,Beti
1059,Kumba,"Langue parlée,Chauffeur expérimenté,Sport,Espace de rangement,Conduite souple,Assistance bagages,Cuisine,Éclairage tamisé,Animaux acceptés,Navigation GPS,Musique,Vue panoramique,Wi-Fi gratuit,Sièges inclinables",Planner,Beti
1986,Bali Nyonga,"Langue parlée,Climatisation,Connectivité,Sièges inclinables,Silence,Éclairage tamisé,Vue panoramique,Conversation,Espace de rangement,Cuisine,Chauffeur expérimenté",Planner,Bonakouamouang
4910,Campo,"Assistance bagages,Boisson gratuite,Ambiance chaleureuse,Chauffeur expérimenté,Silence,Sport",Planner,Batibo
1224,Belo,"Chauffeur expérimenté,Sport,Wi-Fi gratuit,Conduite souple,Espace de rangement,Ambiance chaleureuse,Ponctualité,Connectivité,Musique,Navigation GPS,Climatisation,Assistance bagages,Silence,Sièges inclinables",Planner,Garoua
1205,Bafoussam,"Navigation GPS,Espace de rangement,Animaux acceptés,Silence,Conduite souple,Assistance bagages,Éclairage tamisé,Connectivité,Wi-Fi gratuit",Traveler,Mbalmayo
905,Limbe,"Langue parlée,Ambiance chaleureuse,Conduite souple,Vue panoramique,Navigation GPS,Espace de rangement,Silence,Confort,Ponctualité,Sièges inclinables,Wi-Fi gratuit,Animaux acceptés,Climatisation,Conversation,Éclairage tamisé,Connectivité,Boisson gratuite,Assistance bagages,Cuisine",Planner,Belabo
324,Boutours,"Éclairage tamisé,Conduite souple,Animaux acceptés,Conversation,Espace de rangement,Wi-Fi gratuit,Vue panoramique,Ponctualité,Connectivité,Navigation GPS,Confort,Langue parlée,Silence,Sièges inclinables,Boisson gratuite,Musique,Chauffeur expérimenté,Climatisation,Sport,Assistance bagages,Ambiance chaleureuse",Traveler,Bonanjo
3041,Kousseri,"Ambiance chaleureuse,Confort,Éclairage tamisé,Ponctualité,Cuisine,Conduite souple,Climatisation,Vue panoramique,Conversation,Navigation GPS,Chauffeur expérimenté,Wi-Fi gratuit,Musique,Sièges inclinables,Boisson gratuite,Assistance bagages,Animaux acceptés",Traveler,Bogo
2089,Kribi,"Langue parlée,Vue panoramique,Sport,Silence,Animaux acceptés,Confort,Cuisine,Assistance bagages,Connectivité,Musique,Navigation GPS,Conversation,Éclairage tamisé,Ambiance chaleureuse,Sièges inclinables,Climatisation,Wi-Fi gratuit,Ponctualité,Boisson gratuite,Espace de rangement,Chauffeur expérimenté",Planner,Limbe
1496,Boutours,"Éclairage tamisé,Assistance bagages,Ambiance chaleureuse,Animaux acceptés,Climatisation,Ponctualité,Langue parlée,Vue panoramique,Confort,Chauffeur expérimenté,Navigation GPS",Traveler,Muyuka
2059,Bafoussam,"Confort,Cuisine,Vue panoramique,Wi-Fi gratuit,Conversation,Boisson gratuite,Silence,Connectivité,Chauffeur expérimenté,Espace de rangement,Ambiance chaleureuse,Sport,Éclairage tamisé,Ponctualité,Langue parlée,Climatisation,Navigation GPS,Animaux acceptés,Sièges inclinables,Musique,Conduite souple,Assistance bagages",Traveler,Maroua
2213,Buea,"Animaux acceptés,Éclairage tamisé",Traveler,Mbalmayo
1723,Mokolo,"Vue panoramique,Sport,Confort,Espace de rangement,Navigation GPS,Langue parlée,Sièges inclinables",Planner,Bafoussam
4587,Batibo,"Climatisation,Espace de rangement,Musique,Ambiance chaleureuse,Silence,Éclairage tamisé,Conduite souple,Sièges inclinables,Navigation GPS,Boisson gratuite,Sport,Conversation",Traveler,Bimbia
3662,Mutengene,"Espace de rangement,Cuisine,Musique,Éclairage tamisé,Conversation,Conduite souple,Chauffeur expérimenté,Vue panoramique,Sport,Ponctualité,Boisson gratuite,Navigation GPS,Langue parlée,Confort,Silence,Sièges inclinables,Connectivité,Ambiance chaleureuse",Traveler,Mbandjock
4389,Bertoua,"Vue panoramique,Sièges inclinables,Confort,Assistance bagages,Animaux acceptés,Ponctualité,Climatisation,Musique,Wi-Fi gratuit,Espace de rangement,Cuisine,Connectivité,Chauffeur expérimenté,Ambiance chaleureuse,Conversation",Traveler,Boutours
3437,Yagoua,"Musique,Conversation,Ambiance chaleureuse,Sièges inclinables,Animaux acceptés,Navigation GPS,Wi-Fi gratuit,Confort,Conduite souple,Connectivité,Vue panoramique,Cuisine,Boisson gratuite,Ponctualité,Climatisation,Silence,Éclairage tamisé",Traveler,Dibombari
3981,Maroua,Sport,Planner,Bertoua
3209,Melong,"Animaux acceptés,Ambiance chaleureuse,Ponctualité,Musique,Conversation,Connectivité,Sièges inclinables,Silence,Confort,Boisson gratuite,Wi-Fi gratuit,Navigation GPS,Sport,Cuisine,Espace de rangement",Traveler,Bafang
40,Bandjoun,"Confort,Vue panoramique",Planner,Campo
3779,Limbe,"Langue parlée,Climatisation,Connectivité,Cuisine",Traveler,Bogo
728,Melong,"Musique,Cuisine,Chauffeur expérimenté,Ambiance chaleureuse,Langue parlée,Boisson gratuite,Navigation GPS,Animaux acceptés,Silence,Connectivité,Vue panoramique,Ponctualité,Climatisation,Espace de rangement,Confort,Conduite souple,Wi-Fi gratuit,Sièges inclinables,Sport,Éclairage tamisé",Traveler,Bonamoussadi
2716,Mokolo,"Cuisine,Confort,Musique,Boisson gratuite,Animaux acceptés",Planner,Messa
4852,Bonakouamouang,"Vue panoramique,Animaux acceptés,Cuisine,Espace de rangement,Ponctualité,Sport,Connectivité,Conduite souple,Climatisation,Navigation GPS,Assistance bagages",Traveler,Mokolo
3601,Belabo,"Conduite souple,Connectivité,Musique,Chauffeur expérimenté",Planner,Limbe
151,Bonanjo,"Sièges inclinables,Climatisation,Vue panoramique,Silence,Connectivité,Cuisine,Conduite souple,Navigation GPS,Sport,Langue parlée",Planner,Kumba
179,Belabo,"Silence,Climatisation,Wi-Fi gratuit,Animaux acceptés,Assistance bagages,Connectivité",Planner,Loum
3538,Yagoua,Chauffeur expérimenté,Planner,Bafoussam
2491,Muyuka,"Navigation GPS,Musique,Langue parlée,Éclairage tamisé,Conduite souple,Conversation,Cuisine,Assistance bagages,Ponctualité,Vue panoramique,Confort,Animaux acceptés,Chauffeur expérimenté,Boisson gratuite,Silence,Sièges inclinables,Connectivité,Climatisation,Espace de rangement,Wi-Fi gratuit,Ambiance chaleureuse,Sport",Traveler,Figuif
3865,Essos,"Wi-Fi gratuit,Conduite souple,Cuisine,Animaux acceptés,Silence,Langue parlée,Confort,Espace de rangement,Ambiance chaleureuse,Climatisation,Sport,Musique,Chauffeur expérimenté,Navigation GPS,Boisson gratuite,Conversation,Ponctualité",Planner,Messa
3751,Limbe,"Animaux acceptés,Sport,Boisson gratuite,Sièges inclinables,Silence,Conduite souple,Ambiance chaleureuse,Wi-Fi gratuit,Éclairage tamisé,Ponctualité,Navigation GPS,Connectivité,Conversation,Musique,Vue panoramique,Climatisation,Langue parlée,Assistance bagages,Cuisine,Chauffeur expérimenté,Confort,Espace de rangement",Traveler,Bali
2937,Banga Bakundu,"Chauffeur expérimenté,Vue panoramique,Ponctualité,Conversation,Assistance bagages,Confort,Animaux acceptés,Silence,Ambiance chaleureuse,Sièges inclinables",Traveler,Bonanjo
3310,Nkongsamba,"Sièges inclinables,Vue panoramique,Silence,Espace de rangement,Langue parlée,Climatisation,Boisson gratuite,Navigation GPS,Éclairage tamisé,Cuisine,Wi-Fi gratuit,Chauffeur expérimenté,Assistance bagages,Animaux acceptés",Traveler,Bali
4872,Bali Nyonga,"Connectivité,Musique,Cuisine,Wi-Fi gratuit,Ponctualité,Éclairage tamisé,Ambiance chaleureuse",Traveler,Kumba
2813,Yaounde,"Climatisation,Musique,Ponctualité,Chauffeur expérimenté,Langue parlée,Vue panoramique,Sport,Assistance bagages,Ambiance chaleureuse,Éclairage tamisé,Espace de rangement,Navigation GPS,Wi-Fi gratuit,Sièges inclinables,Boisson gratuite",Traveler,Bandjoun
2146,Melong,"Cuisine,Ponctualité,Vue panoramique",Planner,Kumba
3083,Muyuka,"Éclairage tamisé,Wi-Fi gratuit,Assistance bagages,Conversation,Connectivité,Chauffeur expérimenté,Animaux acceptés,Langue parlée,Ambiance chaleureuse,Climatisation,Confort,Espace de rangement,Sport,Ponctualité",Planner,Beti
3195,Bonanjo,"Ambiance chaleureuse,Confort,Éclairage tamisé,Sièges inclinables,Silence",Planner,Nkongsamba
4600,Mokolo,"Cuisine,Conduite souple,Sport,Musique,Sièges inclinables,Espace de rangement,Confort,Assistance bagages,Chauffeur expérimenté,Navigation GPS,Silence,Wi-Fi gratuit,Climatisation,Éclairage tamisé,Boisson gratuite,Langue parlée,Connectivité,Vue panoramique",Traveler,Nkongsamba
2212,Banga Bakundu,"Connectivité,Animaux acceptés",Planner,Beti
3962,Kumba,"Boisson gratuite,Assistance bagages,Confort,Silence,Sièges inclinables",Traveler,Bogo
862,Belo,"Assistance bagages,Sport,Cuisine,Navigation GPS,Ambiance chaleureuse,Sièges inclinables,Langue parlée,Connectivité,Ponctualité,Conduite souple,Animaux acceptés,Musique,Boisson gratuite,Climatisation,Silence,Espace de rangement,Wi-Fi gratuit,Conversation,Chauffeur expérimenté,Vue panoramique,Éclairage tamisé",Traveler,Bertoua
3546,Kumba,"Wi-Fi gratuit,Assistance bagages,Éclairage tamisé,Vue panoramique,Climatisation,Silence,Animaux acceptés,Boisson gratuite,Musique,Ambiance chaleureuse,Conduite souple",Planner,Meiganga
2554,Mbouda,"Conversation,Éclairage tamisé,Climatisation,Navigation GPS,Cuisine,Ambiance chaleureuse,Espace de rangement,Conduite souple,Assistance bagages,Musique,Confort,Vue panoramique,Connectivité,Sport",Planner,Bogo
2521,Bertoua,"Vue panoramique,Langue parlée,Sport,Ambiance chaleureuse,Ponctualité,Navigation GPS,Wi-Fi gratuit,Connectivité,Climatisation,Conversation,Musique,Boisson gratuite,Confort,Conduite souple,Sièges inclinables,Cuisine",Planner,Mbalmayo
4594,Meiganga,"Boisson gratuite,Assistance bagages,Connectivité,Sièges inclinables,Wi-Fi gratuit,Musique,Langue parlée,Navigation GPS,Ambiance chaleureuse,Climatisation,Vue panoramique,Éclairage tamisé,Sport,Silence,Conversation",Traveler,Figuif
4928,Gazawa,"Assistance bagages,Langue parlée,Éclairage tamisé,Connectivité,Boisson gratuite,Climatisation,Silence,Conduite souple,Sport,Wi-Fi gratuit,Espace de rangement,Conversation",Traveler,Mbanga
1600,Mora,"Confort,Langue parlée",Traveler,Bafia
1636,Campo,"Conversation,Confort,Éclairage tamisé,Langue parlée,Connectivité,Cuisine",Planner,Melong
4997,Bafoussam,"Ponctualité,Confort,Animaux acceptés,Boisson gratuite,Ambiance chaleureuse,Sport,Wi-Fi gratuit,Conduite souple,Espace de rangement,Vue panoramique,Assistance bagages,Éclairage tamisé,Climatisation,Navigation GPS,Conversation,Silence,Musique,Chauffeur expérimenté,Cuisine,Connectivité,Sièges inclinables",Traveler,Yagoua
1725,Bali Nyonga,"Wi-Fi gratuit,Animaux acceptés,Connectivité,Musique,Silence,Ponctualité,Conduite souple,Cuisine,Ambiance chaleureuse,Boisson gratuite,Conversation,Assistance bagages,Sport,Langue parlée,Sièges inclinables,Chauffeur expérimenté,Confort,Vue panoramique,Éclairage tamisé,Espace de rangement,Navigation GPS",Planner,Bamenda
1223,Bonakouamouang,"Vue panoramique,Cuisine,Assistance bagages,Animaux acceptés,Chauffeur expérimenté,Climatisation,Silence,Wi-Fi gratuit,Ambiance chaleureuse,Musique,Conversation,Éclairage tamisé,Espace de rangement,Langue parlée,Confort,Sièges inclinables",Planner,Belabo
3826,Bonakouamouang,"Silence,Connectivité,Confort,Sport,Wi-Fi gratuit,Boisson gratuite,Espace de rangement",Planner,Mora
4046,Figuif,"Navigation GPS,Conduite souple,Chauffeur expérimenté,Langue parlée,Climatisation,Ambiance chaleureuse,Cuisine,Silence,Sièges inclinables,Espace de rangement,Vue panoramique",Traveler,Bonaberi
2794,Mokolo,"Conduite souple,Confort,Ambiance chaleureuse,Navigation GPS,Langue parlée,Sièges inclinables,Vue panoramique,Éclairage tamisé,Animaux acceptés,Sport,Assistance bagages,Climatisation,Boisson gratuite,Ponctualité",Planner,Bogo
4897,Mbanga,"Espace de rangement,Confort,Ponctualité,Climatisation",Planner,Buea
1296,Belo,"Conduite souple,Animaux acceptés,Ponctualité,Connectivité,Chauffeur expérimenté,Boisson gratuite,Langue parlée,Ambiance chaleureuse,Assistance bagages,Cuisine,Musique,Wi-Fi gratuit,Sièges inclinables",Traveler,Gazawa
525,Campo,"Animaux acceptés,Conduite souple,Silence,Ambiance chaleureuse,Climatisation,Chauffeur expérimenté,Cuisine",Planner,Bamenda
4684,Gazawa,"Langue parlée,Musique,Ponctualité,Chauffeur expérimenté,Espace de rangement,Vue panoramique,Sport,Éclairage tamisé,Ambiance chaleureuse,Assistance bagages,Boisson gratuite,Connectivité,Cuisine,Climatisation,Navigation GPS,Sièges inclinables,Confort,Silence,Conduite souple,Animaux acceptés",Traveler,Dibombari
2330,Mbanga,"Sport,Wi-Fi gratuit,Chauffeur expérimenté,Assistance bagages,Animaux acceptés,Climatisation,Sièges inclinables,Boisson gratuite,Musique,Cuisine,Vue panoramique,Connectivité,Ambiance chaleureuse,Conduite souple,Silence,Navigation GPS,Espace de rangement,Ponctualité,Langue parlée",Planner,Mora
4715,Banga Bakundu,"Navigation GPS,Ponctualité,Chauffeur expérimenté,Sport,Conversation,Sièges inclinables,Confort,Vue panoramique",Planner,Douala
3656,Beti,"Espace de rangement,Ponctualité,Musique,Boisson gratuite,Sièges inclinables,Conversation,Chauffeur expérimenté,Climatisation,Cuisine,Conduite souple,Sport,Ambiance chaleureuse,Navigation GPS,Silence,Confort,Wi-Fi gratuit,Éclairage tamisé,Vue panoramique,Animaux acceptés,Connectivité,Langue parlée",Planner,Mora
4731,Bonaberi,"Conduite souple,Sièges inclinables,Assistance bagages,Conversation,Climatisation,Éclairage tamisé,Wi-Fi gratuit,Animaux acceptés,Boisson gratuite,Navigation GPS,Ponctualité",Traveler,Dibombari
4946,Essos,"Musique,Conversation,Ambiance chaleureuse,Langue parlée,Animaux acceptés,Conduite souple,Ponctualité,Wi-Fi gratuit,Assistance bagages,Confort,Chauffeur expérimenté,Connectivité,Silence,Navigation GPS,Climatisation,Espace de rangement,Boisson gratuite,Vue panoramique",Planner,Mora
1167,Muyuka,"Confort,Musique,Animaux acceptés,Sièges inclinables,Éclairage tamisé,Chauffeur expérimenté,Sport,Climatisation",Planner,Bonabéri
4467,Yagoua,"Cuisine,Confort,Ponctualité,Silence,Navigation GPS,Sport,Chauffeur expérimenté,Connectivité,Vue panoramique,Éclairage tamisé,Climatisation",Traveler,Bertoua
3507,Bandjoun,"Chauffeur expérimenté,Navigation GPS,Conduite souple,Boisson gratuite",Planner,Bamenda
1753,Mbandjock,"Assistance bagages,Boisson gratuite",Planner,Bandjoun
4250,Mutengene,"Éclairage tamisé,Ponctualité,Langue parlée,Chauffeur expérimenté,Sièges inclinables,Musique,Boisson gratuite,Ambiance chaleureuse,Climatisation,Cuisine",Traveler,Essos
3453,Bafoussam,"Connectivité,Espace de rangement,Wi-Fi gratuit",Traveler,Mora
1888,Muyuka,"Vue panoramique,Conversation,Conduite souple,Animaux acceptés,Ponctualité,Éclairage tamisé,Climatisation,Wi-Fi gratuit,Cuisine,Confort,Boisson gratuite,Espace de rangement,Sièges inclinables,Connectivité,Langue parlée,Navigation GPS,Ambiance chaleureuse,Chauffeur expérimenté,Silence",Planner,Mora
2580,Meiganga,"Animaux acceptés,Sièges inclinables,Ponctualité,Assistance bagages,Espace de rangement,Vue panoramique,Langue parlée,Conduite souple,Confort,Musique,Sport,Chauffeur expérimenté,Silence,Boisson gratuite,Ambiance chaleureuse",Traveler,Belabo
1961,Bertoua,"Musique,Cuisine,Navigation GPS,Sport,Animaux acceptés,Ponctualité",Traveler,Muyuka
645,Bafang,"Climatisation,Musique,Sièges inclinables,Ambiance chaleureuse,Navigation GPS,Chauffeur expérimenté,Wi-Fi gratuit",Traveler,Muyuka
4035,Essos,"Espace de rangement,Wi-Fi gratuit,Boisson gratuite,Éclairage tamisé,Langue parlée,Sport,Chauffeur expérimenté,Conduite souple,Ponctualité,Vue panoramique,Assistance bagages,Conversation,Connectivité,Musique",Planner,Edéa
428,Gazawa,"Silence,Animaux acceptés,Musique,Éclairage tamisé,Langue parlée,Climatisation,Confort,Vue panoramique,Espace de rangement,Boisson gratuite,Sièges inclinables,Cuisine,Connectivité,Navigation GPS",Traveler,Guider
2139,Figuif,"Chauffeur expérimenté,Animaux acceptés,Conversation,Sièges inclinables,Conduite souple,Connectivité,Langue parlée,Vue panoramique,Éclairage tamisé,Wi-Fi gratuit",Planner,Essos
4486,Mbanga,"Animaux acceptés,Musique,Éclairage tamisé,Connectivité,Vue panoramique,Sport,Sièges inclinables,Espace de rangement,Climatisation,Navigation GPS,Silence,Conduite souple,Conversation,Assistance bagages,Langue parlée,Confort,Wi-Fi gratuit,Chauffeur expérimenté,Boisson gratuite",Traveler,Muyuka
1173,Boutours,"Sièges inclinables,Espace de rangement,Musique,Climatisation,Éclairage tamisé,Silence,Cuisine,Wi-Fi gratuit,Assistance bagages,Langue parlée,Animaux acceptés,Ponctualité,Boisson gratuite,Conversation",Planner,Mokolo
2758,Douala,"Boisson gratuite,Chauffeur expérimenté,Musique,Sport,Conduite souple,Langue parlée,Conversation,Confort,Wi-Fi gratuit,Ponctualité,Éclairage tamisé,Cuisine,Espace de rangement,Assistance bagages,Vue panoramique",Planner,Bali Nyonga
4310,Mora,"Conversation,Langue parlée,Éclairage tamisé,Connectivité,Boisson gratuite,Confort,Climatisation,Chauffeur expérimenté,Ponctualité,Sièges inclinables,Espace de rangement,Wi-Fi gratuit,Navigation GPS",Planner,Buea
101,Nkongsamba,Langue parlée,Planner,Mbouda
521,Gazawa,"Ponctualité,Espace de rangement,Chauffeur expérimenté,Silence,Navigation GPS,Animaux acceptés,Sport,Connectivité,Sièges inclinables,Assistance bagages,Cuisine,Confort,Ambiance chaleureuse,Climatisation,Vue panoramique,Boisson gratuite,Musique,Wi-Fi gratuit,Éclairage tamisé,Langue parlée,Conduite souple",Traveler,Campo
3979,Bertoua,"Silence,Vue panoramique,Animaux acceptés,Sport,Ponctualité,Ambiance chaleureuse,Connectivité,Wi-Fi gratuit,Climatisation,Confort,Sièges inclinables,Conduite souple,Espace de rangement,Chauffeur expérimenté",Traveler,Mutengene
1662,Bafia,"Conversation,Connectivité",Traveler,Bimbia
2137,Batibo,"Confort,Chauffeur expérimenté,Wi-Fi gratuit,Sièges inclinables,Ambiance chaleureuse,Sport,Ponctualité,Espace de rangement,Conduite souple,Vue panoramique",Traveler,Gazawa
3654,Mbandjock,"Sièges inclinables,Navigation GPS,Langue parlée",Planner,Essos
1870,Meiganga,"Confort,Boisson gratuite,Animaux acceptés,Musique,Vue panoramique,Ponctualité,Éclairage tamisé,Ambiance chaleureuse,Assistance bagages,Chauffeur expérimenté,Navigation GPS,Conduite souple,Wi-Fi gratuit",Traveler,Mbandjock
2518,Banga Bakundu,"Silence,Vue panoramique,Ambiance chaleureuse,Langue parlée,Sport,Sièges inclinables,Éclairage tamisé,Confort,Navigation GPS,Conversation,Connectivité,Espace de rangement",Traveler,Essos
888,Mora,"Cuisine,Espace de rangement,Connectivité,Langue parlée,Conduite souple,Ambiance chaleureuse,Wi-Fi gratuit",Traveler,Douala
4844,Mbalmayo,"Connectivité,Conduite souple,Animaux acceptés,Ponctualité,Musique,Climatisation,Wi-Fi gratuit,Chauffeur expérimenté,Sièges inclinables,Cuisine,Espace de rangement,Vue panoramique,Ambiance chaleureuse,Éclairage tamisé,Boisson gratuite,Langue parlée,Silence,Sport",Planner,Messa
2618,Beti,"Langue parlée,Navigation GPS,Assistance bagages",Planner,Essos
267,Maroua,"Climatisation,Conduite souple,Chauffeur expérimenté,Assistance bagages,Conversation,Langue parlée,Éclairage tamisé,Ambiance chaleureuse,Boisson gratuite,Connectivité",Traveler,Boutours
3349,Kribi,"Silence,Chauffeur expérimenté,Conduite souple,Connectivité,Musique,Conversation,Éclairage tamisé,Ambiance chaleureuse,Sport,Ponctualité,Wi-Fi gratuit,Navigation GPS,Vue panoramique,Confort",Planner,Bogo
2584,Kousseri,"Boisson gratuite,Connectivité,Ambiance chaleureuse,Conduite souple,Sièges inclinables,Espace de rangement,Sport,Confort,Musique,Animaux acceptés,Ponctualité,Éclairage tamisé,Silence,Conversation,Climatisation,Cuisine,Wi-Fi gratuit,Vue panoramique,Assistance bagages,Chauffeur expérimenté,Langue parlée",Planner,Edéa
4895,Bamenda,"Conduite souple,Wi-Fi gratuit,Musique,Navigation GPS,Éclairage tamisé,Confort,Vue panoramique,Sport,Climatisation",Planner,Belo
2894,Figuif,"Conversation,Climatisation,Conduite souple,Ponctualité,Sport,Confort,Assistance bagages,Navigation GPS,Espace de rangement,Sièges inclinables,Boisson gratuite,Musique",Planner,Nkongsamba
3570,Belabo,"Sport,Ponctualité,Vue panoramique,Éclairage tamisé,Musique,Animaux acceptés,Conversation,Connectivité,Silence,Chauffeur expérimenté,Langue parlée,Boisson gratuite,Cuisine,Ambiance chaleureuse,Sièges inclinables,Climatisation,Espace de rangement,Assistance bagages,Confort,Conduite souple",Traveler,Douala
3682,Boutours,"Sièges inclinables,Navigation GPS,Connectivité,Musique,Vue panoramique,Conduite souple,Espace de rangement,Confort,Langue parlée,Wi-Fi gratuit,Climatisation,Silence,Chauffeur expérimenté",Traveler,Belo
2438,Buea,"Musique,Espace de rangement,Conversation,Ambiance chaleureuse,Sport,Climatisation,Wi-Fi gratuit,Connectivité,Éclairage tamisé,Ponctualité,Silence,Animaux acceptés,Assistance bagages,Conduite souple",Traveler,Bogo
4326,Buea,"Wi-Fi gratuit,Animaux acceptés,Musique,Vue panoramique,Cuisine,Éclairage tamisé,Langue parlée,Ambiance chaleureuse",Planner,Belo
1105,Douala,"Climatisation,Assistance bagages,Wi-Fi gratuit,Navigation GPS,Sport,Cuisine,Sièges inclinables,Vue panoramique,Silence,Conduite souple,Conversation,Musique,Ambiance chaleureuse,Langue parlée,Animaux acceptés,Éclairage tamisé,Ponctualité",Planner,Dibombari
1804,Bimbia,"Ponctualité,Sport",Traveler,Limbe
342,Bonaberi,"Vue panoramique,Ambiance chaleureuse",Traveler,Figuif
3278,Bandjoun,"Vue panoramique,Wi-Fi gratuit,Connectivité,Cuisine,Navigation GPS,Sport,Ponctualité,Animaux acceptés,Conduite souple,Assistance bagages,Éclairage tamisé,Espace de rangement,Boisson gratuite,Climatisation,Langue parlée,Ambiance chaleureuse,Conversation,Sièges inclinables,Musique,Silence",Planner,Garoua
4429,Limbe,"Silence,Sièges inclinables,Espace de rangement,Climatisation,Conduite souple,Cuisine,Navigation GPS,Langue parlée,Connectivité,Sport,Confort,Vue panoramique,Ambiance chaleureuse,Éclairage tamisé,Conversation,Boisson gratuite,Chauffeur expérimenté,Ponctualité",Traveler,Maroua
3923,Mbandjock,"Connectivité,Cuisine,Wi-Fi gratuit,Ambiance chaleureuse,Confort,Climatisation,Navigation GPS,Espace de rangement,Conduite souple,Éclairage tamisé,Langue parlée,Silence,Animaux acceptés,Boisson gratuite,Assistance bagages,Sport,Chauffeur expérimenté,Vue panoramique,Musique",Planner,Fontem
2376,Campo,Wi-Fi gratuit,Traveler,Bertoua
2188,Belo,"Langue parlée,Espace de rangement,Éclairage tamisé,Vue panoramique,Ponctualité,Connectivité,Assistance bagages,Conduite souple,Climatisation,Sièges inclinables,Cuisine,Boisson gratuite,Navigation GPS,Silence,Musique,Conversation,Wi-Fi gratuit",Planner,Belo
3786,Muyuka,"Chauffeur expérimenté,Langue parlée,Confort,Cuisine,Vue panoramique,Musique,Climatisation,Boisson gratuite,Conversation,Conduite souple,Sièges inclinables",Planner,Bonabéri
1310,Bonaberi,Sport,Planner,Boutours
1136,Bonamoussadi,"Langue parlée,Assistance bagages,Navigation GPS,Confort,Cuisine,Espace de rangement,Animaux acceptés,Climatisation,Éclairage tamisé,Chauffeur expérimenté",Traveler,Bonanjo
4869,Yagoua,"Sport,Éclairage tamisé,Ambiance chaleureuse,Musique,Connectivité,Ponctualité,Confort,Silence,Langue parlée,Boisson gratuite,Cuisine,Conversation,Navigation GPS,Assistance bagages,Animaux acceptés,Espace de rangement,Conduite souple,Climatisation,Chauffeur expérimenté,Vue panoramique,Wi-Fi gratuit,Sièges inclinables",Planner,Mbouda
3018,Boutours,"Chauffeur expérimenté,Langue parlée,Assistance bagages,Wi-Fi gratuit,Connectivité,Conduite souple,Sport,Animaux acceptés,Ponctualité,Navigation GPS,Sièges inclinables,Ambiance chaleureuse,Musique,Conversation,Éclairage tamisé,Espace de rangement,Vue panoramique,Confort,Cuisine,Climatisation,Silence,Boisson gratuite",Traveler,Bafang
1946,Campo,"Boisson gratuite,Sièges inclinables,Sport,Musique,Climatisation,Ambiance chaleureuse,Assistance bagages,Confort,Ponctualité,Wi-Fi gratuit,Animaux acceptés,Connectivité,Silence,Navigation GPS,Conduite souple,Éclairage tamisé,Conversation,Espace de rangement,Langue parlée,Cuisine",Planner,Yaounde
1441,Loum,"Espace de rangement,Musique,Animaux acceptés,Éclairage tamisé,Langue parlée,Climatisation,Conversation,Ponctualité,Vue panoramique,Conduite souple,Chauffeur expérimenté,Sièges inclinables,Wi-Fi gratuit,Navigation GPS",Planner,Bafang
2121,Bertoua,"Connectivité,Chauffeur expérimenté,Wi-Fi gratuit",Planner,Bonaberi
2662,Batibo,"Conversation,Cuisine,Assistance bagages,Confort,Climatisation,Navigation GPS,Wi-Fi gratuit,Langue parlée,Musique,Vue panoramique,Sièges inclinables,Espace de rangement,Ambiance chaleureuse,Animaux acceptés,Boisson gratuite,Chauffeur expérimenté,Sport,Silence,Conduite souple,Ponctualité",Traveler,Bertoua
1043,Bonabéri,"Conversation,Confort,Éclairage tamisé",Traveler,Bonabéri
129,Bertoua,"Vue panoramique,Connectivité,Sport,Cuisine,Conversation,Silence,Wi-Fi gratuit,Sièges inclinables,Langue parlée,Boisson gratuite,Ambiance chaleureuse,Espace de rangement,Confort",Traveler,Beti
4409,Campo,"Langue parlée,Musique,Sport,Ponctualité,Cuisine,Animaux acceptés,Confort,Éclairage tamisé,Espace de rangement,Silence,Conduite souple,Assistance bagages",Traveler,Bonamoussadi
2849,Meiganga,Ponctualité,Traveler,Yagoua
3316,Melong,"Silence,Climatisation,Conversation",Traveler,Bertoua
4257,Fontem,"Confort,Navigation GPS,Conduite souple,Chauffeur expérimenté,Connectivité",Traveler,Bamenda
3871,Yagoua,"Navigation GPS,Boisson gratuite,Conversation,Animaux acceptés,Ambiance chaleureuse,Vue panoramique",Planner,Bogo
3674,Mbouda,"Navigation GPS,Ambiance chaleureuse,Ponctualité,Musique,Confort,Conversation,Chauffeur expérimenté,Connectivité,Vue panoramique,Silence,Cuisine,Sièges inclinables,Wi-Fi gratuit,Assistance bagages,Sport,Espace de rangement,Boisson gratuite,Climatisation,Animaux acceptés",Traveler,Bonanjo
95,Mbouda,"Wi-Fi gratuit,Conversation,Cuisine,Navigation GPS",Planner,Nkongsamba
1150,Loum,"Connectivité,Navigation GPS,Éclairage tamisé,Wi-Fi gratuit,Vue panoramique,Espace de rangement,Ambiance chaleureuse,Assistance bagages,Ponctualité,Climatisation",Traveler,Bonabéri
949,Belo,"Sport,Connectivité,Musique",Traveler,Muyuka
2975,Bonaberi,"Boisson gratuite,Conduite souple,Ponctualité,Ambiance chaleureuse,Connectivité,Musique,Conversation,Animaux acceptés,Silence,Assistance bagages,Sport,Langue parlée,Espace de rangement,Wi-Fi gratuit,Climatisation,Cuisine",Traveler,Buea
527,Bonanjo,"Vue panoramique,Wi-Fi gratuit,Ponctualité,Silence,Assistance bagages,Animaux acceptés,Conversation,Éclairage tamisé,Confort,Navigation GPS,Langue parlée",Planner,Gazawa
1445,Buea,"Wi-Fi gratuit,Espace de rangement,Vue panoramique,Assistance bagages,Navigation GPS,Boisson gratuite,Climatisation,Musique,Sièges inclinables,Connectivité,Conversation,Silence,Ponctualité,Cuisine,Confort,Ambiance chaleureuse,Chauffeur expérimenté,Éclairage tamisé,Langue parlée",Traveler,Melong
1899,Mokolo,"Éclairage tamisé,Ponctualité,Connectivité,Vue panoramique,Chauffeur expérimenté,Boisson gratuite,Animaux acceptés,Navigation GPS,Musique,Confort,Wi-Fi gratuit,Assistance bagages,Sport,Langue parlée,Sièges inclinables,Conversation,Cuisine,Conduite souple,Ambiance chaleureuse",Traveler,Mbalmayo
3716,Kumba,"Confort,Cuisine",Traveler,Buea
2483,Nkongsamba,"Confort,Langue parlée,Cuisine,Wi-Fi gratuit,Conduite souple,Assistance bagages,Espace de rangement,Animaux acceptés,Silence,Sièges inclinables",Traveler,Yaounde
2290,Gazawa,"Musique,Connectivité,Espace de rangement,Boisson gratuite,Langue parlée,Ambiance chaleureuse,Silence,Conduite souple,Wi-Fi gratuit,Animaux acceptés,Confort,Navigation GPS,Vue panoramique,Éclairage tamisé,Chauffeur expérimenté,Assistance bagages,Conversation,Sièges inclinables",Traveler,Nanga-Eboko
988,Loum,"Sièges inclinables,Éclairage tamisé,Animaux acceptés,Assistance bagages,Boisson gratuite,Navigation GPS,Langue parlée",Traveler,Bafia
2307,Yaounde,"Sport,Sièges inclinables,Wi-Fi gratuit,Ponctualité,Musique,Silence,Assistance bagages,Climatisation",Planner,Bonamoussadi
3082,Meiganga,"Vue panoramique,Conversation,Sièges inclinables,Connectivité,Boisson gratuite,Ambiance chaleureuse,Assistance bagages,Musique,Climatisation,Cuisine,Conduite souple,Wi-Fi gratuit",Planner,Figuif
2623,Fontem,"Silence,Climatisation",Planner,Campo
388,Bertoua,"Chauffeur expérimenté,Navigation GPS,Musique,Sièges inclinables,Ambiance chaleureuse,Boisson gratuite,Cuisine,Langue parlée,Ponctualité,Connectivité,Silence,Wi-Fi gratuit,Conversation,Confort,Espace de rangement,Assistance bagages",Traveler,Loum
2126,Yagoua,"Confort,Climatisation,Espace de rangement,Vue panoramique,Chauffeur expérimenté,Boisson gratuite,Navigation GPS,Silence,Animaux acceptés,Éclairage tamisé,Assistance bagages,Cuisine,Conduite souple,Connectivité,Ambiance chaleureuse,Conversation,Wi-Fi gratuit,Musique,Sièges inclinables,Sport",Traveler,Kumba
620,Kribi,"Chauffeur expérimenté,Ponctualité,Éclairage tamisé,Conversation,Espace de rangement,Silence,Vue panoramique,Ambiance chaleureuse",Planner,Guider
2793,Bimbia,"Sièges inclinables,Langue parlée,Sport,Ponctualité,Climatisation,Musique,Ambiance chaleureuse,Navigation GPS,Cuisine,Wi-Fi gratuit,Animaux acceptés,Boisson gratuite,Silence,Éclairage tamisé,Chauffeur expérimenté,Assistance bagages,Conversation,Vue panoramique",Planner,Bertoua
1765,Messa,"Éclairage tamisé,Langue parlée,Confort,Vue panoramique,Chauffeur expérimenté,Ponctualité,Connectivité,Boisson gratuite,Assistance bagages,Wi-Fi gratuit",Traveler,Bertoua
1004,Bimbia,"Assistance bagages,Ponctualité,Sport,Wi-Fi gratuit",Traveler,Gazawa
2944,Bafang,"Navigation GPS,Vue panoramique,Éclairage tamisé,Assistance bagages,Ambiance chaleureuse,Wi-Fi gratuit,Conversation,Climatisation,Langue parlée,Boisson gratuite,Silence,Musique,Ponctualité,Sièges inclinables,Cuisine,Conduite souple,Animaux acceptés,Confort,Sport",Traveler,Bertoua
370,Kumba,"Connectivité,Sièges inclinables,Assistance bagages,Conversation,Boisson gratuite",Traveler,Dibombari
3697,Belo,"Climatisation,Confort,Vue panoramique,Ambiance chaleureuse,Ponctualité,Langue parlée,Boisson gratuite,Conduite souple,Sièges inclinables,Chauffeur expérimenté,Sport,Navigation GPS",Planner,Bonamoussadi
1307,Mbalmayo,"Ponctualité,Ambiance chaleureuse,Animaux acceptés,Conversation,Navigation GPS,Musique",Planner,Beti
3826,Figuif,Animaux acceptés,Planner,Gazawa
4701,Bali,"Sport,Connectivité,Musique,Confort,Éclairage tamisé,Espace de rangement,Climatisation,Wi-Fi gratuit,Chauffeur expérimenté,Ponctualité,Silence,Ambiance chaleureuse,Assistance bagages,Sièges inclinables",Traveler,Bonanjo
3995,Douala,"Ambiance chaleureuse,Wi-Fi gratuit,Connectivité,Éclairage tamisé,Climatisation,Boisson gratuite,Sport,Espace de rangement,Assistance bagages",Planner,Fontem
1830,Garoua,"Sièges inclinables,Cuisine,Conduite souple,Conversation",Planner,Kumba
4170,Bali Nyonga,"Musique,Sièges inclinables,Vue panoramique,Sport,Ambiance chaleureuse,Connectivité,Assistance bagages,Ponctualité,Animaux acceptés,Éclairage tamisé",Traveler,Fontem
2914,Bali,"Musique,Conversation,Chauffeur expérimenté,Éclairage tamisé,Vue panoramique,Cuisine,Wi-Fi gratuit,Connectivité,Navigation GPS,Ponctualité,Animaux acceptés,Climatisation,Sport,Conduite souple,Confort,Boisson gratuite,Langue parlée,Espace de rangement,Sièges inclinables",Planner,Bonamoussadi
3205,Mutengene,"Connectivité,Climatisation,Silence,Sport",Planner,Bertoua
4721,Loum,"Animaux acceptés,Sport,Cuisine,Connectivité,Espace de rangement,Assistance bagages,Conduite souple,Silence,Conversation,Ambiance chaleureuse,Navigation GPS",Traveler,Bonaberi
1872,Mora,"Sièges inclinables,Conversation,Sport,Ponctualité,Wi-Fi gratuit",Traveler,Buea
902,Nkongsamba,"Ponctualité,Musique,Espace de rangement,Sport,Éclairage tamisé,Sièges inclinables,Assistance bagages,Langue parlée,Navigation GPS,Chauffeur expérimenté,Conduite souple,Cuisine,Vue panoramique,Climatisation,Connectivité",Planner,Bonamoussadi
1407,Mbanga,"Silence,Sièges inclinables,Chauffeur expérimenté",Traveler,Batibo
3228,Campo,"Wi-Fi gratuit,Espace de rangement,Sport,Éclairage tamisé,Ponctualité,Vue panoramique,Navigation GPS,Silence,Sièges inclinables,Connectivité,Langue parlée,Musique,Confort,Conversation,Assistance bagages,Conduite souple,Animaux acceptés,Chauffeur expérimenté",Traveler,Beti
3569,Essos,"Vue panoramique,Climatisation,Musique,Navigation GPS,Wi-Fi gratuit,Chauffeur expérimenté,Conversation,Sièges inclinables,Conduite souple,Ambiance chaleureuse,Silence",Planner,Bonakouamouang
108,Guider,"Éclairage tamisé,Boisson gratuite",Traveler,Mbouda
1263,Campo,"Animaux acceptés,Wi-Fi gratuit,Connectivité,Chauffeur expérimenté,Navigation GPS,Ambiance chaleureuse,Éclairage tamisé,Cuisine,Boisson gratuite,Conversation,Climatisation,Conduite souple,Langue parlée,Vue panoramique,Confort,Assistance bagages,Espace de rangement,Sport,Silence",Traveler,Campo
2221,Douala,"Climatisation,Éclairage tamisé,Espace de rangement,Conversation,Musique,Sièges inclinables,Navigation GPS,Conduite souple,Assistance bagages,Chauffeur expérimenté,Ambiance chaleureuse,Connectivité,Cuisine,Langue parlée,Animaux acceptés,Silence",Planner,Bafang
4653,Kousseri,"Climatisation,Cuisine,Chauffeur expérimenté,Ambiance chaleureuse,Wi-Fi gratuit,Boisson gratuite,Vue panoramique,Ponctualité,Animaux acceptés,Confort,Sièges inclinables,Connectivité,Langue parlée,Navigation GPS",Traveler,Bonakouamouang
4965,Bertoua,"Ambiance chaleureuse,Wi-Fi gratuit,Confort,Sièges inclinables,Connectivité,Conversation,Langue parlée,Chauffeur expérimenté,Vue panoramique,Assistance bagages,Musique,Ponctualité,Espace de rangement,Conduite souple,Animaux acceptés,Boisson gratuite,Sport,Navigation GPS,Silence,Cuisine,Éclairage tamisé",Planner,Mbouda
3830,Mbouda,"Vue panoramique,Wi-Fi gratuit,Silence,Cuisine,Navigation GPS,Ponctualité,Conversation,Ambiance chaleureuse,Assistance bagages,Climatisation,Connectivité,Boisson gratuite,Musique,Éclairage tamisé,Animaux acceptés,Chauffeur expérimenté,Conduite souple,Langue parlée,Espace de rangement,Sport",Traveler,Dibombari
904,Fontem,"Musique,Conduite souple,Animaux acceptés,Confort,Boisson gratuite,Navigation GPS,Sport,Langue parlée,Wi-Fi gratuit,Climatisation,Ponctualité,Éclairage tamisé,Silence,Connectivité,Cuisine",Planner,Batibo
81,Kumba,"Climatisation,Navigation GPS,Vue panoramique,Connectivité,Langue parlée,Conversation,Animaux acceptés,Chauffeur expérimenté,Confort,Cuisine,Espace de rangement,Wi-Fi gratuit,Sport,Conduite souple,Sièges inclinables",Traveler,Bonaberi
4494,Bonamoussadi,"Ambiance chaleureuse,Conversation,Assistance bagages,Confort,Boisson gratuite,Animaux acceptés,Ponctualité,Éclairage tamisé,Navigation GPS,Sièges inclinables,Connectivité,Silence,Espace de rangement,Chauffeur expérimenté",Traveler,Buea
2455,Guider,Sièges inclinables,Traveler,Campo
3016,Fontem,Silence,Planner,Bonabéri
2414,Guider,"Climatisation,Chauffeur expérimenté,Sièges inclinables,Sport,Conduite souple,Langue parlée,Wi-Fi gratuit,Assistance bagages",Planner,Mbalmayo
1410,Figuif,"Ambiance chaleureuse,Climatisation,Vue panoramique,Conversation,Chauffeur expérimenté,Connectivité,Animaux acceptés,Silence,Cuisine,Ponctualité,Confort,Espace de rangement,Éclairage tamisé,Navigation GPS,Boisson gratuite,Sièges inclinables,Assistance bagages,Wi-Fi gratuit,Langue parlée,Sport,Musique",Planner,Yagoua
3031,Bafoussam,"Navigation GPS,Assistance bagages,Connectivité,Ambiance chaleureuse,Éclairage tamisé,Vue panoramique,Cuisine,Chauffeur expérimenté,Langue parlée",Traveler,Yaounde
3268,Mbanga,Ambiance chaleureuse,Traveler,Belabo
136,Gazawa,"Éclairage tamisé,Confort,Langue parlée,Conduite souple,Espace de rangement,Animaux acceptés,Connectivité,Silence,Sièges inclinables,Ponctualité,Wi-Fi gratuit,Assistance bagages,Conversation,Ambiance chaleureuse,Chauffeur expérimenté",Planner,Essos
511,Muyuka,"Chauffeur expérimenté,Connectivité,Musique,Boisson gratuite,Wi-Fi gratuit,Ponctualité",Traveler,Yagoua
2149,Gazawa,"Ambiance chaleureuse,Sièges inclinables",Traveler,Bafoussam
2725,Fontem,"Langue parlée,Wi-Fi gratuit,Confort,Navigation GPS,Boisson gratuite,Connectivité",Traveler,Garoua
4198,Bafia,"Musique,Vue panoramique,Connectivité,Langue parlée,Silence,Confort,Navigation GPS,Chauffeur expérimenté,Sport,Éclairage tamisé,Conduite souple,Ambiance chaleureuse,Cuisine",Traveler,Bonakouamouang
3306,Guider,"Silence,Vue panoramique,Éclairage tamisé,Espace de rangement,Sport,Climatisation,Conduite souple,Langue parlée,Animaux acceptés,Boisson gratuite",Planner,Bertoua
2073,Bonabéri,"Espace de rangement,Éclairage tamisé,Wi-Fi gratuit,Navigation GPS,Musique,Connectivité,Ambiance chaleureuse,Sièges inclinables,Boisson gratuite,Vue panoramique,Chauffeur expérimenté,Sport,Animaux acceptés,Conversation,Conduite souple,Ponctualité,Langue parlée",Planner,Bafoussam
3171,Mbouda,"Cuisine,Chauffeur expérimenté,Espace de rangement,Musique,Navigation GPS,Langue parlée,Conversation,Wi-Fi gratuit,Sport,Assistance bagages,Ponctualité",Planner,Bonabéri
1971,Banga Bakundu,"Éclairage tamisé,Wi-Fi gratuit,Ambiance chaleureuse,Sièges inclinables,Connectivité,Ponctualité,Sport,Cuisine,Boisson gratuite,Silence,Navigation GPS,Animaux acceptés,Vue panoramique,Langue parlée,Assistance bagages",Planner,Kribi
2455,Bonakouamouang,"Espace de rangement,Silence,Wi-Fi gratuit,Sièges inclinables",Traveler,Gazawa
4974,Mbouda,"Navigation GPS,Conversation,Chauffeur expérimenté,Assistance bagages,Vue panoramique,Boisson gratuite,Connectivité",Planner,Mora
4877,Bafia,"Conversation,Vue panoramique,Confort,Langue parlée,Espace de rangement,Ambiance chaleureuse,Sièges inclinables,Wi-Fi gratuit,Chauffeur expérimenté,Climatisation,Connectivité,Boisson gratuite,Cuisine",Traveler,Batibo
1339,Guider,"Sièges inclinables,Chauffeur expérimenté,Musique,Conduite souple,Langue parlée,Navigation GPS,Éclairage tamisé,Assistance bagages,Climatisation,Ponctualité,Ambiance chaleureuse,Vue panoramique,Boisson gratuite,Wi-Fi gratuit,Espace de rangement,Animaux acceptés,Confort,Conversation,Silence",Planner,Beti
239,Loum,"Animaux acceptés,Conduite souple,Boisson gratuite,Chauffeur expérimenté,Silence,Climatisation,Connectivité,Vue panoramique,Sport,Ponctualité,Sièges inclinables,Langue parlée,Confort,Cuisine",Traveler,Kousseri
4672,Yaounde,"Cuisine,Silence,Animaux acceptés,Climatisation,Musique,Conduite souple,Navigation GPS,Langue parlée,Boisson gratuite,Wi-Fi gratuit,Assistance bagages,Confort,Éclairage tamisé,Connectivité,Ambiance chaleureuse,Ponctualité",Traveler,Bandjoun
2075,Figuif,"Éclairage tamisé,Climatisation,Chauffeur expérimenté,Sport,Cuisine,Vue panoramique,Wi-Fi gratuit,Confort,Assistance bagages,Musique,Animaux acceptés,Boisson gratuite,Sièges inclinables,Conversation,Ponctualité,Silence,Langue parlée,Conduite souple,Navigation GPS,Espace de rangement",Traveler,Meiganga
954,Yaounde,"Confort,Musique,Animaux acceptés,Langue parlée,Assistance bagages,Vue panoramique,Conversation,Silence,Sièges inclinables,Connectivité,Wi-Fi gratuit,Climatisation",Planner,Batibo
114,Kribi,"Conversation,Navigation GPS,Sièges inclinables,Musique,Ponctualité,Boisson gratuite,Chauffeur expérimenté,Ambiance chaleureuse,Assistance bagages,Cuisine,Langue parlée,Connectivité,Espace de rangement,Conduite souple,Sport,Silence,Animaux acceptés,Vue panoramique,Wi-Fi gratuit",Planner,Kribi
2715,Garoua,"Sport,Animaux acceptés,Wi-Fi gratuit,Connectivité,Cuisine,Vue panoramique,Sièges inclinables,Ponctualité,Espace de rangement,Navigation GPS,Chauffeur expérimenté,Assistance bagages,Conversation,Ambiance chaleureuse,Boisson gratuite,Confort,Climatisation,Silence",Traveler,Bali
3005,Garoua,"Cuisine,Langue parlée,Musique,Assistance bagages,Navigation GPS,Ponctualité,Conduite souple,Ambiance chaleureuse,Animaux acceptés",Planner,Fontem
553,Meiganga,"Vue panoramique,Confort,Connectivité,Chauffeur expérimenté,Sport,Ponctualité,Navigation GPS,Langue parlée,Éclairage tamisé,Musique,Assistance bagages,Ambiance chaleureuse",Traveler,Figuif
4232,Melong,"Boisson gratuite,Ambiance chaleureuse,Chauffeur expérimenté,Wi-Fi gratuit,Animaux acceptés,Connectivité",Traveler,Yagoua
3008,Belabo,"Musique,Sport,Sièges inclinables,Confort,Connectivité,Ambiance chaleureuse,Wi-Fi gratuit,Conversation,Conduite souple,Silence,Ponctualité",Traveler,Nkongsamba
1419,Mokolo,"Conduite souple,Sièges inclinables,Connectivité,Confort,Ambiance chaleureuse,Cuisine,Conversation,Assistance bagages,Navigation GPS,Silence,Langue parlée,Éclairage tamisé,Musique,Vue panoramique,Climatisation",Planner,Belo
2731,Nanga-Eboko,"Espace de rangement,Langue parlée,Ponctualité,Conduite souple,Chauffeur expérimenté,Silence,Animaux acceptés,Connectivité,Boisson gratuite,Wi-Fi gratuit,Conversation,Sièges inclinables,Cuisine,Ambiance chaleureuse,Climatisation,Vue panoramique,Assistance bagages,Sport,Navigation GPS,Éclairage tamisé",Traveler,Bali
2208,Dibombari,"Langue parlée,Vue panoramique,Silence,Ambiance chaleureuse,Confort,Musique,Animaux acceptés,Sièges inclinables,Assistance bagages,Ponctualité,Boisson gratuite,Éclairage tamisé,Espace de rangement",Traveler,Limbe
3743,Bamenda,"Sièges inclinables,Conduite souple,Boisson gratuite,Vue panoramique,Assistance bagages,Cuisine,Éclairage tamisé",Traveler,Bandjoun
1638,Bogo,"Confort,Sport,Conduite souple,Ponctualité,Musique,Silence,Espace de rangement,Vue panoramique",Traveler,Bonanjo
4281,Mokolo,"Vue panoramique,Langue parlée,Navigation GPS,Sport,Espace de rangement,Chauffeur expérimenté,Cuisine,Sièges inclinables",Planner,Bamenda
3351,Boutours,"Cuisine,Connectivité,Ponctualité,Musique,Chauffeur expérimenté,Boisson gratuite,Vue panoramique,Confort,Ambiance chaleureuse,Climatisation,Langue parlée,Sièges inclinables,Silence,Éclairage tamisé,Navigation GPS,Wi-Fi gratuit,Espace de rangement,Sport",Traveler,Douala
3579,Batibo,"Connectivité,Ponctualité,Animaux acceptés,Langue parlée,Boisson gratuite,Silence,Sièges inclinables,Climatisation,Musique,Confort,Chauffeur expérimenté,Cuisine,Éclairage tamisé,Espace de rangement,Sport",Planner,Muyuka
2934,Bonanjo,"Climatisation,Boisson gratuite,Cuisine,Langue parlée,Vue panoramique,Assistance bagages,Confort,Ponctualité,Éclairage tamisé",Planner,Bertoua
2418,Bali,"Ponctualité,Wi-Fi gratuit,Chauffeur expérimenté",Traveler,Bonakouamouang
1308,Edéa,"Espace de rangement,Sièges inclinables,Boisson gratuite,Éclairage tamisé,Silence,Conduite souple,Langue parlée,Climatisation,Musique,Navigation GPS,Sport,Cuisine,Conversation,Chauffeur expérimenté,Ponctualité,Confort,Connectivité,Animaux acceptés,Wi-Fi gratuit,Assistance bagages,Vue panoramique",Planner,Douala
3151,Gazawa,"Ambiance chaleureuse,Ponctualité,Wi-Fi gratuit,Chauffeur expérimenté,Silence,Sport,Navigation GPS,Conduite souple,Connectivité,Éclairage tamisé,Boisson gratuite",Traveler,Bandjoun
1515,Gazawa,"Ambiance chaleureuse,Éclairage tamisé,Wi-Fi gratuit,Navigation GPS,Boisson gratuite,Cuisine,Langue parlée,Musique,Animaux acceptés,Espace de rangement,Sièges inclinables,Conduite souple,Climatisation,Sport,Chauffeur expérimenté,Conversation,Vue panoramique,Connectivité,Ponctualité",Traveler,Bali Nyonga
4084,Bamenda,"Espace de rangement,Langue parlée,Navigation GPS,Wi-Fi gratuit,Animaux acceptés,Sièges inclinables,Conduite souple,Cuisine,Silence,Sport,Confort,Musique,Connectivité,Chauffeur expérimenté,Éclairage tamisé,Vue panoramique",Traveler,Maroua
4340,Bafoussam,"Espace de rangement,Chauffeur expérimenté,Cuisine,Ambiance chaleureuse,Navigation GPS,Climatisation,Assistance bagages,Wi-Fi gratuit,Sièges inclinables,Conduite souple,Langue parlée,Éclairage tamisé,Connectivité,Vue panoramique,Silence",Traveler,Douala
335,Bonanjo,"Conduite souple,Silence,Sièges inclinables,Boisson gratuite,Climatisation,Navigation GPS,Cuisine,Musique,Vue panoramique,Assistance bagages,Conversation,Langue parlée,Ponctualité",Planner,Meiganga
3943,Bafoussam,"Connectivité,Conduite souple,Conversation,Navigation GPS,Boisson gratuite,Climatisation,Chauffeur expérimenté,Musique,Vue panoramique,Sièges inclinables,Cuisine",Traveler,Melong
4394,Melong,"Boisson gratuite,Sièges inclinables,Éclairage tamisé,Conversation,Musique,Wi-Fi gratuit,Climatisation,Cuisine,Espace de rangement,Chauffeur expérimenté,Silence,Navigation GPS,Ponctualité,Ambiance chaleureuse,Sport,Confort,Langue parlée,Animaux acceptés,Assistance bagages,Conduite souple,Connectivité,Vue panoramique",Planner,Yaounde
460,Bafang,"Sièges inclinables,Langue parlée",Planner,Kousseri
1699,Limbe,"Langue parlée,Ambiance chaleureuse,Chauffeur expérimenté,Connectivité,Navigation GPS,Éclairage tamisé,Confort,Ponctualité",Planner,Mutengene
3576,Dibombari,"Wi-Fi gratuit,Boisson gratuite,Confort,Navigation GPS,Espace de rangement,Animaux acceptés",Planner,Bafoussam
1681,Melong,"Vue panoramique,Navigation GPS",Traveler,Figuif
4916,Bonamoussadi,"Assistance bagages,Boisson gratuite,Ponctualité,Wi-Fi gratuit,Langue parlée,Vue panoramique,Connectivité,Éclairage tamisé,Animaux acceptés,Sport,Confort,Conduite souple,Musique,Chauffeur expérimenté,Navigation GPS,Climatisation,Cuisine,Conversation,Ambiance chaleureuse,Silence,Sièges inclinables",Traveler,Buea
4126,Essos,"Silence,Sièges inclinables,Animaux acceptés,Assistance bagages,Climatisation,Ambiance chaleureuse,Sport,Cuisine,Chauffeur expérimenté,Conduite souple,Musique,Espace de rangement,Navigation GPS,Vue panoramique,Langue parlée,Conversation",Traveler,Dibombari
2423,Mbandjock,"Assistance bagages,Wi-Fi gratuit,Climatisation,Silence,Sièges inclinables,Musique,Sport,Conversation,Ponctualité,Ambiance chaleureuse,Confort,Animaux acceptés,Langue parlée,Espace de rangement,Chauffeur expérimenté,Navigation GPS,Connectivité,Éclairage tamisé,Conduite souple,Cuisine",Traveler,Mokolo
835,Bafia,"Climatisation,Sièges inclinables,Langue parlée,Wi-Fi gratuit,Animaux acceptés,Éclairage tamisé,Cuisine,Sport,Connectivité,Chauffeur expérimenté,Navigation GPS,Vue panoramique,Musique,Assistance bagages,Conduite souple,Conversation",Traveler,Kousseri
1531,Bandjoun,"Ambiance chaleureuse,Vue panoramique,Langue parlée,Connectivité,Animaux acceptés,Chauffeur expérimenté,Ponctualité,Conduite souple,Wi-Fi gratuit,Espace de rangement,Sport,Cuisine,Climatisation",Traveler,Loum
993,Edéa,"Assistance bagages,Ambiance chaleureuse,Espace de rangement,Cuisine,Connectivité,Climatisation,Vue panoramique,Conversation,Langue parlée,Navigation GPS,Silence,Conduite souple,Boisson gratuite,Ponctualité,Confort,Chauffeur expérimenté,Sièges inclinables,Animaux acceptés,Éclairage tamisé",Planner,Bali Nyonga
4739,Mokolo,"Éclairage tamisé,Espace de rangement,Confort,Ambiance chaleureuse,Sport",Planner,Fontem
868,Gazawa,"Sport,Sièges inclinables,Animaux acceptés,Assistance bagages",Traveler,Douala
3065,Bafoussam,"Conduite souple,Espace de rangement,Langue parlée,Sport,Cuisine,Musique,Éclairage tamisé,Conversation,Confort,Boisson gratuite,Climatisation",Planner,Bali
3669,Limbe,"Ambiance chaleureuse,Sièges inclinables,Connectivité,Wi-Fi gratuit,Climatisation",Traveler,Bafia
3426,Kousseri,"Ambiance chaleureuse,Vue panoramique,Ponctualité,Sièges inclinables,Conduite souple,Espace de rangement,Navigation GPS,Connectivité,Langue parlée,Silence,Confort,Éclairage tamisé,Conversation,Musique,Animaux acceptés,Climatisation,Chauffeur expérimenté,Wi-Fi gratuit,Sport,Assistance bagages,Cuisine,Boisson gratuite",Traveler,Mokolo
831,Kribi,"Confort,Musique,Sport,Chauffeur expérimenté,Silence,Wi-Fi gratuit,Connectivité,Éclairage tamisé,Sièges inclinables,Ponctualité,Assistance bagages,Vue panoramique,Espace de rangement",Traveler,Bonaberi
3945,Buea,"Animaux acceptés,Climatisation,Langue parlée",Traveler,Campo
2880,Bali,"Assistance bagages,Ponctualité,Langue parlée,Musique",Traveler,Bonabéri
2098,Fontem,"Silence,Ponctualité,Assistance bagages,Conversation,Sièges inclinables,Boisson gratuite,Climatisation,Sport,Musique,Navigation GPS,Conduite souple,Vue panoramique,Éclairage tamisé,Confort,Animaux acceptés,Ambiance chaleureuse",Traveler,Mbanga
4432,Meiganga,"Connectivité,Sièges inclinables,Éclairage tamisé",Planner,Bonabéri
2816,Figuif,"Ambiance chaleureuse,Espace de rangement,Confort,Climatisation,Conversation,Conduite souple,Musique,Connectivité,Silence,Navigation GPS,Sièges inclinables,Animaux acceptés,Langue parlée,Wi-Fi gratuit,Vue panoramique,Chauffeur expérimenté,Assistance bagages",Planner,Garoua
2598,Mutengene,"Assistance bagages,Langue parlée,Confort,Connectivité,Chauffeur expérimenté,Climatisation,Vue panoramique,Wi-Fi gratuit,Musique,Cuisine,Boisson gratuite,Ponctualité,Animaux acceptés,Sport,Navigation GPS,Sièges inclinables,Conduite souple,Ambiance chaleureuse,Espace de rangement,Éclairage tamisé,Conversation",Planner,Kousseri
1997,Buea,"Conduite souple,Wi-Fi gratuit,Navigation GPS,Assistance bagages,Boisson gratuite,Cuisine,Connectivité,Musique,Conversation,Ambiance chaleureuse,Langue parlée,Espace de rangement,Silence,Climatisation,Sport,Chauffeur expérimenté,Sièges inclinables,Éclairage tamisé,Vue panoramique",Planner,Bertoua
2121,Yagoua,"Sport,Cuisine",Planner,Dibombari
1132,Buea,"Musique,Langue parlée,Conversation,Navigation GPS,Éclairage tamisé,Conduite souple,Connectivité,Sport,Wi-Fi gratuit,Boisson gratuite",Traveler,Bamenda
3359,Mbalmayo,"Vue panoramique,Musique,Éclairage tamisé,Silence,Confort,Connectivité,Sièges inclinables,Conversation,Langue parlée,Navigation GPS,Wi-Fi gratuit,Sport,Assistance bagages,Chauffeur expérimenté,Conduite souple",Traveler,Buea
1671,Gazawa,"Ambiance chaleureuse,Animaux acceptés,Confort,Connectivité,Vue panoramique,Navigation GPS,Cuisine,Wi-Fi gratuit,Espace de rangement,Conversation,Silence,Langue parlée,Musique,Chauffeur expérimenté,Boisson gratuite,Assistance bagages,Ponctualité,Climatisation,Conduite souple,Sport,Sièges inclinables",Planner,Banga Bakundu
7,Belabo,"Climatisation,Éclairage tamisé,Wi-Fi gratuit,Conduite souple",Traveler,Muyuka
1009,Essos,"Cuisine,Ambiance chaleureuse,Sièges inclinables,Espace de rangement,Silence,Langue parlée,Vue panoramique,Wi-Fi gratuit,Animaux acceptés,Conversation,Sport,Confort,Boisson gratuite,Ponctualité,Navigation GPS,Éclairage tamisé",Planner,Buea
2942,Mbalmayo,"Conversation,Connectivité,Boisson gratuite,Ponctualité,Éclairage tamisé,Chauffeur expérimenté,Ambiance chaleureuse,Musique,Vue panoramique,Sport,Navigation GPS,Conduite souple,Sièges inclinables,Silence,Assistance bagages,Animaux acceptés,Climatisation,Cuisine,Wi-Fi gratuit,Confort",Traveler,Batibo
4218,Douala,"Éclairage tamisé,Conduite souple,Conversation,Confort,Animaux acceptés,Ponctualité,Vue panoramique,Assistance bagages",Traveler,Bamenda
975,Kribi,"Ambiance chaleureuse,Conduite souple,Conversation,Confort,Assistance bagages,Wi-Fi gratuit",Traveler,Bertoua
2230,Essos,"Ambiance chaleureuse,Musique,Silence,Sport,Navigation GPS,Climatisation,Wi-Fi gratuit,Sièges inclinables",Traveler,Beti
3531,Belo,"Assistance bagages,Silence",Traveler,Mbouda
1185,Melong,"Espace de rangement,Conduite souple,Wi-Fi gratuit,Boisson gratuite,Assistance bagages,Sport,Navigation GPS,Chauffeur expérimenté,Éclairage tamisé,Silence,Climatisation,Confort,Cuisine",Traveler,Bandjoun
4182,Garoua,"Conduite souple,Sièges inclinables,Cuisine,Connectivité,Animaux acceptés,Ambiance chaleureuse,Espace de rangement,Musique,Éclairage tamisé,Sport,Conversation,Navigation GPS,Boisson gratuite,Wi-Fi gratuit,Vue panoramique,Silence,Climatisation,Langue parlée,Ponctualité,Chauffeur expérimenté,Confort",Planner,Fontem
1781,Essos,"Conversation,Connectivité,Cuisine,Vue panoramique,Boisson gratuite,Silence,Espace de rangement,Assistance bagages,Musique,Confort,Animaux acceptés",Planner,Mbalmayo
4997,Bafang,"Espace de rangement,Connectivité,Conduite souple,Animaux acceptés,Conversation,Silence,Assistance bagages,Ambiance chaleureuse,Musique,Sport,Chauffeur expérimenté,Langue parlée,Éclairage tamisé,Confort,Cuisine,Boisson gratuite,Navigation GPS,Wi-Fi gratuit,Sièges inclinables",Planner,Messa
520,Nkongsamba,"Sport,Langue parlée,Sièges inclinables,Animaux acceptés,Espace de rangement,Confort,Wi-Fi gratuit,Ambiance chaleureuse,Musique,Cuisine,Assistance bagages,Conduite souple,Climatisation,Vue panoramique,Boisson gratuite,Navigation GPS,Éclairage tamisé,Connectivité,Chauffeur expérimenté",Traveler,Kousseri
298,Mbalmayo,"Boisson gratuite,Sièges inclinables,Langue parlée,Éclairage tamisé,Ponctualité,Vue panoramique,Conduite souple,Conversation,Assistance bagages,Chauffeur expérimenté,Wi-Fi gratuit,Musique,Espace de rangement,Cuisine,Animaux acceptés,Sport,Climatisation",Planner,Belabo
2467,Boutours,"Silence,Chauffeur expérimenté,Boisson gratuite,Sièges inclinables,Animaux acceptés,Conversation,Éclairage tamisé,Navigation GPS,Confort,Connectivité,Vue panoramique,Assistance bagages,Sport,Conduite souple,Espace de rangement,Ambiance chaleureuse,Cuisine,Musique",Planner,Essos
4125,Bonaberi,"Conversation,Sport,Climatisation,Musique,Silence,Confort,Chauffeur expérimenté,Wi-Fi gratuit,Ponctualité,Cuisine,Ambiance chaleureuse,Conduite souple,Boisson gratuite,Assistance bagages,Langue parlée,Sièges inclinables",Traveler,Belabo
192,Bamenda,"Ponctualité,Ambiance chaleureuse,Assistance bagages,Musique,Navigation GPS,Chauffeur expérimenté,Cuisine,Climatisation,Conduite souple,Sport,Boisson gratuite,Silence,Langue parlée,Wi-Fi gratuit,Confort,Vue panoramique,Éclairage tamisé,Connectivité",Planner,Bonamoussadi
3529,Bertoua,"Climatisation,Wi-Fi gratuit,Boisson gratuite,Conversation,Ambiance chaleureuse,Éclairage tamisé,Vue panoramique,Sièges inclinables,Langue parlée,Musique,Connectivité,Navigation GPS,Sport,Conduite souple,Silence,Chauffeur expérimenté,Assistance bagages,Confort,Ponctualité,Cuisine",Traveler,Nanga-Eboko
2398,Nanga-Eboko,"Langue parlée,Silence,Musique,Éclairage tamisé",Traveler,Bali Nyonga
2295,Bafia,Cuisine,Traveler,Kribi
1212,Mbalmayo,"Connectivité,Musique,Conversation,Wi-Fi gratuit,Silence,Langue parlée,Navigation GPS,Cuisine,Sièges inclinables,Ambiance chaleureuse,Espace de rangement,Chauffeur expérimenté,Confort,Assistance bagages,Ponctualité,Boisson gratuite,Climatisation,Éclairage tamisé,Sport,Animaux acceptés,Vue panoramique",Traveler,Bogo
3277,Meiganga,"Wi-Fi gratuit,Navigation GPS,Sport,Langue parlée,Cuisine,Sièges inclinables",Planner,Bogo
4886,Bali,"Sièges inclinables,Espace de rangement,Animaux acceptés,Connectivité",Planner,Nanga-Eboko
3512,Meiganga,"Ponctualité,Cuisine,Musique,Assistance bagages,Langue parlée,Boisson gratuite,Sport,Espace de rangement,Climatisation,Conduite souple,Chauffeur expérimenté",Planner,Boutours
2829,Kumba,"Climatisation,Cuisine,Éclairage tamisé,Sport,Langue parlée,Silence,Chauffeur expérimenté,Confort,Musique,Connectivité,Wi-Fi gratuit,Vue panoramique,Espace de rangement,Ambiance chaleureuse,Ponctualité,Assistance bagages,Conversation,Conduite souple",Planner,Bimbia
699,Bafang,"Espace de rangement,Navigation GPS,Musique,Conversation,Assistance bagages,Climatisation,Cuisine,Langue parlée,Ambiance chaleureuse,Éclairage tamisé,Connectivité,Wi-Fi gratuit,Vue panoramique,Chauffeur expérimenté,Sièges inclinables,Ponctualité,Silence,Sport,Confort,Animaux acceptés",Traveler,Buea
3659,Bertoua,"Vue panoramique,Wi-Fi gratuit,Musique,Boisson gratuite,Animaux acceptés,Climatisation,Connectivité,Cuisine,Espace de rangement,Ambiance chaleureuse,Chauffeur expérimenté,Assistance bagages",Planner,Messa
289,Gazawa,"Confort,Musique,Cuisine,Conversation,Climatisation,Sièges inclinables,Silence,Connectivité,Éclairage tamisé,Espace de rangement,Boisson gratuite,Ambiance chaleureuse",Planner,Bertoua
3873,Guider,"Conduite souple,Ponctualité,Climatisation,Boisson gratuite",Traveler,Garoua
1301,Campo,"Musique,Confort,Silence,Conversation,Animaux acceptés,Conduite souple,Sièges inclinables,Chauffeur expérimenté",Traveler,Messa
2312,Belabo,"Ponctualité,Sport,Cuisine,Confort,Conversation,Assistance bagages,Éclairage tamisé,Langue parlée,Navigation GPS",Planner,Messa
3150,Bonabéri,"Boisson gratuite,Musique,Confort,Sport,Navigation GPS,Langue parlée,Chauffeur expérimenté,Wi-Fi gratuit,Connectivité",Planner,Mbalmayo
3810,Kumba,"Animaux acceptés,Wi-Fi gratuit,Assistance bagages,Sport,Vue panoramique,Musique,Langue parlée,Chauffeur expérimenté,Espace de rangement,Navigation GPS,Confort,Connectivité,Climatisation,Silence,Sièges inclinables,Conversation",Planner,Banga Bakundu
857,Nanga-Eboko,"Vue panoramique,Musique,Sièges inclinables,Ambiance chaleureuse,Conduite souple,Sport,Ponctualité",Traveler,Meiganga
576,Garoua,"Navigation GPS,Silence,Boisson gratuite,Sièges inclinables",Planner,Guider
1759,Mokolo,"Éclairage tamisé,Chauffeur expérimenté,Navigation GPS",Traveler,Bertoua
3673,Bertoua,"Conversation,Boisson gratuite,Sport,Climatisation,Conduite souple,Confort,Ponctualité,Espace de rangement,Cuisine,Ambiance chaleureuse,Navigation GPS,Éclairage tamisé",Planner,Bonabéri
1313,Bafoussam,"Navigation GPS,Chauffeur expérimenté,Boisson gratuite,Ambiance chaleureuse,Sport,Sièges inclinables,Cuisine,Connectivité,Conduite souple,Langue parlée,Espace de rangement,Musique,Vue panoramique,Wi-Fi gratuit,Ponctualité,Éclairage tamisé,Animaux acceptés",Planner,Bonanjo
3192,Bali,"Assistance bagages,Boisson gratuite,Ambiance chaleureuse,Conduite souple,Espace de rangement,Ponctualité,Langue parlée,Vue panoramique,Cuisine,Sport,Chauffeur expérimenté,Sièges inclinables,Climatisation,Connectivité,Animaux acceptés,Navigation GPS,Éclairage tamisé,Conversation,Wi-Fi gratuit,Musique,Silence,Confort",Traveler,Bogo
3821,Bonabéri,"Cuisine,Espace de rangement,Sièges inclinables,Climatisation,Langue parlée,Silence,Musique,Ambiance chaleureuse,Chauffeur expérimenté,Conversation,Navigation GPS,Confort,Connectivité,Animaux acceptés,Ponctualité,Éclairage tamisé,Boisson gratuite,Wi-Fi gratuit",Planner,Bali
862,Dibombari,"Assistance bagages,Conversation,Ambiance chaleureuse,Ponctualité,Chauffeur expérimenté,Sport",Planner,Bafoussam
1407,Kribi,"Conduite souple,Connectivité,Sport,Wi-Fi gratuit,Conversation,Vue panoramique,Assistance bagages,Boisson gratuite,Chauffeur expérimenté,Climatisation,Sièges inclinables,Cuisine,Éclairage tamisé,Animaux acceptés",Traveler,Yagoua
2764,Kousseri,"Cuisine,Musique,Wi-Fi gratuit,Navigation GPS,Sport,Conduite souple,Éclairage tamisé,Climatisation,Boisson gratuite,Confort,Ponctualité,Sièges inclinables,Ambiance chaleureuse,Silence,Chauffeur expérimenté,Assistance bagages,Espace de rangement,Connectivité,Animaux acceptés,Vue panoramique",Traveler,Bamenda
1193,Bertoua,"Sport,Silence,Confort,Chauffeur expérimenté,Sièges inclinables,Éclairage tamisé",Traveler,Kousseri
4361,Douala,"Langue parlée,Confort,Climatisation,Animaux acceptés,Boisson gratuite,Navigation GPS,Assistance bagages,Wi-Fi gratuit,Conduite souple",Traveler,Nkongsamba
308,Bonakouamouang,"Confort,Langue parlée,Boisson gratuite,Sport,Silence,Assistance bagages,Ponctualité,Ambiance chaleureuse,Conduite souple,Cuisine,Wi-Fi gratuit,Sièges inclinables,Conversation,Navigation GPS,Climatisation,Chauffeur expérimenté,Éclairage tamisé,Connectivité,Musique",Traveler,Bonabéri
1627,Loum,"Ponctualité,Cuisine,Musique",Planner,Buea
3710,Buea,"Chauffeur expérimenté,Silence,Conduite souple,Ambiance chaleureuse,Assistance bagages,Ponctualité,Langue parlée,Conversation,Sièges inclinables,Boisson gratuite,Sport",Planner,Bafia
4002,Limbe,"Sièges inclinables,Confort,Climatisation,Ponctualité,Langue parlée,Silence,Chauffeur expérimenté,Wi-Fi gratuit,Vue panoramique",Traveler,Buea
1499,Edéa,"Musique,Vue panoramique,Ponctualité,Wi-Fi gratuit,Silence,Confort,Éclairage tamisé,Boisson gratuite,Ambiance chaleureuse,Sièges inclinables,Navigation GPS,Assistance bagages,Langue parlée,Connectivité,Climatisation,Espace de rangement",Planner,Bertoua
993,Yaounde,"Espace de rangement,Boisson gratuite,Ponctualité,Connectivité,Sièges inclinables,Climatisation,Sport,Musique,Vue panoramique,Confort,Navigation GPS",Planner,Belabo
3518,Meiganga,"Éclairage tamisé,Ponctualité,Conversation,Langue parlée,Confort,Cuisine,Ambiance chaleureuse,Wi-Fi gratuit,Sport,Conduite souple,Boisson gratuite,Climatisation,Chauffeur expérimenté,Animaux acceptés,Navigation GPS,Vue panoramique,Musique,Silence,Espace de rangement,Connectivité,Assistance bagages,Sièges inclinables",Planner,Douala
3535,Bamenda,"Sièges inclinables,Confort,Chauffeur expérimenté,Wi-Fi gratuit,Connectivité,Espace de rangement,Cuisine,Animaux acceptés,Boisson gratuite,Éclairage tamisé,Climatisation,Silence,Langue parlée,Assistance bagages,Navigation GPS,Conduite souple,Sport,Musique,Conversation,Ponctualité",Traveler,Boutours
4472,Buea,"Silence,Wi-Fi gratuit,Conduite souple,Éclairage tamisé,Animaux acceptés,Climatisation,Espace de rangement,Connectivité,Chauffeur expérimenté,Assistance bagages,Langue parlée,Musique,Boisson gratuite,Conversation,Vue panoramique,Sport,Ambiance chaleureuse,Confort,Cuisine,Ponctualité",Planner,Yagoua
4528,Kumba,"Wi-Fi gratuit,Climatisation,Boisson gratuite,Confort,Ponctualité,Animaux acceptés,Langue parlée,Silence,Assistance bagages,Musique,Conversation,Espace de rangement,Sport,Chauffeur expérimenté,Navigation GPS,Éclairage tamisé,Sièges inclinables,Connectivité,Vue panoramique",Traveler,Fontem
4547,Gazawa,"Ambiance chaleureuse,Wi-Fi gratuit,Conduite souple,Climatisation,Navigation GPS,Vue panoramique,Éclairage tamisé,Assistance bagages,Sport,Cuisine,Sièges inclinables",Traveler,Bonabéri
2037,Loum,"Conversation,Langue parlée,Navigation GPS,Boisson gratuite,Cuisine,Animaux acceptés,Chauffeur expérimenté,Climatisation,Éclairage tamisé,Ponctualité,Wi-Fi gratuit,Sièges inclinables,Connectivité,Ambiance chaleureuse,Musique,Conduite souple",Planner,Gazawa
3009,Bonamoussadi,"Wi-Fi gratuit,Navigation GPS,Langue parlée,Espace de rangement,Climatisation,Silence,Vue panoramique,Ambiance chaleureuse,Connectivité,Animaux acceptés,Conversation,Musique,Ponctualité,Sièges inclinables,Assistance bagages,Chauffeur expérimenté,Cuisine,Éclairage tamisé",Traveler,Maroua
3578,Bali,"Wi-Fi gratuit,Chauffeur expérimenté,Sièges inclinables,Confort,Conversation,Sport,Musique,Ponctualité,Connectivité,Éclairage tamisé,Langue parlée,Cuisine,Animaux acceptés,Espace de rangement,Ambiance chaleureuse,Assistance bagages,Boisson gratuite,Navigation GPS,Climatisation,Silence",Traveler,Bertoua
3331,Bonaberi,"Confort,Sport,Wi-Fi gratuit,Ambiance chaleureuse,Cuisine,Sièges inclinables,Climatisation,Silence,Boisson gratuite,Conversation,Conduite souple,Navigation GPS,Éclairage tamisé,Espace de rangement,Chauffeur expérimenté,Langue parlée,Vue panoramique,Ponctualité",Traveler,Maroua
1669,Essos,"Confort,Wi-Fi gratuit,Conversation,Langue parlée,Sièges inclinables,Espace de rangement,Chauffeur expérimenté,Navigation GPS,Assistance bagages,Silence,Cuisine,Sport,Musique",Traveler,Edéa
3544,Essos,"Silence,Climatisation,Boisson gratuite,Éclairage tamisé,Cuisine,Langue parlée",Planner,Gazawa
1218,Bonanjo,"Boisson gratuite,Ponctualité,Cuisine,Conduite souple,Connectivité,Navigation GPS,Wi-Fi gratuit,Chauffeur expérimenté,Animaux acceptés,Assistance bagages,Espace de rangement,Musique,Ambiance chaleureuse,Confort,Sièges inclinables,Silence,Langue parlée,Éclairage tamisé,Climatisation",Traveler,Beti
1080,Bonanjo,"Boisson gratuite,Ambiance chaleureuse,Confort,Sport,Cuisine,Connectivité,Animaux acceptés,Sièges inclinables,Silence",Traveler,Bertoua
2248,Belabo,"Animaux acceptés,Vue panoramique,Ambiance chaleureuse,Chauffeur expérimenté",Planner,Bafoussam
668,Edéa,"Animaux acceptés,Conduite souple,Chauffeur expérimenté,Climatisation,Sièges inclinables,Confort,Musique",Planner,Limbe
4179,Essos,"Espace de rangement,Sport",Planner,Boutours
3887,Meiganga,"Conversation,Sièges inclinables,Ambiance chaleureuse,Éclairage tamisé,Boisson gratuite,Musique,Assistance bagages,Chauffeur expérimenté,Conduite souple,Connectivité,Vue panoramique,Navigation GPS,Sport,Espace de rangement,Cuisine,Langue parlée,Ponctualité,Wi-Fi gratuit",Traveler,Mbouda
3936,Bafang,"Sièges inclinables,Éclairage tamisé,Conversation,Chauffeur expérimenté,Silence,Conduite souple,Vue panoramique,Ambiance chaleureuse,Animaux acceptés,Climatisation,Confort,Connectivité,Langue parlée,Cuisine,Navigation GPS",Traveler,Limbe
3423,Guider,"Cuisine,Vue panoramique,Confort,Connectivité,Sport,Navigation GPS,Langue parlée,Ponctualité,Wi-Fi gratuit,Silence,Chauffeur expérimenté,Animaux acceptés,Musique",Traveler,Buea
3068,Edéa,"Boisson gratuite,Sièges inclinables,Conversation,Conduite souple,Sport,Animaux acceptés,Silence,Éclairage tamisé,Musique,Assistance bagages,Vue panoramique,Chauffeur expérimenté,Connectivité,Espace de rangement,Ambiance chaleureuse,Cuisine,Langue parlée,Confort,Climatisation,Navigation GPS",Planner,Dibombari
3751,Meiganga,"Connectivité,Wi-Fi gratuit,Boisson gratuite,Assistance bagages",Planner,Bali
1502,Buea,"Boisson gratuite,Assistance bagages,Ponctualité,Navigation GPS,Éclairage tamisé,Wi-Fi gratuit,Climatisation,Conversation,Conduite souple",Planner,Boutours
1586,Belo,"Silence,Climatisation,Navigation GPS,Vue panoramique,Cuisine,Ambiance chaleureuse,Sièges inclinables,Boisson gratuite,Connectivité,Espace de rangement,Confort,Éclairage tamisé,Conversation",Traveler,Bali
4517,Bafia,"Cuisine,Chauffeur expérimenté",Traveler,Yaounde
2005,Boutours,"Assistance bagages,Musique,Animaux acceptés,Vue panoramique,Connectivité,Boisson gratuite,Conduite souple,Conversation,Langue parlée,Ponctualité,Espace de rangement,Silence,Wi-Fi gratuit,Éclairage tamisé",Traveler,Dibombari
3102,Bonamoussadi,"Wi-Fi gratuit,Conversation,Ponctualité,Éclairage tamisé,Langue parlée,Espace de rangement,Boisson gratuite,Assistance bagages,Silence,Sport,Sièges inclinables,Ambiance chaleureuse,Animaux acceptés,Chauffeur expérimenté,Navigation GPS,Confort,Vue panoramique,Cuisine,Connectivité,Musique,Climatisation",Traveler,Campo
4634,Bertoua,Ponctualité,Planner,Belo
1944,Belo,"Vue panoramique,Conduite souple,Animaux acceptés,Wi-Fi gratuit,Climatisation,Boisson gratuite,Chauffeur expérimenté,Ambiance chaleureuse,Sport,Sièges inclinables,Ponctualité,Cuisine,Langue parlée,Connectivité,Silence",Traveler,Mbalmayo
3682,Bimbia,Climatisation,Planner,Kousseri
3927,Bertoua,"Boisson gratuite,Navigation GPS,Silence,Conduite souple,Cuisine,Sport,Ponctualité,Wi-Fi gratuit,Conversation,Connectivité,Assistance bagages,Vue panoramique,Ambiance chaleureuse,Climatisation,Animaux acceptés,Langue parlée,Chauffeur expérimenté,Espace de rangement,Musique",Traveler,Garoua
1148,Nkongsamba,"Boisson gratuite,Cuisine,Vue panoramique,Sièges inclinables,Espace de rangement,Chauffeur expérimenté,Langue parlée,Musique",Planner,Bonaberi
713,Mutengene,"Conduite souple,Vue panoramique,Langue parlée,Wi-Fi gratuit,Conversation,Boisson gratuite,Musique,Chauffeur expérimenté,Animaux acceptés,Espace de rangement,Climatisation,Sièges inclinables,Éclairage tamisé,Connectivité,Silence,Sport,Cuisine,Confort,Ponctualité,Ambiance chaleureuse,Navigation GPS",Traveler,Nkongsamba
238,Yagoua,"Conversation,Boisson gratuite,Connectivité,Sièges inclinables,Silence,Vue panoramique,Espace de rangement,Éclairage tamisé,Wi-Fi gratuit,Ponctualité,Animaux acceptés,Climatisation,Ambiance chaleureuse",Traveler,Mbandjock
4245,Mbanga,"Conversation,Confort,Vue panoramique,Ponctualité,Assistance bagages,Sièges inclinables,Connectivité,Cuisine,Boisson gratuite,Animaux acceptés,Musique,Ambiance chaleureuse,Éclairage tamisé",Planner,Kousseri
1383,Bonaberi,"Conduite souple,Sièges inclinables",Planner,Mbouda
2304,Buea,"Éclairage tamisé,Sièges inclinables,Wi-Fi gratuit,Chauffeur expérimenté,Silence,Langue parlée,Boisson gratuite,Connectivité,Vue panoramique,Ponctualité,Assistance bagages,Confort,Animaux acceptés,Cuisine,Navigation GPS,Sport,Conduite souple",Traveler,Edéa
4367,Bimbia,"Animaux acceptés,Boisson gratuite,Cuisine,Confort,Espace de rangement,Ponctualité,Navigation GPS,Conversation,Assistance bagages,Silence,Ambiance chaleureuse,Wi-Fi gratuit",Planner,Yaounde
4672,Bonanjo,"Ponctualité,Conversation,Silence,Chauffeur expérimenté,Animaux acceptés,Espace de rangement,Langue parlée,Climatisation,Ambiance chaleureuse,Sport,Éclairage tamisé,Cuisine,Navigation GPS,Confort,Conduite souple,Wi-Fi gratuit,Vue panoramique,Sièges inclinables,Connectivité,Boisson gratuite",Traveler,Bonamoussadi
1783,Muyuka,"Climatisation,Langue parlée,Sport,Wi-Fi gratuit,Éclairage tamisé,Navigation GPS,Musique,Sièges inclinables,Silence,Boisson gratuite,Animaux acceptés,Chauffeur expérimenté,Connectivité,Vue panoramique,Conduite souple,Cuisine,Conversation",Planner,Bonaberi
464,Messa,"Ponctualité,Langue parlée,Vue panoramique,Sièges inclinables,Espace de rangement,Éclairage tamisé,Confort,Musique,Wi-Fi gratuit,Boisson gratuite,Sport,Cuisine,Navigation GPS,Ambiance chaleureuse,Animaux acceptés,Chauffeur expérimenté,Conversation,Climatisation,Conduite souple,Connectivité,Silence",Planner,Limbe
4050,Bertoua,"Chauffeur expérimenté,Musique,Navigation GPS,Silence,Cuisine,Connectivité,Boisson gratuite",Planner,Banga Bakundu
4899,Muyuka,"Boisson gratuite,Ambiance chaleureuse,Assistance bagages,Sièges inclinables,Conduite souple,Cuisine,Animaux acceptés,Wi-Fi gratuit,Ponctualité,Navigation GPS,Connectivité,Espace de rangement,Climatisation,Conversation,Confort,Musique,Sport,Éclairage tamisé,Vue panoramique",Planner,Garoua
2258,Bafoussam,"Sport,Espace de rangement,Cuisine,Climatisation,Assistance bagages,Sièges inclinables,Navigation GPS,Éclairage tamisé,Animaux acceptés,Chauffeur expérimenté,Musique,Vue panoramique,Confort,Connectivité,Ponctualité",Planner,Limbe
1973,Bafia,"Animaux acceptés,Climatisation,Langue parlée,Ponctualité,Éclairage tamisé,Chauffeur expérimenté,Boisson gratuite",Traveler,Buea
2601,Bandjoun,"Sièges inclinables,Ponctualité,Langue parlée,Boisson gratuite,Assistance bagages,Conduite souple,Sport,Wi-Fi gratuit,Conversation,Climatisation,Chauffeur expérimenté,Cuisine,Navigation GPS,Musique,Connectivité,Animaux acceptés,Confort,Ambiance chaleureuse,Éclairage tamisé,Vue panoramique,Espace de rangement",Traveler,Mbanga
4631,Banga Bakundu,"Animaux acceptés,Assistance bagages,Éclairage tamisé,Conduite souple,Ambiance chaleureuse,Chauffeur expérimenté,Musique,Climatisation,Sport,Vue panoramique,Silence,Wi-Fi gratuit,Espace de rangement,Boisson gratuite,Navigation GPS,Langue parlée,Connectivité,Confort,Sièges inclinables,Ponctualité",Traveler,Campo
4677,Beti,"Vue panoramique,Connectivité,Silence,Espace de rangement,Confort,Chauffeur expérimenté,Boisson gratuite,Climatisation,Conduite souple,Ambiance chaleureuse,Animaux acceptés",Planner,Melong
2974,Belabo,"Langue parlée,Assistance bagages,Ponctualité,Musique,Ambiance chaleureuse,Conduite souple,Animaux acceptés,Vue panoramique,Silence,Wi-Fi gratuit,Navigation GPS,Conversation,Sport,Espace de rangement",Traveler,Buea
4422,Bafoussam,"Langue parlée,Conduite souple,Wi-Fi gratuit,Cuisine,Silence,Boisson gratuite",Planner,Douala
3382,Figuif,"Wi-Fi gratuit,Conversation,Espace de rangement,Boisson gratuite,Vue panoramique,Cuisine,Langue parlée,Éclairage tamisé,Chauffeur expérimenté,Sport,Assistance bagages,Ambiance chaleureuse,Sièges inclinables,Confort,Animaux acceptés,Climatisation,Connectivité,Silence,Musique,Navigation GPS",Planner,Edéa
4502,Gazawa,"Ambiance chaleureuse,Conversation,Confort,Chauffeur expérimenté,Vue panoramique,Assistance bagages,Navigation GPS,Espace de rangement",Planner,Belo
2021,Boutours,"Wi-Fi gratuit,Climatisation,Conduite souple,Assistance bagages,Boisson gratuite",Planner,Guider
3469,Mutengene,"Éclairage tamisé,Climatisation,Conduite souple,Sport",Traveler,Mutengene
3819,Guider,"Vue panoramique,Éclairage tamisé,Climatisation",Planner,Bonamoussadi
1245,Boutours,"Confort,Wi-Fi gratuit",Traveler,Melong
2951,Bafoussam,"Navigation GPS,Espace de rangement,Langue parlée,Ponctualité,Vue panoramique,Chauffeur expérimenté,Cuisine,Confort,Conversation,Sport",Planner,Yaounde
924,Beti,"Animaux acceptés,Chauffeur expérimenté,Confort,Assistance bagages,Ambiance chaleureuse,Conduite souple,Cuisine,Langue parlée,Sièges inclinables,Silence,Musique,Ponctualité",Planner,Nkongsamba
459,Limbe,"Connectivité,Assistance bagages,Conversation,Musique,Sport,Vue panoramique,Climatisation,Ambiance chaleureuse,Navigation GPS,Ponctualité,Espace de rangement,Conduite souple",Traveler,Figuif
3455,Edéa,"Musique,Sport",Traveler,Gazawa
3196,Bonanjo,"Wi-Fi gratuit,Conduite souple,Chauffeur expérimenté,Langue parlée",Planner,Bali Nyonga
303,Buea,"Boisson gratuite,Éclairage tamisé,Connectivité",Planner,Yagoua
3337,Bali Nyonga,"Wi-Fi gratuit,Connectivité,Langue parlée,Cuisine,Boisson gratuite,Assistance bagages",Planner,Essos
2820,Bafia,"Connectivité,Assistance bagages,Conduite souple,Ambiance chaleureuse,Sièges inclinables,Ponctualité,Langue parlée,Wi-Fi gratuit,Conversation,Chauffeur expérimenté,Vue panoramique,Animaux acceptés,Navigation GPS,Silence,Éclairage tamisé,Confort,Climatisation",Planner,Kumba
448,Douala,"Sport,Vue panoramique,Navigation GPS,Espace de rangement,Confort,Climatisation,Ambiance chaleureuse,Éclairage tamisé,Cuisine,Ponctualité,Wi-Fi gratuit,Connectivité,Boisson gratuite,Conduite souple,Conversation,Chauffeur expérimenté,Sièges inclinables,Animaux acceptés,Musique,Silence",Traveler,Meiganga
2759,Yaounde,"Conversation,Cuisine,Navigation GPS,Vue panoramique,Boisson gratuite,Wi-Fi gratuit,Silence,Connectivité,Langue parlée,Confort,Conduite souple",Traveler,Buea
2591,Edéa,"Sport,Musique,Éclairage tamisé,Chauffeur expérimenté,Conduite souple,Climatisation,Navigation GPS,Assistance bagages,Ambiance chaleureuse,Silence,Sièges inclinables,Animaux acceptés,Conversation,Langue parlée,Vue panoramique,Connectivité,Boisson gratuite,Espace de rangement,Cuisine",Planner,Muyuka
748,Banga Bakundu,"Cuisine,Langue parlée,Climatisation,Confort,Vue panoramique,Animaux acceptés,Musique,Wi-Fi gratuit,Assistance bagages,Connectivité,Espace de rangement",Traveler,Yaounde
3658,Kousseri,"Silence,Conversation,Connectivité,Musique,Ambiance chaleureuse,Chauffeur expérimenté,Langue parlée,Ponctualité,Conduite souple,Sport,Éclairage tamisé,Sièges inclinables,Wi-Fi gratuit,Espace de rangement,Climatisation,Cuisine,Vue panoramique",Planner,Kribi
3109,Bertoua,"Navigation GPS,Confort,Langue parlée,Vue panoramique,Climatisation,Sport,Espace de rangement,Cuisine",Traveler,Bogo
3502,Muyuka,Vue panoramique,Planner,Dibombari
1792,Dibombari,Conversation,Traveler,Kousseri
273,Limbe,"Conversation,Chauffeur expérimenté,Conduite souple,Animaux acceptés,Ambiance chaleureuse,Navigation GPS,Vue panoramique,Climatisation,Boisson gratuite,Ponctualité,Langue parlée",Traveler,Kumba
3169,Buea,"Navigation GPS,Sièges inclinables,Wi-Fi gratuit,Animaux acceptés,Conversation,Ambiance chaleureuse,Confort,Éclairage tamisé,Musique,Boisson gratuite,Ponctualité,Chauffeur expérimenté,Vue panoramique,Langue parlée,Conduite souple,Connectivité",Traveler,Bali Nyonga
1453,Mokolo,"Navigation GPS,Espace de rangement,Wi-Fi gratuit,Éclairage tamisé",Planner,Kousseri
1979,Bogo,"Silence,Wi-Fi gratuit,Connectivité,Assistance bagages,Sport,Navigation GPS,Vue panoramique,Cuisine,Éclairage tamisé,Conduite souple,Chauffeur expérimenté,Conversation,Ponctualité",Planner,Bertoua
3870,Bonabéri,"Conduite souple,Climatisation,Sport,Boisson gratuite,Musique",Traveler,Kribi
4077,Nanga-Eboko,"Silence,Confort,Sport,Ambiance chaleureuse",Traveler,Yagoua
3079,Bandjoun,"Silence,Ponctualité,Cuisine,Sièges inclinables,Éclairage tamisé,Assistance bagages",Planner,Bonaberi
394,Bonamoussadi,"Boisson gratuite,Vue panoramique,Wi-Fi gratuit,Langue parlée,Éclairage tamisé,Chauffeur expérimenté,Animaux acceptés,Assistance bagages,Navigation GPS,Silence,Cuisine,Confort,Sport,Ponctualité,Conversation",Traveler,Mora
4547,Mbouda,"Langue parlée,Espace de rangement,Conduite souple,Animaux acceptés,Wi-Fi gratuit",Planner,Dibombari
408,Boutours,"Silence,Sièges inclinables,Conduite souple,Climatisation,Connectivité,Cuisine,Animaux acceptés,Assistance bagages,Musique,Ponctualité,Confort,Langue parlée,Éclairage tamisé,Ambiance chaleureuse,Vue panoramique,Boisson gratuite,Wi-Fi gratuit",Planner,Bamenda
1699,Buea,"Espace de rangement,Conversation,Climatisation,Ambiance chaleureuse,Chauffeur expérimenté,Silence,Conduite souple,Assistance bagages,Sièges inclinables,Wi-Fi gratuit,Sport,Cuisine,Navigation GPS,Connectivité,Ponctualité,Langue parlée,Boisson gratuite,Animaux acceptés,Confort",Traveler,Bali
3532,Fontem,"Ponctualité,Silence,Musique,Connectivité,Sport,Boisson gratuite,Ambiance chaleureuse",Traveler,Nanga-Eboko
3095,Bonaberi,"Musique,Vue panoramique,Animaux acceptés,Cuisine,Connectivité,Chauffeur expérimenté,Navigation GPS,Wi-Fi gratuit,Conduite souple,Boisson gratuite,Conversation,Climatisation,Ponctualité,Ambiance chaleureuse,Éclairage tamisé",Planner,Douala
4503,Bonamoussadi,"Musique,Animaux acceptés,Sport,Assistance bagages,Cuisine,Connectivité",Traveler,Limbe
1081,Yaounde,"Animaux acceptés,Assistance bagages,Musique,Wi-Fi gratuit,Cuisine,Conduite souple,Climatisation,Espace de rangement,Silence,Confort,Langue parlée,Boisson gratuite",Traveler,Bertoua
2574,Boutours,"Boisson gratuite,Sport,Chauffeur expérimenté,Vue panoramique,Confort,Sièges inclinables,Conduite souple,Navigation GPS",Planner,Bonanjo
935,Mbouda,"Wi-Fi gratuit,Chauffeur expérimenté,Boisson gratuite,Conduite souple,Langue parlée",Planner,Nanga-Eboko
2271,Kousseri,"Silence,Chauffeur expérimenté,Boisson gratuite,Espace de rangement,Sièges inclinables,Connectivité",Planner,Belabo
4964,Mbandjock,"Musique,Animaux acceptés,Assistance bagages,Langue parlée,Wi-Fi gratuit",Traveler,Nanga-Eboko
2645,Gazawa,"Conduite souple,Assistance bagages,Éclairage tamisé,Musique,Sièges inclinables,Sport,Silence,Boisson gratuite,Ambiance chaleureuse,Connectivité,Climatisation,Chauffeur expérimenté,Conversation,Wi-Fi gratuit,Animaux acceptés,Langue parlée,Espace de rangement",Traveler,Meiganga
2555,Bonaberi,"Ambiance chaleureuse,Sièges inclinables",Traveler,Bali
4893,Bonaberi,"Espace de rangement,Animaux acceptés,Confort",Traveler,Bafia
1332,Bogo,"Conversation,Langue parlée,Silence,Ambiance chaleureuse,Wi-Fi gratuit,Connectivité,Éclairage tamisé,Vue panoramique,Sport,Sièges inclinables,Navigation GPS,Confort,Conduite souple,Chauffeur expérimenté,Cuisine,Assistance bagages,Climatisation,Musique,Animaux acceptés,Espace de rangement",Traveler,Buea
3643,Yagoua,"Conversation,Boisson gratuite,Ambiance chaleureuse,Animaux acceptés,Chauffeur expérimenté,Ponctualité,Navigation GPS,Vue panoramique,Climatisation,Confort,Wi-Fi gratuit,Cuisine,Assistance bagages,Musique,Conduite souple,Silence,Langue parlée,Éclairage tamisé,Connectivité",Traveler,Nkongsamba
151,Bertoua,"Langue parlée,Boisson gratuite,Chauffeur expérimenté,Vue panoramique",Planner,Buea
3687,Essos,"Climatisation,Espace de rangement",Traveler,Douala
58,Bali,"Espace de rangement,Connectivité,Langue parlée,Assistance bagages,Wi-Fi gratuit,Animaux acceptés",Planner,Yaounde
1167,Bonabéri,"Assistance bagages,Animaux acceptés,Éclairage tamisé,Navigation GPS,Conversation,Cuisine,Connectivité,Boisson gratuite,Climatisation,Musique,Confort,Silence,Ambiance chaleureuse,Vue panoramique,Sport,Langue parlée,Conduite souple",Planner,Loum
2461,Bafang,"Espace de rangement,Boisson gratuite,Chauffeur expérimenté,Ambiance chaleureuse,Connectivité,Musique,Langue parlée,Éclairage tamisé",Traveler,Bafang
1074,Bonamoussadi,"Silence,Vue panoramique,Navigation GPS,Sport,Climatisation,Musique,Sièges inclinables,Assistance bagages,Conversation,Conduite souple,Langue parlée,Éclairage tamisé,Espace de rangement,Cuisine,Chauffeur expérimenté,Animaux acceptés",Planner,Mbouda
1675,Mora,"Langue parlée,Assistance bagages,Ponctualité,Animaux acceptés,Chauffeur expérimenté,Connectivité",Traveler,Kousseri
4212,Belabo,"Ponctualité,Musique,Conversation,Confort,Connectivité,Espace de rangement,Wi-Fi gratuit,Navigation GPS,Langue parlée,Vue panoramique,Assistance bagages,Chauffeur expérimenté,Silence,Ambiance chaleureuse,Conduite souple,Sièges inclinables,Éclairage tamisé,Boisson gratuite,Cuisine,Climatisation,Sport",Planner,Mora
2717,Mbandjock,"Sport,Climatisation",Planner,Douala
268,Batibo,"Assistance bagages,Ponctualité,Chauffeur expérimenté,Sièges inclinables,Ambiance chaleureuse,Musique,Langue parlée,Wi-Fi gratuit",Traveler,Bonanjo
601,Douala,"Éclairage tamisé,Ponctualité,Langue parlée,Animaux acceptés,Conversation,Climatisation,Navigation GPS,Ambiance chaleureuse,Chauffeur expérimenté,Wi-Fi gratuit,Musique,Silence",Planner,Mbandjock
3107,Boutours,"Sièges inclinables,Animaux acceptés",Traveler,Limbe
1867,Mbalmayo,Musique,Traveler,Banga Bakundu
4851,Yaounde,Wi-Fi gratuit,Planner,Bonabéri
219,Bafia,"Silence,Confort,Ponctualité,Vue panoramique,Boisson gratuite,Musique,Animaux acceptés,Ambiance chaleureuse,Sport,Espace de rangement,Assistance bagages,Conduite souple,Langue parlée,Conversation,Cuisine,Sièges inclinables,Wi-Fi gratuit,Connectivité",Planner,Messa
4928,Bafia,"Silence,Ponctualité",Traveler,Boutours
1830,Nkongsamba,"Ambiance chaleureuse,Wi-Fi gratuit,Éclairage tamisé,Climatisation,Chauffeur expérimenté,Sport,Conduite souple,Espace de rangement,Sièges inclinables,Langue parlée,Conversation,Assistance bagages,Silence,Navigation GPS,Vue panoramique",Traveler,Bonamoussadi
2199,Bandjoun,"Connectivité,Musique,Animaux acceptés,Ponctualité",Traveler,Meiganga
4727,Bonanjo,"Silence,Wi-Fi gratuit,Animaux acceptés",Traveler,Gazawa
1023,Batibo,"Wi-Fi gratuit,Éclairage tamisé,Sièges inclinables,Vue panoramique,Sport,Musique",Planner,Dibombari
128,Messa,"Ponctualité,Boisson gratuite,Langue parlée,Conversation",Planner,Limbe
2616,Douala,"Ambiance chaleureuse,Climatisation,Vue panoramique,Conduite souple,Boisson gratuite,Assistance bagages,Wi-Fi gratuit,Connectivité,Langue parlée",Planner,Limbe
2934,Mbanga,"Silence,Chauffeur expérimenté,Vue panoramique,Ponctualité,Musique,Sièges inclinables,Connectivité,Cuisine,Navigation GPS,Langue parlée,Climatisation,Conduite souple,Sport,Éclairage tamisé",Traveler,Limbe
644,Gazawa,"Cuisine,Boisson gratuite,Éclairage tamisé,Musique,Chauffeur expérimenté,Connectivité,Assistance bagages,Espace de rangement,Conduite souple",Traveler,Nanga-Eboko
3801,Mokolo,"Chauffeur expérimenté,Navigation GPS,Boisson gratuite,Sièges inclinables,Cuisine,Éclairage tamisé,Confort,Assistance bagages,Animaux acceptés,Climatisation,Silence,Conversation,Sport,Ponctualité,Connectivité,Espace de rangement,Conduite souple,Wi-Fi gratuit,Vue panoramique,Langue parlée",Traveler,Bali Nyonga
625,Mbanga,"Musique,Silence,Vue panoramique,Navigation GPS,Cuisine",Planner,Loum
2546,Bali,"Espace de rangement,Sièges inclinables,Boisson gratuite,Conversation,Chauffeur expérimenté,Assistance bagages,Animaux acceptés,Conduite souple,Connectivité,Silence,Wi-Fi gratuit,Cuisine,Ponctualité,Éclairage tamisé,Vue panoramique,Climatisation",Planner,Douala
4329,Guider,"Wi-Fi gratuit,Éclairage tamisé,Sièges inclinables,Silence,Confort,Assistance bagages,Chauffeur expérimenté,Sport,Espace de rangement,Conduite souple,Cuisine,Vue panoramique,Animaux acceptés,Ponctualité,Conversation,Climatisation,Langue parlée,Boisson gratuite,Connectivité,Ambiance chaleureuse,Navigation GPS,Musique",Planner,Buea
2465,Yagoua,"Sièges inclinables,Animaux acceptés,Vue panoramique,Musique,Ambiance chaleureuse,Sport,Cuisine,Connectivité,Navigation GPS,Confort,Wi-Fi gratuit,Chauffeur expérimenté,Silence,Conversation,Conduite souple,Climatisation,Espace de rangement,Boisson gratuite,Langue parlée,Ponctualité,Assistance bagages,Éclairage tamisé",Traveler,Guider
2699,Nkongsamba,"Conversation,Connectivité,Silence,Sièges inclinables,Sport,Cuisine,Climatisation",Traveler,Mbouda
904,Batibo,"Espace de rangement,Confort,Sport,Conduite souple,Éclairage tamisé,Animaux acceptés,Conversation,Vue panoramique,Chauffeur expérimenté,Navigation GPS,Boisson gratuite,Connectivité,Wi-Fi gratuit,Cuisine,Sièges inclinables,Climatisation,Langue parlée",Planner,Bafoussam
555,Fontem,"Navigation GPS,Chauffeur expérimenté,Assistance bagages,Cuisine,Vue panoramique,Conversation,Langue parlée,Musique,Connectivité,Sport,Conduite souple,Sièges inclinables,Climatisation,Confort,Silence,Éclairage tamisé,Ambiance chaleureuse",Planner,Nanga-Eboko
4015,Bertoua,"Navigation GPS,Ambiance chaleureuse,Conversation,Espace de rangement,Animaux acceptés,Chauffeur expérimenté,Éclairage tamisé,Silence",Traveler,Campo
1251,Essos,"Ponctualité,Espace de rangement,Climatisation,Animaux acceptés,Confort,Vue panoramique,Éclairage tamisé,Navigation GPS,Connectivité,Assistance bagages,Ambiance chaleureuse,Conduite souple,Sport,Silence,Sièges inclinables,Cuisine,Boisson gratuite,Langue parlée,Musique,Chauffeur expérimenté,Conversation",Traveler,Nkongsamba
3084,Buea,"Assistance bagages,Wi-Fi gratuit,Chauffeur expérimenté,Silence,Sport,Langue parlée",Traveler,Campo
2413,Mutengene,"Cuisine,Chauffeur expérimenté,Climatisation",Traveler,Mutengene
2953,Douala,"Cuisine,Climatisation,Navigation GPS,Sièges inclinables,Connectivité,Langue parlée,Animaux acceptés,Conversation,Musique,Sport,Assistance bagages,Conduite souple,Ponctualité,Wi-Fi gratuit,Vue panoramique,Confort,Chauffeur expérimenté,Boisson gratuite,Éclairage tamisé,Ambiance chaleureuse",Traveler,Mutengene
2926,Bertoua,Chauffeur expérimenté,Traveler,Edéa
4464,Mbouda,"Conversation,Sport,Langue parlée,Chauffeur expérimenté,Conduite souple,Cuisine,Ponctualité,Confort,Assistance bagages,Boisson gratuite,Musique,Sièges inclinables,Espace de rangement,Vue panoramique,Climatisation,Animaux acceptés,Navigation GPS,Éclairage tamisé,Silence,Connectivité,Wi-Fi gratuit,Ambiance chaleureuse",Planner,Buea
4283,Mbouda,"Connectivité,Ponctualité",Traveler,Belabo
2932,Mbouda,"Connectivité,Climatisation,Conduite souple,Sport,Boisson gratuite,Wi-Fi gratuit,Assistance bagages,Conversation,Silence",Traveler,Bandjoun
1964,Bonabéri,"Chauffeur expérimenté,Navigation GPS,Espace de rangement,Vue panoramique,Conduite souple,Langue parlée,Assistance bagages,Éclairage tamisé,Animaux acceptés,Cuisine,Climatisation,Ambiance chaleureuse,Ponctualité,Connectivité,Musique,Conversation",Planner,Banga Bakundu
500,Melong,"Vue panoramique,Animaux acceptés,Ambiance chaleureuse,Confort,Conversation,Sièges inclinables,Boisson gratuite,Ponctualité,Chauffeur expérimenté,Wi-Fi gratuit,Musique,Climatisation,Cuisine,Connectivité,Silence,Navigation GPS,Sport,Espace de rangement,Langue parlée",Planner,Essos
4710,Belabo,"Cuisine,Chauffeur expérimenté,Conversation,Confort,Climatisation,Boisson gratuite,Espace de rangement,Animaux acceptés,Ponctualité,Musique,Ambiance chaleureuse,Sièges inclinables,Silence,Assistance bagages,Connectivité,Navigation GPS",Planner,Bandjoun
2087,Bertoua,"Cuisine,Éclairage tamisé,Conduite souple,Chauffeur expérimenté,Animaux acceptés,Sièges inclinables",Planner,Bonanjo
899,Melong,"Wi-Fi gratuit,Cuisine,Éclairage tamisé,Musique,Animaux acceptés,Silence,Vue panoramique",Traveler,Douala
1165,Buea,"Wi-Fi gratuit,Ponctualité,Animaux acceptés,Conversation,Assistance bagages,Silence,Chauffeur expérimenté,Langue parlée,Sport,Climatisation,Éclairage tamisé,Conduite souple,Confort,Musique,Vue panoramique,Ambiance chaleureuse",Planner,Bertoua
2973,Douala,"Conversation,Sport,Éclairage tamisé,Espace de rangement,Ambiance chaleureuse,Ponctualité,Conduite souple,Assistance bagages,Sièges inclinables,Cuisine,Navigation GPS,Wi-Fi gratuit,Silence",Traveler,Campo
2640,Yaounde,"Navigation GPS,Wi-Fi gratuit,Musique,Ponctualité,Sport,Confort,Ambiance chaleureuse,Cuisine,Connectivité,Climatisation,Conversation,Chauffeur expérimenté,Éclairage tamisé,Espace de rangement,Silence,Vue panoramique,Langue parlée,Conduite souple,Sièges inclinables",Traveler,Bonamoussadi
276,Bafia,"Éclairage tamisé,Conduite souple,Climatisation,Cuisine,Silence,Connectivité,Navigation GPS,Wi-Fi gratuit,Sport,Assistance bagages,Espace de rangement,Sièges inclinables,Langue parlée,Musique,Vue panoramique",Planner,Belabo
4401,Mutengene,"Chauffeur expérimenté,Confort,Sièges inclinables,Vue panoramique,Navigation GPS,Ambiance chaleureuse,Assistance bagages,Connectivité,Animaux acceptés,Conversation",Planner,Meiganga
291,Bali Nyonga,"Navigation GPS,Animaux acceptés,Sport,Vue panoramique,Climatisation,Sièges inclinables,Ponctualité,Langue parlée,Silence,Boisson gratuite,Éclairage tamisé,Chauffeur expérimenté",Traveler,Mbouda
642,Nanga-Eboko,"Chauffeur expérimenté,Boisson gratuite,Vue panoramique,Assistance bagages,Conduite souple,Silence,Animaux acceptés,Navigation GPS,Éclairage tamisé",Planner,Fontem
4561,Bonakouamouang,"Cuisine,Langue parlée,Chauffeur expérimenté,Confort,Ponctualité,Éclairage tamisé,Sièges inclinables,Conversation,Espace de rangement,Wi-Fi gratuit,Animaux acceptés,Boisson gratuite,Navigation GPS",Traveler,Buea
4407,Bertoua,"Confort,Animaux acceptés",Traveler,Guider
79,Nanga-Eboko,"Conversation,Vue panoramique,Wi-Fi gratuit,Connectivité,Espace de rangement,Navigation GPS,Langue parlée,Cuisine,Animaux acceptés,Confort",Traveler,Kumba
2200,Bonamoussadi,"Vue panoramique,Chauffeur expérimenté,Éclairage tamisé,Ambiance chaleureuse,Silence,Wi-Fi gratuit,Climatisation,Connectivité",Traveler,Dibombari
753,Bandjoun,Ambiance chaleureuse,Planner,Nanga-Eboko
54,Loum,"Silence,Langue parlée,Assistance bagages,Chauffeur expérimenté,Espace de rangement,Navigation GPS,Ambiance chaleureuse,Musique,Sport,Sièges inclinables,Animaux acceptés,Cuisine,Boisson gratuite,Connectivité,Climatisation,Wi-Fi gratuit,Vue panoramique,Confort,Conversation,Éclairage tamisé,Conduite souple",Planner,Loum
1067,Douala,"Conversation,Sport,Climatisation",Planner,Nkongsamba
1552,Nkongsamba,"Conduite souple,Navigation GPS",Traveler,Guider
4429,Buea,"Ambiance chaleureuse,Espace de rangement,Climatisation,Confort,Wi-Fi gratuit,Sièges inclinables",Planner,Bertoua
702,Bandjoun,"Silence,Espace de rangement,Cuisine,Sièges inclinables,Confort,Climatisation,Navigation GPS",Traveler,Guider
1767,Bertoua,"Chauffeur expérimenté,Sport,Langue parlée,Éclairage tamisé,Confort,Ponctualité,Musique,Espace de rangement,Vue panoramique,Ambiance chaleureuse,Assistance bagages,Silence,Sièges inclinables,Connectivité,Conduite souple,Boisson gratuite,Wi-Fi gratuit,Conversation,Animaux acceptés,Climatisation",Traveler,Bafang
3439,Mokolo,"Climatisation,Navigation GPS,Ponctualité,Éclairage tamisé,Musique,Vue panoramique,Sièges inclinables,Silence,Connectivité,Sport,Ambiance chaleureuse,Langue parlée,Assistance bagages,Confort,Conduite souple,Chauffeur expérimenté",Traveler,Kousseri
2638,Limbe,"Ponctualité,Musique,Confort,Climatisation,Cuisine,Conversation,Assistance bagages,Silence,Ambiance chaleureuse,Vue panoramique",Planner,Bonakouamouang
2602,Mbouda,"Animaux acceptés,Conduite souple,Espace de rangement,Boisson gratuite,Confort,Musique,Sièges inclinables,Cuisine,Conversation,Assistance bagages,Wi-Fi gratuit,Éclairage tamisé,Ambiance chaleureuse",Traveler,Yagoua
1664,Bogo,"Climatisation,Espace de rangement,Chauffeur expérimenté,Silence,Sièges inclinables,Sport,Boisson gratuite,Wi-Fi gratuit,Navigation GPS,Ponctualité,Confort,Assistance bagages,Conversation,Musique,Langue parlée,Animaux acceptés,Vue panoramique,Cuisine",Planner,Bonakouamouang
1561,Belo,"Chauffeur expérimenté,Musique,Espace de rangement,Boisson gratuite,Wi-Fi gratuit,Conversation,Langue parlée,Climatisation,Connectivité,Ponctualité,Conduite souple,Éclairage tamisé,Vue panoramique,Navigation GPS,Silence,Assistance bagages,Sport",Traveler,Muyuka
4178,Nkongsamba,"Chauffeur expérimenté,Wi-Fi gratuit,Ponctualité,Assistance bagages,Conversation,Conduite souple,Ambiance chaleureuse,Espace de rangement,Boisson gratuite,Musique,Navigation GPS,Connectivité,Climatisation,Sièges inclinables,Confort,Vue panoramique,Silence,Animaux acceptés,Cuisine,Éclairage tamisé,Langue parlée,Sport",Planner,Bonanjo
1667,Bafang,"Chauffeur expérimenté,Conversation,Sièges inclinables",Traveler,Mokolo
2559,Bertoua,"Éclairage tamisé,Sièges inclinables,Chauffeur expérimenté,Cuisine,Espace de rangement,Confort,Assistance bagages,Ponctualité,Wi-Fi gratuit,Climatisation,Navigation GPS,Animaux acceptés,Musique",Traveler,Bertoua
3365,Meiganga,"Climatisation,Chauffeur expérimenté,Animaux acceptés,Confort,Wi-Fi gratuit,Cuisine,Conduite souple,Sièges inclinables,Connectivité,Boisson gratuite,Assistance bagages,Ponctualité,Espace de rangement,Éclairage tamisé,Sport",Planner,Buea
31,Essos,"Éclairage tamisé,Assistance bagages,Boisson gratuite",Traveler,Melong
475,Bafia,"Navigation GPS,Conversation,Climatisation,Chauffeur expérimenté,Langue parlée,Animaux acceptés,Sport,Wi-Fi gratuit,Confort,Connectivité,Conduite souple,Éclairage tamisé,Silence,Espace de rangement",Planner,Kousseri
481,Bandjoun,"Climatisation,Espace de rangement,Silence,Chauffeur expérimenté,Sport,Musique,Animaux acceptés",Planner,Kribi
4317,Buea,"Éclairage tamisé,Connectivité,Ponctualité,Cuisine,Confort,Sport,Conversation,Silence,Wi-Fi gratuit,Assistance bagages,Langue parlée,Espace de rangement,Vue panoramique,Ambiance chaleureuse",Planner,Kousseri
4130,Bimbia,Espace de rangement,Planner,Bertoua
874,Guider,"Musique,Connectivité,Animaux acceptés,Boisson gratuite,Conduite souple,Silence,Ponctualité,Espace de rangement,Ambiance chaleureuse,Wi-Fi gratuit,Navigation GPS,Langue parlée,Éclairage tamisé,Chauffeur expérimenté,Cuisine,Conversation,Vue panoramique,Sport,Confort,Assistance bagages",Planner,Mbalmayo
3475,Mokolo,"Chauffeur expérimenté,Sport,Silence,Navigation GPS,Cuisine,Animaux acceptés,Confort,Vue panoramique,Assistance bagages,Éclairage tamisé,Wi-Fi gratuit,Langue parlée,Conduite souple,Climatisation,Sièges inclinables,Conversation,Musique",Planner,Mokolo
3043,Boutours,"Navigation GPS,Silence,Conversation,Animaux acceptés,Chauffeur expérimenté,Vue panoramique,Climatisation,Boisson gratuite,Cuisine,Connectivité,Ambiance chaleureuse,Musique,Wi-Fi gratuit,Espace de rangement,Sport,Assistance bagages,Langue parlée,Conduite souple,Ponctualité,Sièges inclinables,Éclairage tamisé",Planner,Meiganga
3294,Bertoua,"Sièges inclinables,Conversation,Assistance bagages,Éclairage tamisé,Chauffeur expérimenté,Boisson gratuite,Sport,Cuisine,Ponctualité,Silence,Ambiance chaleureuse,Connectivité,Climatisation,Langue parlée,Confort,Conduite souple,Vue panoramique,Wi-Fi gratuit",Planner,Buea
3305,Maroua,Conduite souple,Planner,Banga Bakundu
3833,Bamenda,"Animaux acceptés,Langue parlée,Éclairage tamisé,Navigation GPS,Sport,Ponctualité,Cuisine,Assistance bagages,Ambiance chaleureuse,Chauffeur expérimenté,Musique,Confort,Vue panoramique,Sièges inclinables,Espace de rangement",Planner,Yagoua
2955,Bafoussam,"Navigation GPS,Climatisation,Connectivité,Espace de rangement,Ambiance chaleureuse,Langue parlée,Boisson gratuite,Musique,Conduite souple,Chauffeur expérimenté,Sièges inclinables,Ponctualité",Traveler,Nanga-Eboko
2244,Belabo,"Musique,Connectivité",Traveler,Bonaberi
724,Yaounde,"Conduite souple,Vue panoramique,Navigation GPS,Boisson gratuite,Wi-Fi gratuit,Chauffeur expérimenté,Connectivité,Langue parlée,Sport,Espace de rangement,Assistance bagages,Ponctualité,Animaux acceptés,Cuisine",Planner,Kumba
1184,Garoua,"Éclairage tamisé,Boisson gratuite,Climatisation,Assistance bagages,Sièges inclinables,Ponctualité,Cuisine,Sport,Langue parlée,Espace de rangement,Conversation,Conduite souple,Navigation GPS,Animaux acceptés",Planner,Campo
1814,Bali Nyonga,"Boisson gratuite,Wi-Fi gratuit,Assistance bagages,Ambiance chaleureuse,Vue panoramique,Climatisation,Navigation GPS,Ponctualité,Musique,Silence,Langue parlée,Sièges inclinables,Chauffeur expérimenté,Espace de rangement,Connectivité,Conversation,Cuisine",Planner,Bertoua
484,Maroua,"Sièges inclinables,Boisson gratuite,Éclairage tamisé,Chauffeur expérimenté",Planner,Mbanga
3688,Nanga-Eboko,"Boisson gratuite,Navigation GPS,Silence",Traveler,Melong
2455,Mbalmayo,"Sièges inclinables,Ambiance chaleureuse,Ponctualité,Conversation,Navigation GPS,Langue parlée,Vue panoramique,Espace de rangement,Climatisation,Animaux acceptés,Wi-Fi gratuit,Chauffeur expérimenté,Connectivité,Assistance bagages,Cuisine,Confort,Silence,Sport,Boisson gratuite",Traveler,Buea
1252,Buea,"Assistance bagages,Silence,Boisson gratuite,Chauffeur expérimenté,Musique,Sport,Animaux acceptés,Connectivité,Éclairage tamisé,Ambiance chaleureuse,Climatisation,Espace de rangement,Conduite souple,Conversation,Langue parlée,Ponctualité,Cuisine,Wi-Fi gratuit,Sièges inclinables,Navigation GPS,Vue panoramique,Confort",Planner,Bonaberi
505,Batibo,Wi-Fi gratuit,Planner,Bonakouamouang
902,Bonakouamouang,"Ponctualité,Musique,Chauffeur expérimenté,Assistance bagages,Connectivité,Espace de rangement,Conduite souple,Vue panoramique",Traveler,Mbanga
846,Garoua,"Climatisation,Ponctualité,Chauffeur expérimenté,Éclairage tamisé,Espace de rangement,Conduite souple,Wi-Fi gratuit,Assistance bagages,Cuisine,Boisson gratuite,Conversation,Vue panoramique,Navigation GPS",Traveler,Nanga-Eboko
395,Maroua,"Conduite souple,Vue panoramique,Confort,Navigation GPS,Éclairage tamisé,Sport,Cuisine,Silence,Ambiance chaleureuse,Boisson gratuite,Espace de rangement,Climatisation,Ponctualité,Connectivité,Conversation,Musique,Animaux acceptés,Langue parlée,Chauffeur expérimenté,Wi-Fi gratuit,Sièges inclinables,Assistance bagages",Traveler,Yagoua
147,Bonakouamouang,"Espace de rangement,Ponctualité,Animaux acceptés",Traveler,Edéa
3874,Belo,"Navigation GPS,Ponctualité",Traveler,Messa
3618,Banga Bakundu,"Chauffeur expérimenté,Sport,Ponctualité,Vue panoramique,Wi-Fi gratuit,Ambiance chaleureuse,Boisson gratuite,Navigation GPS,Langue parlée,Éclairage tamisé,Conduite souple,Sièges inclinables,Espace de rangement,Conversation,Silence,Assistance bagages,Confort,Climatisation,Animaux acceptés",Traveler,Bonakouamouang
4678,Limbe,"Wi-Fi gratuit,Silence,Chauffeur expérimenté,Cuisine,Conduite souple,Vue panoramique,Navigation GPS,Ambiance chaleureuse,Boisson gratuite,Sport,Assistance bagages,Climatisation",Planner,Bimbia
4181,Mutengene,"Sièges inclinables,Climatisation,Ambiance chaleureuse,Espace de rangement,Musique,Boisson gratuite,Cuisine,Silence,Ponctualité,Langue parlée,Éclairage tamisé,Navigation GPS,Vue panoramique,Sport,Assistance bagages,Conversation,Confort,Conduite souple,Chauffeur expérimenté,Animaux acceptés,Wi-Fi gratuit,Connectivité",Traveler,Bogo
3044,Boutours,"Navigation GPS,Musique,Chauffeur expérimenté,Vue panoramique,Animaux acceptés,Silence,Ponctualité,Sièges inclinables,Sport,Assistance bagages,Conduite souple,Boisson gratuite,Espace de rangement,Ambiance chaleureuse,Conversation,Langue parlée,Wi-Fi gratuit,Connectivité,Cuisine,Éclairage tamisé,Confort",Planner,Guider
1820,Mbalmayo,"Ambiance chaleureuse,Silence,Boisson gratuite,Animaux acceptés,Confort,Sport,Espace de rangement,Langue parlée,Navigation GPS",Planner,Bafang
3118,Bafang,"Espace de rangement,Éclairage tamisé,Sièges inclinables,Assistance bagages,Confort,Musique,Connectivité,Climatisation,Langue parlée",Planner,Mbanga
3234,Bertoua,"Espace de rangement,Sport,Cuisine,Éclairage tamisé,Wi-Fi gratuit,Chauffeur expérimenté,Connectivité,Ambiance chaleureuse,Langue parlée,Ponctualité,Navigation GPS,Animaux acceptés,Boisson gratuite,Vue panoramique,Conversation,Confort",Traveler,Mokolo
4523,Campo,"Confort,Ponctualité,Vue panoramique,Éclairage tamisé,Navigation GPS,Boisson gratuite,Cuisine,Ambiance chaleureuse",Planner,Mbanga
765,Figuif,"Silence,Vue panoramique,Connectivité,Cuisine,Assistance bagages,Ambiance chaleureuse,Éclairage tamisé,Wi-Fi gratuit,Conduite souple,Langue parlée,Animaux acceptés,Confort,Sièges inclinables,Espace de rangement",Planner,Bogo
3240,Batibo,"Langue parlée,Éclairage tamisé,Ambiance chaleureuse,Animaux acceptés,Wi-Fi gratuit,Vue panoramique,Chauffeur expérimenté,Climatisation,Cuisine",Planner,Maroua
1414,Mbouda,"Vue panoramique,Cuisine",Planner,Garoua
1892,Bafang,"Vue panoramique,Langue parlée,Chauffeur expérimenté,Climatisation,Ambiance chaleureuse,Boisson gratuite,Navigation GPS,Wi-Fi gratuit,Conversation,Sport",Traveler,Buea
4499,Bertoua,"Ponctualité,Confort,Vue panoramique,Assistance bagages,Connectivité,Navigation GPS,Conduite souple,Chauffeur expérimenté,Animaux acceptés,Boisson gratuite,Éclairage tamisé",Planner,Bimbia
3022,Nanga-Eboko,"Navigation GPS,Confort,Sièges inclinables,Connectivité,Chauffeur expérimenté,Silence,Ambiance chaleureuse,Ponctualité,Wi-Fi gratuit,Animaux acceptés,Assistance bagages,Boisson gratuite,Musique,Conduite souple,Langue parlée,Sport,Climatisation,Vue panoramique,Conversation,Espace de rangement,Éclairage tamisé",Traveler,Douala
1112,Bafia,"Cuisine,Conversation",Traveler,Kumba
3239,Batibo,"Ambiance chaleureuse,Conduite souple,Wi-Fi gratuit,Connectivité,Cuisine,Climatisation,Chauffeur expérimenté,Animaux acceptés,Sièges inclinables,Conversation,Silence,Espace de rangement,Boisson gratuite,Assistance bagages,Éclairage tamisé,Ponctualité,Confort,Sport",Planner,Mokolo
802,Mbouda,"Wi-Fi gratuit,Sièges inclinables,Climatisation,Conversation,Conduite souple,Vue panoramique,Cuisine,Confort,Langue parlée,Boisson gratuite,Éclairage tamisé,Ponctualité,Assistance bagages,Espace de rangement,Ambiance chaleureuse,Silence,Sport,Chauffeur expérimenté,Connectivité,Musique,Navigation GPS",Planner,Figuif
2851,Bali Nyonga,"Éclairage tamisé,Conduite souple,Wi-Fi gratuit,Animaux acceptés,Musique,Sièges inclinables,Sport,Confort,Assistance bagages,Conversation,Langue parlée,Boisson gratuite",Planner,Bogo
2591,Gazawa,"Musique,Sport,Wi-Fi gratuit,Animaux acceptés,Navigation GPS,Conduite souple,Espace de rangement,Sièges inclinables,Connectivité",Planner,Yaounde
2878,Bonaberi,"Animaux acceptés,Assistance bagages,Sièges inclinables,Boisson gratuite,Conduite souple,Wi-Fi gratuit,Sport,Silence,Conversation,Ambiance chaleureuse",Traveler,Loum
247,Mora,"Boisson gratuite,Éclairage tamisé,Conduite souple,Musique,Navigation GPS,Cuisine,Vue panoramique,Ponctualité,Espace de rangement,Confort,Climatisation,Langue parlée,Silence,Connectivité,Assistance bagages,Sièges inclinables",Planner,Batibo
3153,Dibombari,"Musique,Wi-Fi gratuit,Connectivité,Sport,Vue panoramique,Espace de rangement,Sièges inclinables,Cuisine,Animaux acceptés,Silence,Langue parlée,Climatisation,Ponctualité",Planner,Gazawa
994,Gazawa,"Conversation,Musique,Silence,Vue panoramique,Wi-Fi gratuit,Boisson gratuite,Navigation GPS,Confort,Assistance bagages,Conduite souple,Sport,Ambiance chaleureuse,Connectivité",Planner,Mbalmayo
1230,Edéa,"Conversation,Cuisine,Chauffeur expérimenté,Animaux acceptés,Wi-Fi gratuit,Langue parlée,Navigation GPS,Silence",Traveler,Fontem
1233,Meiganga,"Sport,Wi-Fi gratuit,Langue parlée,Chauffeur expérimenté,Silence,Animaux acceptés,Confort,Assistance bagages,Connectivité,Conversation,Navigation GPS,Espace de rangement,Conduite souple,Sièges inclinables,Éclairage tamisé,Climatisation",Planner,Bertoua
2780,Kumba,"Ponctualité,Conduite souple,Animaux acceptés,Confort,Conversation,Ambiance chaleureuse,Langue parlée,Vue panoramique,Assistance bagages,Climatisation,Wi-Fi gratuit,Boisson gratuite,Espace de rangement,Navigation GPS,Connectivité,Chauffeur expérimenté,Sièges inclinables,Musique",Traveler,Buea
601,Bandjoun,"Wi-Fi gratuit,Animaux acceptés,Sièges inclinables,Sport,Silence,Cuisine,Connectivité,Navigation GPS,Conduite souple,Ponctualité,Musique,Langue parlée,Climatisation",Traveler,Figuif
1494,Mokolo,Boisson gratuite,Planner,Meiganga
1988,Campo,"Wi-Fi gratuit,Ponctualité,Animaux acceptés,Espace de rangement,Conduite souple,Assistance bagages",Traveler,Douala
2265,Essos,Langue parlée,Planner,Bonamoussadi
2887,Douala,"Conduite souple,Sport,Conversation,Espace de rangement,Éclairage tamisé,Cuisine,Langue parlée,Vue panoramique,Wi-Fi gratuit,Musique",Traveler,Bimbia
117,Kousseri,"Conversation,Assistance bagages,Wi-Fi gratuit",Traveler,Yaounde
2507,Kousseri,"Langue parlée,Sièges inclinables,Ponctualité",Planner,Gazawa
3651,Mbandjock,"Musique,Sièges inclinables",Planner,Kumba
3554,Boutours,Confort,Traveler,Kribi
3865,Bertoua,"Connectivité,Langue parlée,Musique,Conduite souple,Cuisine,Wi-Fi gratuit,Espace de rangement,Éclairage tamisé,Sport,Confort,Animaux acceptés,Ambiance chaleureuse,Boisson gratuite,Sièges inclinables,Conversation,Chauffeur expérimenté",Planner,Nanga-Eboko
1224,Bonamoussadi,"Vue panoramique,Éclairage tamisé,Espace de rangement,Navigation GPS,Silence,Boisson gratuite",Planner,Yaounde
2963,Mutengene,"Sièges inclinables,Cuisine,Animaux acceptés,Langue parlée,Chauffeur expérimenté,Musique,Conversation,Espace de rangement,Vue panoramique,Connectivité",Traveler,Figuif
2947,Bafoussam,Conversation,Traveler,Essos
982,Belo,"Sièges inclinables,Animaux acceptés,Conversation,Assistance bagages",Planner,Yaounde
2077,Maroua,"Sièges inclinables,Chauffeur expérimenté,Espace de rangement",Planner,Bafoussam
836,Essos,"Silence,Wi-Fi gratuit,Éclairage tamisé,Cuisine,Sièges inclinables,Chauffeur expérimenté,Vue panoramique,Assistance bagages,Espace de rangement,Navigation GPS,Langue parlée,Ponctualité,Boisson gratuite,Animaux acceptés,Conduite souple,Climatisation,Ambiance chaleureuse,Connectivité,Sport",Planner,Bafang
3998,Douala,"Sport,Espace de rangement,Animaux acceptés,Conversation,Connectivité,Vue panoramique,Chauffeur expérimenté,Ponctualité,Ambiance chaleureuse,Cuisine,Boisson gratuite,Sièges inclinables,Musique,Silence",Traveler,Douala
165,Buea,"Langue parlée,Climatisation,Navigation GPS,Cuisine,Ambiance chaleureuse,Assistance bagages,Conduite souple,Ponctualité,Vue panoramique,Silence,Sièges inclinables,Animaux acceptés",Planner,Essos
4986,Banga Bakundu,"Conduite souple,Connectivité,Boisson gratuite,Sièges inclinables,Espace de rangement,Navigation GPS,Conversation,Wi-Fi gratuit,Ponctualité,Ambiance chaleureuse,Cuisine,Animaux acceptés,Silence,Chauffeur expérimenté,Sport,Vue panoramique,Musique",Planner,Bogo
1647,Bertoua,"Boisson gratuite,Sport,Espace de rangement,Connectivité,Confort,Chauffeur expérimenté,Animaux acceptés,Ambiance chaleureuse,Langue parlée,Navigation GPS,Sièges inclinables,Climatisation,Silence",Planner,Belabo
4426,Mokolo,"Climatisation,Vue panoramique,Boisson gratuite,Sport,Éclairage tamisé,Silence,Langue parlée,Confort,Ambiance chaleureuse,Conduite souple,Cuisine,Espace de rangement,Wi-Fi gratuit,Ponctualité,Sièges inclinables",Traveler,Kribi
1903,Bertoua,"Ponctualité,Climatisation",Traveler,Bafoussam
27,Bimbia,"Espace de rangement,Navigation GPS,Langue parlée,Climatisation,Ambiance chaleureuse,Conduite souple,Conversation,Sport,Musique,Wi-Fi gratuit,Assistance bagages",Planner,Mutengene
341,Dibombari,"Espace de rangement,Confort,Ambiance chaleureuse,Wi-Fi gratuit,Conduite souple,Assistance bagages,Musique",Planner,Limbe
3799,Mbouda,"Climatisation,Assistance bagages,Connectivité,Musique,Cuisine,Animaux acceptés,Vue panoramique,Navigation GPS,Wi-Fi gratuit,Éclairage tamisé,Boisson gratuite,Ambiance chaleureuse,Conversation,Sièges inclinables,Confort,Chauffeur expérimenté,Ponctualité",Planner,Kribi
4938,Boutours,"Silence,Ponctualité,Musique,Éclairage tamisé,Chauffeur expérimenté,Sport,Animaux acceptés,Ambiance chaleureuse,Connectivité,Navigation GPS,Assistance bagages,Espace de rangement,Confort,Conduite souple,Conversation,Sièges inclinables",Traveler,Maroua
2684,Muyuka,"Vue panoramique,Wi-Fi gratuit,Ponctualité,Espace de rangement,Assistance bagages,Sport,Silence,Climatisation,Boisson gratuite,Cuisine,Langue parlée,Connectivité",Planner,Bamenda
1463,Dibombari,"Ambiance chaleureuse,Ponctualité,Conversation,Sport,Assistance bagages,Vue panoramique,Climatisation,Chauffeur expérimenté,Langue parlée,Silence,Navigation GPS,Confort,Connectivité,Éclairage tamisé,Musique,Espace de rangement,Animaux acceptés,Cuisine,Conduite souple",Planner,Campo
2543,Mora,"Silence,Animaux acceptés,Chauffeur expérimenté,Espace de rangement,Langue parlée,Connectivité,Conversation,Sièges inclinables,Boisson gratuite,Ponctualité,Assistance bagages",Planner,Bamenda
1424,Mbouda,"Confort,Vue panoramique",Traveler,Limbe
2860,Buea,"Confort,Connectivité,Assistance bagages,Wi-Fi gratuit,Cuisine,Animaux acceptés,Langue parlée,Espace de rangement,Sport,Musique,Climatisation,Ponctualité,Silence,Vue panoramique,Navigation GPS,Sièges inclinables,Ambiance chaleureuse,Conversation,Chauffeur expérimenté,Conduite souple",Traveler,Limbe
1736,Kousseri,"Sport,Confort,Animaux acceptés,Connectivité,Chauffeur expérimenté,Conversation,Espace de rangement,Cuisine,Navigation GPS,Silence,Sièges inclinables,Assistance bagages,Wi-Fi gratuit,Vue panoramique",Planner,Loum
3632,Edéa,"Espace de rangement,Navigation GPS",Planner,Essos
617,Bali Nyonga,"Chauffeur expérimenté,Climatisation,Confort,Conduite souple,Wi-Fi gratuit,Sièges inclinables,Musique,Silence,Vue panoramique,Assistance bagages,Ambiance chaleureuse,Espace de rangement,Éclairage tamisé,Langue parlée",Traveler,Maroua
3531,Bamenda,"Conduite souple,Confort,Ponctualité,Sport,Vue panoramique,Musique,Ambiance chaleureuse",Traveler,Campo
1468,Mbalmayo,"Vue panoramique,Conversation,Éclairage tamisé,Wi-Fi gratuit,Confort,Sport,Navigation GPS,Cuisine,Silence,Langue parlée",Planner,Mora
2522,Bandjoun,"Musique,Chauffeur expérimenté,Silence,Vue panoramique,Sport,Animaux acceptés,Navigation GPS",Traveler,Muyuka
2865,Bamenda,"Conduite souple,Wi-Fi gratuit,Silence,Musique,Cuisine,Sièges inclinables,Animaux acceptés,Langue parlée,Boisson gratuite,Conversation,Sport,Ponctualité,Chauffeur expérimenté,Espace de rangement,Assistance bagages,Vue panoramique,Climatisation,Confort,Éclairage tamisé,Ambiance chaleureuse,Navigation GPS,Connectivité",Planner,Bamenda
256,Mokolo,"Connectivité,Espace de rangement,Wi-Fi gratuit,Chauffeur expérimenté,Boisson gratuite,Assistance bagages,Conduite souple,Animaux acceptés,Silence,Musique,Navigation GPS,Cuisine,Vue panoramique,Sport,Sièges inclinables",Planner,Yagoua
2877,Bertoua,"Espace de rangement,Sièges inclinables,Confort,Wi-Fi gratuit,Langue parlée,Climatisation,Boisson gratuite,Cuisine,Éclairage tamisé,Conversation,Connectivité,Chauffeur expérimenté,Silence,Ponctualité",Planner,Mora
879,Yaounde,"Sport,Espace de rangement,Climatisation,Conversation,Ponctualité,Cuisine,Assistance bagages,Conduite souple,Confort,Langue parlée,Musique",Traveler,Bonanjo
2993,Bonamoussadi,"Assistance bagages,Musique",Planner,Mokolo
4073,Mora,"Assistance bagages,Climatisation,Cuisine,Conduite souple,Animaux acceptés,Musique,Éclairage tamisé,Boisson gratuite,Navigation GPS,Ponctualité,Connectivité,Wi-Fi gratuit,Chauffeur expérimenté,Sport,Vue panoramique",Planner,Bafoussam
2279,Muyuka,"Cuisine,Animaux acceptés,Ponctualité,Connectivité,Boisson gratuite",Planner,Messa
2519,Bogo,"Ambiance chaleureuse,Navigation GPS,Ponctualité,Animaux acceptés,Connectivité,Climatisation,Silence",Traveler,Muyuka
4341,Bandjoun,"Sport,Musique,Espace de rangement,Conduite souple,Confort,Sièges inclinables,Chauffeur expérimenté,Cuisine,Boisson gratuite,Connectivité,Ponctualité,Ambiance chaleureuse,Climatisation,Animaux acceptés,Wi-Fi gratuit,Assistance bagages,Conversation",Planner,Loum
4061,Banga Bakundu,"Ambiance chaleureuse,Sièges inclinables,Langue parlée,Musique,Connectivité,Confort,Sport,Vue panoramique,Conduite souple,Navigation GPS,Wi-Fi gratuit,Animaux acceptés,Éclairage tamisé,Espace de rangement,Ponctualité,Assistance bagages,Silence,Boisson gratuite,Climatisation,Conversation,Cuisine",Traveler,Bertoua
409,Bertoua,"Ponctualité,Navigation GPS,Espace de rangement,Climatisation,Wi-Fi gratuit,Animaux acceptés,Musique,Boisson gratuite,Assistance bagages",Traveler,Fontem
2827,Bogo,"Cuisine,Ponctualité,Musique,Animaux acceptés,Boisson gratuite,Éclairage tamisé,Sièges inclinables",Planner,Maroua
2885,Garoua,"Animaux acceptés,Conduite souple,Chauffeur expérimenté,Ponctualité,Sport,Espace de rangement,Ambiance chaleureuse,Wi-Fi gratuit,Éclairage tamisé,Sièges inclinables,Boisson gratuite",Planner,Banga Bakundu
2375,Bonamoussadi,"Conversation,Chauffeur expérimenté,Climatisation,Musique,Vue panoramique,Boisson gratuite,Sport,Éclairage tamisé,Wi-Fi gratuit",Planner,Bonabéri
1824,Fontem,"Navigation GPS,Chauffeur expérimenté,Connectivité,Ponctualité,Sièges inclinables,Langue parlée,Assistance bagages,Sport,Musique,Animaux acceptés,Ambiance chaleureuse,Confort",Planner,Meiganga
1571,Bimbia,"Espace de rangement,Éclairage tamisé,Conversation,Animaux acceptés,Confort,Musique,Silence,Sport,Ponctualité,Ambiance chaleureuse,Navigation GPS,Connectivité,Assistance bagages,Wi-Fi gratuit,Langue parlée",Planner,Bogo
964,Mbouda,"Langue parlée,Sièges inclinables,Vue panoramique,Animaux acceptés,Sport,Climatisation,Chauffeur expérimenté,Wi-Fi gratuit,Navigation GPS,Confort,Cuisine,Musique,Espace de rangement",Traveler,Mbouda
2772,Bafang,Éclairage tamisé,Traveler,Messa
3818,Melong,"Confort,Conduite souple,Musique,Langue parlée,Assistance bagages,Ponctualité,Wi-Fi gratuit,Cuisine,Sport,Climatisation,Vue panoramique,Ambiance chaleureuse,Animaux acceptés,Silence,Sièges inclinables,Boisson gratuite",Planner,Mutengene
129,Nkongsamba,"Langue parlée,Ambiance chaleureuse,Conduite souple,Climatisation,Navigation GPS,Connectivité,Silence,Musique",Traveler,Bonakouamouang
3165,Bonamoussadi,"Cuisine,Chauffeur expérimenté,Assistance bagages,Vue panoramique,Sport",Traveler,Mokolo
672,Maroua,"Langue parlée,Cuisine,Navigation GPS,Ponctualité,Sport,Connectivité,Animaux acceptés,Chauffeur expérimenté,Climatisation",Traveler,Mbandjock
4618,Bafoussam,"Langue parlée,Navigation GPS,Espace de rangement,Éclairage tamisé,Climatisation,Wi-Fi gratuit,Conversation,Ponctualité,Confort,Sport,Animaux acceptés,Ambiance chaleureuse",Planner,Bonanjo
3497,Meiganga,"Espace de rangement,Wi-Fi gratuit,Assistance bagages,Langue parlée,Éclairage tamisé,Cuisine,Conduite souple,Ambiance chaleureuse,Animaux acceptés,Ponctualité,Silence",Planner,Messa
1853,Edéa,"Animaux acceptés,Éclairage tamisé,Climatisation,Sièges inclinables,Silence,Wi-Fi gratuit,Conversation,Vue panoramique,Ambiance chaleureuse,Musique,Confort,Navigation GPS",Planner,Buea
1211,Essos,"Ponctualité,Animaux acceptés,Assistance bagages,Connectivité,Navigation GPS,Éclairage tamisé,Chauffeur expérimenté,Musique,Espace de rangement,Silence,Vue panoramique,Conduite souple,Langue parlée,Cuisine,Conversation,Ambiance chaleureuse,Sièges inclinables,Climatisation,Confort,Boisson gratuite,Sport,Wi-Fi gratuit",Planner,Mbanga
2892,Garoua,"Conduite souple,Vue panoramique,Sport,Wi-Fi gratuit,Conversation,Boisson gratuite,Navigation GPS,Sièges inclinables",Planner,Campo
2982,Mbanga,"Conversation,Assistance bagages,Ambiance chaleureuse,Langue parlée,Conduite souple,Confort,Éclairage tamisé,Chauffeur expérimenté,Navigation GPS,Espace de rangement,Animaux acceptés,Sièges inclinables,Wi-Fi gratuit,Vue panoramique,Boisson gratuite,Cuisine,Climatisation,Silence,Musique",Traveler,Douala
2665,Bonanjo,"Sport,Sièges inclinables,Navigation GPS,Confort,Langue parlée,Ponctualité,Espace de rangement,Wi-Fi gratuit,Éclairage tamisé",Traveler,Kousseri
1734,Campo,"Wi-Fi gratuit,Éclairage tamisé,Conversation,Sport,Chauffeur expérimenté,Langue parlée,Animaux acceptés,Connectivité,Confort,Silence,Sièges inclinables,Boisson gratuite,Navigation GPS,Conduite souple,Vue panoramique,Ponctualité,Assistance bagages",Planner,Mbandjock
4272,Batibo,"Chauffeur expérimenté,Connectivité,Sièges inclinables,Langue parlée,Navigation GPS,Wi-Fi gratuit,Sport,Boisson gratuite,Confort,Ponctualité,Conversation,Cuisine,Musique,Ambiance chaleureuse,Éclairage tamisé,Climatisation,Animaux acceptés,Conduite souple,Silence,Vue panoramique,Assistance bagages,Espace de rangement",Traveler,Yagoua
4271,Bafoussam,"Espace de rangement,Sièges inclinables,Sport,Vue panoramique,Confort,Silence,Connectivité,Ponctualité,Wi-Fi gratuit,Conversation",Planner,Bonabéri
743,Boutours,"Chauffeur expérimenté,Ponctualité,Assistance bagages,Confort,Navigation GPS,Conduite souple,Ambiance chaleureuse,Éclairage tamisé,Connectivité,Espace de rangement,Silence,Climatisation,Musique,Vue panoramique,Conversation,Sport,Wi-Fi gratuit,Cuisine",Traveler,Edéa
2809,Douala,"Silence,Sport,Climatisation,Sièges inclinables,Chauffeur expérimenté,Langue parlée,Connectivité,Ambiance chaleureuse,Cuisine,Conduite souple,Espace de rangement,Éclairage tamisé,Ponctualité,Boisson gratuite,Animaux acceptés,Musique,Vue panoramique,Navigation GPS",Planner,Dibombari
3396,Bonamoussadi,"Boisson gratuite,Musique,Langue parlée,Climatisation,Éclairage tamisé,Vue panoramique,Conversation,Sport,Ambiance chaleureuse,Animaux acceptés,Connectivité,Conduite souple",Traveler,Bonaberi
619,Bogo,"Confort,Connectivité,Espace de rangement,Climatisation,Wi-Fi gratuit,Animaux acceptés,Silence,Sièges inclinables,Conduite souple,Boisson gratuite,Vue panoramique,Conversation,Cuisine,Chauffeur expérimenté,Ponctualité,Éclairage tamisé,Assistance bagages,Navigation GPS,Ambiance chaleureuse,Sport",Planner,Nanga-Eboko
1064,Bamenda,"Chauffeur expérimenté,Sport,Ponctualité,Wi-Fi gratuit,Vue panoramique,Langue parlée,Espace de rangement,Conversation,Silence",Traveler,Garoua
147,Bonabéri,"Conduite souple,Vue panoramique,Boisson gratuite,Wi-Fi gratuit,Climatisation,Sport,Ponctualité,Navigation GPS,Sièges inclinables,Conversation,Silence,Ambiance chaleureuse,Cuisine,Musique,Animaux acceptés,Langue parlée,Connectivité,Chauffeur expérimenté,Confort",Traveler,Mutengene
2704,Banga Bakundu,"Assistance bagages,Vue panoramique,Cuisine,Boisson gratuite,Wi-Fi gratuit,Éclairage tamisé,Animaux acceptés,Conversation,Langue parlée,Musique,Espace de rangement,Confort,Connectivité,Silence,Navigation GPS,Ponctualité,Ambiance chaleureuse,Climatisation",Planner,Bandjoun
3419,Bonakouamouang,"Conduite souple,Climatisation,Espace de rangement,Boisson gratuite,Ambiance chaleureuse,Assistance bagages,Éclairage tamisé,Connectivité,Conversation,Navigation GPS,Silence,Chauffeur expérimenté,Musique,Wi-Fi gratuit,Cuisine,Animaux acceptés,Confort,Langue parlée",Traveler,Batibo
69,Bonaberi,"Ponctualité,Assistance bagages,Chauffeur expérimenté,Conversation,Cuisine,Climatisation,Ambiance chaleureuse,Sport,Wi-Fi gratuit,Conduite souple,Silence,Animaux acceptés,Vue panoramique,Langue parlée,Boisson gratuite,Espace de rangement,Connectivité,Éclairage tamisé,Navigation GPS,Sièges inclinables,Confort",Traveler,Mbouda
4191,Mokolo,"Ambiance chaleureuse,Assistance bagages,Confort,Silence,Boisson gratuite,Sport,Musique,Conversation,Navigation GPS,Éclairage tamisé,Ponctualité,Sièges inclinables,Conduite souple,Langue parlée,Vue panoramique,Animaux acceptés,Climatisation,Cuisine,Connectivité",Traveler,Loum
1823,Bonamoussadi,"Assistance bagages,Chauffeur expérimenté,Navigation GPS,Langue parlée,Conversation,Musique,Ambiance chaleureuse,Climatisation",Planner,Beti
4802,Boutours,"Chauffeur expérimenté,Animaux acceptés,Wi-Fi gratuit,Climatisation,Conduite souple,Boisson gratuite,Ponctualité,Vue panoramique,Navigation GPS,Éclairage tamisé,Connectivité,Silence,Confort,Sièges inclinables,Assistance bagages",Planner,Mutengene
4206,Bali,"Navigation GPS,Confort,Espace de rangement,Animaux acceptés,Cuisine,Conduite souple,Ambiance chaleureuse,Sièges inclinables,Langue parlée,Climatisation,Sport,Musique,Assistance bagages,Ponctualité,Vue panoramique,Connectivité,Conversation,Éclairage tamisé,Silence",Planner,Fontem
3000,Kribi,"Climatisation,Langue parlée,Musique,Cuisine,Confort,Ponctualité,Navigation GPS,Assistance bagages",Planner,Bonabéri
2299,Buea,"Ambiance chaleureuse,Cuisine,Sièges inclinables",Traveler,Bertoua
4876,Yaounde,"Conduite souple,Vue panoramique,Animaux acceptés,Langue parlée,Navigation GPS,Climatisation,Musique,Conversation,Connectivité,Sièges inclinables,Cuisine,Sport,Silence",Planner,Kumba
3230,Nanga-Eboko,"Connectivité,Ponctualité,Vue panoramique,Espace de rangement,Boisson gratuite,Sièges inclinables,Cuisine,Éclairage tamisé,Navigation GPS,Climatisation,Musique,Langue parlée,Wi-Fi gratuit,Conversation,Assistance bagages,Ambiance chaleureuse,Conduite souple,Animaux acceptés,Silence,Chauffeur expérimenté,Confort,Sport",Traveler,Guider
2392,Bertoua,"Sièges inclinables,Cuisine,Conversation,Wi-Fi gratuit,Langue parlée,Chauffeur expérimenté,Assistance bagages,Ambiance chaleureuse,Musique,Silence,Espace de rangement,Vue panoramique,Sport,Climatisation,Conduite souple,Animaux acceptés,Connectivité,Navigation GPS,Confort,Boisson gratuite,Ponctualité",Traveler,Mora
4430,Bamenda,Langue parlée,Planner,Banga Bakundu
707,Melong,"Confort,Conversation,Navigation GPS,Sport,Silence,Espace de rangement,Ponctualité,Climatisation,Boisson gratuite,Connectivité,Conduite souple,Langue parlée,Wi-Fi gratuit,Cuisine,Éclairage tamisé,Ambiance chaleureuse",Planner,Bafoussam
4603,Melong,"Cuisine,Boisson gratuite,Conduite souple,Musique,Ponctualité,Chauffeur expérimenté,Navigation GPS,Sièges inclinables,Langue parlée,Conversation,Vue panoramique,Silence,Confort,Éclairage tamisé,Assistance bagages",Traveler,Bonakouamouang
4475,Maroua,"Navigation GPS,Silence,Connectivité,Espace de rangement,Wi-Fi gratuit,Vue panoramique,Éclairage tamisé,Climatisation,Assistance bagages,Chauffeur expérimenté,Cuisine",Traveler,Bonabéri
4805,Beti,Chauffeur expérimenté,Planner,Yaounde
289,Guider,"Chauffeur expérimenté,Confort,Musique,Ambiance chaleureuse,Navigation GPS,Cuisine,Connectivité,Conversation,Sièges inclinables",Traveler,Bamenda
2566,Bertoua,"Sport,Navigation GPS,Cuisine,Assistance bagages,Climatisation,Animaux acceptés,Éclairage tamisé,Silence,Wi-Fi gratuit,Conduite souple,Espace de rangement,Langue parlée,Ambiance chaleureuse,Boisson gratuite",Traveler,Messa
2033,Buea,"Confort,Conduite souple,Vue panoramique,Animaux acceptés,Ponctualité,Sport,Boisson gratuite,Assistance bagages,Wi-Fi gratuit,Cuisine,Langue parlée,Navigation GPS",Planner,Bonabéri
2763,Belabo,"Vue panoramique,Chauffeur expérimenté,Langue parlée,Ambiance chaleureuse,Ponctualité,Conduite souple",Traveler,Mokolo
132,Nanga-Eboko,"Navigation GPS,Conduite souple,Confort,Cuisine,Assistance bagages,Espace de rangement,Ponctualité,Sport,Sièges inclinables,Silence,Musique",Traveler,Guider
3474,Beti,"Conversation,Boisson gratuite,Vue panoramique,Sièges inclinables,Conduite souple,Navigation GPS",Planner,Buea
350,Bonamoussadi,"Ponctualité,Vue panoramique,Silence,Éclairage tamisé,Ambiance chaleureuse,Musique,Wi-Fi gratuit,Confort,Cuisine,Boisson gratuite,Connectivité,Espace de rangement",Traveler,Figuif
698,Bafang,"Animaux acceptés,Sport,Ambiance chaleureuse,Wi-Fi gratuit,Cuisine,Éclairage tamisé,Musique,Navigation GPS,Chauffeur expérimenté,Climatisation,Confort,Conduite souple,Vue panoramique,Boisson gratuite,Silence",Planner,Dibombari
305,Maroua,"Espace de rangement,Confort,Silence,Climatisation,Navigation GPS",Traveler,Mbandjock
2323,Figuif,"Assistance bagages,Sport,Ponctualité,Musique,Boisson gratuite,Chauffeur expérimenté,Cuisine,Climatisation,Vue panoramique",Planner,Bali
4175,Bonaberi,"Langue parlée,Confort,Sièges inclinables,Connectivité,Sport,Éclairage tamisé,Silence,Vue panoramique,Chauffeur expérimenté,Ambiance chaleureuse,Boisson gratuite,Wi-Fi gratuit,Musique,Navigation GPS,Cuisine",Traveler,Bafoussam
1143,Fontem,"Musique,Silence,Sport,Navigation GPS,Langue parlée,Vue panoramique,Animaux acceptés,Assistance bagages,Conduite souple,Ambiance chaleureuse,Cuisine",Planner,Bali
2709,Belabo,"Confort,Connectivité,Chauffeur expérimenté,Boisson gratuite,Ponctualité,Conversation,Assistance bagages,Éclairage tamisé,Musique,Vue panoramique,Sport,Navigation GPS,Ambiance chaleureuse,Silence,Sièges inclinables",Planner,Bafia
4329,Guider,"Assistance bagages,Vue panoramique,Wi-Fi gratuit,Animaux acceptés,Éclairage tamisé,Chauffeur expérimenté,Navigation GPS,Climatisation,Cuisine,Espace de rangement",Traveler,Bimbia
2880,Belabo,"Ambiance chaleureuse,Climatisation,Ponctualité,Animaux acceptés,Navigation GPS,Sièges inclinables,Conduite souple,Boisson gratuite,Conversation",Planner,Gazawa
995,Mbalmayo,"Connectivité,Navigation GPS,Espace de rangement,Climatisation,Langue parlée,Chauffeur expérimenté,Wi-Fi gratuit,Musique,Cuisine,Boisson gratuite,Ponctualité,Ambiance chaleureuse,Conversation,Silence,Sport,Animaux acceptés,Confort,Sièges inclinables,Conduite souple,Assistance bagages",Planner,Bafoussam
3366,Dibombari,"Sièges inclinables,Boisson gratuite,Cuisine,Ambiance chaleureuse,Climatisation,Langue parlée,Animaux acceptés,Wi-Fi gratuit,Confort,Conversation,Assistance bagages,Connectivité,Musique,Éclairage tamisé,Silence,Conduite souple,Chauffeur expérimenté,Sport,Navigation GPS,Vue panoramique,Ponctualité,Espace de rangement",Traveler,Belo
3249,Bonamoussadi,"Animaux acceptés,Sport,Assistance bagages,Ponctualité,Sièges inclinables,Navigation GPS,Ambiance chaleureuse,Confort,Conversation,Espace de rangement,Wi-Fi gratuit",Planner,Douala
4630,Messa,"Wi-Fi gratuit,Connectivité,Cuisine,Silence,Navigation GPS,Climatisation,Sport,Langue parlée,Conversation,Sièges inclinables",Traveler,Nkongsamba
1259,Mokolo,"Cuisine,Boisson gratuite,Wi-Fi gratuit,Sport,Climatisation,Silence,Ponctualité,Éclairage tamisé",Traveler,Bimbia
3244,Bali Nyonga,"Silence,Connectivité,Sièges inclinables,Navigation GPS,Vue panoramique,Ambiance chaleureuse,Wi-Fi gratuit,Conduite souple,Climatisation,Chauffeur expérimenté,Boisson gratuite,Animaux acceptés,Ponctualité,Éclairage tamisé,Confort,Langue parlée,Conversation,Espace de rangement",Traveler,Kousseri
3967,Mokolo,"Animaux acceptés,Assistance bagages,Sport,Climatisation,Connectivité,Conduite souple,Chauffeur expérimenté,Wi-Fi gratuit,Musique,Conversation,Navigation GPS,Confort,Éclairage tamisé,Ambiance chaleureuse,Boisson gratuite",Traveler,Figuif
3763,Mora,"Confort,Silence,Vue panoramique,Boisson gratuite,Ponctualité,Sport,Ambiance chaleureuse,Musique,Langue parlée,Cuisine,Connectivité,Animaux acceptés,Chauffeur expérimenté,Conversation",Traveler,Buea
3105,Nanga-Eboko,"Animaux acceptés,Conversation,Langue parlée,Éclairage tamisé,Sport,Sièges inclinables,Climatisation,Vue panoramique,Musique,Espace de rangement,Connectivité,Cuisine,Confort,Silence,Wi-Fi gratuit,Navigation GPS,Assistance bagages,Ambiance chaleureuse,Boisson gratuite",Traveler,Bertoua
1050,Maroua,"Cuisine,Conversation,Silence,Langue parlée",Planner,Fontem
4238,Mbanga,"Animaux acceptés,Musique,Éclairage tamisé,Vue panoramique,Langue parlée,Silence,Conversation,Sport,Ambiance chaleureuse,Boisson gratuite,Navigation GPS,Climatisation,Chauffeur expérimenté,Sièges inclinables,Connectivité",Planner,Kousseri
887,Belo,"Wi-Fi gratuit,Sièges inclinables",Planner,Bonabéri
1097,Meiganga,"Boisson gratuite,Cuisine,Silence,Wi-Fi gratuit",Traveler,Belabo
3507,Maroua,"Cuisine,Éclairage tamisé,Ambiance chaleureuse,Musique,Climatisation,Assistance bagages,Boisson gratuite,Sport",Traveler,Bafoussam
2588,Messa,"Climatisation,Conversation,Cuisine,Animaux acceptés,Ponctualité,Wi-Fi gratuit,Silence",Traveler,Bogo
1573,Bogo,"Boisson gratuite,Conversation,Silence,Chauffeur expérimenté,Conduite souple,Espace de rangement,Sport,Cuisine,Sièges inclinables,Animaux acceptés,Connectivité",Traveler,Bimbia
3376,Mbanga,"Sièges inclinables,Conversation,Navigation GPS,Confort,Wi-Fi gratuit,Cuisine,Éclairage tamisé,Boisson gratuite,Conduite souple,Chauffeur expérimenté,Vue panoramique,Langue parlée,Climatisation,Connectivité,Ambiance chaleureuse,Animaux acceptés",Traveler,Bonakouamouang
41,Batibo,"Navigation GPS,Ambiance chaleureuse,Connectivité,Conduite souple,Vue panoramique,Éclairage tamisé,Sport,Animaux acceptés,Climatisation,Musique,Cuisine,Espace de rangement,Langue parlée,Confort,Sièges inclinables,Ponctualité,Silence,Conversation,Chauffeur expérimenté,Boisson gratuite,Wi-Fi gratuit,Assistance bagages",Planner,Bimbia
3982,Banga Bakundu,"Éclairage tamisé,Chauffeur expérimenté,Assistance bagages",Planner,Essos
4317,Mora,Espace de rangement,Planner,Gazawa
1314,Kribi,"Sport,Vue panoramique,Assistance bagages,Musique,Silence,Ponctualité,Animaux acceptés,Boisson gratuite,Connectivité,Wi-Fi gratuit",Planner,Bonanjo
2760,Nanga-Eboko,"Confort,Langue parlée,Conduite souple,Silence,Chauffeur expérimenté,Assistance bagages,Musique,Sièges inclinables,Vue panoramique,Ambiance chaleureuse,Connectivité,Éclairage tamisé,Animaux acceptés,Cuisine,Climatisation,Espace de rangement,Navigation GPS,Ponctualité,Conversation,Boisson gratuite",Planner,Yagoua
4554,Beti,"Navigation GPS,Confort",Planner,Kumba
3020,Belo,"Confort,Connectivité,Sport,Chauffeur expérimenté,Musique",Planner,Bimbia
3453,Fontem,"Conversation,Assistance bagages,Cuisine,Silence,Sport,Ponctualité,Conduite souple,Vue panoramique,Espace de rangement,Ambiance chaleureuse,Éclairage tamisé",Traveler,Bandjoun
4261,Loum,"Silence,Navigation GPS,Wi-Fi gratuit,Espace de rangement,Conversation,Cuisine",Traveler,Figuif
518,Edéa,"Climatisation,Conversation,Boisson gratuite,Sport,Silence,Connectivité,Vue panoramique,Sièges inclinables,Musique,Chauffeur expérimenté,Espace de rangement,Wi-Fi gratuit,Ambiance chaleureuse,Cuisine,Conduite souple,Animaux acceptés,Éclairage tamisé,Ponctualité,Confort,Assistance bagages,Navigation GPS,Langue parlée",Traveler,Meiganga
1328,Melong,"Sport,Navigation GPS,Chauffeur expérimenté,Silence",Traveler,Bafia
3903,Garoua,"Animaux acceptés,Ponctualité,Chauffeur expérimenté,Cuisine,Ambiance chaleureuse,Silence,Espace de rangement,Connectivité,Conversation,Wi-Fi gratuit,Langue parlée,Climatisation,Navigation GPS,Éclairage tamisé,Conduite souple,Sièges inclinables,Confort,Assistance bagages,Musique,Boisson gratuite",Traveler,Guider
3201,Yaounde,"Chauffeur expérimenté,Conversation,Éclairage tamisé,Cuisine,Ambiance chaleureuse,Boisson gratuite,Conduite souple,Animaux acceptés,Langue parlée,Sport",Planner,Bali Nyonga
1681,Bafoussam,Sièges inclinables,Traveler,Nanga-Eboko
2693,Bogo,"Navigation GPS,Boisson gratuite,Conversation,Sport,Connectivité,Ponctualité,Sièges inclinables,Conduite souple,Langue parlée,Espace de rangement,Wi-Fi gratuit,Chauffeur expérimenté,Assistance bagages,Confort,Silence,Ambiance chaleureuse,Vue panoramique,Éclairage tamisé,Musique,Cuisine,Animaux acceptés",Planner,Bonanjo
3774,Nkongsamba,"Vue panoramique,Éclairage tamisé,Wi-Fi gratuit,Confort",Traveler,Kumba
1315,Buea,"Assistance bagages,Conduite souple,Connectivité,Espace de rangement,Navigation GPS,Vue panoramique,Wi-Fi gratuit,Sport,Climatisation,Ponctualité,Éclairage tamisé,Confort,Animaux acceptés,Boisson gratuite,Musique,Langue parlée,Conversation",Planner,Bertoua
3293,Guider,"Sièges inclinables,Chauffeur expérimenté,Langue parlée,Conversation,Sport,Conduite souple,Assistance bagages,Connectivité,Ponctualité",Traveler,Campo
429,Beti,"Langue parlée,Chauffeur expérimenté,Musique,Sport,Conversation,Éclairage tamisé,Boisson gratuite,Climatisation,Ponctualité",Planner,Belo
4622,Bonamoussadi,"Musique,Confort,Animaux acceptés,Chauffeur expérimenté,Éclairage tamisé,Conversation",Traveler,Yaounde
4029,Bertoua,"Connectivité,Conversation,Animaux acceptés,Sièges inclinables,Boisson gratuite,Conduite souple,Sport,Espace de rangement,Confort,Ponctualité,Climatisation,Wi-Fi gratuit,Langue parlée,Assistance bagages,Cuisine,Silence,Vue panoramique,Chauffeur expérimenté,Musique",Traveler,Mokolo
2772,Gazawa,"Confort,Langue parlée,Silence,Connectivité,Éclairage tamisé,Climatisation,Cuisine,Wi-Fi gratuit,Conduite souple,Vue panoramique,Sièges inclinables,Assistance bagages,Ambiance chaleureuse,Animaux acceptés,Navigation GPS,Chauffeur expérimenté,Ponctualité,Boisson gratuite,Sport,Conversation",Planner,Buea
4885,Essos,"Animaux acceptés,Cuisine,Espace de rangement,Wi-Fi gratuit,Confort,Silence,Navigation GPS,Conduite souple,Conversation,Ambiance chaleureuse,Éclairage tamisé,Sièges inclinables,Musique,Langue parlée,Sport,Ponctualité,Climatisation",Traveler,Mokolo
202,Belo,"Boisson gratuite,Éclairage tamisé,Sport,Sièges inclinables,Vue panoramique,Chauffeur expérimenté,Cuisine,Confort,Wi-Fi gratuit,Connectivité,Ponctualité,Musique,Navigation GPS,Assistance bagages,Silence,Espace de rangement,Conversation,Conduite souple,Climatisation,Ambiance chaleureuse",Traveler,Boutours
2803,Fontem,"Animaux acceptés,Langue parlée,Navigation GPS",Planner,Mbouda
4973,Banga Bakundu,"Sport,Conversation,Connectivité,Vue panoramique,Espace de rangement,Langue parlée,Ambiance chaleureuse,Animaux acceptés,Assistance bagages,Climatisation,Silence,Chauffeur expérimenté,Ponctualité,Confort,Boisson gratuite,Sièges inclinables,Wi-Fi gratuit,Éclairage tamisé",Traveler,Buea
2491,Yagoua,"Espace de rangement,Conduite souple,Vue panoramique,Chauffeur expérimenté,Animaux acceptés,Boisson gratuite,Cuisine,Confort,Ambiance chaleureuse,Conversation,Éclairage tamisé,Climatisation,Sport,Wi-Fi gratuit,Navigation GPS,Connectivité,Musique,Langue parlée,Sièges inclinables,Silence,Assistance bagages,Ponctualité",Traveler,Bogo
4737,Bafoussam,"Vue panoramique,Sport,Animaux acceptés,Boisson gratuite,Espace de rangement,Silence,Conversation,Ponctualité,Musique,Confort,Navigation GPS,Climatisation",Traveler,Yagoua
2872,Bandjoun,"Wi-Fi gratuit,Confort,Vue panoramique,Espace de rangement,Assistance bagages,Ponctualité,Chauffeur expérimenté,Navigation GPS,Connectivité,Sport,Conversation,Climatisation,Musique,Éclairage tamisé,Sièges inclinables",Planner,Figuif
3227,Nkongsamba,"Boisson gratuite,Silence,Vue panoramique,Wi-Fi gratuit,Éclairage tamisé,Espace de rangement,Ponctualité,Cuisine,Animaux acceptés,Langue parlée,Ambiance chaleureuse,Connectivité,Assistance bagages,Confort,Chauffeur expérimenté,Sièges inclinables,Musique,Sport,Navigation GPS,Conversation,Climatisation,Conduite souple",Planner,Figuif
4908,Mora,"Silence,Cuisine,Wi-Fi gratuit,Conversation,Sièges inclinables,Espace de rangement,Ponctualité,Connectivité",Traveler,Mbandjock
3621,Essos,"Ambiance chaleureuse,Climatisation,Boisson gratuite,Musique,Assistance bagages,Espace de rangement,Vue panoramique,Silence,Conduite souple,Animaux acceptés,Conversation,Wi-Fi gratuit,Chauffeur expérimenté,Langue parlée,Navigation GPS,Éclairage tamisé,Connectivité,Confort",Traveler,Bafia
4612,Bali Nyonga,"Musique,Animaux acceptés",Traveler,Bonamoussadi
780,Batibo,"Langue parlée,Assistance bagages,Climatisation,Ambiance chaleureuse,Musique,Navigation GPS,Chauffeur expérimenté,Sport,Confort,Cuisine,Conversation,Connectivité,Ponctualité,Animaux acceptés,Silence,Conduite souple,Boisson gratuite,Wi-Fi gratuit,Sièges inclinables,Espace de rangement,Vue panoramique,Éclairage tamisé",Traveler,Bafoussam
3594,Loum,"Cuisine,Assistance bagages,Ambiance chaleureuse,Conduite souple,Éclairage tamisé,Sport,Musique,Boisson gratuite,Conversation,Sièges inclinables,Navigation GPS,Chauffeur expérimenté,Animaux acceptés,Espace de rangement,Vue panoramique,Confort,Silence,Connectivité,Ponctualité,Langue parlée,Wi-Fi gratuit,Climatisation",Traveler,Yaounde
1927,Dibombari,"Boisson gratuite,Confort,Conduite souple,Chauffeur expérimenté",Traveler,Messa
2209,Bimbia,"Vue panoramique,Espace de rangement,Chauffeur expérimenté,Conduite souple,Ponctualité,Confort,Connectivité,Climatisation,Cuisine,Ambiance chaleureuse,Sièges inclinables,Éclairage tamisé,Langue parlée,Navigation GPS",Planner,Bogo
2444,Nanga-Eboko,"Assistance bagages,Cuisine,Vue panoramique,Ponctualité,Ambiance chaleureuse,Silence,Conduite souple,Boisson gratuite,Confort,Climatisation,Sièges inclinables",Planner,Bertoua
748,Garoua,"Cuisine,Langue parlée,Chauffeur expérimenté,Confort,Conversation,Wi-Fi gratuit",Traveler,Mbouda
2736,Kousseri,Wi-Fi gratuit,Planner,Bafang
4042,Mbandjock,"Conversation,Ambiance chaleureuse,Espace de rangement,Confort,Conduite souple,Ponctualité,Assistance bagages,Silence,Climatisation,Navigation GPS,Wi-Fi gratuit",Planner,Bertoua
1797,Bonakouamouang,"Ponctualité,Confort,Langue parlée,Éclairage tamisé,Animaux acceptés,Conduite souple,Silence,Sièges inclinables,Sport,Espace de rangement,Assistance bagages,Navigation GPS,Wi-Fi gratuit,Vue panoramique",Planner,Gazawa
21,Figuif,"Vue panoramique,Assistance bagages,Cuisine,Wi-Fi gratuit,Éclairage tamisé,Chauffeur expérimenté,Navigation GPS,Sièges inclinables",Traveler,Bonaberi
1521,Bogo,"Cuisine,Assistance bagages,Conversation,Boisson gratuite,Climatisation,Connectivité,Sièges inclinables,Sport,Musique,Silence,Animaux acceptés,Chauffeur expérimenté",Traveler,Figuif
3929,Mutengene,"Cuisine,Climatisation,Confort,Assistance bagages,Éclairage tamisé,Chauffeur expérimenté,Sport,Conduite souple,Langue parlée,Navigation GPS",Traveler,Mbanga
4102,Belo,"Sièges inclinables,Silence,Cuisine,Confort,Chauffeur expérimenté,Assistance bagages,Animaux acceptés",Planner,Bamenda
3241,Gazawa,"Conduite souple,Silence,Vue panoramique,Cuisine,Confort,Wi-Fi gratuit,Sièges inclinables,Conversation,Connectivité,Assistance bagages,Chauffeur expérimenté,Ponctualité,Espace de rangement,Animaux acceptés,Éclairage tamisé,Ambiance chaleureuse,Boisson gratuite,Musique,Sport,Navigation GPS",Planner,Belo
4143,Muyuka,"Ambiance chaleureuse,Vue panoramique,Sièges inclinables,Éclairage tamisé,Conduite souple",Planner,Melong
3779,Bali Nyonga,"Ponctualité,Silence,Sièges inclinables,Sport,Climatisation,Cuisine,Boisson gratuite,Ambiance chaleureuse,Éclairage tamisé,Connectivité,Musique,Espace de rangement,Conduite souple,Conversation,Wi-Fi gratuit",Traveler,Edéa
3851,Mutengene,"Animaux acceptés,Éclairage tamisé,Conduite souple,Confort,Conversation,Ambiance chaleureuse,Espace de rangement,Langue parlée,Boisson gratuite,Sport,Assistance bagages",Traveler,Bonaberi
3848,Kribi,"Ponctualité,Navigation GPS,Wi-Fi gratuit,Conduite souple,Confort,Assistance bagages,Chauffeur expérimenté,Musique,Langue parlée,Conversation,Vue panoramique,Éclairage tamisé,Connectivité,Cuisine,Boisson gratuite,Climatisation,Animaux acceptés,Silence,Espace de rangement,Ambiance chaleureuse,Sport,Sièges inclinables",Traveler,Maroua
1849,Bali,"Chauffeur expérimenté,Sport,Éclairage tamisé,Conversation,Assistance bagages,Navigation GPS,Espace de rangement,Conduite souple,Langue parlée,Confort",Traveler,Maroua
4827,Limbe,"Assistance bagages,Éclairage tamisé,Espace de rangement,Climatisation",Planner,Yagoua
2249,Dibombari,"Espace de rangement,Conversation,Sièges inclinables,Chauffeur expérimenté,Assistance bagages,Connectivité,Vue panoramique,Cuisine,Musique,Navigation GPS,Langue parlée,Confort,Silence,Animaux acceptés,Climatisation,Éclairage tamisé,Ambiance chaleureuse",Planner,Campo
2204,Belo,"Conduite souple,Langue parlée,Climatisation,Espace de rangement,Confort,Vue panoramique,Ambiance chaleureuse",Planner,Campo
3326,Bali Nyonga,"Sport,Cuisine,Musique,Éclairage tamisé,Connectivité,Langue parlée,Assistance bagages,Boisson gratuite,Silence,Navigation GPS,Conversation",Planner,Kousseri
3870,Bonanjo,"Espace de rangement,Connectivité,Conduite souple,Assistance bagages,Climatisation,Ponctualité,Éclairage tamisé,Ambiance chaleureuse,Sport,Navigation GPS,Animaux acceptés,Langue parlée,Chauffeur expérimenté,Conversation,Silence,Boisson gratuite,Musique,Vue panoramique,Wi-Fi gratuit",Planner,Bertoua
4112,Bonanjo,"Sièges inclinables,Silence,Navigation GPS,Boisson gratuite,Ambiance chaleureuse,Ponctualité,Confort,Langue parlée",Traveler,Nkongsamba
3610,Bonanjo,"Cuisine,Animaux acceptés,Navigation GPS",Planner,Nanga-Eboko
1237,Bonamoussadi,"Langue parlée,Confort,Conduite souple,Espace de rangement,Ponctualité,Chauffeur expérimenté,Cuisine,Silence,Connectivité,Sièges inclinables,Climatisation,Sport,Animaux acceptés,Assistance bagages,Éclairage tamisé,Boisson gratuite,Navigation GPS,Ambiance chaleureuse,Musique",Planner,Essos
4782,Mbouda,"Navigation GPS,Conduite souple,Wi-Fi gratuit,Climatisation,Boisson gratuite",Traveler,Yagoua
2396,Garoua,"Navigation GPS,Wi-Fi gratuit,Cuisine,Assistance bagages,Ponctualité,Chauffeur expérimenté,Sièges inclinables,Conduite souple",Traveler,Fontem
1655,Meiganga,"Ponctualité,Wi-Fi gratuit,Sport,Silence,Animaux acceptés,Confort,Chauffeur expérimenté,Navigation GPS,Éclairage tamisé,Espace de rangement,Boisson gratuite,Cuisine,Conduite souple,Ambiance chaleureuse,Assistance bagages,Vue panoramique,Connectivité",Traveler,Figuif
4644,Garoua,"Chauffeur expérimenté,Langue parlée,Cuisine,Ambiance chaleureuse,Ponctualité,Boisson gratuite,Animaux acceptés,Sport,Musique,Climatisation,Espace de rangement,Confort,Sièges inclinables,Navigation GPS,Conversation,Conduite souple,Vue panoramique,Éclairage tamisé",Planner,Kribi
623,Bandjoun,"Sport,Conduite souple,Wi-Fi gratuit,Ponctualité,Assistance bagages,Cuisine,Langue parlée,Chauffeur expérimenté,Espace de rangement,Ambiance chaleureuse",Traveler,Yaounde
1657,Bandjoun,"Navigation GPS,Sport,Sièges inclinables,Musique,Chauffeur expérimenté,Animaux acceptés,Silence,Cuisine,Ponctualité,Conversation,Éclairage tamisé",Planner,Kousseri
3864,Campo,"Espace de rangement,Boisson gratuite,Confort,Assistance bagages,Sport,Animaux acceptés,Sièges inclinables,Wi-Fi gratuit,Conversation,Navigation GPS,Langue parlée,Vue panoramique",Planner,Mutengene
946,Messa,"Cuisine,Sport,Confort,Climatisation,Ponctualité,Navigation GPS,Vue panoramique,Espace de rangement,Ambiance chaleureuse,Silence,Chauffeur expérimenté,Assistance bagages,Conversation,Connectivité,Conduite souple,Wi-Fi gratuit,Sièges inclinables,Éclairage tamisé,Musique",Traveler,Bafang
4161,Yaounde,"Animaux acceptés,Navigation GPS,Ponctualité,Sport,Chauffeur expérimenté,Sièges inclinables,Conduite souple,Climatisation,Ambiance chaleureuse,Cuisine,Connectivité,Musique,Boisson gratuite,Assistance bagages,Langue parlée,Confort,Éclairage tamisé,Wi-Fi gratuit,Vue panoramique,Conversation,Silence,Espace de rangement",Planner,Guider
1566,Campo,"Espace de rangement,Conversation,Langue parlée,Cuisine",Planner,Bimbia
2118,Campo,"Langue parlée,Sièges inclinables,Éclairage tamisé,Confort,Conduite souple,Vue panoramique,Connectivité,Espace de rangement,Cuisine,Boisson gratuite,Conversation,Chauffeur expérimenté,Navigation GPS,Ponctualité,Wi-Fi gratuit,Assistance bagages,Silence,Climatisation",Traveler,Edéa
1597,Bali Nyonga,"Langue parlée,Espace de rangement,Confort,Connectivité,Chauffeur expérimenté,Ponctualité,Cuisine,Vue panoramique,Animaux acceptés,Éclairage tamisé,Climatisation,Assistance bagages,Sièges inclinables,Conduite souple,Conversation,Boisson gratuite,Silence,Sport,Musique,Navigation GPS,Wi-Fi gratuit,Ambiance chaleureuse",Traveler,Bogo
3239,Bonabéri,"Éclairage tamisé,Assistance bagages,Confort,Silence,Musique,Chauffeur expérimenté,Animaux acceptés,Connectivité,Langue parlée,Navigation GPS,Conduite souple,Conversation,Climatisation,Ambiance chaleureuse,Boisson gratuite,Sport,Vue panoramique,Espace de rangement,Wi-Fi gratuit,Sièges inclinables,Cuisine",Traveler,Banga Bakundu
3980,Kumba,"Ponctualité,Conduite souple,Animaux acceptés,Langue parlée,Climatisation,Boisson gratuite,Connectivité,Cuisine,Silence,Ambiance chaleureuse,Assistance bagages,Sièges inclinables,Wi-Fi gratuit,Chauffeur expérimenté,Navigation GPS",Planner,Meiganga
657,Bafia,"Ambiance chaleureuse,Silence,Musique,Cuisine,Ponctualité,Assistance bagages,Animaux acceptés,Vue panoramique,Sport,Boisson gratuite,Wi-Fi gratuit,Sièges inclinables,Chauffeur expérimenté",Traveler,Bogo
2241,Bonamoussadi,"Ambiance chaleureuse,Connectivité,Ponctualité,Sièges inclinables,Silence,Confort,Langue parlée",Traveler,Gazawa
2515,Dibombari,"Silence,Animaux acceptés,Sport,Assistance bagages,Confort,Langue parlée,Cuisine,Chauffeur expérimenté,Navigation GPS,Conversation,Éclairage tamisé,Musique,Wi-Fi gratuit,Connectivité,Espace de rangement,Climatisation,Ambiance chaleureuse,Boisson gratuite,Sièges inclinables,Conduite souple",Traveler,Garoua
2403,Beti,"Climatisation,Sport,Ambiance chaleureuse,Confort,Conversation,Cuisine,Assistance bagages,Silence,Navigation GPS,Musique,Sièges inclinables,Wi-Fi gratuit,Espace de rangement,Chauffeur expérimenté,Boisson gratuite",Planner,Mutengene
2928,Bafia,"Boisson gratuite,Confort,Conversation,Sport,Chauffeur expérimenté,Wi-Fi gratuit,Vue panoramique,Navigation GPS,Espace de rangement,Musique,Langue parlée,Sièges inclinables,Animaux acceptés,Cuisine,Silence,Ambiance chaleureuse",Traveler,Bandjoun
1344,Mutengene,"Ambiance chaleureuse,Climatisation,Silence,Wi-Fi gratuit,Langue parlée,Confort,Animaux acceptés,Ponctualité,Conduite souple,Sièges inclinables,Assistance bagages,Musique,Connectivité,Espace de rangement,Vue panoramique,Navigation GPS,Boisson gratuite,Éclairage tamisé,Sport,Cuisine,Conversation,Chauffeur expérimenté",Traveler,Bonanjo
3623,Buea,"Langue parlée,Sièges inclinables,Ponctualité,Confort,Ambiance chaleureuse,Assistance bagages,Conduite souple,Conversation,Chauffeur expérimenté,Animaux acceptés,Musique,Sport,Éclairage tamisé,Navigation GPS,Wi-Fi gratuit,Espace de rangement,Vue panoramique,Cuisine,Connectivité,Silence",Planner,Bafang
4314,Mora,"Chauffeur expérimenté,Cuisine,Confort,Assistance bagages,Silence,Animaux acceptés,Ambiance chaleureuse,Langue parlée,Connectivité,Vue panoramique,Boisson gratuite,Éclairage tamisé",Traveler,Mora
4407,Fontem,"Ponctualité,Connectivité,Confort,Éclairage tamisé,Vue panoramique,Navigation GPS,Animaux acceptés,Wi-Fi gratuit,Conversation,Langue parlée,Boisson gratuite,Ambiance chaleureuse,Chauffeur expérimenté,Sièges inclinables,Silence,Musique,Assistance bagages,Espace de rangement,Climatisation,Sport",Planner,Boutours
3692,Bali,"Conversation,Connectivité,Assistance bagages,Sièges inclinables,Climatisation,Sport,Espace de rangement,Cuisine,Silence,Éclairage tamisé,Chauffeur expérimenté,Vue panoramique,Boisson gratuite,Wi-Fi gratuit,Musique,Ambiance chaleureuse",Planner,Beti
225,Loum,"Éclairage tamisé,Chauffeur expérimenté,Wi-Fi gratuit,Navigation GPS,Confort,Langue parlée,Assistance bagages,Conduite souple,Sport,Musique,Sièges inclinables,Ponctualité,Espace de rangement,Vue panoramique,Conversation,Climatisation,Boisson gratuite,Connectivité",Traveler,Buea
1492,Garoua,"Assistance bagages,Wi-Fi gratuit,Ambiance chaleureuse,Vue panoramique,Ponctualité,Confort,Conversation,Chauffeur expérimenté,Climatisation,Animaux acceptés,Cuisine,Silence,Langue parlée,Boisson gratuite,Navigation GPS,Éclairage tamisé,Sièges inclinables,Connectivité",Planner,Bafia
3337,Campo,"Langue parlée,Ponctualité,Boisson gratuite,Assistance bagages,Cuisine,Conduite souple,Climatisation",Planner,Dibombari
4325,Bafia,"Musique,Animaux acceptés,Wi-Fi gratuit,Sport,Éclairage tamisé,Navigation GPS,Connectivité,Langue parlée,Espace de rangement,Confort,Ambiance chaleureuse,Vue panoramique,Assistance bagages,Ponctualité,Chauffeur expérimenté,Climatisation,Silence,Boisson gratuite,Conduite souple,Conversation",Planner,Kumba
1783,Melong,"Cuisine,Climatisation,Boisson gratuite,Confort,Éclairage tamisé,Animaux acceptés,Connectivité,Assistance bagages,Ambiance chaleureuse,Musique,Navigation GPS,Ponctualité,Vue panoramique,Chauffeur expérimenté,Wi-Fi gratuit,Sièges inclinables,Silence,Langue parlée",Traveler,Bertoua
442,Bonakouamouang,"Conversation,Vue panoramique,Connectivité,Conduite souple,Wi-Fi gratuit",Traveler,Bogo
4238,Fontem,"Langue parlée,Wi-Fi gratuit,Boisson gratuite,Silence,Climatisation,Sièges inclinables,Vue panoramique,Navigation GPS,Espace de rangement,Animaux acceptés,Conduite souple,Confort,Chauffeur expérimenté,Cuisine,Ambiance chaleureuse,Éclairage tamisé,Sport,Ponctualité,Musique",Traveler,Bali Nyonga
4618,Mutengene,"Sièges inclinables,Navigation GPS,Silence,Cuisine,Boisson gratuite,Langue parlée,Conversation,Wi-Fi gratuit,Vue panoramique,Assistance bagages,Sport,Confort,Musique,Éclairage tamisé,Climatisation,Chauffeur expérimenté,Espace de rangement,Ambiance chaleureuse,Ponctualité",Planner,Kousseri
533,Yagoua,"Sport,Éclairage tamisé,Cuisine,Climatisation,Conversation,Assistance bagages,Langue parlée,Ponctualité,Animaux acceptés,Wi-Fi gratuit,Conduite souple,Boisson gratuite",Traveler,Buea
1879,Gazawa,"Connectivité,Langue parlée,Cuisine,Ponctualité,Sièges inclinables,Vue panoramique,Éclairage tamisé,Animaux acceptés,Conduite souple",Traveler,Kumba
1049,Bandjoun,"Boisson gratuite,Ambiance chaleureuse,Navigation GPS,Animaux acceptés,Silence,Ponctualité",Planner,Mbanga
4017,Garoua,"Sièges inclinables,Conduite souple,Ponctualité,Vue panoramique,Espace de rangement,Éclairage tamisé,Wi-Fi gratuit,Chauffeur expérimenté",Traveler,Bonanjo
517,Fontem,"Chauffeur expérimenté,Conversation,Sport,Ambiance chaleureuse,Conduite souple,Musique,Animaux acceptés,Confort,Vue panoramique,Connectivité,Silence",Traveler,Bafoussam
3816,Bonakouamouang,"Navigation GPS,Chauffeur expérimenté,Connectivité,Wi-Fi gratuit,Conversation,Musique,Assistance bagages,Sport,Silence,Vue panoramique,Ponctualité,Langue parlée,Ambiance chaleureuse,Éclairage tamisé,Cuisine",Planner,Mora
2657,Kousseri,"Conversation,Ambiance chaleureuse,Animaux acceptés,Boisson gratuite,Climatisation,Musique,Espace de rangement",Traveler,Buea
2543,Melong,Langue parlée,Traveler,Bali
916,Belo,"Ponctualité,Ambiance chaleureuse,Musique,Conversation,Espace de rangement,Sport,Conduite souple,Vue panoramique,Animaux acceptés,Assistance bagages",Planner,Nkongsamba
978,Meiganga,"Ambiance chaleureuse,Assistance bagages,Chauffeur expérimenté",Planner,Melong
787,Belabo,Sport,Traveler,Bafoussam
532,Douala,"Wi-Fi gratuit,Climatisation,Musique,Langue parlée,Éclairage tamisé,Connectivité,Animaux acceptés,Ambiance chaleureuse,Espace de rangement,Assistance bagages,Conversation,Boisson gratuite,Vue panoramique,Silence,Ponctualité,Navigation GPS,Sport",Traveler,Kousseri
1462,Bonaberi,"Langue parlée,Wi-Fi gratuit,Espace de rangement,Conduite souple,Connectivité,Éclairage tamisé,Ponctualité,Navigation GPS",Planner,Maroua
4644,Bertoua,"Vue panoramique,Boisson gratuite,Chauffeur expérimenté,Langue parlée,Sièges inclinables,Climatisation,Conversation,Navigation GPS,Silence,Ponctualité,Espace de rangement,Connectivité,Wi-Fi gratuit",Traveler,Messa
1556,Kribi,"Éclairage tamisé,Langue parlée",Planner,Douala
3076,Bimbia,Confort,Planner,Mora
4516,Mokolo,"Langue parlée,Climatisation,Navigation GPS,Sièges inclinables,Wi-Fi gratuit",Planner,Mutengene
1693,Edéa,"Espace de rangement,Musique,Conversation,Sièges inclinables,Wi-Fi gratuit,Chauffeur expérimenté,Animaux acceptés,Ambiance chaleureuse,Navigation GPS,Climatisation,Connectivité,Assistance bagages,Ponctualité,Sport,Langue parlée,Vue panoramique",Planner,Campo
4409,Mora,"Sport,Silence,Ponctualité,Climatisation,Éclairage tamisé,Assistance bagages",Planner,Campo
424,Edéa,"Climatisation,Cuisine,Ponctualité,Assistance bagages,Musique,Silence,Éclairage tamisé,Ambiance chaleureuse,Chauffeur expérimenté",Traveler,Bafoussam
1046,Mbandjock,"Vue panoramique,Wi-Fi gratuit,Climatisation,Assistance bagages,Espace de rangement",Traveler,Bafang
3517,Bertoua,"Navigation GPS,Éclairage tamisé,Sport,Assistance bagages,Cuisine,Vue panoramique,Wi-Fi gratuit,Conversation,Connectivité,Confort,Musique,Sièges inclinables,Ambiance chaleureuse,Boisson gratuite",Traveler,Nkongsamba
3952,Guider,"Navigation GPS,Ponctualité,Chauffeur expérimenté,Cuisine,Conversation,Sièges inclinables,Wi-Fi gratuit,Espace de rangement,Animaux acceptés,Climatisation,Boisson gratuite,Ambiance chaleureuse",Planner,Maroua
4560,Messa,"Cuisine,Climatisation,Ponctualité,Conduite souple,Langue parlée,Chauffeur expérimenté,Animaux acceptés,Conversation,Musique,Éclairage tamisé,Ambiance chaleureuse,Assistance bagages,Wi-Fi gratuit,Sièges inclinables,Espace de rangement,Silence,Boisson gratuite,Sport,Confort,Vue panoramique,Navigation GPS,Connectivité",Traveler,Bertoua
3539,Belabo,"Musique,Ponctualité,Sièges inclinables,Éclairage tamisé,Cuisine,Chauffeur expérimenté,Sport,Confort,Climatisation,Conversation",Traveler,Bamenda
283,Mokolo,"Confort,Wi-Fi gratuit,Éclairage tamisé,Conduite souple,Climatisation,Boisson gratuite,Conversation",Traveler,Mbandjock
3709,Yagoua,"Ponctualité,Wi-Fi gratuit,Ambiance chaleureuse,Vue panoramique,Musique,Conduite souple,Chauffeur expérimenté,Confort",Traveler,Bonamoussadi
2063,Mokolo,"Connectivité,Éclairage tamisé,Ponctualité,Vue panoramique,Conduite souple",Traveler,Mbanga
4594,Figuif,"Connectivité,Navigation GPS,Conduite souple,Ponctualité,Vue panoramique,Confort,Sièges inclinables,Musique,Silence",Planner,Fontem
4135,Bandjoun,"Ponctualité,Musique,Conduite souple,Animaux acceptés,Conversation,Silence,Cuisine,Chauffeur expérimenté,Confort,Wi-Fi gratuit,Boisson gratuite,Sièges inclinables",Traveler,Mbouda
2243,Bimbia,"Navigation GPS,Langue parlée,Connectivité,Silence,Sièges inclinables,Espace de rangement,Ponctualité,Animaux acceptés,Vue panoramique,Wi-Fi gratuit,Chauffeur expérimenté",Traveler,Campo
3217,Bonanjo,"Cuisine,Animaux acceptés,Climatisation,Conversation,Éclairage tamisé,Sport,Langue parlée,Musique,Boisson gratuite,Silence",Traveler,Bertoua
3160,Mbouda,"Éclairage tamisé,Sièges inclinables,Climatisation,Boisson gratuite,Sport,Connectivité,Cuisine,Musique,Espace de rangement,Conduite souple",Planner,Figuif
1562,Belo,"Assistance bagages,Conversation,Chauffeur expérimenté,Ambiance chaleureuse,Ponctualité,Conduite souple,Navigation GPS,Climatisation,Langue parlée,Sport,Musique,Silence",Traveler,Belabo
824,Beti,"Vue panoramique,Boisson gratuite,Cuisine,Ponctualité,Confort,Connectivité,Espace de rangement,Musique,Wi-Fi gratuit",Traveler,Bali
1542,Mbalmayo,"Cuisine,Navigation GPS,Espace de rangement,Chauffeur expérimenté,Confort,Sièges inclinables,Climatisation,Animaux acceptés,Sport,Conversation,Connectivité,Silence,Assistance bagages,Ambiance chaleureuse,Musique,Langue parlée,Boisson gratuite,Éclairage tamisé",Planner,Bimbia
4780,Messa,"Langue parlée,Sport",Planner,Bandjoun
3631,Bonanjo,"Climatisation,Confort,Sport,Espace de rangement,Silence,Musique,Animaux acceptés,Ambiance chaleureuse,Connectivité,Assistance bagages,Chauffeur expérimenté,Sièges inclinables,Vue panoramique,Conduite souple,Conversation,Navigation GPS,Boisson gratuite,Wi-Fi gratuit,Cuisine",Traveler,Bamenda
3364,Essos,"Sport,Sièges inclinables,Navigation GPS,Connectivité,Espace de rangement,Boisson gratuite,Éclairage tamisé,Conduite souple,Chauffeur expérimenté,Climatisation,Vue panoramique,Musique,Conversation,Animaux acceptés,Ambiance chaleureuse,Wi-Fi gratuit,Assistance bagages,Ponctualité,Langue parlée",Traveler,Bonakouamouang
1109,Kousseri,"Vue panoramique,Navigation GPS,Confort,Ambiance chaleureuse,Éclairage tamisé,Sport,Cuisine,Animaux acceptés,Langue parlée,Conversation,Conduite souple,Musique",Planner,Bogo
1850,Messa,"Navigation GPS,Conversation,Chauffeur expérimenté,Musique,Confort,Climatisation,Animaux acceptés,Boisson gratuite,Ponctualité",Planner,Yagoua
2175,Meiganga,"Wi-Fi gratuit,Conversation,Cuisine,Vue panoramique,Éclairage tamisé,Sport,Animaux acceptés,Climatisation,Assistance bagages,Musique,Boisson gratuite,Confort,Connectivité,Langue parlée,Ambiance chaleureuse,Sièges inclinables,Espace de rangement,Navigation GPS",Planner,Guider
3984,Mbanga,"Vue panoramique,Sièges inclinables,Conduite souple,Cuisine,Sport,Animaux acceptés,Éclairage tamisé,Connectivité,Assistance bagages,Navigation GPS",Planner,Bandjoun
2858,Bali,"Wi-Fi gratuit,Conduite souple,Climatisation,Conversation",Planner,Mokolo
676,Fontem,"Musique,Silence,Assistance bagages,Confort,Animaux acceptés,Langue parlée,Conduite souple,Wi-Fi gratuit,Ponctualité,Sièges inclinables",Traveler,Edéa
4735,Muyuka,"Ponctualité,Sport,Connectivité,Langue parlée,Sièges inclinables",Planner,Mutengene
42,Bafang,"Cuisine,Chauffeur expérimenté,Éclairage tamisé,Ambiance chaleureuse,Musique,Confort,Sièges inclinables,Ponctualité,Animaux acceptés,Assistance bagages,Espace de rangement,Vue panoramique,Langue parlée,Navigation GPS,Conduite souple,Boisson gratuite,Silence",Planner,Bonamoussadi
3324,Figuif,"Navigation GPS,Boisson gratuite,Vue panoramique,Espace de rangement,Sport,Ponctualité,Climatisation,Conduite souple,Ambiance chaleureuse,Langue parlée,Sièges inclinables,Silence,Conversation",Planner,Mutengene
200,Banga Bakundu,"Confort,Sport,Vue panoramique,Langue parlée,Assistance bagages,Climatisation,Espace de rangement,Wi-Fi gratuit,Conduite souple,Ambiance chaleureuse,Silence,Conversation,Musique,Cuisine,Chauffeur expérimenté,Connectivité,Ponctualité",Traveler,Mbouda
430,Batibo,"Climatisation,Ponctualité,Conversation,Cuisine,Ambiance chaleureuse,Conduite souple,Boisson gratuite,Connectivité,Navigation GPS",Traveler,Limbe
413,Bali,"Climatisation,Chauffeur expérimenté,Vue panoramique,Sport,Musique,Wi-Fi gratuit,Espace de rangement,Confort,Navigation GPS,Boisson gratuite,Silence,Éclairage tamisé,Connectivité,Conversation,Cuisine,Assistance bagages,Animaux acceptés,Ponctualité,Conduite souple,Langue parlée,Sièges inclinables",Planner,Melong
3940,Mbandjock,"Assistance bagages,Langue parlée,Navigation GPS,Chauffeur expérimenté,Connectivité,Sport,Conduite souple,Vue panoramique,Ambiance chaleureuse,Silence,Éclairage tamisé",Traveler,Bafia
2678,Essos,"Boisson gratuite,Assistance bagages,Espace de rangement,Conduite souple,Navigation GPS,Ambiance chaleureuse,Confort,Silence,Chauffeur expérimenté,Connectivité,Sport,Éclairage tamisé,Musique,Langue parlée,Conversation,Vue panoramique,Climatisation,Wi-Fi gratuit",Traveler,Bonabéri
1185,Campo,"Confort,Cuisine,Musique,Silence,Connectivité,Wi-Fi gratuit",Planner,Buea
346,Bafoussam,"Assistance bagages,Connectivité,Conduite souple,Wi-Fi gratuit",Planner,Banga Bakundu
1146,Boutours,"Sièges inclinables,Wi-Fi gratuit,Navigation GPS",Planner,Dibombari
3566,Belabo,Animaux acceptés,Traveler,Douala
3314,Douala,"Wi-Fi gratuit,Conduite souple,Cuisine,Vue panoramique,Connectivité,Conversation,Langue parlée,Éclairage tamisé,Boisson gratuite",Planner,Gazawa
3931,Bimbia,"Musique,Sport,Silence,Chauffeur expérimenté,Espace de rangement,Boisson gratuite",Planner,Bandjoun
2090,Meiganga,"Confort,Musique,Chauffeur expérimenté,Silence,Espace de rangement,Boisson gratuite,Ponctualité,Cuisine,Assistance bagages",Planner,Bonabéri
83,Bertoua,"Sièges inclinables,Ambiance chaleureuse,Boisson gratuite,Wi-Fi gratuit,Climatisation,Ponctualité,Conduite souple,Chauffeur expérimenté,Conversation,Navigation GPS,Connectivité",Planner,Essos
4420,Bali,"Climatisation,Éclairage tamisé,Confort,Chauffeur expérimenté,Conversation,Vue panoramique,Animaux acceptés,Conduite souple,Espace de rangement,Wi-Fi gratuit,Langue parlée,Connectivité,Assistance bagages,Sièges inclinables,Ponctualité,Sport,Musique,Silence",Traveler,Mbalmayo
4406,Kousseri,"Assistance bagages,Animaux acceptés,Wi-Fi gratuit,Espace de rangement,Éclairage tamisé,Conduite souple,Connectivité,Musique,Ambiance chaleureuse,Chauffeur expérimenté,Boisson gratuite,Cuisine,Silence,Sièges inclinables,Ponctualité,Langue parlée,Conversation,Confort,Climatisation,Vue panoramique,Sport",Planner,Bonanjo
4727,Kribi,"Vue panoramique,Ambiance chaleureuse,Musique,Cuisine,Chauffeur expérimenté,Wi-Fi gratuit,Ponctualité,Confort,Sport,Espace de rangement,Éclairage tamisé,Sièges inclinables,Conduite souple,Assistance bagages,Climatisation,Connectivité,Boisson gratuite,Silence,Navigation GPS,Langue parlée",Planner,Bandjoun
1617,Melong,"Animaux acceptés,Confort,Musique,Navigation GPS,Sièges inclinables,Éclairage tamisé,Espace de rangement,Ponctualité,Conduite souple,Vue panoramique,Ambiance chaleureuse,Conversation,Boisson gratuite,Langue parlée,Connectivité,Climatisation,Chauffeur expérimenté",Planner,Nkongsamba
211,Campo,"Cuisine,Musique,Connectivité,Chauffeur expérimenté,Ambiance chaleureuse,Boisson gratuite,Éclairage tamisé,Silence,Navigation GPS,Conduite souple,Sièges inclinables,Wi-Fi gratuit,Confort,Ponctualité",Planner,Figuif
172,Mbouda,"Cuisine,Espace de rangement,Sièges inclinables,Wi-Fi gratuit,Confort,Navigation GPS,Vue panoramique,Langue parlée,Conversation,Ambiance chaleureuse,Animaux acceptés",Planner,Boutours
4173,Bonanjo,"Espace de rangement,Vue panoramique,Conduite souple,Assistance bagages,Musique,Ponctualité,Éclairage tamisé,Ambiance chaleureuse,Animaux acceptés,Conversation,Boisson gratuite,Langue parlée,Silence,Sport,Navigation GPS",Traveler,Bali Nyonga
155,Gazawa,"Langue parlée,Conduite souple,Wi-Fi gratuit,Cuisine,Ambiance chaleureuse,Ponctualité,Sièges inclinables,Climatisation,Vue panoramique",Planner,Beti
3647,Bamenda,"Conduite souple,Vue panoramique,Connectivité,Climatisation,Assistance bagages,Chauffeur expérimenté,Langue parlée,Silence,Boisson gratuite,Espace de rangement,Cuisine,Ambiance chaleureuse,Sièges inclinables,Sport,Wi-Fi gratuit,Ponctualité",Traveler,Banga Bakundu
758,Bafang,"Langue parlée,Musique,Navigation GPS,Sièges inclinables,Conversation,Conduite souple,Chauffeur expérimenté,Ambiance chaleureuse",Traveler,Edéa
3859,Kousseri,"Espace de rangement,Animaux acceptés",Planner,Melong
2278,Bonanjo,"Chauffeur expérimenté,Connectivité,Cuisine,Wi-Fi gratuit,Assistance bagages,Silence,Éclairage tamisé,Animaux acceptés,Musique,Ambiance chaleureuse,Navigation GPS,Vue panoramique,Sport,Ponctualité,Conversation,Climatisation,Boisson gratuite",Planner,Bogo
3076,Messa,"Boisson gratuite,Confort,Connectivité,Conduite souple,Climatisation,Musique,Langue parlée,Vue panoramique,Conversation,Animaux acceptés,Sport,Sièges inclinables,Assistance bagages,Chauffeur expérimenté,Silence,Espace de rangement,Éclairage tamisé",Traveler,Bertoua
3720,Bogo,"Sièges inclinables,Silence",Planner,Banga Bakundu
722,Muyuka,"Animaux acceptés,Navigation GPS,Espace de rangement,Conduite souple,Cuisine,Éclairage tamisé",Traveler,Maroua
426,Batibo,"Conduite souple,Connectivité,Assistance bagages,Musique,Navigation GPS,Silence,Ponctualité,Animaux acceptés",Traveler,Figuif
4718,Yagoua,"Silence,Boisson gratuite,Confort,Climatisation,Chauffeur expérimenté,Ambiance chaleureuse,Langue parlée,Sièges inclinables,Conduite souple,Connectivité,Conversation,Éclairage tamisé,Musique,Wi-Fi gratuit,Espace de rangement,Sport,Cuisine,Animaux acceptés,Vue panoramique,Ponctualité,Assistance bagages,Navigation GPS",Planner,Bafoussam
2011,Nanga-Eboko,"Cuisine,Confort,Animaux acceptés,Musique,Ponctualité,Conduite souple,Climatisation,Boisson gratuite,Wi-Fi gratuit,Éclairage tamisé,Navigation GPS",Planner,Kumba
1705,Meiganga,"Musique,Éclairage tamisé,Climatisation,Confort,Vue panoramique,Navigation GPS,Ambiance chaleureuse,Espace de rangement,Ponctualité,Cuisine",Traveler,Bafoussam
318,Maroua,"Éclairage tamisé,Langue parlée,Ambiance chaleureuse",Traveler,Bamenda
4307,Muyuka,"Conversation,Sièges inclinables,Chauffeur expérimenté,Wi-Fi gratuit,Animaux acceptés,Navigation GPS,Ambiance chaleureuse,Sport,Boisson gratuite,Silence,Musique,Connectivité,Langue parlée",Planner,Belabo
4336,Meiganga,"Ponctualité,Sport,Wi-Fi gratuit,Ambiance chaleureuse,Confort,Conversation,Conduite souple,Éclairage tamisé,Cuisine,Vue panoramique,Navigation GPS,Espace de rangement,Boisson gratuite,Langue parlée",Planner,Melong
133,Bogo,"Conduite souple,Wi-Fi gratuit,Confort,Silence,Sièges inclinables,Navigation GPS,Ponctualité,Assistance bagages,Espace de rangement,Langue parlée,Climatisation,Connectivité,Vue panoramique,Ambiance chaleureuse,Conversation,Animaux acceptés,Sport,Chauffeur expérimenté",Planner,Essos
3098,Bertoua,"Assistance bagages,Espace de rangement,Silence,Éclairage tamisé,Langue parlée,Vue panoramique,Navigation GPS,Ambiance chaleureuse,Confort,Connectivité,Boisson gratuite,Sport,Sièges inclinables,Conduite souple,Conversation,Ponctualité,Animaux acceptés",Traveler,Messa
4963,Mora,"Sièges inclinables,Confort,Climatisation,Musique,Espace de rangement",Planner,Douala
3762,Mbalmayo,"Connectivité,Wi-Fi gratuit,Boisson gratuite,Espace de rangement,Climatisation,Sport,Musique,Assistance bagages,Ponctualité,Conduite souple,Navigation GPS,Langue parlée,Ambiance chaleureuse,Vue panoramique,Confort",Traveler,Messa
4650,Limbe,"Assistance bagages,Climatisation,Animaux acceptés,Silence,Boisson gratuite,Musique,Conduite souple,Chauffeur expérimenté,Sport,Ponctualité,Sièges inclinables,Confort,Espace de rangement,Navigation GPS,Vue panoramique,Ambiance chaleureuse,Wi-Fi gratuit,Connectivité,Conversation,Langue parlée,Cuisine",Traveler,Muyuka
647,Yagoua,"Climatisation,Vue panoramique,Ambiance chaleureuse,Cuisine,Éclairage tamisé,Musique,Sièges inclinables,Animaux acceptés",Planner,Kousseri
4821,Garoua,"Langue parlée,Chauffeur expérimenté,Climatisation,Sport,Sièges inclinables,Cuisine,Vue panoramique,Ponctualité,Espace de rangement,Confort,Conversation,Musique,Ambiance chaleureuse,Connectivité,Navigation GPS,Boisson gratuite,Silence,Animaux acceptés",Planner,Belo
1618,Bali,"Musique,Animaux acceptés,Espace de rangement,Silence,Ponctualité,Confort,Sport,Éclairage tamisé,Sièges inclinables,Boisson gratuite",Traveler,Figuif
4797,Bonaberi,"Animaux acceptés,Sport,Connectivité,Assistance bagages,Musique,Sièges inclinables,Navigation GPS,Chauffeur expérimenté,Conduite souple,Cuisine,Vue panoramique,Boisson gratuite,Langue parlée,Conversation,Wi-Fi gratuit",Planner,Bimbia
2834,Bafang,Sièges inclinables,Planner,Edéa
2908,Boutours,"Chauffeur expérimenté,Espace de rangement,Conduite souple,Sièges inclinables,Confort,Ponctualité,Navigation GPS,Vue panoramique,Ambiance chaleureuse",Planner,Bonamoussadi
3813,Kribi,"Conduite souple,Cuisine,Assistance bagages,Confort",Traveler,Buea
4984,Nanga-Eboko,"Conduite souple,Vue panoramique",Planner,Guider
3695,Muyuka,"Connectivité,Animaux acceptés,Ambiance chaleureuse,Éclairage tamisé,Silence,Langue parlée,Sièges inclinables,Confort,Conduite souple",Planner,Bali
4440,Loum,"Climatisation,Wi-Fi gratuit,Ponctualité,Ambiance chaleureuse,Vue panoramique,Confort,Navigation GPS,Langue parlée,Animaux acceptés,Cuisine",Planner,Bafang
4376,Bali,"Conversation,Climatisation,Wi-Fi gratuit,Navigation GPS",Planner,Meiganga
3582,Bertoua,"Langue parlée,Conversation,Sièges inclinables,Ambiance chaleureuse,Silence,Animaux acceptés,Conduite souple,Connectivité,Vue panoramique,Assistance bagages,Sport,Confort,Cuisine,Navigation GPS,Musique,Chauffeur expérimenté,Ponctualité,Espace de rangement,Climatisation,Boisson gratuite,Wi-Fi gratuit,Éclairage tamisé",Planner,Bimbia
4305,Bonakouamouang,"Animaux acceptés,Cuisine,Conduite souple,Sièges inclinables,Silence,Navigation GPS,Langue parlée,Climatisation,Confort,Wi-Fi gratuit,Assistance bagages",Traveler,Limbe
2294,Mbouda,"Ponctualité,Vue panoramique,Langue parlée,Sport",Planner,Bogo
2644,Limbe,"Conversation,Vue panoramique,Navigation GPS,Animaux acceptés,Ambiance chaleureuse,Espace de rangement,Ponctualité,Boisson gratuite",Planner,Guider
4656,Mutengene,"Climatisation,Musique,Cuisine,Assistance bagages,Wi-Fi gratuit,Ponctualité,Boisson gratuite,Éclairage tamisé,Animaux acceptés,Vue panoramique,Conversation,Confort",Traveler,Batibo
678,Figuif,"Boisson gratuite,Connectivité,Navigation GPS,Conduite souple",Traveler,Bogo
3870,Mora,"Connectivité,Ponctualité,Assistance bagages,Éclairage tamisé,Conduite souple,Chauffeur expérimenté,Climatisation,Musique,Ambiance chaleureuse",Planner,Bonanjo
4010,Bali,"Ambiance chaleureuse,Animaux acceptés,Éclairage tamisé,Navigation GPS,Sport,Conversation,Confort,Boisson gratuite,Silence,Sièges inclinables,Musique,Ponctualité,Cuisine,Chauffeur expérimenté,Espace de rangement,Langue parlée,Climatisation,Wi-Fi gratuit",Traveler,Essos
2925,Kumba,"Climatisation,Chauffeur expérimenté,Espace de rangement,Ambiance chaleureuse,Cuisine,Silence,Assistance bagages,Sièges inclinables,Confort,Connectivité,Éclairage tamisé",Planner,Bonabéri
2818,Mbandjock,"Chauffeur expérimenté,Conduite souple,Boisson gratuite,Animaux acceptés,Wi-Fi gratuit,Climatisation,Conversation,Ambiance chaleureuse,Ponctualité,Éclairage tamisé,Espace de rangement,Assistance bagages",Planner,Kribi
3693,Bonakouamouang,"Assistance bagages,Éclairage tamisé,Conduite souple,Ponctualité,Sport,Langue parlée,Climatisation,Cuisine,Silence,Chauffeur expérimenté,Boisson gratuite,Vue panoramique,Animaux acceptés,Musique,Confort,Conversation,Sièges inclinables,Navigation GPS,Ambiance chaleureuse",Planner,Douala
1466,Beti,"Conduite souple,Boisson gratuite,Animaux acceptés,Vue panoramique,Éclairage tamisé,Espace de rangement,Silence,Ponctualité,Navigation GPS,Cuisine,Langue parlée,Chauffeur expérimenté,Wi-Fi gratuit,Confort,Connectivité,Musique,Sièges inclinables,Climatisation,Sport",Planner,Bimbia
1031,Muyuka,"Assistance bagages,Chauffeur expérimenté,Confort,Cuisine,Climatisation,Espace de rangement,Éclairage tamisé,Silence,Musique,Sièges inclinables,Ponctualité",Planner,Guider
41,Nanga-Eboko,"Conversation,Connectivité,Boisson gratuite,Sièges inclinables,Silence,Assistance bagages,Chauffeur expérimenté,Wi-Fi gratuit,Climatisation,Ambiance chaleureuse,Conduite souple,Cuisine,Espace de rangement,Langue parlée,Animaux acceptés,Confort,Musique",Traveler,Edéa
1822,Bonaberi,"Climatisation,Sport,Assistance bagages,Vue panoramique,Ponctualité,Langue parlée,Chauffeur expérimenté,Conversation,Navigation GPS,Musique,Conduite souple,Connectivité,Cuisine,Wi-Fi gratuit,Confort,Espace de rangement,Animaux acceptés",Traveler,Bali Nyonga
2147,Belo,"Ambiance chaleureuse,Confort,Assistance bagages,Animaux acceptés,Silence,Wi-Fi gratuit,Conversation,Éclairage tamisé",Planner,Bertoua
3077,Mutengene,"Confort,Silence,Vue panoramique,Ponctualité,Boisson gratuite,Chauffeur expérimenté,Sièges inclinables,Espace de rangement,Langue parlée,Éclairage tamisé,Assistance bagages",Planner,Nanga-Eboko
1231,Bogo,"Connectivité,Conduite souple,Ambiance chaleureuse,Wi-Fi gratuit",Traveler,Bonaberi
993,Belo,"Connectivité,Sièges inclinables,Climatisation,Silence,Assistance bagages,Sport,Confort,Navigation GPS,Boisson gratuite,Musique,Conduite souple,Cuisine,Éclairage tamisé,Ponctualité,Ambiance chaleureuse,Langue parlée,Animaux acceptés,Espace de rangement",Traveler,Banga Bakundu
1695,Bonabéri,"Chauffeur expérimenté,Animaux acceptés,Espace de rangement,Boisson gratuite,Climatisation,Sport,Navigation GPS,Ponctualité,Sièges inclinables,Conduite souple,Conversation,Confort,Musique,Cuisine,Éclairage tamisé",Planner,Bafang
653,Buea,"Navigation GPS,Assistance bagages,Animaux acceptés,Éclairage tamisé,Ambiance chaleureuse,Langue parlée,Vue panoramique,Silence,Ponctualité,Espace de rangement,Connectivité,Musique",Traveler,Kribi
3990,Edéa,"Ambiance chaleureuse,Animaux acceptés,Musique,Connectivité,Assistance bagages,Chauffeur expérimenté,Conduite souple,Confort",Traveler,Batibo
2442,Bimbia,"Éclairage tamisé,Sport,Animaux acceptés,Assistance bagages,Connectivité,Ambiance chaleureuse,Boisson gratuite,Navigation GPS,Sièges inclinables,Espace de rangement,Silence,Langue parlée,Ponctualité,Climatisation,Conduite souple,Confort,Musique,Conversation,Chauffeur expérimenté",Planner,Bonabéri
1304,Buea,"Confort,Musique,Ponctualité,Langue parlée,Animaux acceptés,Chauffeur expérimenté,Connectivité,Silence,Assistance bagages",Traveler,Bertoua
1513,Banga Bakundu,"Langue parlée,Silence,Chauffeur expérimenté,Conduite souple,Wi-Fi gratuit,Sièges inclinables,Connectivité,Climatisation,Sport",Planner,Boutours
2323,Mbouda,"Ponctualité,Conduite souple,Climatisation,Conversation,Espace de rangement,Silence,Connectivité,Wi-Fi gratuit,Sièges inclinables,Vue panoramique,Musique,Confort,Navigation GPS,Sport,Chauffeur expérimenté,Langue parlée,Éclairage tamisé,Ambiance chaleureuse,Assistance bagages,Boisson gratuite,Animaux acceptés",Planner,Bamenda
3826,Bonaberi,"Climatisation,Espace de rangement,Animaux acceptés,Vue panoramique",Traveler,Figuif
4263,Maroua,"Sièges inclinables,Vue panoramique,Chauffeur expérimenté,Climatisation,Cuisine,Éclairage tamisé,Wi-Fi gratuit,Silence,Ambiance chaleureuse,Sport,Navigation GPS,Animaux acceptés,Assistance bagages,Espace de rangement,Musique,Langue parlée,Connectivité,Conduite souple,Confort,Ponctualité",Planner,Mutengene
2374,Bali,"Climatisation,Ponctualité,Langue parlée,Animaux acceptés,Silence,Conduite souple,Assistance bagages,Éclairage tamisé,Espace de rangement,Sièges inclinables,Navigation GPS,Confort,Conversation,Wi-Fi gratuit,Vue panoramique,Connectivité,Sport",Traveler,Mbandjock
1336,Douala,"Vue panoramique,Wi-Fi gratuit,Sport,Boisson gratuite,Espace de rangement,Ponctualité,Animaux acceptés,Navigation GPS,Cuisine,Musique,Éclairage tamisé,Conduite souple,Sièges inclinables,Ambiance chaleureuse,Confort,Silence,Chauffeur expérimenté,Climatisation,Conversation,Langue parlée",Traveler,Bali
1099,Bonamoussadi,"Silence,Éclairage tamisé,Navigation GPS,Boisson gratuite,Connectivité,Assistance bagages,Wi-Fi gratuit,Ambiance chaleureuse",Traveler,Bertoua
1427,Bertoua,"Ponctualité,Boisson gratuite,Ambiance chaleureuse,Éclairage tamisé,Espace de rangement,Cuisine,Wi-Fi gratuit,Conversation,Sièges inclinables,Langue parlée",Planner,Buea
1230,Kousseri,Musique,Planner,Douala
1463,Yaounde,"Wi-Fi gratuit,Ponctualité,Sièges inclinables,Boisson gratuite,Chauffeur expérimenté,Navigation GPS,Vue panoramique,Conduite souple,Éclairage tamisé,Espace de rangement,Confort,Musique,Connectivité",Traveler,Kumba
676,Figuif,"Conversation,Confort,Vue panoramique,Silence,Cuisine,Ambiance chaleureuse,Sport,Assistance bagages,Boisson gratuite,Ponctualité,Éclairage tamisé,Langue parlée",Traveler,Bali
1562,Bandjoun,"Éclairage tamisé,Cuisine,Chauffeur expérimenté,Musique,Espace de rangement",Planner,Mbandjock
3575,Melong,"Silence,Chauffeur expérimenté,Connectivité,Éclairage tamisé,Conduite souple,Assistance bagages,Navigation GPS,Ambiance chaleureuse,Ponctualité,Climatisation,Musique",Planner,Kousseri
744,Limbe,"Confort,Climatisation,Musique,Langue parlée,Assistance bagages,Ambiance chaleureuse,Sport,Boisson gratuite,Navigation GPS,Chauffeur expérimenté,Sièges inclinables,Animaux acceptés,Wi-Fi gratuit,Vue panoramique,Silence,Cuisine,Espace de rangement,Éclairage tamisé,Ponctualité,Connectivité,Conduite souple,Conversation",Traveler,Maroua
4761,Mbanga,"Sièges inclinables,Wi-Fi gratuit,Ambiance chaleureuse,Climatisation,Navigation GPS,Ponctualité,Animaux acceptés,Assistance bagages,Éclairage tamisé",Planner,Boutours
4550,Bonakouamouang,"Assistance bagages,Langue parlée,Connectivité,Cuisine,Confort,Sièges inclinables,Wi-Fi gratuit,Silence,Musique",Planner,Meiganga
2510,Bimbia,"Navigation GPS,Conduite souple,Climatisation",Planner,Beti
2471,Kousseri,"Assistance bagages,Connectivité,Ambiance chaleureuse,Sièges inclinables,Climatisation,Wi-Fi gratuit",Planner,Bonaberi
4131,Boutours,"Climatisation,Vue panoramique,Conversation,Chauffeur expérimenté,Boisson gratuite,Langue parlée,Silence,Connectivité,Navigation GPS,Confort,Éclairage tamisé,Espace de rangement",Traveler,Dibombari
1292,Belabo,"Conduite souple,Ambiance chaleureuse,Musique,Chauffeur expérimenté,Confort",Traveler,Bonabéri
4035,Dibombari,"Chauffeur expérimenté,Assistance bagages,Conduite souple,Silence,Vue panoramique,Éclairage tamisé",Traveler,Mora
3506,Maroua,"Langue parlée,Chauffeur expérimenté,Confort",Traveler,Bafia
3310,Kumba,"Ponctualité,Conversation,Musique,Sièges inclinables,Assistance bagages,Chauffeur expérimenté,Boisson gratuite,Conduite souple,Confort,Langue parlée,Animaux acceptés,Éclairage tamisé,Cuisine,Wi-Fi gratuit,Connectivité,Vue panoramique,Sport,Navigation GPS,Climatisation",Traveler,Boutours
1541,Messa,Éclairage tamisé,Planner,Bandjoun
3650,Bali,"Sièges inclinables,Confort,Chauffeur expérimenté,Animaux acceptés,Vue panoramique,Sport,Espace de rangement,Ambiance chaleureuse",Planner,Bonamoussadi
3352,Nkongsamba,"Conduite souple,Sièges inclinables,Langue parlée,Animaux acceptés,Ponctualité,Vue panoramique,Connectivité,Espace de rangement,Navigation GPS,Conversation,Cuisine",Traveler,Mbalmayo
3770,Buea,"Éclairage tamisé,Connectivité,Espace de rangement,Langue parlée,Ambiance chaleureuse,Conversation,Vue panoramique,Boisson gratuite,Navigation GPS,Assistance bagages,Silence,Sport,Cuisine,Animaux acceptés,Chauffeur expérimenté,Climatisation,Ponctualité,Confort",Planner,Douala
1406,Yaounde,"Langue parlée,Confort,Boisson gratuite",Traveler,Kumba
4529,Mbalmayo,"Climatisation,Sport,Ponctualité,Boisson gratuite,Cuisine,Conversation,Langue parlée,Ambiance chaleureuse,Espace de rangement,Confort,Éclairage tamisé",Traveler,Kumba
2945,Edéa,"Animaux acceptés,Langue parlée,Silence,Musique,Navigation GPS,Espace de rangement,Chauffeur expérimenté,Sièges inclinables,Wi-Fi gratuit,Confort,Conduite souple,Assistance bagages,Ponctualité,Vue panoramique",Traveler,Mokolo
3503,Bertoua,"Wi-Fi gratuit,Vue panoramique,Sièges inclinables,Animaux acceptés",Traveler,Bafia
652,Beti,"Conversation,Boisson gratuite,Connectivité,Navigation GPS,Cuisine,Assistance bagages,Sport,Chauffeur expérimenté,Conduite souple,Sièges inclinables,Wi-Fi gratuit,Musique,Ponctualité,Langue parlée,Animaux acceptés,Ambiance chaleureuse,Confort,Climatisation,Silence,Vue panoramique,Espace de rangement,Éclairage tamisé",Planner,Kousseri
3343,Muyuka,"Navigation GPS,Espace de rangement,Conduite souple,Sièges inclinables,Confort,Vue panoramique,Cuisine,Éclairage tamisé,Ambiance chaleureuse,Chauffeur expérimenté,Boisson gratuite,Assistance bagages,Climatisation,Connectivité,Wi-Fi gratuit,Animaux acceptés,Silence,Ponctualité,Conversation",Traveler,Loum
4520,Yagoua,"Animaux acceptés,Conversation,Silence,Ambiance chaleureuse,Wi-Fi gratuit,Éclairage tamisé,Vue panoramique,Connectivité,Ponctualité,Boisson gratuite,Navigation GPS,Sièges inclinables,Espace de rangement,Langue parlée,Confort",Planner,Beti
97,Fontem,"Climatisation,Éclairage tamisé,Espace de rangement,Sport,Musique,Chauffeur expérimenté,Confort,Ponctualité,Wi-Fi gratuit",Planner,Loum
2673,Bandjoun,"Ambiance chaleureuse,Chauffeur expérimenté,Sport,Climatisation,Espace de rangement,Éclairage tamisé,Sièges inclinables,Ponctualité,Silence,Animaux acceptés,Connectivité,Conduite souple,Musique,Cuisine,Langue parlée,Wi-Fi gratuit,Navigation GPS,Conversation,Boisson gratuite",Planner,Guider
4022,Muyuka,"Éclairage tamisé,Climatisation,Langue parlée,Confort,Conversation,Assistance bagages,Silence,Ambiance chaleureuse,Connectivité,Conduite souple,Chauffeur expérimenté,Navigation GPS,Animaux acceptés,Boisson gratuite,Sport,Musique,Sièges inclinables",Traveler,Limbe
428,Bonamoussadi,"Connectivité,Ambiance chaleureuse,Navigation GPS,Chauffeur expérimenté,Boisson gratuite,Espace de rangement,Animaux acceptés,Cuisine",Traveler,Bandjoun
3330,Bonakouamouang,"Sièges inclinables,Climatisation,Cuisine,Animaux acceptés,Ambiance chaleureuse,Connectivité,Musique,Sport,Navigation GPS,Chauffeur expérimenté,Confort,Assistance bagages,Wi-Fi gratuit,Boisson gratuite,Conduite souple,Espace de rangement,Ponctualité,Silence",Traveler,Beti
3391,Maroua,"Climatisation,Conversation,Conduite souple,Sièges inclinables,Éclairage tamisé,Boisson gratuite,Wi-Fi gratuit,Animaux acceptés,Sport,Espace de rangement,Chauffeur expérimenté,Connectivité,Langue parlée",Traveler,Buea
2009,Messa,"Connectivité,Silence,Ambiance chaleureuse,Chauffeur expérimenté,Éclairage tamisé,Climatisation,Espace de rangement,Musique,Navigation GPS,Langue parlée,Wi-Fi gratuit,Ponctualité,Assistance bagages,Boisson gratuite,Sièges inclinables,Conduite souple,Animaux acceptés,Vue panoramique,Cuisine,Conversation,Sport,Confort",Planner,Bonanjo
1305,Bonamoussadi,"Conduite souple,Conversation,Confort,Chauffeur expérimenté,Climatisation,Musique,Wi-Fi gratuit,Assistance bagages,Ponctualité,Sport,Langue parlée,Ambiance chaleureuse,Animaux acceptés",Planner,Buea
3731,Bafia,"Connectivité,Cuisine,Ambiance chaleureuse,Éclairage tamisé,Confort,Sport,Ponctualité,Conduite souple,Chauffeur expérimenté,Wi-Fi gratuit",Planner,Kribi
1279,Gazawa,"Conduite souple,Wi-Fi gratuit,Animaux acceptés,Navigation GPS,Climatisation,Silence,Espace de rangement,Sport,Assistance bagages",Planner,Mbanga
4714,Kribi,"Assistance bagages,Conversation,Espace de rangement",Traveler,Bonamoussadi
783,Bafia,"Conduite souple,Vue panoramique,Sièges inclinables,Ponctualité,Animaux acceptés,Confort,Silence,Musique,Langue parlée,Navigation GPS,Wi-Fi gratuit,Boisson gratuite,Éclairage tamisé,Ambiance chaleureuse,Assistance bagages,Sport,Cuisine",Traveler,Bamenda
893,Yagoua,"Sport,Climatisation,Ponctualité,Cuisine,Assistance bagages",Traveler,Boutours
1054,Buea,"Navigation GPS,Assistance bagages,Boisson gratuite,Conversation,Chauffeur expérimenté,Ambiance chaleureuse,Animaux acceptés,Cuisine,Ponctualité,Sièges inclinables,Sport,Éclairage tamisé,Vue panoramique,Wi-Fi gratuit,Connectivité,Confort,Climatisation,Langue parlée,Conduite souple,Musique,Espace de rangement",Traveler,Edéa
1684,Bafia,"Navigation GPS,Silence,Espace de rangement,Conversation",Planner,Maroua
108,Bogo,"Langue parlée,Wi-Fi gratuit,Boisson gratuite,Climatisation,Musique,Conversation,Éclairage tamisé,Silence,Chauffeur expérimenté,Ponctualité,Cuisine,Confort,Animaux acceptés,Espace de rangement,Sièges inclinables,Sport,Ambiance chaleureuse,Connectivité",Planner,Melong
580,Maroua,"Ponctualité,Ambiance chaleureuse,Connectivité,Conduite souple,Animaux acceptés,Navigation GPS,Boisson gratuite,Confort",Planner,Maroua
3584,Yagoua,"Connectivité,Espace de rangement,Boisson gratuite,Chauffeur expérimenté,Ponctualité,Wi-Fi gratuit,Conversation,Vue panoramique,Musique,Animaux acceptés,Langue parlée,Conduite souple",Planner,Kribi
3947,Mora,"Navigation GPS,Assistance bagages,Wi-Fi gratuit,Conduite souple,Ambiance chaleureuse,Sièges inclinables,Connectivité,Confort,Vue panoramique,Animaux acceptés,Conversation,Climatisation,Sport,Éclairage tamisé,Espace de rangement,Silence,Musique,Chauffeur expérimenté,Langue parlée,Ponctualité,Cuisine,Boisson gratuite",Traveler,Douala
3059,Loum,"Musique,Conduite souple,Climatisation,Ponctualité,Vue panoramique,Ambiance chaleureuse",Planner,Bafia
705,Gazawa,"Conversation,Langue parlée,Boisson gratuite,Espace de rangement,Sport,Sièges inclinables,Vue panoramique,Animaux acceptés,Climatisation,Ambiance chaleureuse,Éclairage tamisé,Assistance bagages,Connectivité,Cuisine,Ponctualité,Conduite souple,Musique",Traveler,Muyuka
4560,Nanga-Eboko,"Boisson gratuite,Climatisation,Espace de rangement,Ambiance chaleureuse,Navigation GPS,Silence,Cuisine,Assistance bagages,Éclairage tamisé,Ponctualité,Sport,Conduite souple,Langue parlée,Sièges inclinables",Planner,Messa
3207,Gazawa,"Ponctualité,Navigation GPS,Espace de rangement,Boisson gratuite,Musique,Animaux acceptés,Connectivité,Assistance bagages,Wi-Fi gratuit,Sièges inclinables,Conduite souple,Conversation",Traveler,Bonabéri
4744,Kousseri,"Navigation GPS,Espace de rangement,Ambiance chaleureuse,Langue parlée,Sport,Éclairage tamisé,Vue panoramique,Silence",Planner,Meiganga
760,Belabo,"Cuisine,Ponctualité,Ambiance chaleureuse,Confort,Navigation GPS,Conversation,Sièges inclinables,Boisson gratuite,Connectivité,Vue panoramique,Animaux acceptés,Conduite souple,Silence,Wi-Fi gratuit,Assistance bagages,Espace de rangement",Traveler,Bertoua
2039,Bali Nyonga,"Navigation GPS,Animaux acceptés,Cuisine,Sport,Ponctualité,Sièges inclinables,Langue parlée,Wi-Fi gratuit,Ambiance chaleureuse,Vue panoramique,Chauffeur expérimenté,Conduite souple,Espace de rangement,Boisson gratuite,Assistance bagages,Conversation,Éclairage tamisé,Musique,Climatisation,Connectivité,Silence",Traveler,Boutours
2219,Bonabéri,"Connectivité,Chauffeur expérimenté,Cuisine,Animaux acceptés,Musique,Assistance bagages,Langue parlée,Éclairage tamisé,Confort",Traveler,Mokolo
2114,Bogo,"Musique,Conduite souple,Climatisation,Navigation GPS,Animaux acceptés,Sièges inclinables,Boisson gratuite,Conversation,Connectivité,Assistance bagages,Silence,Confort,Chauffeur expérimenté,Vue panoramique,Cuisine,Ambiance chaleureuse,Sport,Éclairage tamisé,Espace de rangement,Langue parlée,Wi-Fi gratuit",Planner,Kousseri
629,Dibombari,"Cuisine,Ponctualité,Silence,Chauffeur expérimenté,Connectivité,Éclairage tamisé,Animaux acceptés,Climatisation,Conduite souple,Wi-Fi gratuit,Musique,Langue parlée,Boisson gratuite,Navigation GPS,Vue panoramique,Confort,Conversation,Sport,Ambiance chaleureuse,Assistance bagages,Espace de rangement,Sièges inclinables",Planner,Bonamoussadi
1960,Muyuka,"Sport,Wi-Fi gratuit",Planner,Campo
2381,Messa,"Assistance bagages,Silence,Animaux acceptés,Espace de rangement,Éclairage tamisé,Confort,Navigation GPS,Musique,Wi-Fi gratuit,Chauffeur expérimenté,Langue parlée,Cuisine,Ponctualité,Sièges inclinables,Connectivité,Vue panoramique,Conversation,Ambiance chaleureuse,Boisson gratuite",Planner,Mutengene
1990,Muyuka,"Silence,Animaux acceptés,Chauffeur expérimenté,Langue parlée,Connectivité,Confort,Assistance bagages,Ponctualité,Sport,Cuisine,Conversation",Planner,Limbe
3470,Edéa,"Confort,Conversation,Animaux acceptés,Éclairage tamisé,Ponctualité,Boisson gratuite,Langue parlée,Vue panoramique,Silence,Conduite souple",Traveler,Bandjoun
4275,Messa,"Conduite souple,Cuisine,Espace de rangement,Musique,Climatisation,Sport,Wi-Fi gratuit,Assistance bagages,Silence,Sièges inclinables,Chauffeur expérimenté,Confort,Animaux acceptés,Boisson gratuite,Connectivité,Langue parlée,Conversation,Éclairage tamisé,Vue panoramique,Ponctualité",Planner,Batibo
4001,Kousseri,"Silence,Éclairage tamisé,Sièges inclinables,Assistance bagages,Langue parlée,Musique,Sport,Chauffeur expérimenté,Ponctualité,Climatisation,Vue panoramique,Conversation",Traveler,Buea
3919,Bafang,"Chauffeur expérimenté,Éclairage tamisé,Connectivité,Sièges inclinables,Climatisation,Musique,Conduite souple,Langue parlée,Navigation GPS,Silence,Animaux acceptés",Traveler,Bertoua
4585,Kribi,"Espace de rangement,Ponctualité,Cuisine,Vue panoramique,Éclairage tamisé,Navigation GPS,Sièges inclinables,Boisson gratuite",Planner,Bogo
3198,Mutengene,"Espace de rangement,Cuisine,Navigation GPS",Planner,Bertoua
192,Mbalmayo,"Cuisine,Wi-Fi gratuit",Planner,Messa
18,Muyuka,"Cuisine,Vue panoramique,Climatisation,Silence,Chauffeur expérimenté,Langue parlée,Confort,Wi-Fi gratuit,Sièges inclinables",Planner,Douala
1923,Bali,"Connectivité,Musique,Wi-Fi gratuit,Vue panoramique,Boisson gratuite,Sièges inclinables,Silence,Chauffeur expérimenté,Climatisation,Conversation,Assistance bagages,Espace de rangement,Éclairage tamisé,Langue parlée",Planner,Banga Bakundu
1558,Buea,"Navigation GPS,Espace de rangement,Langue parlée,Sport,Vue panoramique,Conversation,Ambiance chaleureuse,Boisson gratuite,Confort",Planner,Gazawa
2815,Buea,"Confort,Navigation GPS,Langue parlée,Ponctualité,Cuisine,Silence,Espace de rangement,Chauffeur expérimenté,Climatisation,Assistance bagages,Éclairage tamisé,Ambiance chaleureuse,Vue panoramique,Wi-Fi gratuit,Boisson gratuite,Connectivité,Conduite souple,Conversation,Musique,Sport,Animaux acceptés,Sièges inclinables",Traveler,Bafia
3987,Bandjoun,"Sièges inclinables,Assistance bagages,Ambiance chaleureuse,Espace de rangement,Conduite souple,Boisson gratuite,Ponctualité,Climatisation",Traveler,Bertoua
1945,Boutours,"Assistance bagages,Animaux acceptés,Conduite souple,Musique,Boisson gratuite,Climatisation,Sièges inclinables,Langue parlée,Conversation,Wi-Fi gratuit,Éclairage tamisé,Ambiance chaleureuse,Connectivité,Confort,Ponctualité,Chauffeur expérimenté,Sport,Navigation GPS,Espace de rangement,Vue panoramique,Cuisine",Planner,Muyuka
4402,Kribi,"Animaux acceptés,Éclairage tamisé,Assistance bagages,Navigation GPS",Traveler,Belabo
521,Boutours,"Musique,Connectivité,Navigation GPS,Vue panoramique,Éclairage tamisé,Espace de rangement,Boisson gratuite,Animaux acceptés,Cuisine,Langue parlée,Silence,Confort,Assistance bagages,Conversation,Ambiance chaleureuse,Ponctualité,Conduite souple,Climatisation",Planner,Belabo
3975,Mokolo,"Espace de rangement,Musique,Climatisation,Animaux acceptés,Conduite souple,Conversation,Ambiance chaleureuse,Wi-Fi gratuit,Éclairage tamisé,Boisson gratuite,Chauffeur expérimenté,Sièges inclinables,Cuisine,Langue parlée,Ponctualité,Silence,Sport",Traveler,Edéa
868,Mbouda,Sièges inclinables,Traveler,Bafoussam
1691,Bali Nyonga,"Animaux acceptés,Sièges inclinables,Silence,Musique,Conversation,Langue parlée,Confort,Conduite souple,Éclairage tamisé,Vue panoramique",Traveler,Edéa
3439,Meiganga,"Espace de rangement,Silence,Éclairage tamisé,Boisson gratuite,Conversation",Planner,Dibombari
3934,Nanga-Eboko,"Sièges inclinables,Éclairage tamisé,Connectivité,Langue parlée,Ambiance chaleureuse,Conduite souple",Traveler,Banga Bakundu
867,Bafia,"Climatisation,Boisson gratuite,Éclairage tamisé,Musique,Confort,Conduite souple,Conversation,Connectivité,Sièges inclinables,Langue parlée,Cuisine",Traveler,Maroua
2645,Meiganga,"Chauffeur expérimenté,Espace de rangement,Conduite souple,Ponctualité,Confort,Assistance bagages,Langue parlée,Silence,Conversation,Wi-Fi gratuit,Connectivité,Vue panoramique,Navigation GPS,Musique,Climatisation,Ambiance chaleureuse,Animaux acceptés,Sport,Cuisine,Boisson gratuite,Sièges inclinables,Éclairage tamisé",Planner,Melong
341,Yagoua,"Chauffeur expérimenté,Assistance bagages,Espace de rangement,Ambiance chaleureuse,Cuisine,Boisson gratuite,Silence,Vue panoramique,Conduite souple,Ponctualité,Animaux acceptés,Éclairage tamisé,Confort,Musique,Climatisation,Sport",Traveler,Nkongsamba
3855,Muyuka,"Conversation,Connectivité,Espace de rangement,Wi-Fi gratuit,Ambiance chaleureuse,Climatisation,Éclairage tamisé,Vue panoramique,Langue parlée",Traveler,Mutengene
193,Loum,"Vue panoramique,Navigation GPS,Espace de rangement,Cuisine,Sièges inclinables,Assistance bagages,Wi-Fi gratuit,Sport,Conduite souple,Climatisation,Confort,Conversation,Musique",Traveler,Kumba
3885,Bertoua,"Wi-Fi gratuit,Sièges inclinables,Ponctualité,Éclairage tamisé,Conversation,Conduite souple,Silence,Ambiance chaleureuse,Navigation GPS,Cuisine,Climatisation,Sport,Vue panoramique,Assistance bagages,Musique,Connectivité",Planner,Bertoua
4974,Limbe,"Langue parlée,Animaux acceptés,Ponctualité,Conduite souple",Traveler,Bandjoun
4980,Mokolo,"Conduite souple,Animaux acceptés,Silence,Sièges inclinables,Assistance bagages,Ponctualité,Langue parlée,Espace de rangement,Chauffeur expérimenté,Conversation,Confort,Boisson gratuite,Cuisine,Wi-Fi gratuit,Navigation GPS",Planner,Bonaberi
2569,Bamenda,"Assistance bagages,Langue parlée,Éclairage tamisé,Climatisation,Silence,Chauffeur expérimenté,Sièges inclinables,Ambiance chaleureuse,Boisson gratuite,Ponctualité,Espace de rangement,Conversation,Connectivité,Confort,Musique,Cuisine,Sport",Planner,Buea
3958,Bimbia,"Connectivité,Langue parlée,Conduite souple,Sport,Ponctualité,Musique,Climatisation,Conversation,Espace de rangement,Sièges inclinables,Silence",Traveler,Bandjoun
4880,Messa,"Wi-Fi gratuit,Confort,Conversation,Espace de rangement,Climatisation,Ambiance chaleureuse,Vue panoramique,Silence,Ponctualité,Cuisine,Navigation GPS,Assistance bagages,Sièges inclinables,Animaux acceptés,Musique,Chauffeur expérimenté,Boisson gratuite,Langue parlée,Sport",Traveler,Yagoua
2165,Bonamoussadi,"Boisson gratuite,Vue panoramique,Espace de rangement,Chauffeur expérimenté,Éclairage tamisé,Wi-Fi gratuit,Langue parlée,Confort,Conversation,Animaux acceptés,Connectivité,Conduite souple,Sport",Traveler,Figuif
2296,Bonaberi,"Boisson gratuite,Ponctualité,Climatisation,Conversation,Sièges inclinables,Vue panoramique,Éclairage tamisé,Sport,Chauffeur expérimenté,Connectivité,Langue parlée,Ambiance chaleureuse,Animaux acceptés,Silence,Conduite souple,Espace de rangement,Wi-Fi gratuit,Confort",Traveler,Banga Bakundu
981,Campo,"Chauffeur expérimenté,Assistance bagages,Silence",Planner,Garoua
3979,Garoua,"Musique,Éclairage tamisé,Sièges inclinables,Ambiance chaleureuse,Navigation GPS,Wi-Fi gratuit,Conversation,Connectivité,Langue parlée,Ponctualité,Climatisation,Silence,Assistance bagages,Cuisine,Chauffeur expérimenté",Traveler,Mora
3303,Yaounde,"Confort,Navigation GPS,Assistance bagages,Éclairage tamisé,Sport,Silence,Chauffeur expérimenté,Conversation,Conduite souple,Animaux acceptés,Connectivité,Cuisine,Wi-Fi gratuit,Ponctualité,Musique",Traveler,Mbanga
4577,Boutours,"Wi-Fi gratuit,Conduite souple,Langue parlée,Connectivité,Navigation GPS,Espace de rangement,Silence,Chauffeur expérimenté,Vue panoramique,Éclairage tamisé,Ambiance chaleureuse,Animaux acceptés,Sièges inclinables,Conversation,Boisson gratuite,Climatisation,Assistance bagages,Musique,Cuisine,Confort,Sport,Ponctualité",Traveler,Bonabéri
3831,Belabo,"Sport,Chauffeur expérimenté,Confort,Musique,Cuisine,Animaux acceptés,Boisson gratuite,Connectivité,Climatisation,Sièges inclinables,Éclairage tamisé,Ambiance chaleureuse,Espace de rangement,Vue panoramique,Navigation GPS,Silence,Langue parlée,Conversation,Assistance bagages,Ponctualité",Traveler,Meiganga
3499,Belabo,"Langue parlée,Boisson gratuite,Conduite souple,Sièges inclinables,Ponctualité,Ambiance chaleureuse,Vue panoramique,Wi-Fi gratuit,Connectivité",Traveler,Buea
1594,Batibo,"Connectivité,Éclairage tamisé,Boisson gratuite,Silence,Ambiance chaleureuse,Animaux acceptés,Espace de rangement,Confort,Sport,Conversation,Assistance bagages,Sièges inclinables,Vue panoramique,Navigation GPS,Wi-Fi gratuit,Cuisine,Langue parlée,Musique,Chauffeur expérimenté,Conduite souple,Ponctualité",Planner,Melong
2113,Belo,"Espace de rangement,Climatisation,Conduite souple,Silence,Boisson gratuite,Musique,Ambiance chaleureuse,Confort,Sièges inclinables,Assistance bagages,Sport,Éclairage tamisé,Chauffeur expérimenté,Cuisine,Ponctualité,Navigation GPS,Langue parlée",Traveler,Buea
3396,Melong,"Conversation,Chauffeur expérimenté",Traveler,Bonamoussadi
3458,Figuif,"Cuisine,Ponctualité",Planner,Messa
530,Messa,"Sièges inclinables,Animaux acceptés",Traveler,Mbalmayo
1743,Bandjoun,"Sport,Boisson gratuite,Assistance bagages,Espace de rangement,Wi-Fi gratuit,Confort,Climatisation",Planner,Bonabéri
3166,Bamenda,"Conduite souple,Boisson gratuite,Climatisation,Conversation,Confort,Éclairage tamisé,Silence,Connectivité,Musique,Navigation GPS",Planner,Kribi
2458,Douala,"Navigation GPS,Vue panoramique,Conduite souple,Conversation",Traveler,Gazawa
1740,Kumba,"Conversation,Assistance bagages,Ponctualité,Boisson gratuite,Animaux acceptés,Sièges inclinables,Langue parlée,Espace de rangement,Climatisation,Éclairage tamisé,Musique,Connectivité,Conduite souple,Cuisine,Sport,Ambiance chaleureuse,Confort,Wi-Fi gratuit",Planner,Kousseri
4645,Bimbia,"Assistance bagages,Conversation,Ponctualité,Connectivité,Éclairage tamisé,Confort,Ambiance chaleureuse,Climatisation,Chauffeur expérimenté,Navigation GPS,Vue panoramique,Boisson gratuite,Musique,Animaux acceptés,Cuisine,Langue parlée,Silence,Sport,Conduite souple",Planner,Bafoussam
4734,Belo,"Sport,Éclairage tamisé,Wi-Fi gratuit,Climatisation,Navigation GPS,Espace de rangement,Conversation,Animaux acceptés,Vue panoramique,Assistance bagages",Traveler,Mbouda
3947,Boutours,"Vue panoramique,Confort,Ponctualité,Boisson gratuite,Sièges inclinables",Traveler,Bafia
1390,Mbouda,"Climatisation,Conversation,Ambiance chaleureuse,Conduite souple,Chauffeur expérimenté,Animaux acceptés,Sièges inclinables,Assistance bagages,Espace de rangement,Éclairage tamisé,Silence,Cuisine",Planner,Bonaberi
2260,Bimbia,"Wi-Fi gratuit,Vue panoramique,Climatisation,Animaux acceptés,Éclairage tamisé,Espace de rangement,Confort",Planner,Fontem
3092,Belo,"Espace de rangement,Conversation,Cuisine",Planner,Loum
1718,Buea,"Navigation GPS,Connectivité,Conduite souple,Climatisation,Wi-Fi gratuit",Planner,Dibombari
2345,Mora,"Conduite souple,Connectivité,Sièges inclinables,Chauffeur expérimenté,Éclairage tamisé,Climatisation,Confort,Musique,Vue panoramique,Animaux acceptés,Silence,Wi-Fi gratuit,Ponctualité,Ambiance chaleureuse",Traveler,Mokolo
3465,Mutengene,"Langue parlée,Animaux acceptés,Espace de rangement,Conduite souple,Connectivité,Éclairage tamisé,Navigation GPS,Boisson gratuite,Sport,Sièges inclinables,Assistance bagages,Confort,Climatisation,Ambiance chaleureuse,Cuisine,Silence,Musique,Chauffeur expérimenté,Conversation,Ponctualité",Planner,Kribi
1793,Maroua,"Silence,Chauffeur expérimenté,Assistance bagages,Navigation GPS",Traveler,Garoua
1006,Gazawa,"Cuisine,Conversation,Espace de rangement,Sport,Wi-Fi gratuit,Confort,Éclairage tamisé,Climatisation,Vue panoramique,Animaux acceptés,Sièges inclinables,Assistance bagages,Connectivité,Navigation GPS,Silence,Chauffeur expérimenté",Traveler,Nanga-Eboko
4727,Beti,"Assistance bagages,Chauffeur expérimenté,Sièges inclinables,Wi-Fi gratuit,Navigation GPS,Musique,Animaux acceptés,Climatisation,Ponctualité,Espace de rangement,Connectivité,Boisson gratuite,Éclairage tamisé,Conduite souple",Planner,Bafoussam
3735,Melong,"Conduite souple,Assistance bagages,Conversation,Éclairage tamisé,Connectivité,Climatisation,Vue panoramique,Confort,Cuisine,Ponctualité,Chauffeur expérimenté,Wi-Fi gratuit,Langue parlée,Boisson gratuite,Sport,Animaux acceptés,Ambiance chaleureuse,Musique,Espace de rangement,Navigation GPS,Sièges inclinables,Silence",Traveler,Bafoussam
1813,Douala,"Espace de rangement,Sport,Animaux acceptés,Connectivité,Vue panoramique,Éclairage tamisé,Navigation GPS,Musique,Sièges inclinables,Wi-Fi gratuit,Silence,Climatisation,Boisson gratuite,Assistance bagages",Traveler,Kumba
2017,Nanga-Eboko,"Sport,Animaux acceptés,Climatisation,Connectivité,Espace de rangement,Assistance bagages,Navigation GPS,Conduite souple,Ambiance chaleureuse,Confort,Langue parlée,Silence,Boisson gratuite,Chauffeur expérimenté,Sièges inclinables,Vue panoramique,Wi-Fi gratuit,Cuisine,Ponctualité,Musique,Conversation,Éclairage tamisé",Traveler,Boutours
2168,Fontem,"Conduite souple,Navigation GPS,Confort,Vue panoramique,Connectivité,Langue parlée,Sièges inclinables,Conversation,Chauffeur expérimenté,Sport,Ambiance chaleureuse,Cuisine",Planner,Muyuka
469,Essos,"Ambiance chaleureuse,Navigation GPS,Langue parlée,Musique",Planner,Figuif
2987,Muyuka,"Chauffeur expérimenté,Ponctualité,Connectivité,Cuisine,Vue panoramique,Conduite souple,Conversation,Wi-Fi gratuit,Sport,Espace de rangement,Navigation GPS,Animaux acceptés,Langue parlée",Planner,Mora
4492,Mbandjock,"Assistance bagages,Sport,Conduite souple,Espace de rangement,Vue panoramique,Connectivité,Ponctualité,Cuisine,Éclairage tamisé,Musique,Sièges inclinables,Navigation GPS,Langue parlée",Planner,Douala
2952,Boutours,"Espace de rangement,Conversation,Silence,Musique,Assistance bagages,Sport,Wi-Fi gratuit,Animaux acceptés,Conduite souple,Éclairage tamisé,Boisson gratuite",Planner,Kumba
1973,Batibo,"Ambiance chaleureuse,Climatisation,Éclairage tamisé,Animaux acceptés,Navigation GPS,Chauffeur expérimenté,Sport,Conduite souple,Assistance bagages,Cuisine,Vue panoramique,Confort,Conversation,Wi-Fi gratuit,Silence,Espace de rangement,Connectivité,Boisson gratuite,Ponctualité,Musique,Sièges inclinables,Langue parlée",Traveler,Batibo
1872,Melong,"Conduite souple,Ambiance chaleureuse,Conversation,Ponctualité",Traveler,Bonakouamouang
3972,Mutengene,Chauffeur expérimenté,Traveler,Maroua
972,Mbalmayo,"Confort,Langue parlée,Conversation,Musique",Traveler,Boutours
3450,Maroua,"Ponctualité,Sport,Conduite souple,Conversation,Sièges inclinables,Wi-Fi gratuit,Silence,Vue panoramique,Animaux acceptés,Connectivité,Navigation GPS,Assistance bagages,Espace de rangement,Cuisine,Ambiance chaleureuse",Traveler,Bimbia
2067,Douala,"Espace de rangement,Cuisine,Sport,Assistance bagages,Éclairage tamisé,Navigation GPS,Sièges inclinables,Vue panoramique,Conduite souple,Climatisation,Conversation,Langue parlée,Confort,Animaux acceptés,Musique",Planner,Boutours
237,Guider,"Conversation,Sièges inclinables,Climatisation,Ponctualité,Silence,Cuisine,Conduite souple,Assistance bagages,Ambiance chaleureuse,Chauffeur expérimenté,Musique",Planner,Buea
270,Limbe,"Ponctualité,Musique,Wi-Fi gratuit,Conversation,Navigation GPS",Planner,Bali
1245,Maroua,"Conduite souple,Langue parlée,Vue panoramique,Ambiance chaleureuse,Cuisine,Connectivité,Ponctualité,Assistance bagages,Sport,Confort,Chauffeur expérimenté",Planner,Fontem
1226,Bali,"Éclairage tamisé,Espace de rangement,Conversation,Vue panoramique,Boisson gratuite,Confort,Silence,Chauffeur expérimenté,Wi-Fi gratuit",Planner,Bafia
2982,Nanga-Eboko,"Conversation,Ponctualité,Confort,Conduite souple,Chauffeur expérimenté,Animaux acceptés,Sport,Éclairage tamisé,Assistance bagages,Langue parlée,Vue panoramique,Musique,Navigation GPS,Cuisine,Connectivité,Silence,Ambiance chaleureuse",Planner,Maroua
2675,Limbe,Espace de rangement,Traveler,Edéa
1590,Bonamoussadi,"Confort,Climatisation,Ambiance chaleureuse",Traveler,Bonabéri
271,Bamenda,"Navigation GPS,Animaux acceptés,Climatisation,Musique,Wi-Fi gratuit,Langue parlée,Connectivité,Cuisine,Silence,Chauffeur expérimenté,Boisson gratuite",Traveler,Mora
956,Limbe,"Ponctualité,Éclairage tamisé,Boisson gratuite,Conduite souple,Navigation GPS,Confort,Climatisation,Chauffeur expérimenté,Ambiance chaleureuse,Sport,Conversation,Connectivité,Espace de rangement,Animaux acceptés,Wi-Fi gratuit,Cuisine,Langue parlée",Traveler,Kribi
2101,Melong,"Chauffeur expérimenté,Assistance bagages,Silence,Conduite souple,Ponctualité,Espace de rangement,Boisson gratuite,Animaux acceptés",Planner,Bali Nyonga
1847,Campo,"Langue parlée,Wi-Fi gratuit,Animaux acceptés,Sièges inclinables,Sport,Confort,Navigation GPS,Vue panoramique,Silence",Traveler,Mutengene
1704,Mbandjock,"Animaux acceptés,Sport,Vue panoramique,Connectivité,Espace de rangement,Confort,Ambiance chaleureuse",Traveler,Melong
1694,Banga Bakundu,"Navigation GPS,Cuisine,Espace de rangement",Planner,Nanga-Eboko
4537,Fontem,"Animaux acceptés,Musique,Conversation",Traveler,Campo
3544,Yagoua,"Cuisine,Éclairage tamisé,Vue panoramique,Navigation GPS,Ponctualité,Musique,Espace de rangement",Traveler,Muyuka
587,Bonabéri,"Boisson gratuite,Assistance bagages,Éclairage tamisé,Espace de rangement,Musique",Planner,Gazawa
1007,Maroua,"Silence,Langue parlée",Traveler,Nanga-Eboko
4459,Buea,"Navigation GPS,Sièges inclinables,Boisson gratuite,Ponctualité,Conduite souple,Musique,Assistance bagages,Climatisation,Wi-Fi gratuit,Vue panoramique,Chauffeur expérimenté,Éclairage tamisé,Silence,Animaux acceptés,Ambiance chaleureuse,Confort,Connectivité,Conversation,Langue parlée,Sport",Planner,Bonabéri
2847,Bonanjo,"Musique,Conversation,Vue panoramique,Ambiance chaleureuse,Espace de rangement,Éclairage tamisé,Chauffeur expérimenté,Wi-Fi gratuit,Conduite souple,Connectivité,Animaux acceptés,Boisson gratuite,Langue parlée,Climatisation",Traveler,Guider
529,Melong,"Wi-Fi gratuit,Ambiance chaleureuse,Boisson gratuite,Connectivité,Ponctualité,Navigation GPS,Conduite souple,Silence,Cuisine,Climatisation,Confort,Animaux acceptés,Langue parlée",Planner,Mbanga
1815,Buea,"Sièges inclinables,Assistance bagages,Connectivité,Sport,Conduite souple",Planner,Garoua
1857,Messa,"Sièges inclinables,Assistance bagages,Ambiance chaleureuse,Éclairage tamisé,Conduite souple,Wi-Fi gratuit,Cuisine,Sport,Conversation,Silence,Boisson gratuite,Chauffeur expérimenté,Musique",Planner,Loum
67,Mokolo,"Assistance bagages,Ponctualité,Musique,Animaux acceptés",Planner,Bali
4676,Mbalmayo,"Chauffeur expérimenté,Langue parlée,Animaux acceptés,Conduite souple,Sport,Boisson gratuite,Silence,Connectivité,Ponctualité,Assistance bagages,Wi-Fi gratuit,Confort,Espace de rangement,Cuisine,Musique,Climatisation,Ambiance chaleureuse",Traveler,Bertoua
3607,Bertoua,"Wi-Fi gratuit,Boisson gratuite,Animaux acceptés,Assistance bagages,Espace de rangement,Silence,Connectivité,Cuisine,Chauffeur expérimenté,Ambiance chaleureuse,Ponctualité,Musique,Climatisation,Conversation,Conduite souple,Sièges inclinables",Traveler,Kribi
3863,Garoua,"Assistance bagages,Boisson gratuite,Ponctualité,Sport,Confort,Cuisine,Silence,Conversation,Vue panoramique,Musique,Ambiance chaleureuse,Langue parlée,Chauffeur expérimenté",Traveler,Kumba
4161,Bafang,"Conversation,Ponctualité,Wi-Fi gratuit,Sièges inclinables,Vue panoramique,Musique,Sport",Traveler,Mora
1894,Yagoua,"Éclairage tamisé,Assistance bagages,Climatisation,Conduite souple,Vue panoramique,Conversation,Ponctualité,Ambiance chaleureuse,Musique,Boisson gratuite,Cuisine,Chauffeur expérimenté,Espace de rangement,Confort,Sport,Connectivité,Langue parlée,Silence,Navigation GPS,Wi-Fi gratuit,Sièges inclinables,Animaux acceptés",Traveler,Belo
526,Mutengene,"Conversation,Sièges inclinables,Boisson gratuite,Chauffeur expérimenté,Assistance bagages,Ponctualité,Vue panoramique,Sport",Planner,Bimbia
3204,Nkongsamba,"Connectivité,Ponctualité,Sièges inclinables,Conversation,Climatisation,Wi-Fi gratuit,Assistance bagages,Navigation GPS,Confort,Boisson gratuite,Silence,Éclairage tamisé",Planner,Douala
3321,Boutours,Ponctualité,Planner,Fontem
3044,Muyuka,"Silence,Conversation,Wi-Fi gratuit,Ponctualité,Boisson gratuite,Sièges inclinables,Langue parlée,Climatisation,Navigation GPS,Ambiance chaleureuse,Éclairage tamisé,Connectivité,Confort,Assistance bagages,Musique,Cuisine,Animaux acceptés",Traveler,Nkongsamba
1429,Edéa,"Cuisine,Conversation,Climatisation,Navigation GPS,Sièges inclinables,Sport,Assistance bagages,Connectivité,Conduite souple,Éclairage tamisé,Animaux acceptés",Planner,Belo
1723,Limbe,"Climatisation,Boisson gratuite,Musique,Cuisine,Wi-Fi gratuit,Conversation,Sièges inclinables,Navigation GPS,Chauffeur expérimenté,Ponctualité,Connectivité,Espace de rangement,Assistance bagages,Conduite souple",Traveler,Mutengene
3431,Boutours,"Wi-Fi gratuit,Espace de rangement,Conversation,Boisson gratuite,Silence,Langue parlée,Vue panoramique,Animaux acceptés,Connectivité,Sport,Confort,Climatisation,Ambiance chaleureuse,Sièges inclinables,Cuisine,Navigation GPS,Conduite souple,Ponctualité,Assistance bagages,Chauffeur expérimenté",Planner,Boutours
4858,Bamenda,"Cuisine,Ponctualité,Animaux acceptés,Navigation GPS,Musique,Sport,Conversation,Silence,Espace de rangement,Sièges inclinables,Connectivité",Planner,Bimbia
4713,Bafang,"Chauffeur expérimenté,Assistance bagages,Ambiance chaleureuse,Conduite souple",Traveler,Edéa
3848,Mbandjock,"Ponctualité,Sport,Musique,Assistance bagages,Ambiance chaleureuse,Navigation GPS,Sièges inclinables,Vue panoramique,Animaux acceptés,Conversation,Boisson gratuite,Cuisine,Connectivité,Chauffeur expérimenté,Climatisation,Espace de rangement,Langue parlée",Traveler,Bali
4094,Buea,"Boisson gratuite,Chauffeur expérimenté,Silence,Musique,Sport,Langue parlée,Éclairage tamisé,Connectivité,Espace de rangement,Sièges inclinables,Animaux acceptés,Wi-Fi gratuit,Cuisine,Ponctualité,Climatisation,Navigation GPS",Planner,Batibo
3168,Fontem,"Conduite souple,Sport,Chauffeur expérimenté,Langue parlée,Espace de rangement,Ambiance chaleureuse,Musique,Ponctualité,Wi-Fi gratuit,Confort,Navigation GPS,Vue panoramique,Silence,Éclairage tamisé,Conversation,Animaux acceptés,Cuisine,Sièges inclinables,Assistance bagages,Climatisation",Traveler,Bafoussam
4969,Guider,"Climatisation,Sièges inclinables,Conduite souple,Langue parlée,Ponctualité,Vue panoramique,Navigation GPS,Assistance bagages,Cuisine,Chauffeur expérimenté,Éclairage tamisé,Animaux acceptés,Sport,Confort,Conversation,Silence,Musique,Wi-Fi gratuit,Connectivité,Ambiance chaleureuse,Espace de rangement",Traveler,Essos
2633,Melong,"Musique,Connectivité,Langue parlée,Assistance bagages,Conduite souple,Espace de rangement,Éclairage tamisé,Ponctualité,Ambiance chaleureuse,Cuisine,Navigation GPS,Chauffeur expérimenté,Climatisation,Sièges inclinables",Planner,Bali Nyonga
3574,Garoua,"Silence,Wi-Fi gratuit",Planner,Bafang
1057,Boutours,"Éclairage tamisé,Ponctualité,Conduite souple,Langue parlée,Musique,Boisson gratuite,Assistance bagages,Connectivité,Conversation,Confort,Silence,Vue panoramique,Navigation GPS,Espace de rangement,Sport,Climatisation,Sièges inclinables,Cuisine,Animaux acceptés,Chauffeur expérimenté,Wi-Fi gratuit,Ambiance chaleureuse",Traveler,Mbanga
1962,Fontem,"Chauffeur expérimenté,Wi-Fi gratuit,Navigation GPS,Climatisation,Espace de rangement",Traveler,Bonabéri
260,Figuif,"Vue panoramique,Conduite souple,Boisson gratuite,Ponctualité,Assistance bagages,Climatisation,Connectivité,Éclairage tamisé,Conversation,Chauffeur expérimenté,Sport,Navigation GPS,Cuisine,Silence",Planner,Buea
529,Bertoua,"Musique,Sièges inclinables,Chauffeur expérimenté",Planner,Loum
4243,Boutours,"Wi-Fi gratuit,Boisson gratuite,Conversation,Sport,Langue parlée,Conduite souple,Ponctualité,Climatisation,Sièges inclinables,Confort,Espace de rangement,Silence,Navigation GPS",Traveler,Mbalmayo
616,Bertoua,"Sièges inclinables,Cuisine,Connectivité,Ambiance chaleureuse,Chauffeur expérimenté,Climatisation,Conversation,Espace de rangement,Ponctualité,Musique,Assistance bagages,Wi-Fi gratuit,Sport,Confort,Animaux acceptés,Conduite souple,Boisson gratuite",Planner,Belo
1022,Bonaberi,"Connectivité,Sport,Animaux acceptés,Chauffeur expérimenté,Vue panoramique,Confort,Conversation,Langue parlée,Wi-Fi gratuit",Planner,Mbalmayo
1078,Belabo,"Éclairage tamisé,Ambiance chaleureuse,Sport",Traveler,Mokolo
4781,Figuif,"Sport,Conduite souple,Musique,Assistance bagages,Vue panoramique,Silence,Ambiance chaleureuse,Conversation,Ponctualité,Boisson gratuite,Animaux acceptés,Langue parlée",Planner,Mora
2531,Fontem,"Chauffeur expérimenté,Ponctualité,Ambiance chaleureuse,Conversation,Sport",Traveler,Melong
2782,Garoua,"Connectivité,Espace de rangement,Confort,Navigation GPS,Cuisine,Éclairage tamisé,Sport,Musique,Ambiance chaleureuse,Silence",Traveler,Bonakouamouang
2723,Mokolo,"Wi-Fi gratuit,Connectivité,Conduite souple,Espace de rangement,Ambiance chaleureuse,Sport,Assistance bagages,Cuisine,Conversation,Boisson gratuite,Éclairage tamisé,Ponctualité,Climatisation,Animaux acceptés,Vue panoramique,Langue parlée,Sièges inclinables",Traveler,Messa
3508,Douala,"Wi-Fi gratuit,Navigation GPS,Boisson gratuite,Confort,Sièges inclinables,Conversation,Cuisine,Assistance bagages,Ponctualité,Ambiance chaleureuse,Sport,Vue panoramique,Connectivité,Chauffeur expérimenté,Silence,Espace de rangement,Conduite souple,Musique,Climatisation,Langue parlée,Animaux acceptés",Traveler,Bogo
3938,Mbandjock,"Animaux acceptés,Espace de rangement,Cuisine,Navigation GPS,Conduite souple,Chauffeur expérimenté,Boisson gratuite,Climatisation,Confort,Silence,Ponctualité,Sièges inclinables,Sport,Musique,Vue panoramique,Wi-Fi gratuit,Ambiance chaleureuse,Assistance bagages,Langue parlée,Connectivité,Éclairage tamisé",Planner,Bogo
1880,Buea,"Ambiance chaleureuse,Langue parlée,Navigation GPS,Wi-Fi gratuit,Espace de rangement,Conversation,Boisson gratuite",Planner,Bamenda
4123,Bonanjo,"Espace de rangement,Connectivité,Vue panoramique,Musique",Traveler,Bafang
2531,Mbalmayo,"Assistance bagages,Animaux acceptés,Sièges inclinables,Confort,Climatisation,Connectivité,Sport,Langue parlée,Chauffeur expérimenté,Conduite souple,Ponctualité,Ambiance chaleureuse,Conversation,Espace de rangement,Éclairage tamisé,Musique",Traveler,Bertoua
1391,Douala,"Ambiance chaleureuse,Confort,Boisson gratuite,Animaux acceptés,Climatisation,Silence,Espace de rangement,Sièges inclinables,Cuisine,Wi-Fi gratuit,Chauffeur expérimenté,Navigation GPS,Conversation,Langue parlée,Éclairage tamisé,Vue panoramique,Connectivité,Ponctualité",Traveler,Yaounde
3361,Loum,Vue panoramique,Traveler,Bonaberi
1579,Bertoua,"Silence,Vue panoramique,Conversation,Cuisine,Conduite souple,Sièges inclinables,Animaux acceptés,Climatisation,Ambiance chaleureuse,Wi-Fi gratuit,Connectivité,Chauffeur expérimenté,Assistance bagages,Musique,Espace de rangement,Sport,Éclairage tamisé,Navigation GPS,Ponctualité,Confort,Langue parlée",Planner,Bimbia
1527,Figuif,"Connectivité,Assistance bagages,Cuisine,Boisson gratuite,Climatisation,Animaux acceptés,Éclairage tamisé,Conduite souple,Silence,Musique,Chauffeur expérimenté",Traveler,Yagoua
2591,Loum,"Cuisine,Assistance bagages,Ambiance chaleureuse,Sièges inclinables,Boisson gratuite",Traveler,Bali
2801,Belo,Assistance bagages,Traveler,Beti
1612,Edéa,"Chauffeur expérimenté,Navigation GPS,Vue panoramique,Musique,Sport,Sièges inclinables",Traveler,Nkongsamba
2648,Nkongsamba,"Connectivité,Navigation GPS,Vue panoramique,Silence,Éclairage tamisé,Confort,Sièges inclinables,Conduite souple,Assistance bagages,Musique,Sport,Climatisation,Conversation,Boisson gratuite,Langue parlée",Traveler,Bertoua
3780,Mora,"Langue parlée,Climatisation,Connectivité,Sport,Animaux acceptés,Silence,Musique",Traveler,Bimbia
3228,Loum,"Boisson gratuite,Sport,Connectivité,Sièges inclinables,Langue parlée,Silence,Wi-Fi gratuit,Climatisation",Planner,Yaounde
2910,Bertoua,"Sport,Boisson gratuite,Ambiance chaleureuse,Ponctualité,Chauffeur expérimenté,Animaux acceptés,Sièges inclinables,Silence,Confort,Cuisine,Vue panoramique,Langue parlée",Planner,Buea
2004,Melong,"Confort,Vue panoramique,Conversation,Assistance bagages,Sport,Sièges inclinables,Climatisation,Wi-Fi gratuit,Navigation GPS,Langue parlée,Espace de rangement,Ambiance chaleureuse,Musique,Boisson gratuite",Planner,Bonakouamouang
1723,Banga Bakundu,"Wi-Fi gratuit,Éclairage tamisé,Animaux acceptés,Boisson gratuite,Confort,Sport,Espace de rangement",Traveler,Gazawa
640,Campo,"Confort,Assistance bagages,Éclairage tamisé,Conversation,Navigation GPS,Cuisine,Vue panoramique,Animaux acceptés,Conduite souple,Silence,Connectivité",Planner,Bonamoussadi
151,Maroua,"Musique,Espace de rangement,Confort,Animaux acceptés,Silence,Sièges inclinables,Ponctualité,Langue parlée,Sport,Cuisine,Chauffeur expérimenté,Vue panoramique",Traveler,Buea
4772,Nanga-Eboko,"Assistance bagages,Vue panoramique,Climatisation",Planner,Mbouda
2800,Belo,"Connectivité,Boisson gratuite,Assistance bagages,Conversation,Animaux acceptés,Silence,Conduite souple,Confort,Cuisine,Vue panoramique",Traveler,Mora
2639,Douala,"Conduite souple,Musique,Vue panoramique,Éclairage tamisé,Conversation,Navigation GPS,Ambiance chaleureuse,Silence",Planner,Muyuka
3946,Bertoua,"Connectivité,Navigation GPS,Espace de rangement,Sièges inclinables",Planner,Buea
3027,Banga Bakundu,"Vue panoramique,Musique,Wi-Fi gratuit,Navigation GPS,Espace de rangement,Ambiance chaleureuse,Sièges inclinables,Confort,Animaux acceptés,Sport,Éclairage tamisé,Climatisation,Chauffeur expérimenté,Langue parlée,Conduite souple,Boisson gratuite,Silence,Assistance bagages,Ponctualité,Cuisine,Connectivité,Conversation",Traveler,Belabo
1830,Bamenda,"Chauffeur expérimenté,Espace de rangement,Navigation GPS,Éclairage tamisé,Boisson gratuite,Silence",Planner,Maroua
3402,Messa,"Espace de rangement,Ambiance chaleureuse,Animaux acceptés,Boisson gratuite,Climatisation,Ponctualité,Assistance bagages,Conduite souple,Wi-Fi gratuit,Vue panoramique,Cuisine,Chauffeur expérimenté,Connectivité,Silence,Musique,Sièges inclinables,Sport,Navigation GPS,Conversation,Confort,Éclairage tamisé",Planner,Messa
2886,Bali Nyonga,"Langue parlée,Ponctualité,Musique,Navigation GPS,Éclairage tamisé,Confort,Conversation,Chauffeur expérimenté,Sièges inclinables",Traveler,Buea
2107,Maroua,"Langue parlée,Confort,Assistance bagages,Animaux acceptés,Boisson gratuite,Sport,Éclairage tamisé,Espace de rangement,Conduite souple,Sièges inclinables,Climatisation",Planner,Mbouda
4637,Belabo,"Conversation,Sport,Sièges inclinables,Navigation GPS,Éclairage tamisé,Animaux acceptés,Musique,Conduite souple,Espace de rangement,Ambiance chaleureuse,Climatisation,Silence,Connectivité,Boisson gratuite,Chauffeur expérimenté,Assistance bagages,Confort,Wi-Fi gratuit,Vue panoramique,Cuisine",Planner,Bandjoun
65,Bali,"Animaux acceptés,Cuisine,Boisson gratuite,Musique,Conversation,Langue parlée,Ambiance chaleureuse,Silence",Planner,Bali
2852,Bonabéri,"Langue parlée,Wi-Fi gratuit,Chauffeur expérimenté,Climatisation,Sport,Conduite souple,Animaux acceptés,Sièges inclinables,Espace de rangement,Musique,Conversation,Ponctualité,Éclairage tamisé,Connectivité,Confort,Boisson gratuite,Assistance bagages,Silence,Ambiance chaleureuse",Traveler,Belabo
3100,Gazawa,"Conversation,Chauffeur expérimenté,Boisson gratuite,Wi-Fi gratuit,Sièges inclinables,Langue parlée",Traveler,Belo
1172,Bonakouamouang,"Ponctualité,Éclairage tamisé,Navigation GPS",Planner,Meiganga
4859,Belo,"Wi-Fi gratuit,Animaux acceptés,Navigation GPS,Ambiance chaleureuse,Musique,Ponctualité,Connectivité,Climatisation,Boisson gratuite,Espace de rangement,Sport,Langue parlée,Éclairage tamisé,Vue panoramique",Traveler,Bafoussam
4091,Messa,"Sport,Vue panoramique,Confort,Ponctualité,Langue parlée,Chauffeur expérimenté,Navigation GPS,Musique,Éclairage tamisé,Ambiance chaleureuse,Climatisation,Animaux acceptés,Silence,Assistance bagages,Conversation,Sièges inclinables,Conduite souple,Connectivité,Wi-Fi gratuit,Boisson gratuite,Cuisine,Espace de rangement",Traveler,Mora
2232,Meiganga,"Sièges inclinables,Éclairage tamisé,Wi-Fi gratuit,Chauffeur expérimenté,Conduite souple",Planner,Bali Nyonga
4967,Yagoua,"Silence,Cuisine",Traveler,Buea
2608,Campo,"Navigation GPS,Assistance bagages,Wi-Fi gratuit,Éclairage tamisé,Chauffeur expérimenté,Silence,Espace de rangement,Boisson gratuite,Confort,Vue panoramique,Animaux acceptés,Conduite souple,Musique,Connectivité,Sport,Ambiance chaleureuse,Langue parlée,Ponctualité,Climatisation,Cuisine",Planner,Bonamoussadi
1270,Bonabéri,"Connectivité,Éclairage tamisé,Ponctualité,Navigation GPS,Cuisine,Musique,Wi-Fi gratuit,Assistance bagages,Sièges inclinables,Conversation,Climatisation,Animaux acceptés,Conduite souple,Silence",Planner,Fontem
970,Bertoua,"Ambiance chaleureuse,Confort,Climatisation,Wi-Fi gratuit,Vue panoramique,Ponctualité,Cuisine,Silence,Animaux acceptés,Langue parlée,Sport,Boisson gratuite,Connectivité,Assistance bagages,Navigation GPS,Musique,Chauffeur expérimenté,Conversation,Éclairage tamisé,Sièges inclinables",Planner,Campo
1257,Kribi,"Vue panoramique,Éclairage tamisé,Sièges inclinables,Confort,Chauffeur expérimenté,Ponctualité,Conduite souple,Cuisine,Ambiance chaleureuse,Boisson gratuite,Langue parlée,Silence,Assistance bagages,Connectivité",Traveler,Mbandjock
3034,Boutours,"Musique,Confort,Silence,Éclairage tamisé,Vue panoramique,Conversation,Conduite souple,Cuisine,Navigation GPS,Boisson gratuite,Sièges inclinables,Assistance bagages,Animaux acceptés,Wi-Fi gratuit,Chauffeur expérimenté,Espace de rangement,Climatisation,Connectivité,Langue parlée,Ambiance chaleureuse",Traveler,Melong
4652,Garoua,"Vue panoramique,Connectivité,Navigation GPS,Confort,Sièges inclinables,Boisson gratuite,Langue parlée,Sport,Climatisation,Wi-Fi gratuit",Traveler,Limbe
2795,Mora,"Langue parlée,Musique,Boisson gratuite,Cuisine,Wi-Fi gratuit,Navigation GPS,Climatisation,Confort",Planner,Dibombari
4656,Bonaberi,"Silence,Confort,Espace de rangement",Traveler,Beti
2796,Bogo,"Navigation GPS,Espace de rangement,Wi-Fi gratuit,Éclairage tamisé,Ambiance chaleureuse,Conduite souple,Confort,Climatisation,Sièges inclinables,Chauffeur expérimenté",Planner,Buea
3275,Campo,"Boisson gratuite,Langue parlée,Sièges inclinables,Silence,Climatisation,Sport,Animaux acceptés,Conduite souple,Navigation GPS,Espace de rangement,Éclairage tamisé,Confort,Cuisine,Chauffeur expérimenté,Vue panoramique,Ambiance chaleureuse,Assistance bagages,Connectivité,Musique,Ponctualité,Conversation,Wi-Fi gratuit",Planner,Bafia
1673,Limbe,"Animaux acceptés,Confort,Éclairage tamisé,Assistance bagages,Sport,Ponctualité,Connectivité,Sièges inclinables,Cuisine,Conduite souple,Conversation,Chauffeur expérimenté,Climatisation,Wi-Fi gratuit,Silence,Boisson gratuite",Planner,Bali Nyonga
1025,Buea,"Vue panoramique,Conduite souple,Sièges inclinables,Langue parlée,Conversation,Sport,Animaux acceptés,Chauffeur expérimenté,Musique,Ambiance chaleureuse,Connectivité,Silence,Climatisation,Espace de rangement,Boisson gratuite,Assistance bagages",Planner,Figuif
3920,Buea,Musique,Traveler,Kousseri
506,Bonaberi,"Vue panoramique,Sièges inclinables,Confort,Wi-Fi gratuit,Ambiance chaleureuse,Silence,Animaux acceptés,Conduite souple,Sport,Chauffeur expérimenté,Cuisine",Planner,Bogo
4829,Fontem,"Musique,Wi-Fi gratuit,Conversation,Sièges inclinables,Boisson gratuite,Assistance bagages,Conduite souple,Éclairage tamisé",Planner,Boutours
100,Dibombari,"Navigation GPS,Conversation,Chauffeur expérimenté,Silence,Sièges inclinables,Espace de rangement,Boisson gratuite,Cuisine,Musique",Traveler,Douala
1930,Kribi,"Silence,Espace de rangement,Assistance bagages,Confort,Climatisation,Animaux acceptés,Cuisine,Wi-Fi gratuit,Navigation GPS",Traveler,Kribi
1640,Bertoua,Musique,Planner,Yagoua
3336,Guider,"Chauffeur expérimenté,Langue parlée,Espace de rangement,Climatisation,Sport,Silence",Traveler,Essos
639,Campo,"Espace de rangement,Cuisine",Traveler,Mutengene
3399,Figuif,"Boisson gratuite,Confort,Conversation,Ambiance chaleureuse,Animaux acceptés,Vue panoramique,Silence,Connectivité,Climatisation,Langue parlée,Chauffeur expérimenté,Ponctualité,Navigation GPS,Cuisine,Sièges inclinables",Traveler,Gazawa
4654,Bafang,"Musique,Boisson gratuite,Ambiance chaleureuse,Langue parlée,Cuisine,Silence,Conversation,Animaux acceptés,Navigation GPS,Éclairage tamisé,Connectivité,Conduite souple,Sièges inclinables,Sport,Climatisation",Planner,Bonanjo
1276,Buea,"Vue panoramique,Conversation,Conduite souple,Boisson gratuite,Confort,Navigation GPS,Éclairage tamisé,Sièges inclinables,Climatisation,Ambiance chaleureuse,Musique,Wi-Fi gratuit,Connectivité,Ponctualité,Sport,Assistance bagages,Cuisine,Espace de rangement",Planner,Bertoua
1299,Figuif,"Conversation,Cuisine,Éclairage tamisé,Climatisation,Silence,Wi-Fi gratuit,Assistance bagages,Chauffeur expérimenté,Ambiance chaleureuse",Traveler,Figuif
3936,Bafang,"Navigation GPS,Climatisation,Chauffeur expérimenté,Silence,Animaux acceptés,Conversation,Boisson gratuite",Traveler,Nanga-Eboko
2878,Figuif,"Cuisine,Langue parlée,Animaux acceptés,Wi-Fi gratuit,Silence,Ambiance chaleureuse,Confort",Traveler,Meiganga
4118,Buea,"Chauffeur expérimenté,Assistance bagages,Animaux acceptés,Musique,Boisson gratuite,Connectivité,Conversation,Navigation GPS,Confort,Vue panoramique,Climatisation,Sièges inclinables,Cuisine,Wi-Fi gratuit",Traveler,Kumba
4901,Kousseri,"Silence,Animaux acceptés,Musique,Sièges inclinables,Espace de rangement,Boisson gratuite,Sport,Cuisine,Confort,Climatisation,Assistance bagages,Éclairage tamisé,Conduite souple,Connectivité,Wi-Fi gratuit,Vue panoramique,Chauffeur expérimenté,Langue parlée,Ponctualité,Ambiance chaleureuse,Conversation",Traveler,Campo
3962,Bonakouamouang,Conversation,Planner,Meiganga
3196,Bonabéri,"Espace de rangement,Chauffeur expérimenté,Animaux acceptés,Navigation GPS,Vue panoramique,Conversation,Confort,Boisson gratuite,Silence,Sièges inclinables,Éclairage tamisé,Ambiance chaleureuse,Connectivité",Planner,Mbanga
3602,Nkongsamba,"Confort,Musique,Ponctualité,Langue parlée,Cuisine,Sport,Boisson gratuite,Sièges inclinables,Éclairage tamisé,Assistance bagages,Silence,Climatisation,Wi-Fi gratuit,Conduite souple,Conversation,Espace de rangement,Animaux acceptés,Connectivité,Ambiance chaleureuse,Vue panoramique",Planner,Buea
4643,Bafoussam,"Ponctualité,Ambiance chaleureuse,Vue panoramique,Cuisine,Conduite souple,Animaux acceptés,Wi-Fi gratuit,Assistance bagages,Sièges inclinables,Éclairage tamisé,Sport,Musique,Boisson gratuite,Espace de rangement,Confort",Planner,Bandjoun
4081,Buea,"Confort,Navigation GPS,Assistance bagages,Climatisation",Traveler,Bandjoun
2198,Garoua,Wi-Fi gratuit,Planner,Bafoussam
1736,Limbe,"Conversation,Navigation GPS,Climatisation,Vue panoramique,Assistance bagages,Sièges inclinables,Espace de rangement,Boisson gratuite",Planner,Bonanjo
2942,Batibo,"Navigation GPS,Sport,Espace de rangement,Vue panoramique,Ponctualité,Cuisine,Conduite souple,Climatisation,Confort,Silence,Assistance bagages,Langue parlée",Traveler,Bogo
4558,Bonamoussadi,"Musique,Assistance bagages,Chauffeur expérimenté,Sièges inclinables",Traveler,Bafoussam
1699,Meiganga,"Vue panoramique,Conduite souple,Silence,Sport,Espace de rangement,Boisson gratuite,Navigation GPS,Ponctualité,Ambiance chaleureuse,Éclairage tamisé,Langue parlée,Confort,Animaux acceptés,Assistance bagages,Wi-Fi gratuit,Connectivité,Climatisation,Chauffeur expérimenté,Sièges inclinables,Conversation,Musique",Traveler,Buea
1165,Mbanga,"Chauffeur expérimenté,Boisson gratuite,Cuisine,Assistance bagages,Confort,Animaux acceptés,Silence",Planner,Guider
1966,Boutours,"Conversation,Animaux acceptés,Langue parlée,Navigation GPS,Sport,Silence,Musique,Climatisation,Espace de rangement,Ponctualité,Confort,Conduite souple,Vue panoramique",Traveler,Bali
4411,Figuif,"Chauffeur expérimenté,Climatisation,Sport,Vue panoramique,Animaux acceptés,Wi-Fi gratuit,Ponctualité,Ambiance chaleureuse,Musique,Conversation,Conduite souple,Navigation GPS,Silence,Boisson gratuite,Cuisine",Planner,Bafia
1672,Gazawa,"Assistance bagages,Vue panoramique,Ponctualité,Cuisine,Climatisation,Ambiance chaleureuse,Conversation,Silence,Sport,Sièges inclinables",Planner,Yagoua
4371,Batibo,"Ambiance chaleureuse,Connectivité,Assistance bagages,Boisson gratuite,Conduite souple,Langue parlée,Éclairage tamisé,Sièges inclinables,Espace de rangement,Chauffeur expérimenté,Navigation GPS,Animaux acceptés,Cuisine,Silence,Musique",Traveler,Bogo
4381,Edéa,"Assistance bagages,Ambiance chaleureuse,Silence,Sport",Traveler,Yagoua
1725,Essos,"Boisson gratuite,Cuisine,Wi-Fi gratuit,Vue panoramique,Navigation GPS,Éclairage tamisé,Conversation,Langue parlée,Silence,Ponctualité,Conduite souple,Ambiance chaleureuse,Musique,Connectivité,Chauffeur expérimenté,Espace de rangement,Climatisation,Animaux acceptés,Sièges inclinables",Planner,Bali Nyonga
4481,Garoua,"Langue parlée,Animaux acceptés,Ponctualité,Conversation,Silence,Espace de rangement,Navigation GPS,Sport,Vue panoramique,Assistance bagages,Cuisine,Wi-Fi gratuit,Chauffeur expérimenté,Confort,Conduite souple,Sièges inclinables,Ambiance chaleureuse",Planner,Meiganga
4491,Mbalmayo,"Conduite souple,Animaux acceptés,Silence,Confort,Sièges inclinables,Navigation GPS,Ponctualité,Assistance bagages,Chauffeur expérimenté,Climatisation,Connectivité,Ambiance chaleureuse,Espace de rangement,Sport,Éclairage tamisé,Cuisine,Vue panoramique",Planner,Mbalmayo
4457,Yaounde,"Sièges inclinables,Ambiance chaleureuse,Vue panoramique,Connectivité,Climatisation,Sport,Navigation GPS,Silence,Conduite souple,Cuisine,Musique,Wi-Fi gratuit,Éclairage tamisé,Conversation,Chauffeur expérimenté,Langue parlée,Boisson gratuite,Assistance bagages,Confort",Traveler,Nkongsamba
3517,Muyuka,"Conduite souple,Boisson gratuite,Sport,Chauffeur expérimenté,Éclairage tamisé,Climatisation,Connectivité,Confort,Ambiance chaleureuse,Musique,Ponctualité,Espace de rangement,Langue parlée",Traveler,Kumba
2522,Bafoussam,"Conduite souple,Assistance bagages,Confort,Conversation,Musique,Espace de rangement,Ponctualité,Chauffeur expérimenté,Boisson gratuite,Vue panoramique,Cuisine,Ambiance chaleureuse,Animaux acceptés,Langue parlée,Éclairage tamisé",Traveler,Mbanga
2577,Limbe,"Ambiance chaleureuse,Conduite souple,Animaux acceptés,Vue panoramique,Ponctualité,Langue parlée,Boisson gratuite",Planner,Bafia
1650,Loum,"Cuisine,Vue panoramique,Sièges inclinables,Silence,Navigation GPS,Climatisation,Musique,Ponctualité,Ambiance chaleureuse,Espace de rangement,Langue parlée,Confort,Sport,Conversation,Conduite souple,Connectivité",Traveler,Mutengene
1756,Mbalmayo,"Navigation GPS,Ponctualité,Assistance bagages,Chauffeur expérimenté,Climatisation,Conduite souple,Espace de rangement,Connectivité,Cuisine,Ambiance chaleureuse,Sièges inclinables,Vue panoramique,Sport,Wi-Fi gratuit,Langue parlée,Musique,Silence,Conversation,Éclairage tamisé,Animaux acceptés",Traveler,Mbalmayo
1638,Belo,"Vue panoramique,Ambiance chaleureuse,Assistance bagages,Conduite souple,Animaux acceptés,Sport,Langue parlée,Cuisine,Chauffeur expérimenté,Conversation,Navigation GPS,Connectivité,Ponctualité,Musique,Éclairage tamisé,Sièges inclinables,Wi-Fi gratuit,Silence",Planner,Bafia
1270,Maroua,"Cuisine,Connectivité,Chauffeur expérimenté,Silence,Langue parlée,Musique,Confort,Climatisation,Vue panoramique,Éclairage tamisé,Boisson gratuite,Navigation GPS,Espace de rangement,Ponctualité,Wi-Fi gratuit,Conversation,Sièges inclinables,Sport,Ambiance chaleureuse",Planner,Belo
1275,Bertoua,"Éclairage tamisé,Espace de rangement,Silence,Sièges inclinables,Confort,Vue panoramique,Ponctualité,Climatisation",Planner,Bali
4196,Douala,"Ambiance chaleureuse,Wi-Fi gratuit,Ponctualité,Espace de rangement,Sport,Connectivité,Vue panoramique,Animaux acceptés,Conversation,Confort,Langue parlée,Climatisation,Assistance bagages,Éclairage tamisé,Silence,Boisson gratuite,Chauffeur expérimenté,Navigation GPS,Sièges inclinables,Musique,Cuisine,Conduite souple",Planner,Melong
1607,Banga Bakundu,"Chauffeur expérimenté,Ambiance chaleureuse,Espace de rangement,Musique,Wi-Fi gratuit,Éclairage tamisé,Vue panoramique,Conversation,Silence,Sport,Conduite souple,Boisson gratuite,Assistance bagages,Confort,Connectivité,Cuisine,Langue parlée,Sièges inclinables,Climatisation,Navigation GPS",Planner,Campo
284,Limbe,"Musique,Boisson gratuite,Silence,Confort,Langue parlée,Cuisine,Conduite souple,Espace de rangement,Chauffeur expérimenté,Ambiance chaleureuse,Navigation GPS,Wi-Fi gratuit,Animaux acceptés,Sièges inclinables,Ponctualité,Climatisation,Vue panoramique,Assistance bagages,Sport,Conversation,Éclairage tamisé",Traveler,Bamenda
4816,Fontem,"Boisson gratuite,Confort,Sport,Chauffeur expérimenté,Éclairage tamisé,Animaux acceptés,Ambiance chaleureuse,Cuisine,Vue panoramique,Conduite souple,Ponctualité,Wi-Fi gratuit,Musique,Assistance bagages,Silence,Navigation GPS,Sièges inclinables,Connectivité,Langue parlée",Planner,Bimbia
1365,Kumba,Chauffeur expérimenté,Traveler,Maroua
1019,Bonamoussadi,"Climatisation,Conduite souple,Wi-Fi gratuit,Cuisine,Connectivité,Boisson gratuite,Assistance bagages,Espace de rangement,Ponctualité,Chauffeur expérimenté,Musique,Animaux acceptés",Planner,Bafang
4793,Garoua,"Ambiance chaleureuse,Chauffeur expérimenté,Musique,Connectivité,Animaux acceptés,Sièges inclinables,Vue panoramique,Ponctualité,Wi-Fi gratuit,Boisson gratuite,Espace de rangement,Navigation GPS,Conduite souple,Assistance bagages,Sport,Climatisation,Langue parlée,Silence,Éclairage tamisé",Planner,Bafia
2314,Nanga-Eboko,"Espace de rangement,Conversation,Boisson gratuite",Traveler,Messa
512,Mokolo,"Ambiance chaleureuse,Espace de rangement,Chauffeur expérimenté,Navigation GPS,Silence,Assistance bagages,Cuisine,Musique,Boisson gratuite,Connectivité",Planner,Mutengene
4578,Douala,"Vue panoramique,Navigation GPS,Climatisation,Animaux acceptés,Silence",Traveler,Yaounde
3822,Figuif,"Wi-Fi gratuit,Ponctualité",Traveler,Mbandjock
4188,Bafoussam,"Vue panoramique,Boisson gratuite,Chauffeur expérimenté,Sièges inclinables,Assistance bagages,Ambiance chaleureuse,Conduite souple,Espace de rangement,Sport,Ponctualité",Planner,Mokolo
4395,Meiganga,"Sport,Chauffeur expérimenté,Connectivité,Cuisine,Boisson gratuite,Éclairage tamisé,Ponctualité,Silence,Navigation GPS,Confort,Ambiance chaleureuse",Planner,Bonakouamouang
3253,Yaounde,"Conversation,Boisson gratuite,Ambiance chaleureuse,Sièges inclinables,Cuisine,Connectivité,Climatisation,Langue parlée,Wi-Fi gratuit,Silence,Animaux acceptés,Sport,Chauffeur expérimenté,Confort,Ponctualité",Traveler,Mora
1242,Bafia,"Navigation GPS,Chauffeur expérimenté,Langue parlée,Conduite souple,Boisson gratuite,Silence,Ponctualité,Wi-Fi gratuit,Confort,Animaux acceptés,Ambiance chaleureuse,Sport,Climatisation",Planner,Maroua
1887,Batibo,"Ponctualité,Conduite souple,Chauffeur expérimenté,Musique,Assistance bagages,Connectivité,Boisson gratuite,Conversation,Animaux acceptés,Climatisation,Cuisine,Confort,Espace de rangement,Navigation GPS,Ambiance chaleureuse,Silence",Traveler,Edéa
1559,Nkongsamba,"Éclairage tamisé,Assistance bagages,Connectivité,Wi-Fi gratuit,Vue panoramique,Sport,Conduite souple,Ambiance chaleureuse,Conversation,Sièges inclinables,Ponctualité,Musique,Navigation GPS",Traveler,Batibo
1573,Bandjoun,"Navigation GPS,Wi-Fi gratuit,Conduite souple,Ponctualité,Confort,Langue parlée,Sièges inclinables,Assistance bagages,Cuisine,Climatisation,Éclairage tamisé,Ambiance chaleureuse,Conversation,Chauffeur expérimenté,Vue panoramique,Sport,Musique",Planner,Bali Nyonga
2986,Buea,"Silence,Ponctualité,Conduite souple,Vue panoramique,Sièges inclinables,Connectivité,Assistance bagages,Animaux acceptés,Conversation,Espace de rangement,Wi-Fi gratuit,Navigation GPS,Climatisation",Planner,Guider
2052,Mutengene,"Animaux acceptés,Ponctualité,Espace de rangement,Langue parlée,Chauffeur expérimenté,Wi-Fi gratuit,Conversation,Sport,Silence",Planner,Limbe
4004,Beti,"Espace de rangement,Cuisine,Silence,Sièges inclinables,Ambiance chaleureuse,Connectivité,Navigation GPS",Planner,Yagoua
584,Maroua,"Espace de rangement,Ambiance chaleureuse,Confort,Connectivité,Conversation,Climatisation,Musique,Éclairage tamisé,Sport,Vue panoramique,Silence,Chauffeur expérimenté,Boisson gratuite,Navigation GPS,Cuisine,Conduite souple,Ponctualité,Animaux acceptés,Langue parlée,Wi-Fi gratuit,Sièges inclinables",Traveler,Mutengene
984,Mutengene,"Éclairage tamisé,Conduite souple,Wi-Fi gratuit,Ponctualité",Traveler,Meiganga
4743,Banga Bakundu,"Espace de rangement,Sièges inclinables,Boisson gratuite,Conduite souple,Navigation GPS,Ambiance chaleureuse,Silence,Éclairage tamisé",Traveler,Buea
995,Yaounde,Conduite souple,Planner,Bertoua
713,Garoua,"Sport,Chauffeur expérimenté,Conversation,Boisson gratuite,Confort,Sièges inclinables,Cuisine,Climatisation,Assistance bagages,Éclairage tamisé,Musique,Connectivité",Traveler,Melong
735,Mutengene,"Conduite souple,Animaux acceptés,Navigation GPS,Confort,Silence,Assistance bagages,Connectivité,Conversation,Éclairage tamisé,Ambiance chaleureuse,Sport,Cuisine,Musique",Planner,Buea
916,Buea,"Cuisine,Musique,Ambiance chaleureuse",Traveler,Banga Bakundu
2247,Bonabéri,"Vue panoramique,Conversation,Sport,Musique,Sièges inclinables,Éclairage tamisé",Planner,Nkongsamba
2743,Bandjoun,"Climatisation,Musique,Ponctualité,Connectivité,Animaux acceptés,Assistance bagages,Conversation,Conduite souple,Cuisine,Boisson gratuite",Traveler,Bamenda
4200,Gazawa,"Animaux acceptés,Espace de rangement,Musique,Chauffeur expérimenté,Ambiance chaleureuse,Sièges inclinables,Cuisine,Wi-Fi gratuit,Climatisation,Silence,Vue panoramique,Boisson gratuite,Navigation GPS,Langue parlée,Confort,Sport,Ponctualité,Éclairage tamisé,Conversation,Conduite souple",Traveler,Bertoua
4381,Yaounde,"Wi-Fi gratuit,Assistance bagages,Navigation GPS,Langue parlée,Ponctualité,Conversation,Boisson gratuite,Ambiance chaleureuse,Confort,Sport,Climatisation,Espace de rangement,Vue panoramique,Silence",Planner,Bonanjo
4697,Mbalmayo,"Espace de rangement,Ponctualité,Conversation,Navigation GPS,Boisson gratuite,Wi-Fi gratuit,Vue panoramique,Animaux acceptés",Traveler,Messa
590,Nkongsamba,"Sièges inclinables,Ponctualité,Ambiance chaleureuse,Conversation,Connectivité,Wi-Fi gratuit,Boisson gratuite,Silence",Planner,Nkongsamba
4266,Batibo,"Boisson gratuite,Animaux acceptés,Chauffeur expérimenté,Sièges inclinables",Traveler,Maroua
2798,Bertoua,"Confort,Animaux acceptés,Espace de rangement,Connectivité,Silence,Conduite souple,Navigation GPS,Vue panoramique,Wi-Fi gratuit,Sport,Ponctualité,Éclairage tamisé,Chauffeur expérimenté",Traveler,Bonabéri
4820,Mutengene,"Éclairage tamisé,Wi-Fi gratuit,Animaux acceptés,Conduite souple,Espace de rangement,Sièges inclinables,Ponctualité,Cuisine,Boisson gratuite,Vue panoramique,Sport",Planner,Meiganga
1003,Kousseri,"Sièges inclinables,Cuisine,Conduite souple,Connectivité,Ponctualité,Ambiance chaleureuse,Espace de rangement,Animaux acceptés,Navigation GPS,Sport,Éclairage tamisé,Boisson gratuite,Conversation,Vue panoramique,Confort,Musique,Chauffeur expérimenté,Assistance bagages",Planner,Mbalmayo
2485,Bertoua,"Langue parlée,Confort,Sport,Cuisine,Animaux acceptés,Navigation GPS,Vue panoramique,Assistance bagages,Conduite souple,Boisson gratuite,Sièges inclinables,Wi-Fi gratuit,Ponctualité,Espace de rangement,Musique,Silence,Climatisation,Ambiance chaleureuse,Chauffeur expérimenté,Éclairage tamisé",Planner,Bonakouamouang
2704,Belabo,"Conduite souple,Cuisine,Ponctualité,Musique,Climatisation,Silence,Sport,Éclairage tamisé,Conversation,Navigation GPS",Planner,Muyuka
261,Melong,"Sport,Conversation,Langue parlée,Musique,Ambiance chaleureuse,Confort,Navigation GPS,Animaux acceptés,Conduite souple,Éclairage tamisé,Chauffeur expérimenté,Assistance bagages,Vue panoramique,Cuisine,Espace de rangement,Wi-Fi gratuit,Ponctualité",Planner,Messa
4186,Mbalmayo,"Navigation GPS,Conduite souple,Musique,Cuisine,Vue panoramique,Climatisation,Animaux acceptés",Planner,Bonaberi
3113,Banga Bakundu,"Sport,Musique,Silence,Sièges inclinables",Traveler,Buea
1185,Bonakouamouang,"Vue panoramique,Connectivité,Sièges inclinables,Cuisine,Animaux acceptés,Navigation GPS,Langue parlée,Ponctualité,Assistance bagages,Espace de rangement,Conduite souple",Traveler,Bamenda
4127,Guider,"Wi-Fi gratuit,Chauffeur expérimenté,Vue panoramique,Espace de rangement,Ponctualité,Navigation GPS,Sièges inclinables,Silence,Assistance bagages,Conduite souple,Langue parlée,Ambiance chaleureuse,Sport,Climatisation,Cuisine,Boisson gratuite,Éclairage tamisé,Musique,Connectivité,Animaux acceptés,Conversation",Traveler,Banga Bakundu
228,Bonaberi,"Sport,Chauffeur expérimenté,Boisson gratuite,Climatisation,Espace de rangement,Wi-Fi gratuit,Conversation",Planner,Belo
3014,Yaounde,Éclairage tamisé,Traveler,Bertoua
3260,Yagoua,"Espace de rangement,Conduite souple,Cuisine,Silence,Navigation GPS,Vue panoramique,Ponctualité,Connectivité,Ambiance chaleureuse,Éclairage tamisé,Chauffeur expérimenté,Langue parlée,Sport,Assistance bagages,Conversation,Climatisation,Animaux acceptés,Musique,Boisson gratuite,Wi-Fi gratuit,Sièges inclinables,Confort",Traveler,Meiganga
2517,Buea,"Climatisation,Chauffeur expérimenté,Silence,Animaux acceptés,Wi-Fi gratuit,Conduite souple,Éclairage tamisé,Assistance bagages,Connectivité,Cuisine,Vue panoramique,Ponctualité,Sièges inclinables,Ambiance chaleureuse,Espace de rangement,Musique,Navigation GPS",Planner,Banga Bakundu
2917,Banga Bakundu,"Espace de rangement,Vue panoramique,Silence,Chauffeur expérimenté,Musique,Conduite souple,Confort,Éclairage tamisé,Sièges inclinables,Ponctualité,Ambiance chaleureuse,Climatisation",Planner,Mbanga
4063,Kumba,"Conversation,Conduite souple,Musique,Langue parlée,Cuisine,Sport,Éclairage tamisé,Animaux acceptés,Sièges inclinables,Espace de rangement,Vue panoramique,Climatisation,Assistance bagages",Traveler,Fontem
526,Melong,"Assistance bagages,Espace de rangement,Boisson gratuite,Conversation,Conduite souple,Ponctualité,Connectivité,Chauffeur expérimenté,Cuisine,Confort,Navigation GPS,Animaux acceptés",Planner,Bogo
2306,Nanga-Eboko,"Assistance bagages,Sièges inclinables,Ponctualité,Conduite souple,Langue parlée,Musique,Boisson gratuite,Chauffeur expérimenté,Cuisine,Climatisation,Éclairage tamisé,Conversation,Silence,Vue panoramique",Traveler,Meiganga
1456,Bogo,Boisson gratuite,Planner,Mbandjock
3732,Mutengene,"Climatisation,Navigation GPS,Boisson gratuite,Assistance bagages,Chauffeur expérimenté,Vue panoramique,Connectivité,Wi-Fi gratuit,Espace de rangement,Sport,Confort,Conduite souple,Animaux acceptés,Cuisine,Éclairage tamisé,Langue parlée,Ambiance chaleureuse,Conversation",Planner,Fontem
4182,Banga Bakundu,"Ponctualité,Langue parlée,Vue panoramique,Wi-Fi gratuit,Musique,Conduite souple,Boisson gratuite,Assistance bagages,Sièges inclinables,Sport,Ambiance chaleureuse,Chauffeur expérimenté,Navigation GPS,Espace de rangement,Climatisation,Éclairage tamisé,Confort,Connectivité,Animaux acceptés,Cuisine",Traveler,Buea
2243,Yaounde,"Cuisine,Conversation,Assistance bagages,Wi-Fi gratuit,Boisson gratuite,Climatisation,Ambiance chaleureuse,Éclairage tamisé,Navigation GPS,Sièges inclinables,Silence,Sport,Vue panoramique,Ponctualité",Traveler,Bonamoussadi
2821,Nanga-Eboko,Wi-Fi gratuit,Traveler,Kribi
2691,Mokolo,"Confort,Animaux acceptés,Climatisation,Navigation GPS",Planner,Yaounde
4699,Bali Nyonga,"Silence,Ponctualité,Cuisine,Langue parlée,Wi-Fi gratuit,Conversation,Sport,Connectivité,Vue panoramique,Sièges inclinables,Conduite souple",Planner,Yaounde
1739,Fontem,"Animaux acceptés,Connectivité,Ambiance chaleureuse,Ponctualité,Sport,Wi-Fi gratuit,Navigation GPS,Boisson gratuite,Silence,Conversation,Éclairage tamisé,Assistance bagages,Espace de rangement,Confort,Sièges inclinables",Traveler,Bamenda
4257,Guider,"Cuisine,Chauffeur expérimenté,Silence,Sport,Ambiance chaleureuse,Sièges inclinables,Climatisation,Conversation,Connectivité,Navigation GPS,Musique,Espace de rangement,Éclairage tamisé,Wi-Fi gratuit,Assistance bagages,Ponctualité,Vue panoramique,Conduite souple,Boisson gratuite",Traveler,Bonamoussadi
