userId,locality,keywords,u_type,dest_fav
3542,Figuif,"Éclairage tamisé,Assistance bagages,Ambiance chaleureuse,Climatisation,Vue panoramique,Conduite souple",Traveler,Buea
1759,Dibombari,"Animaux acceptés,Wi-Fi gratuit,Chauffeur expérimenté,Assistance bagages,Cuisine,Espace de rangement,Climatisation,Ponctualité,Connectivité,Confort,Musique,Navigation GPS,Conduite souple",Planner,Douala
809,Bali,"Silence,Musique,Assistance bagages,Connectivité,Langue parlée,Conversation,Éclairage tamisé,Ponctualité,Ambiance chaleureuse,Sièges inclinables,Espace de rangement,Confort,Vue panoramique,Conduite souple,Sport,Navigation GPS,Boisson gratuite",Traveler,Bonabéri
4113,Bamenda,Boisson gratuite,Planner,Dibombari
1027,Guider,"Climatisation,Boisson gratuite,Connectivité,Éclairage tamisé,Ponctualité,Musique,Vue panoramique,Chauffeur expérimenté,Silence,Sport",Traveler,Yagoua
1860,Bonakouamouang,"Assistance bagages,Ponctualité,Espace de rangement,Silence,Musique,Connectivité,Éclairage tamisé,Vue panoramique,Langue parlée,Wi-Fi gratuit,Animaux acceptés,Navigation GPS",Planner,Dibombari
190,Gazawa,"Confort,Musique,Boisson gratuite,Silence,Langue parlée,Chauffeur expérimenté,Conduite souple,Sièges inclinables",Traveler,Kumba
35,Boutours,"Éclairage tamisé,Conduite souple,Sport,Langue parlée,Espace de rangement,Climatisation,Navigation GPS,Vue panoramique,Assistance bagages,Chauffeur expérimenté",Traveler,Belo
3083,Gazawa,"Cuisine,Chauffeur expérimenté,Climatisation,Langue parlée,Musique,Assistance bagages,Conduite souple,Sport,Vue panoramique,Silence",Traveler,Bonabéri
1869,Bafia,"Silence,Espace de rangement,Sport,Langue parlée,Sièges inclinables,Climatisation,Assistance bagages,Connectivité,Ambiance chaleureuse,Chauffeur expérimenté,Conversation,Musique,Animaux acceptés,Confort,Boisson gratuite",Planner,Nanga-Eboko
3977,Kumba,"Wi-Fi gratuit,Ponctualité,Vue panoramique,Cuisine,Espace de rangement,Sièges inclinables,Éclairage tamisé,Climatisation,Langue parlée,Connectivité,Chauffeur expérimenté,Assistance bagages,Sport,Silence,Musique,Animaux acceptés,Boisson gratuite,Conduite souple,Ambiance chaleureuse,Navigation GPS,Conversation",Traveler,Bonanjo
4962,Boutours,"Sièges inclinables,Éclairage tamisé,Navigation GPS,Climatisation,Confort,Langue parlée,Musique,Espace de rangement",Planner,Bali Nyonga
1469,Gazawa,"Cuisine,Climatisation,Ambiance chaleureuse,Boisson gratuite,Vue panoramique,Sièges inclinables,Sport,Éclairage tamisé,Chauffeur expérimenté,Animaux acceptés",Planner,Batibo
4671,Beti,"Boisson gratuite,Sport,Chauffeur expérimenté,Conversation,Langue parlée,Vue panoramique,Connectivité,Conduite souple,Espace de rangement,Sièges inclinables,Cuisine,Confort,Musique,Éclairage tamisé,Ambiance chaleureuse,Silence,Navigation GPS,Animaux acceptés,Climatisation,Assistance bagages,Ponctualité",Planner,Bamenda
544,Nanga-Eboko,"Conduite souple,Éclairage tamisé,Musique,Animaux acceptés",Traveler,Beti
2416,Bonakouamouang,"Boisson gratuite,Conduite souple,Cuisine,Ambiance chaleureuse,Confort,Musique,Animaux acceptés,Connectivité,Navigation GPS,Sièges inclinables,Wi-Fi gratuit,Silence",Traveler,Bafia
222,Melong,"Ambiance chaleureuse,Chauffeur expérimenté,Silence,Cuisine,Éclairage tamisé,Espace de rangement,Climatisation,Boisson gratuite",Planner,Bonanjo
2276,Mutengene,"Ponctualité,Ambiance chaleureuse,Climatisation,Boisson gratuite,Conversation,Éclairage tamisé,Musique,Espace de rangement,Animaux acceptés,Chauffeur expérimenté,Navigation GPS,Sport",Planner,Meiganga
988,Boutours,"Ponctualité,Cuisine,Conduite souple,Musique,Boisson gratuite,Conversation,Animaux acceptés,Navigation GPS,Éclairage tamisé,Wi-Fi gratuit",Planner,Mutengene
3421,Bafang,"Silence,Cuisine,Ponctualité,Animaux acceptés",Traveler,Bandjoun
4991,Banga Bakundu,"Musique,Ponctualité",Planner,Buea
4458,Nkongsamba,"Chauffeur expérimenté,Ponctualité,Vue panoramique,Connectivité,Climatisation,Animaux acceptés,Ambiance chaleureuse,Espace de rangement",Traveler,Meiganga
1104,Beti,"Sièges inclinables,Animaux acceptés,Langue parlée,Conversation,Ambiance chaleureuse,Sport,Ponctualité,Connectivité,Musique,Wi-Fi gratuit,Boisson gratuite,Navigation GPS,Climatisation,Conduite souple,Chauffeur expérimenté,Assistance bagages,Confort,Espace de rangement,Cuisine,Vue panoramique",Traveler,Limbe
4575,Loum,"Cuisine,Silence,Conduite souple,Ponctualité,Espace de rangement,Ambiance chaleureuse,Confort,Éclairage tamisé,Climatisation,Boisson gratuite,Sport,Langue parlée",Planner,Campo
780,Bamenda,"Animaux acceptés,Conversation,Assistance bagages,Ambiance chaleureuse,Cuisine,Langue parlée,Conduite souple,Boisson gratuite,Sièges inclinables,Navigation GPS,Connectivité,Ponctualité,Musique,Climatisation,Wi-Fi gratuit,Vue panoramique,Sport,Silence,Chauffeur expérimenté,Éclairage tamisé,Confort,Espace de rangement",Traveler,Mbouda
1723,Batibo,"Éclairage tamisé,Langue parlée,Connectivité",Traveler,Kumba
2338,Buea,"Silence,Conduite souple,Sport,Animaux acceptés,Boisson gratuite,Confort,Conversation,Ambiance chaleureuse",Traveler,Kumba
620,Bogo,"Musique,Chauffeur expérimenté,Wi-Fi gratuit,Silence,Cuisine,Climatisation,Espace de rangement,Animaux acceptés,Connectivité,Boisson gratuite,Navigation GPS",Planner,Bafoussam
2849,Figuif,"Sièges inclinables,Navigation GPS,Musique,Climatisation,Espace de rangement,Langue parlée,Boisson gratuite,Ambiance chaleureuse,Assistance bagages,Silence,Cuisine,Éclairage tamisé,Conduite souple,Wi-Fi gratuit,Sport,Chauffeur expérimenté,Conversation,Vue panoramique",Planner,Guider
2787,Beti,"Assistance bagages,Conduite souple,Wi-Fi gratuit,Ambiance chaleureuse",Planner,Bonaberi
4327,Maroua,"Boisson gratuite,Connectivité,Sièges inclinables,Confort,Navigation GPS,Chauffeur expérimenté,Ponctualité,Sport,Silence,Vue panoramique,Espace de rangement,Wi-Fi gratuit,Conduite souple,Cuisine,Assistance bagages,Musique",Planner,Mbalmayo
237,Meiganga,"Animaux acceptés,Musique,Conduite souple,Confort,Climatisation,Boisson gratuite,Espace de rangement,Éclairage tamisé",Planner,Mutengene
1291,Garoua,"Animaux acceptés,Sièges inclinables,Climatisation,Boisson gratuite,Éclairage tamisé,Langue parlée,Vue panoramique,Espace de rangement,Wi-Fi gratuit,Assistance bagages,Navigation GPS,Ambiance chaleureuse,Sport,Musique,Conduite souple,Ponctualité,Silence,Connectivité",Traveler,Batibo
650,Banga Bakundu,"Assistance bagages,Climatisation,Wi-Fi gratuit,Chauffeur expérimenté,Connectivité,Ambiance chaleureuse,Espace de rangement,Animaux acceptés,Confort,Conduite souple",Traveler,Bonabéri
1595,Edéa,"Conversation,Sièges inclinables,Climatisation,Silence,Connectivité,Confort,Sport",Planner,Guider
1863,Douala,"Conversation,Musique,Connectivité,Sièges inclinables,Ambiance chaleureuse,Wi-Fi gratuit,Sport,Espace de rangement,Chauffeur expérimenté,Silence,Langue parlée,Confort,Boisson gratuite,Animaux acceptés,Éclairage tamisé,Climatisation",Planner,Limbe
844,Bonabéri,Conversation,Planner,Bonabéri
534,Bonakouamouang,"Sport,Silence,Musique,Ambiance chaleureuse,Espace de rangement,Chauffeur expérimenté,Conversation,Connectivité,Assistance bagages,Ponctualité,Sièges inclinables",Traveler,Muyuka
3238,Bertoua,"Éclairage tamisé,Confort,Conversation,Espace de rangement,Silence,Langue parlée,Conduite souple,Animaux acceptés,Chauffeur expérimenté,Assistance bagages,Connectivité,Ponctualité,Navigation GPS,Climatisation,Musique,Cuisine,Ambiance chaleureuse,Vue panoramique,Wi-Fi gratuit,Sièges inclinables,Boisson gratuite,Sport",Traveler,Yaounde
4469,Melong,"Connectivité,Cuisine,Éclairage tamisé,Climatisation,Conversation",Planner,Belo
3798,Buea,"Langue parlée,Connectivité,Wi-Fi gratuit",Planner,Yaounde
2421,Essos,"Boisson gratuite,Silence",Traveler,Bonakouamouang
1720,Kribi,"Silence,Confort,Langue parlée,Musique,Éclairage tamisé,Boisson gratuite,Sièges inclinables,Assistance bagages,Navigation GPS,Espace de rangement,Climatisation,Wi-Fi gratuit,Animaux acceptés,Conversation",Traveler,Mbouda
860,Douala,"Wi-Fi gratuit,Ambiance chaleureuse,Musique,Connectivité,Conduite souple,Assistance bagages,Éclairage tamisé,Climatisation,Langue parlée,Boisson gratuite,Ponctualité,Conversation,Animaux acceptés,Confort",Planner,Mbanga
2196,Campo,"Connectivité,Conduite souple,Wi-Fi gratuit,Sièges inclinables,Cuisine,Animaux acceptés,Navigation GPS,Confort,Conversation,Silence,Éclairage tamisé,Ponctualité,Espace de rangement,Climatisation,Musique,Ambiance chaleureuse,Sport,Vue panoramique",Planner,Bogo
3869,Bafia,"Climatisation,Ponctualité,Éclairage tamisé",Traveler,Melong
4315,Nanga-Eboko,"Assistance bagages,Confort,Connectivité,Conduite souple,Espace de rangement,Musique,Chauffeur expérimenté,Ambiance chaleureuse,Conversation,Climatisation,Sport,Langue parlée,Vue panoramique,Ponctualité,Animaux acceptés,Éclairage tamisé,Navigation GPS",Planner,Douala
1001,Bandjoun,"Chauffeur expérimenté,Boisson gratuite,Confort,Wi-Fi gratuit,Sport,Conduite souple,Connectivité,Éclairage tamisé,Conversation,Climatisation,Animaux acceptés,Navigation GPS,Ponctualité,Vue panoramique,Silence,Assistance bagages",Traveler,Kribi
3038,Bamenda,"Ambiance chaleureuse,Sport,Connectivité,Silence,Confort,Wi-Fi gratuit,Espace de rangement,Conduite souple",Traveler,Limbe
4177,Mbandjock,"Chauffeur expérimenté,Espace de rangement,Wi-Fi gratuit,Musique,Ponctualité,Navigation GPS,Vue panoramique,Silence,Ambiance chaleureuse,Connectivité,Boisson gratuite,Langue parlée,Conversation,Cuisine,Climatisation,Sport,Animaux acceptés,Confort",Planner,Meiganga
2462,Bogo,"Chauffeur expérimenté,Espace de rangement",Planner,Gazawa
3583,Bertoua,"Ponctualité,Sport,Conversation,Ambiance chaleureuse",Planner,Kousseri
3500,Garoua,"Conversation,Silence,Wi-Fi gratuit,Éclairage tamisé,Sport,Connectivité",Planner,Melong
3586,Fontem,"Langue parlée,Wi-Fi gratuit,Animaux acceptés,Ponctualité,Cuisine",Traveler,Bonakouamouang
1978,Bimbia,"Silence,Sport,Ambiance chaleureuse,Confort,Navigation GPS,Éclairage tamisé,Animaux acceptés,Climatisation,Musique,Vue panoramique,Ponctualité,Wi-Fi gratuit,Assistance bagages,Espace de rangement",Planner,Belo
3201,Melong,"Climatisation,Conversation",Traveler,Nanga-Eboko
1843,Bonakouamouang,"Navigation GPS,Musique,Chauffeur expérimenté,Silence,Éclairage tamisé,Wi-Fi gratuit,Espace de rangement,Boisson gratuite,Cuisine,Sièges inclinables,Connectivité,Ambiance chaleureuse,Conversation,Climatisation,Conduite souple,Sport,Animaux acceptés,Vue panoramique,Ponctualité,Confort",Planner,Bafia
2958,Loum,"Vue panoramique,Navigation GPS,Espace de rangement,Sièges inclinables,Ambiance chaleureuse,Musique,Conduite souple,Ponctualité,Confort,Boisson gratuite,Éclairage tamisé,Langue parlée,Wi-Fi gratuit,Climatisation,Cuisine,Animaux acceptés,Connectivité,Silence,Chauffeur expérimenté",Planner,Mokolo
1603,Bertoua,"Connectivité,Ponctualité,Conversation,Chauffeur expérimenté,Conduite souple,Climatisation,Wi-Fi gratuit,Éclairage tamisé,Espace de rangement,Confort,Langue parlée,Navigation GPS,Boisson gratuite,Silence,Cuisine,Ambiance chaleureuse,Vue panoramique,Animaux acceptés",Traveler,Fontem
4322,Bali Nyonga,"Climatisation,Vue panoramique,Ambiance chaleureuse,Sièges inclinables,Assistance bagages,Connectivité,Éclairage tamisé,Musique,Silence,Boisson gratuite,Wi-Fi gratuit,Espace de rangement,Confort,Ponctualité,Langue parlée,Conduite souple",Planner,Nanga-Eboko
2169,Nkongsamba,"Chauffeur expérimenté,Éclairage tamisé,Sièges inclinables,Animaux acceptés,Musique,Espace de rangement,Vue panoramique,Boisson gratuite,Wi-Fi gratuit,Sport,Cuisine,Confort",Planner,Boutours
4812,Beti,Conversation,Traveler,Bimbia
3370,Bafang,"Confort,Sport,Ambiance chaleureuse,Navigation GPS,Ponctualité,Espace de rangement,Boisson gratuite,Silence,Climatisation,Musique,Assistance bagages,Wi-Fi gratuit,Conversation,Chauffeur expérimenté,Cuisine,Vue panoramique,Sièges inclinables,Éclairage tamisé,Langue parlée,Conduite souple",Traveler,Boutours
2618,Mbanga,"Ponctualité,Musique,Silence,Navigation GPS,Confort,Conversation",Traveler,Mbandjock
2160,Essos,"Espace de rangement,Langue parlée,Chauffeur expérimenté,Ponctualité,Conduite souple,Musique",Traveler,Nkongsamba
2090,Buea,"Boisson gratuite,Espace de rangement,Cuisine,Wi-Fi gratuit",Traveler,Mokolo
3373,Melong,"Assistance bagages,Silence,Musique,Animaux acceptés,Vue panoramique,Ponctualité,Navigation GPS,Connectivité,Sièges inclinables",Planner,Dibombari
883,Loum,Sport,Planner,Guider
781,Mbandjock,"Musique,Wi-Fi gratuit,Vue panoramique,Cuisine,Langue parlée,Connectivité,Ambiance chaleureuse,Boisson gratuite,Ponctualité,Éclairage tamisé,Conduite souple,Espace de rangement,Climatisation,Confort,Sport,Conversation,Sièges inclinables,Navigation GPS",Traveler,Bali Nyonga
2803,Mbalmayo,"Connectivité,Climatisation,Musique",Traveler,Bonakouamouang
2669,Douala,"Silence,Climatisation,Ambiance chaleureuse,Sport,Conversation,Ponctualité,Navigation GPS,Wi-Fi gratuit,Musique,Confort",Planner,Figuif
1321,Guider,"Espace de rangement,Conversation,Silence,Boisson gratuite,Sport,Éclairage tamisé,Sièges inclinables,Confort,Musique,Climatisation,Assistance bagages,Chauffeur expérimenté,Cuisine,Connectivité,Vue panoramique,Animaux acceptés,Ambiance chaleureuse,Ponctualité,Wi-Fi gratuit,Langue parlée",Planner,Campo
839,Nanga-Eboko,"Conversation,Connectivité,Langue parlée,Sièges inclinables,Confort,Espace de rangement,Boisson gratuite,Assistance bagages,Ambiance chaleureuse,Wi-Fi gratuit,Climatisation,Conduite souple,Vue panoramique,Silence,Musique",Traveler,Nkongsamba
4757,Figuif,"Climatisation,Silence,Langue parlée,Espace de rangement,Vue panoramique,Ambiance chaleureuse,Conduite souple,Connectivité,Conversation,Confort",Planner,Bonamoussadi
4957,Bafang,"Vue panoramique,Confort,Musique,Assistance bagages,Conduite souple,Wi-Fi gratuit",Traveler,Bimbia
969,Bogo,"Silence,Climatisation,Vue panoramique,Wi-Fi gratuit,Éclairage tamisé,Conversation,Confort,Assistance bagages,Cuisine,Sièges inclinables,Ambiance chaleureuse,Conduite souple,Boisson gratuite,Ponctualité,Connectivité,Musique,Navigation GPS",Traveler,Bafang
3313,Bogo,"Connectivité,Sport",Traveler,Bafia
2210,Belo,"Espace de rangement,Connectivité,Musique",Planner,Yaounde
4151,Figuif,"Musique,Confort,Silence,Sièges inclinables,Wi-Fi gratuit,Éclairage tamisé,Vue panoramique",Planner,Melong
4253,Essos,"Ambiance chaleureuse,Chauffeur expérimenté,Assistance bagages,Conversation,Boisson gratuite,Espace de rangement,Animaux acceptés,Connectivité,Climatisation,Langue parlée,Sièges inclinables,Sport,Conduite souple,Silence,Ponctualité,Éclairage tamisé",Planner,Nanga-Eboko
4006,Kousseri,"Animaux acceptés,Navigation GPS,Cuisine,Éclairage tamisé,Ponctualité,Sièges inclinables,Vue panoramique,Connectivité,Assistance bagages,Silence,Boisson gratuite,Espace de rangement,Ambiance chaleureuse,Conduite souple",Traveler,Bonanjo
1791,Yagoua,"Animaux acceptés,Musique,Conversation,Cuisine,Ambiance chaleureuse,Sièges inclinables,Ponctualité,Connectivité,Climatisation,Chauffeur expérimenté,Boisson gratuite,Silence,Éclairage tamisé,Langue parlée,Navigation GPS,Vue panoramique,Confort,Assistance bagages,Sport,Wi-Fi gratuit,Espace de rangement",Traveler,Mbanga
1879,Douala,"Ponctualité,Conduite souple,Éclairage tamisé,Ambiance chaleureuse,Musique,Sièges inclinables,Animaux acceptés",Planner,Bertoua
2895,Mokolo,"Conversation,Langue parlée,Espace de rangement,Cuisine,Assistance bagages,Climatisation,Boisson gratuite,Ambiance chaleureuse,Sport,Wi-Fi gratuit,Musique,Connectivité",Traveler,Loum
3157,Boutours,"Sport,Ambiance chaleureuse,Vue panoramique,Cuisine,Confort,Conversation,Éclairage tamisé,Sièges inclinables,Conduite souple,Chauffeur expérimenté,Animaux acceptés,Climatisation,Musique",Planner,Nkongsamba
3331,Bertoua,"Navigation GPS,Assistance bagages,Vue panoramique,Silence,Sport,Connectivité,Éclairage tamisé",Traveler,Figuif
2226,Essos,"Boisson gratuite,Conduite souple,Vue panoramique,Conversation,Assistance bagages,Sport,Silence,Connectivité,Sièges inclinables,Ponctualité,Musique,Langue parlée,Animaux acceptés,Navigation GPS,Cuisine,Espace de rangement,Chauffeur expérimenté,Ambiance chaleureuse,Wi-Fi gratuit,Éclairage tamisé,Confort",Planner,Mbanga
4145,Loum,"Climatisation,Chauffeur expérimenté,Conduite souple,Espace de rangement,Éclairage tamisé,Conversation,Musique,Sport,Confort,Cuisine,Navigation GPS,Ponctualité,Assistance bagages,Boisson gratuite,Wi-Fi gratuit,Langue parlée,Sièges inclinables,Ambiance chaleureuse,Vue panoramique",Traveler,Muyuka
407,Muyuka,"Navigation GPS,Conduite souple,Chauffeur expérimenté,Animaux acceptés,Ambiance chaleureuse,Wi-Fi gratuit,Sport,Espace de rangement,Silence,Langue parlée,Éclairage tamisé,Conversation,Musique",Planner,Bafang
4297,Bertoua,"Chauffeur expérimenté,Conduite souple,Éclairage tamisé,Silence,Boisson gratuite,Langue parlée,Cuisine,Espace de rangement,Ponctualité,Conversation,Navigation GPS,Assistance bagages,Climatisation,Confort,Connectivité",Traveler,Batibo
1802,Muyuka,"Chauffeur expérimenté,Espace de rangement,Musique,Connectivité,Conversation,Éclairage tamisé,Navigation GPS,Silence,Conduite souple,Boisson gratuite,Langue parlée,Sport,Cuisine,Animaux acceptés,Assistance bagages,Climatisation",Planner,Mora
1792,Bertoua,"Conduite souple,Animaux acceptés,Sièges inclinables,Silence,Ambiance chaleureuse,Climatisation,Langue parlée",Planner,Limbe
1773,Maroua,"Éclairage tamisé,Navigation GPS,Silence,Animaux acceptés,Conduite souple,Espace de rangement,Ambiance chaleureuse,Ponctualité,Climatisation,Sport,Confort,Boisson gratuite,Wi-Fi gratuit,Assistance bagages,Connectivité,Chauffeur expérimenté,Vue panoramique,Cuisine,Sièges inclinables,Musique,Conversation,Langue parlée",Traveler,Muyuka
4637,Mokolo,"Conduite souple,Ambiance chaleureuse,Langue parlée,Cuisine,Espace de rangement,Conversation,Musique",Planner,Fontem
1750,Bali,"Assistance bagages,Navigation GPS,Chauffeur expérimenté,Ponctualité,Sièges inclinables,Confort,Cuisine,Conduite souple,Éclairage tamisé,Ambiance chaleureuse,Silence,Sport,Climatisation,Langue parlée,Boisson gratuite,Vue panoramique,Conversation",Planner,Bertoua
1672,Bertoua,"Chauffeur expérimenté,Langue parlée,Conduite souple,Silence,Éclairage tamisé,Connectivité,Assistance bagages,Ponctualité,Boisson gratuite,Espace de rangement,Wi-Fi gratuit,Sièges inclinables,Navigation GPS,Confort,Climatisation,Vue panoramique,Musique,Animaux acceptés,Sport",Planner,Bertoua
1344,Figuif,"Connectivité,Animaux acceptés,Ponctualité",Traveler,Bamenda
356,Nkongsamba,"Espace de rangement,Cuisine,Ambiance chaleureuse,Silence,Sport,Climatisation,Langue parlée,Chauffeur expérimenté,Ponctualité",Traveler,Bandjoun
209,Essos,"Wi-Fi gratuit,Vue panoramique,Connectivité,Chauffeur expérimenté,Sièges inclinables,Confort,Ponctualité,Sport,Langue parlée,Animaux acceptés,Boisson gratuite,Musique,Espace de rangement,Silence,Conduite souple,Climatisation",Planner,Buea
3745,Yagoua,"Animaux acceptés,Vue panoramique",Traveler,Limbe
1387,Belo,"Animaux acceptés,Vue panoramique,Wi-Fi gratuit,Ponctualité,Chauffeur expérimenté,Conversation",Traveler,Limbe
1867,Banga Bakundu,"Ponctualité,Connectivité,Animaux acceptés,Wi-Fi gratuit,Espace de rangement,Éclairage tamisé,Climatisation,Cuisine,Sport,Boisson gratuite,Silence,Conversation,Chauffeur expérimenté,Navigation GPS,Sièges inclinables,Ambiance chaleureuse,Vue panoramique,Musique,Conduite souple,Confort",Planner,Bafoussam
4363,Bimbia,"Musique,Conversation,Ponctualité,Animaux acceptés,Boisson gratuite,Confort,Wi-Fi gratuit,Langue parlée",Planner,Muyuka
1933,Garoua,"Sièges inclinables,Cuisine,Ambiance chaleureuse,Conversation",Traveler,Messa
3184,Batibo,"Navigation GPS,Conversation,Ambiance chaleureuse,Sport,Cuisine,Boisson gratuite,Chauffeur expérimenté,Animaux acceptés,Wi-Fi gratuit,Connectivité,Éclairage tamisé,Vue panoramique,Conduite souple,Confort,Assistance bagages,Climatisation",Traveler,Bogo
4698,Mutengene,"Sièges inclinables,Assistance bagages,Chauffeur expérimenté,Ponctualité,Confort,Animaux acceptés,Climatisation,Ambiance chaleureuse,Connectivité,Cuisine",Planner,Bonabéri
4847,Bali Nyonga,"Langue parlée,Assistance bagages,Conduite souple,Navigation GPS,Silence,Wi-Fi gratuit,Éclairage tamisé,Cuisine,Sièges inclinables,Animaux acceptés,Musique,Boisson gratuite,Sport,Vue panoramique,Conversation,Connectivité",Planner,Douala
3703,Gazawa,"Vue panoramique,Chauffeur expérimenté,Connectivité,Musique,Ambiance chaleureuse",Traveler,Meiganga
3408,Fontem,"Espace de rangement,Silence,Conversation,Boisson gratuite,Wi-Fi gratuit,Éclairage tamisé,Ambiance chaleureuse,Conduite souple,Assistance bagages,Sport,Connectivité,Cuisine,Chauffeur expérimenté,Musique,Climatisation,Ponctualité,Animaux acceptés,Sièges inclinables,Confort,Vue panoramique",Planner,Dibombari
1899,Bamenda,"Climatisation,Éclairage tamisé,Sport,Assistance bagages,Ponctualité,Sièges inclinables,Vue panoramique,Cuisine,Ambiance chaleureuse,Conversation,Langue parlée,Animaux acceptés,Silence,Connectivité,Chauffeur expérimenté,Espace de rangement,Conduite souple,Boisson gratuite",Planner,Bandjoun
1666,Bonaberi,"Sport,Confort",Planner,Mbanga
2106,Beti,"Vue panoramique,Conversation,Chauffeur expérimenté,Confort,Sport,Conduite souple,Cuisine",Traveler,Kousseri
1706,Muyuka,"Silence,Conduite souple,Musique,Wi-Fi gratuit,Confort,Boisson gratuite,Navigation GPS,Connectivité,Espace de rangement,Sièges inclinables,Ponctualité,Sport",Traveler,Guider
3938,Bonabéri,"Silence,Confort,Conversation,Cuisine,Vue panoramique,Animaux acceptés,Langue parlée,Assistance bagages,Climatisation,Espace de rangement,Ponctualité,Chauffeur expérimenté,Ambiance chaleureuse",Planner,Bafoussam
805,Belo,"Musique,Sport,Chauffeur expérimenté,Ambiance chaleureuse,Connectivité,Espace de rangement",Traveler,Guider
535,Meiganga,"Ponctualité,Cuisine,Conduite souple,Climatisation,Vue panoramique,Wi-Fi gratuit,Chauffeur expérimenté,Conversation,Assistance bagages",Planner,Bandjoun
4997,Essos,"Animaux acceptés,Sièges inclinables,Assistance bagages,Cuisine,Confort,Climatisation,Boisson gratuite,Éclairage tamisé,Ambiance chaleureuse,Musique,Conduite souple,Langue parlée,Conversation,Silence",Traveler,Mbouda
2748,Bonanjo,"Boisson gratuite,Sièges inclinables,Connectivité,Silence,Assistance bagages,Ponctualité,Musique,Animaux acceptés,Éclairage tamisé,Navigation GPS,Vue panoramique,Confort,Langue parlée,Ambiance chaleureuse,Wi-Fi gratuit,Espace de rangement,Climatisation,Conversation,Sport,Chauffeur expérimenté",Planner,Bali Nyonga
2618,Banga Bakundu,"Animaux acceptés,Wi-Fi gratuit,Ponctualité,Assistance bagages",Planner,Mora
4146,Dibombari,"Éclairage tamisé,Connectivité,Sièges inclinables,Espace de rangement,Ambiance chaleureuse,Silence,Langue parlée,Confort",Traveler,Kousseri
4710,Garoua,"Navigation GPS,Ponctualité,Sport,Conduite souple",Planner,Figuif
591,Bali Nyonga,"Animaux acceptés,Silence,Wi-Fi gratuit,Chauffeur expérimenté,Navigation GPS,Boisson gratuite,Cuisine,Vue panoramique,Langue parlée,Conduite souple,Ponctualité,Climatisation,Musique,Connectivité,Confort",Planner,Messa
303,Campo,"Ambiance chaleureuse,Boisson gratuite",Traveler,Nkongsamba
2643,Bali Nyonga,"Chauffeur expérimenté,Espace de rangement,Ambiance chaleureuse,Conduite souple",Planner,Bafia
3800,Bertoua,"Connectivité,Silence,Climatisation,Navigation GPS,Vue panoramique,Éclairage tamisé,Ponctualité,Cuisine,Conversation,Sport,Musique,Wi-Fi gratuit,Ambiance chaleureuse,Assistance bagages,Boisson gratuite",Traveler,Belo
1245,Kribi,"Ambiance chaleureuse,Chauffeur expérimenté,Sport,Musique,Climatisation,Sièges inclinables,Éclairage tamisé,Animaux acceptés,Connectivité,Conversation",Traveler,Garoua
565,Kribi,"Climatisation,Assistance bagages,Musique,Langue parlée,Éclairage tamisé,Confort,Animaux acceptés,Vue panoramique,Espace de rangement,Connectivité,Navigation GPS,Ambiance chaleureuse",Planner,Yaounde
2542,Belo,"Climatisation,Éclairage tamisé,Connectivité,Vue panoramique,Cuisine,Navigation GPS,Ponctualité,Confort,Ambiance chaleureuse,Musique,Assistance bagages,Silence",Traveler,Bimbia
2147,Gazawa,"Animaux acceptés,Boisson gratuite,Sièges inclinables,Musique,Assistance bagages,Espace de rangement,Navigation GPS,Wi-Fi gratuit",Planner,Bertoua
3684,Buea,Silence,Planner,Campo
1267,Bali,"Navigation GPS,Boisson gratuite,Langue parlée",Planner,Bertoua
3668,Nanga-Eboko,"Navigation GPS,Sport,Musique,Chauffeur expérimenté,Langue parlée,Animaux acceptés,Assistance bagages,Ambiance chaleureuse,Connectivité",Planner,Bandjoun
3556,Messa,"Ponctualité,Navigation GPS,Langue parlée,Espace de rangement,Confort,Wi-Fi gratuit,Connectivité,Sport",Planner,Kumba
3592,Bonanjo,"Ambiance chaleureuse,Connectivité,Silence,Sièges inclinables,Éclairage tamisé,Wi-Fi gratuit,Conduite souple,Ponctualité,Musique,Navigation GPS,Sport",Traveler,Limbe
1268,Nanga-Eboko,"Conduite souple,Confort,Navigation GPS,Musique,Boisson gratuite,Connectivité,Assistance bagages,Cuisine,Langue parlée,Conversation,Vue panoramique,Wi-Fi gratuit,Sièges inclinables,Ambiance chaleureuse",Traveler,Buea
3947,Gazawa,"Sport,Navigation GPS,Sièges inclinables,Confort,Climatisation,Conversation,Langue parlée,Chauffeur expérimenté,Assistance bagages,Connectivité,Musique",Traveler,Mora
3771,Bonaberi,"Cuisine,Espace de rangement,Chauffeur expérimenté,Conduite souple",Traveler,Yagoua
17,Bamenda,"Connectivité,Sport,Conduite souple,Musique,Sièges inclinables,Ambiance chaleureuse,Boisson gratuite,Wi-Fi gratuit,Cuisine,Vue panoramique,Assistance bagages,Conversation,Espace de rangement,Animaux acceptés,Confort,Silence,Navigation GPS,Langue parlée,Ponctualité,Chauffeur expérimenté,Éclairage tamisé",Planner,Bandjoun
4182,Figuif,"Assistance bagages,Ponctualité,Boisson gratuite,Wi-Fi gratuit,Silence,Animaux acceptés,Vue panoramique,Ambiance chaleureuse,Conduite souple,Chauffeur expérimenté,Cuisine,Sièges inclinables,Conversation,Connectivité,Navigation GPS,Sport,Espace de rangement,Confort,Éclairage tamisé",Planner,Bafang
3951,Bonakouamouang,"Cuisine,Boisson gratuite,Ambiance chaleureuse,Wi-Fi gratuit,Animaux acceptés,Sport,Assistance bagages,Chauffeur expérimenté,Langue parlée,Conduite souple,Musique,Connectivité,Navigation GPS,Ponctualité",Traveler,Kousseri
1925,Nkongsamba,"Connectivité,Espace de rangement,Conversation",Traveler,Mutengene
4462,Bonabéri,"Connectivité,Assistance bagages,Ambiance chaleureuse,Éclairage tamisé,Animaux acceptés,Climatisation",Traveler,Buea
3218,Mbalmayo,"Navigation GPS,Boisson gratuite,Silence,Sièges inclinables,Conversation,Langue parlée,Wi-Fi gratuit,Sport,Confort,Vue panoramique,Musique",Planner,Kribi
2823,Bali,"Navigation GPS,Conduite souple,Ambiance chaleureuse,Sièges inclinables,Sport,Animaux acceptés,Vue panoramique,Silence,Boisson gratuite,Chauffeur expérimenté,Cuisine,Connectivité,Conversation,Musique",Traveler,Beti
2881,Bamenda,"Musique,Connectivité,Animaux acceptés,Cuisine,Navigation GPS,Ponctualité,Vue panoramique,Éclairage tamisé,Silence,Climatisation,Conduite souple,Confort,Assistance bagages",Traveler,Melong
508,Dibombari,"Cuisine,Conduite souple,Conversation,Musique,Climatisation,Animaux acceptés,Sport,Assistance bagages,Boisson gratuite,Ponctualité,Chauffeur expérimenté,Navigation GPS,Connectivité,Ambiance chaleureuse,Langue parlée,Confort,Espace de rangement,Éclairage tamisé,Silence,Vue panoramique,Sièges inclinables",Planner,Campo
246,Bali,"Sièges inclinables,Conduite souple,Silence,Ambiance chaleureuse,Vue panoramique,Connectivité,Musique,Assistance bagages,Animaux acceptés,Boisson gratuite,Sport,Cuisine,Wi-Fi gratuit,Langue parlée,Ponctualité,Éclairage tamisé",Traveler,Campo
1821,Nanga-Eboko,"Animaux acceptés,Musique,Cuisine,Vue panoramique",Planner,Kousseri
2041,Bonakouamouang,"Vue panoramique,Animaux acceptés,Conversation,Conduite souple,Éclairage tamisé,Navigation GPS,Boisson gratuite,Climatisation,Sport,Chauffeur expérimenté,Connectivité,Confort,Cuisine,Sièges inclinables,Musique,Espace de rangement,Ambiance chaleureuse,Assistance bagages,Ponctualité,Wi-Fi gratuit,Langue parlée,Silence",Traveler,Bonakouamouang
4349,Yagoua,"Éclairage tamisé,Connectivité,Navigation GPS,Espace de rangement,Silence,Animaux acceptés,Langue parlée,Confort,Conversation",Planner,Maroua
1716,Fontem,"Cuisine,Sport,Navigation GPS,Confort,Sièges inclinables,Connectivité,Silence,Assistance bagages,Vue panoramique",Traveler,Bali
1392,Bali,"Sport,Espace de rangement,Musique,Éclairage tamisé,Wi-Fi gratuit,Langue parlée,Vue panoramique,Chauffeur expérimenté,Ponctualité,Confort,Sièges inclinables,Ambiance chaleureuse,Conversation,Conduite souple,Navigation GPS,Climatisation,Animaux acceptés,Assistance bagages,Cuisine",Traveler,Dibombari
3829,Muyuka,"Wi-Fi gratuit,Assistance bagages,Ponctualité,Vue panoramique,Chauffeur expérimenté,Sport,Boisson gratuite,Silence,Musique,Langue parlée,Conversation,Climatisation,Confort,Sièges inclinables,Conduite souple,Navigation GPS,Connectivité,Ambiance chaleureuse,Éclairage tamisé,Animaux acceptés,Cuisine,Espace de rangement",Planner,Batibo
4137,Belo,"Conduite souple,Animaux acceptés,Wi-Fi gratuit,Éclairage tamisé,Assistance bagages,Navigation GPS,Espace de rangement",Traveler,Batibo
451,Melong,"Éclairage tamisé,Confort,Conversation",Traveler,Nkongsamba
1274,Batibo,"Silence,Wi-Fi gratuit,Confort,Connectivité,Climatisation,Ambiance chaleureuse,Assistance bagages,Langue parlée,Espace de rangement",Traveler,Bonaberi
2528,Bafia,"Animaux acceptés,Boisson gratuite,Climatisation,Langue parlée,Cuisine,Sport,Vue panoramique,Espace de rangement,Chauffeur expérimenté",Traveler,Mbouda
1839,Figuif,"Sport,Climatisation,Confort,Cuisine,Conversation,Sièges inclinables,Musique,Assistance bagages,Langue parlée,Silence,Éclairage tamisé,Chauffeur expérimenté,Wi-Fi gratuit,Animaux acceptés,Connectivité,Espace de rangement,Boisson gratuite,Navigation GPS,Ponctualité,Ambiance chaleureuse,Vue panoramique,Conduite souple",Planner,Belo
1556,Mbalmayo,"Assistance bagages,Vue panoramique,Sport,Éclairage tamisé,Animaux acceptés,Chauffeur expérimenté,Musique,Connectivité,Confort,Espace de rangement,Wi-Fi gratuit,Conduite souple,Langue parlée,Ambiance chaleureuse,Cuisine,Conversation,Silence,Boisson gratuite,Sièges inclinables,Navigation GPS,Ponctualité,Climatisation",Planner,Kousseri
3978,Boutours,"Confort,Conduite souple,Animaux acceptés,Conversation,Wi-Fi gratuit,Espace de rangement,Navigation GPS,Ambiance chaleureuse,Assistance bagages,Langue parlée,Éclairage tamisé,Silence,Sport,Chauffeur expérimenté,Climatisation,Vue panoramique,Sièges inclinables",Planner,Mutengene
3842,Bonabéri,Climatisation,Planner,Bonamoussadi
3014,Nanga-Eboko,"Sport,Sièges inclinables,Animaux acceptés,Wi-Fi gratuit,Langue parlée,Éclairage tamisé,Ponctualité,Boisson gratuite",Traveler,Bonanjo
1641,Mbanga,"Musique,Chauffeur expérimenté,Connectivité,Conversation,Cuisine,Navigation GPS,Confort,Assistance bagages,Vue panoramique,Espace de rangement,Éclairage tamisé",Planner,Bandjoun
3101,Mutengene,"Éclairage tamisé,Connectivité,Silence,Animaux acceptés,Confort,Musique,Climatisation,Conduite souple,Boisson gratuite,Assistance bagages,Sièges inclinables,Ponctualité,Vue panoramique,Navigation GPS",Traveler,Yagoua
2583,Yaounde,"Connectivité,Langue parlée,Sièges inclinables,Confort,Conversation,Assistance bagages,Vue panoramique,Ambiance chaleureuse,Silence,Climatisation,Espace de rangement,Cuisine,Chauffeur expérimenté,Boisson gratuite",Traveler,Essos
501,Dibombari,"Ambiance chaleureuse,Animaux acceptés,Boisson gratuite,Musique,Vue panoramique,Espace de rangement,Navigation GPS,Chauffeur expérimenté",Planner,Figuif
258,Nkongsamba,"Éclairage tamisé,Ponctualité,Sièges inclinables,Chauffeur expérimenté,Espace de rangement,Sport,Langue parlée,Ambiance chaleureuse,Silence,Conversation,Vue panoramique,Connectivité,Boisson gratuite,Animaux acceptés,Wi-Fi gratuit,Confort",Planner,Belo
4078,Figuif,"Conduite souple,Silence,Vue panoramique,Climatisation,Musique,Sièges inclinables,Confort,Espace de rangement,Ponctualité,Boisson gratuite,Cuisine,Éclairage tamisé,Sport,Conversation,Navigation GPS,Connectivité,Chauffeur expérimenté,Assistance bagages",Traveler,Campo
2532,Dibombari,"Ambiance chaleureuse,Animaux acceptés,Éclairage tamisé,Musique",Planner,Mbandjock
1012,Fontem,"Connectivité,Éclairage tamisé,Cuisine,Silence,Espace de rangement,Langue parlée,Boisson gratuite,Ambiance chaleureuse,Sièges inclinables",Planner,Nanga-Eboko
1979,Bali,"Langue parlée,Assistance bagages,Vue panoramique,Conversation,Boisson gratuite,Ponctualité,Animaux acceptés,Wi-Fi gratuit",Planner,Bertoua
2821,Guider,"Cuisine,Espace de rangement,Confort,Ponctualité,Boisson gratuite,Conversation,Climatisation,Silence,Langue parlée,Sport,Éclairage tamisé",Traveler,Edéa
1502,Edéa,"Ponctualité,Wi-Fi gratuit,Sport,Connectivité,Cuisine,Silence,Vue panoramique,Chauffeur expérimenté,Animaux acceptés,Boisson gratuite,Musique,Climatisation,Éclairage tamisé,Espace de rangement,Navigation GPS,Conversation,Confort",Traveler,Nanga-Eboko
3562,Yaounde,"Animaux acceptés,Cuisine,Espace de rangement,Éclairage tamisé,Sport,Boisson gratuite,Conduite souple",Planner,Essos
1437,Bafoussam,"Boisson gratuite,Ponctualité,Vue panoramique,Sport,Silence,Confort,Connectivité,Cuisine,Conversation,Chauffeur expérimenté,Éclairage tamisé,Climatisation,Ambiance chaleureuse,Sièges inclinables,Musique,Wi-Fi gratuit,Espace de rangement,Assistance bagages,Conduite souple,Langue parlée,Navigation GPS",Planner,Bertoua
1739,Muyuka,"Assistance bagages,Conversation,Sièges inclinables,Boisson gratuite,Climatisation,Silence,Chauffeur expérimenté,Musique,Éclairage tamisé,Sport,Animaux acceptés,Langue parlée,Vue panoramique,Ponctualité,Confort,Connectivité,Conduite souple,Espace de rangement,Cuisine,Ambiance chaleureuse",Traveler,Belo
2147,Belabo,"Wi-Fi gratuit,Musique,Chauffeur expérimenté,Connectivité,Vue panoramique,Sport,Boisson gratuite,Ambiance chaleureuse,Navigation GPS,Langue parlée,Ponctualité,Silence,Éclairage tamisé",Planner,Meiganga
4251,Nkongsamba,"Espace de rangement,Conversation,Musique,Navigation GPS,Conduite souple,Ponctualité,Confort,Animaux acceptés,Chauffeur expérimenté",Traveler,Bali
4996,Bertoua,"Conversation,Navigation GPS,Sport",Planner,Bafia
2910,Yaounde,"Connectivité,Ambiance chaleureuse,Musique,Cuisine,Langue parlée,Assistance bagages,Animaux acceptés,Vue panoramique,Navigation GPS,Sièges inclinables,Confort,Sport,Conduite souple,Climatisation,Chauffeur expérimenté,Espace de rangement,Silence,Éclairage tamisé,Conversation,Ponctualité,Boisson gratuite",Traveler,Campo
1676,Douala,"Silence,Wi-Fi gratuit,Assistance bagages,Sport,Vue panoramique,Ambiance chaleureuse,Musique,Sièges inclinables,Animaux acceptés,Confort,Boisson gratuite,Espace de rangement,Ponctualité,Éclairage tamisé",Traveler,Belabo
676,Essos,"Langue parlée,Cuisine,Espace de rangement,Éclairage tamisé,Boisson gratuite,Animaux acceptés,Assistance bagages,Connectivité,Sport,Vue panoramique",Traveler,Yaounde
2974,Limbe,"Assistance bagages,Musique,Ambiance chaleureuse,Boisson gratuite,Silence,Conversation,Conduite souple,Climatisation,Espace de rangement,Animaux acceptés,Cuisine,Langue parlée,Sièges inclinables,Éclairage tamisé",Planner,Nkongsamba
4240,Nkongsamba,"Wi-Fi gratuit,Confort,Climatisation,Boisson gratuite,Connectivité,Ponctualité,Conversation,Chauffeur expérimenté,Sport,Conduite souple,Espace de rangement,Cuisine,Silence,Navigation GPS,Musique",Planner,Mbouda
339,Bamenda,"Langue parlée,Ambiance chaleureuse,Ponctualité,Animaux acceptés,Espace de rangement,Éclairage tamisé,Musique,Cuisine",Traveler,Loum
878,Bafia,"Langue parlée,Sport,Wi-Fi gratuit,Climatisation,Chauffeur expérimenté,Confort,Boisson gratuite,Navigation GPS,Sièges inclinables,Silence,Connectivité",Planner,Nanga-Eboko
4522,Mbouda,"Navigation GPS,Éclairage tamisé,Assistance bagages,Conversation,Boisson gratuite,Wi-Fi gratuit,Sièges inclinables,Animaux acceptés,Chauffeur expérimenté,Silence,Confort,Langue parlée,Connectivité",Traveler,Garoua
540,Fontem,"Conversation,Chauffeur expérimenté,Conduite souple,Musique,Silence,Ambiance chaleureuse",Traveler,Buea
4060,Bonaberi,"Sièges inclinables,Sport,Conversation,Cuisine,Animaux acceptés,Chauffeur expérimenté,Conduite souple,Espace de rangement,Assistance bagages,Éclairage tamisé,Musique,Ambiance chaleureuse,Boisson gratuite,Ponctualité,Climatisation,Connectivité,Vue panoramique,Navigation GPS",Traveler,Edéa
1039,Melong,"Espace de rangement,Ponctualité,Sièges inclinables,Boisson gratuite,Assistance bagages,Langue parlée,Vue panoramique,Chauffeur expérimenté",Traveler,Bonabéri
279,Banga Bakundu,"Connectivité,Sport,Ambiance chaleureuse,Chauffeur expérimenté,Conduite souple,Animaux acceptés,Langue parlée,Confort,Espace de rangement,Sièges inclinables,Assistance bagages,Boisson gratuite,Silence,Climatisation,Vue panoramique,Conversation,Navigation GPS,Musique,Cuisine,Ponctualité,Wi-Fi gratuit,Éclairage tamisé",Traveler,Banga Bakundu
1201,Mokolo,"Silence,Conversation,Conduite souple,Confort,Navigation GPS,Wi-Fi gratuit,Vue panoramique,Langue parlée,Sport,Boisson gratuite,Chauffeur expérimenté,Ambiance chaleureuse",Planner,Maroua
154,Beti,"Ambiance chaleureuse,Confort,Sport,Chauffeur expérimenté,Connectivité,Conduite souple,Ponctualité,Wi-Fi gratuit,Silence,Conversation,Espace de rangement,Animaux acceptés,Vue panoramique,Boisson gratuite,Sièges inclinables,Musique,Assistance bagages,Navigation GPS,Éclairage tamisé",Planner,Buea
4566,Mbouda,"Boisson gratuite,Sport,Sièges inclinables,Ponctualité,Connectivité,Conversation,Conduite souple,Navigation GPS,Espace de rangement",Traveler,Dibombari
194,Garoua,"Boisson gratuite,Climatisation,Éclairage tamisé,Langue parlée,Vue panoramique,Assistance bagages,Conduite souple,Sièges inclinables,Ponctualité,Confort,Espace de rangement,Silence,Sport,Conversation,Animaux acceptés,Navigation GPS,Chauffeur expérimenté",Planner,Belabo
575,Bertoua,"Conduite souple,Climatisation,Confort,Silence,Chauffeur expérimenté,Vue panoramique,Sport,Musique,Assistance bagages,Conversation,Wi-Fi gratuit,Animaux acceptés,Éclairage tamisé,Langue parlée,Boisson gratuite,Sièges inclinables,Cuisine,Espace de rangement,Connectivité,Ponctualité,Ambiance chaleureuse",Traveler,Fontem
2713,Bonamoussadi,"Conduite souple,Espace de rangement,Vue panoramique,Sport",Traveler,Banga Bakundu
4457,Messa,"Langue parlée,Cuisine,Silence",Planner,Mokolo
1410,Bali,"Musique,Ambiance chaleureuse,Conversation,Climatisation,Navigation GPS,Boisson gratuite,Ponctualité,Conduite souple,Connectivité,Animaux acceptés,Assistance bagages,Sièges inclinables,Éclairage tamisé,Silence,Vue panoramique,Espace de rangement,Langue parlée,Cuisine,Wi-Fi gratuit,Sport,Confort,Chauffeur expérimenté",Planner,Buea
12,Limbe,"Cuisine,Sièges inclinables,Conversation,Vue panoramique,Wi-Fi gratuit,Assistance bagages,Éclairage tamisé,Sport,Ambiance chaleureuse,Boisson gratuite,Conduite souple,Navigation GPS,Espace de rangement,Ponctualité,Chauffeur expérimenté",Planner,Bertoua
918,Campo,"Conduite souple,Vue panoramique,Assistance bagages,Chauffeur expérimenté,Ambiance chaleureuse,Espace de rangement,Boisson gratuite,Connectivité,Cuisine,Confort,Conversation,Navigation GPS,Ponctualité,Wi-Fi gratuit,Animaux acceptés",Traveler,Mbouda
1305,Boutours,"Ponctualité,Vue panoramique,Climatisation,Connectivité,Ambiance chaleureuse,Animaux acceptés,Boisson gratuite,Confort,Silence,Sièges inclinables,Conversation,Langue parlée,Éclairage tamisé,Chauffeur expérimenté,Wi-Fi gratuit,Cuisine,Musique,Assistance bagages,Navigation GPS,Espace de rangement",Traveler,Bandjoun
1044,Figuif,"Ponctualité,Ambiance chaleureuse,Sport,Sièges inclinables,Éclairage tamisé,Conversation,Musique,Espace de rangement,Confort,Langue parlée,Silence,Cuisine,Climatisation,Conduite souple,Animaux acceptés,Assistance bagages,Vue panoramique,Chauffeur expérimenté",Planner,Bimbia
1144,Kumba,"Silence,Connectivité,Navigation GPS,Ambiance chaleureuse,Vue panoramique,Confort,Langue parlée,Assistance bagages,Animaux acceptés,Wi-Fi gratuit",Traveler,Mbouda
4804,Figuif,"Espace de rangement,Ponctualité,Chauffeur expérimenté,Connectivité,Boisson gratuite,Conduite souple,Sièges inclinables,Wi-Fi gratuit,Vue panoramique,Musique,Cuisine,Ambiance chaleureuse,Langue parlée,Sport,Conversation,Silence,Assistance bagages,Animaux acceptés,Confort",Planner,Guider
1623,Melong,"Sièges inclinables,Musique,Silence,Vue panoramique,Assistance bagages,Conduite souple,Éclairage tamisé,Ambiance chaleureuse,Navigation GPS,Chauffeur expérimenté,Conversation,Cuisine,Confort,Ponctualité,Boisson gratuite,Climatisation,Connectivité,Espace de rangement,Wi-Fi gratuit,Animaux acceptés",Planner,Douala
1308,Bimbia,"Confort,Wi-Fi gratuit,Cuisine,Espace de rangement,Chauffeur expérimenté,Connectivité,Conversation,Ponctualité,Conduite souple,Climatisation,Navigation GPS,Animaux acceptés,Langue parlée,Sport,Éclairage tamisé,Assistance bagages,Silence",Traveler,Edéa
3744,Beti,"Éclairage tamisé,Ambiance chaleureuse,Cuisine,Navigation GPS,Espace de rangement,Boisson gratuite,Confort,Animaux acceptés,Ponctualité,Sport,Musique,Connectivité,Chauffeur expérimenté",Traveler,Bonaberi
979,Buea,"Sport,Cuisine,Chauffeur expérimenté,Musique,Confort,Climatisation,Conversation,Silence,Conduite souple,Langue parlée,Ambiance chaleureuse,Sièges inclinables,Éclairage tamisé,Ponctualité,Connectivité,Animaux acceptés,Wi-Fi gratuit,Vue panoramique,Navigation GPS,Espace de rangement",Traveler,Bonamoussadi
3543,Buea,"Éclairage tamisé,Conversation,Silence,Ambiance chaleureuse,Assistance bagages,Animaux acceptés,Langue parlée,Conduite souple,Cuisine,Climatisation,Connectivité,Boisson gratuite,Musique,Vue panoramique,Ponctualité,Sport,Chauffeur expérimenté,Navigation GPS,Espace de rangement,Confort",Planner,Bertoua
1381,Limbe,"Climatisation,Cuisine,Ponctualité,Ambiance chaleureuse,Animaux acceptés,Éclairage tamisé,Boisson gratuite",Planner,Bamenda
1587,Kousseri,"Musique,Silence,Boisson gratuite,Confort,Ponctualité,Ambiance chaleureuse,Vue panoramique",Traveler,Banga Bakundu
2260,Bali,"Connectivité,Musique,Chauffeur expérimenté,Silence,Wi-Fi gratuit,Ponctualité",Planner,Meiganga
3635,Bafia,"Conversation,Assistance bagages,Boisson gratuite,Langue parlée,Chauffeur expérimenté",Planner,Figuif
3623,Muyuka,"Connectivité,Silence,Langue parlée,Navigation GPS",Traveler,Meiganga
2418,Bonabéri,"Animaux acceptés,Éclairage tamisé,Ponctualité,Sièges inclinables,Climatisation,Conversation,Vue panoramique,Assistance bagages,Chauffeur expérimenté,Confort,Langue parlée,Musique,Wi-Fi gratuit,Connectivité,Espace de rangement,Ambiance chaleureuse",Planner,Bonakouamouang
442,Bonaberi,Chauffeur expérimenté,Planner,Bimbia
2141,Garoua,"Animaux acceptés,Assistance bagages,Langue parlée,Climatisation,Éclairage tamisé,Chauffeur expérimenté,Navigation GPS,Confort,Silence,Sport",Planner,Meiganga
2950,Bertoua,"Musique,Sport,Climatisation,Navigation GPS",Planner,Bertoua
3868,Belo,"Éclairage tamisé,Langue parlée,Conduite souple,Animaux acceptés,Silence,Ambiance chaleureuse,Musique,Navigation GPS,Confort,Connectivité,Sport",Planner,Mbandjock
1931,Yagoua,"Assistance bagages,Ponctualité,Musique,Wi-Fi gratuit,Climatisation,Sport,Chauffeur expérimenté,Éclairage tamisé,Conduite souple,Langue parlée,Connectivité,Cuisine,Vue panoramique,Conversation,Espace de rangement,Boisson gratuite,Animaux acceptés,Silence,Sièges inclinables",Traveler,Bafoussam
2086,Kribi,"Conversation,Silence,Conduite souple,Animaux acceptés,Connectivité,Sport,Cuisine,Musique,Confort,Vue panoramique,Navigation GPS,Sièges inclinables,Ambiance chaleureuse,Ponctualité,Climatisation,Langue parlée,Chauffeur expérimenté",Traveler,Beti
1404,Bonabéri,"Connectivité,Assistance bagages,Musique,Sport,Ponctualité,Conduite souple,Confort,Éclairage tamisé",Planner,Nkongsamba
901,Yagoua,"Connectivité,Boisson gratuite,Silence,Espace de rangement,Climatisation,Sièges inclinables,Vue panoramique,Langue parlée,Éclairage tamisé,Cuisine,Musique,Ponctualité,Conversation",Planner,Kousseri
4711,Nkongsamba,"Boisson gratuite,Navigation GPS,Wi-Fi gratuit,Cuisine,Espace de rangement,Conduite souple,Langue parlée,Climatisation,Conversation,Silence,Ambiance chaleureuse,Assistance bagages,Chauffeur expérimenté,Musique,Animaux acceptés,Connectivité,Sièges inclinables,Sport",Planner,Campo
594,Nkongsamba,"Wi-Fi gratuit,Conversation,Navigation GPS",Planner,Bafoussam
2496,Batibo,"Climatisation,Conduite souple,Navigation GPS,Silence,Conversation,Langue parlée,Cuisine",Planner,Batibo
4568,Messa,"Climatisation,Musique,Sport,Éclairage tamisé,Confort,Wi-Fi gratuit,Cuisine,Vue panoramique,Boisson gratuite,Animaux acceptés,Sièges inclinables,Langue parlée",Traveler,Bonaberi
1519,Fontem,"Silence,Assistance bagages,Sièges inclinables,Climatisation,Conduite souple,Boisson gratuite,Chauffeur expérimenté,Sport,Conversation,Vue panoramique,Connectivité,Espace de rangement,Wi-Fi gratuit,Ambiance chaleureuse,Musique",Traveler,Bamenda
781,Bamenda,"Connectivité,Boisson gratuite,Éclairage tamisé,Silence,Conversation,Climatisation,Assistance bagages,Wi-Fi gratuit,Ponctualité,Animaux acceptés,Langue parlée,Sièges inclinables,Chauffeur expérimenté,Ambiance chaleureuse,Musique,Confort,Sport,Vue panoramique",Traveler,Loum
3593,Bandjoun,"Wi-Fi gratuit,Boisson gratuite,Cuisine,Climatisation,Sport,Animaux acceptés,Conduite souple,Langue parlée,Confort,Assistance bagages,Ponctualité,Connectivité,Éclairage tamisé,Conversation",Traveler,Bonaberi
4106,Bonamoussadi,"Assistance bagages,Wi-Fi gratuit,Animaux acceptés,Boisson gratuite,Conversation,Confort,Langue parlée,Conduite souple,Ponctualité,Silence,Climatisation",Traveler,Bamenda
1193,Yagoua,"Connectivité,Wi-Fi gratuit,Chauffeur expérimenté,Climatisation,Vue panoramique,Éclairage tamisé,Conduite souple,Assistance bagages,Navigation GPS",Traveler,Yagoua
1816,Kousseri,"Animaux acceptés,Navigation GPS,Musique,Ambiance chaleureuse,Assistance bagages,Climatisation,Éclairage tamisé,Ponctualité,Conversation,Connectivité,Cuisine,Chauffeur expérimenté,Silence,Confort",Traveler,Batibo
1187,Bafia,"Ambiance chaleureuse,Connectivité,Navigation GPS,Cuisine,Ponctualité,Silence,Musique,Espace de rangement,Vue panoramique,Chauffeur expérimenté,Boisson gratuite",Planner,Bogo
736,Nkongsamba,"Navigation GPS,Espace de rangement,Éclairage tamisé,Sport,Sièges inclinables,Ambiance chaleureuse,Connectivité",Planner,Meiganga
4175,Mbandjock,"Cuisine,Langue parlée,Conversation,Sport,Ponctualité,Conduite souple,Éclairage tamisé,Chauffeur expérimenté,Wi-Fi gratuit,Sièges inclinables,Connectivité,Animaux acceptés,Boisson gratuite,Espace de rangement,Silence,Ambiance chaleureuse,Vue panoramique,Navigation GPS",Traveler,Belo
2200,Bali,"Langue parlée,Boisson gratuite,Ambiance chaleureuse,Éclairage tamisé",Planner,Yaounde
4381,Buea,"Vue panoramique,Conversation,Navigation GPS,Musique,Wi-Fi gratuit,Animaux acceptés,Boisson gratuite,Espace de rangement,Confort,Silence,Chauffeur expérimenté,Éclairage tamisé,Assistance bagages,Sièges inclinables,Ambiance chaleureuse,Climatisation,Conduite souple,Sport,Cuisine,Langue parlée,Connectivité,Ponctualité",Traveler,Boutours
415,Edéa,"Silence,Conversation,Climatisation,Animaux acceptés,Espace de rangement,Conduite souple,Ponctualité,Cuisine,Confort,Chauffeur expérimenté,Éclairage tamisé,Langue parlée",Traveler,Yagoua
1233,Essos,"Conduite souple,Connectivité,Assistance bagages,Éclairage tamisé,Climatisation,Langue parlée,Animaux acceptés,Espace de rangement,Cuisine,Ambiance chaleureuse,Ponctualité,Navigation GPS,Boisson gratuite,Silence,Confort,Wi-Fi gratuit,Conversation,Musique,Chauffeur expérimenté,Sièges inclinables",Traveler,Bonaberi
1269,Mbandjock,"Conduite souple,Chauffeur expérimenté,Espace de rangement,Silence,Wi-Fi gratuit,Éclairage tamisé,Ambiance chaleureuse,Musique,Navigation GPS,Vue panoramique,Climatisation,Connectivité,Sport,Cuisine,Boisson gratuite,Ponctualité,Sièges inclinables,Animaux acceptés,Langue parlée",Planner,Limbe
3380,Guider,"Espace de rangement,Chauffeur expérimenté,Langue parlée,Vue panoramique,Sport,Confort,Musique,Conduite souple,Cuisine,Sièges inclinables,Connectivité,Conversation,Éclairage tamisé,Assistance bagages,Ponctualité,Wi-Fi gratuit,Navigation GPS,Ambiance chaleureuse,Boisson gratuite,Climatisation",Planner,Bonaberi
645,Mbandjock,"Assistance bagages,Musique,Éclairage tamisé,Espace de rangement,Cuisine,Sport,Navigation GPS,Silence,Conduite souple,Ambiance chaleureuse,Connectivité,Climatisation,Sièges inclinables,Confort,Langue parlée,Chauffeur expérimenté,Vue panoramique,Ponctualité,Animaux acceptés",Planner,Gazawa
1818,Bonakouamouang,"Langue parlée,Climatisation,Cuisine,Espace de rangement,Confort,Assistance bagages,Conduite souple,Vue panoramique,Éclairage tamisé,Sièges inclinables,Silence,Navigation GPS,Connectivité,Musique",Traveler,Figuif
4752,Mbanga,"Langue parlée,Connectivité,Wi-Fi gratuit,Sport,Animaux acceptés",Planner,Loum
3001,Bonaberi,"Ponctualité,Confort,Boisson gratuite,Animaux acceptés,Conversation,Connectivité,Assistance bagages,Conduite souple,Langue parlée,Ambiance chaleureuse,Chauffeur expérimenté,Navigation GPS,Espace de rangement,Éclairage tamisé,Vue panoramique,Climatisation,Cuisine,Sièges inclinables,Silence",Traveler,Mora
2986,Edéa,"Espace de rangement,Conversation,Langue parlée,Silence,Musique,Ambiance chaleureuse",Planner,Guider
3484,Kribi,"Musique,Animaux acceptés,Assistance bagages,Climatisation,Sièges inclinables,Ponctualité,Connectivité,Cuisine,Sport,Conversation,Langue parlée,Conduite souple,Vue panoramique,Ambiance chaleureuse,Éclairage tamisé,Boisson gratuite,Wi-Fi gratuit,Navigation GPS,Silence,Chauffeur expérimenté",Traveler,Melong
2609,Beti,"Espace de rangement,Animaux acceptés,Sport,Silence,Vue panoramique,Éclairage tamisé,Ambiance chaleureuse,Chauffeur expérimenté,Musique",Traveler,Garoua
1484,Nanga-Eboko,"Assistance bagages,Animaux acceptés,Sièges inclinables,Éclairage tamisé,Sport,Musique,Confort",Traveler,Buea
1005,Bali Nyonga,"Musique,Ponctualité,Ambiance chaleureuse,Assistance bagages,Sièges inclinables,Conduite souple,Navigation GPS,Langue parlée,Wi-Fi gratuit,Connectivité,Boisson gratuite,Espace de rangement,Vue panoramique,Climatisation,Sport,Éclairage tamisé,Animaux acceptés,Cuisine",Traveler,Gazawa
1943,Bali Nyonga,"Confort,Sièges inclinables,Sport,Conversation,Navigation GPS,Chauffeur expérimenté",Traveler,Nanga-Eboko
3135,Meiganga,Confort,Planner,Guider
3028,Dibombari,"Langue parlée,Cuisine,Wi-Fi gratuit,Climatisation,Chauffeur expérimenté,Sport,Sièges inclinables,Musique,Assistance bagages",Traveler,Yaounde
3731,Belabo,"Ambiance chaleureuse,Boisson gratuite,Conduite souple,Musique,Vue panoramique,Conversation,Wi-Fi gratuit,Animaux acceptés,Sièges inclinables,Langue parlée,Connectivité,Éclairage tamisé,Cuisine,Sport,Espace de rangement",Planner,Mbalmayo
215,Douala,"Espace de rangement,Musique,Climatisation,Cuisine,Connectivité,Boisson gratuite,Assistance bagages,Wi-Fi gratuit,Vue panoramique,Conversation,Ambiance chaleureuse,Silence,Chauffeur expérimenté,Conduite souple,Animaux acceptés,Navigation GPS,Sièges inclinables,Sport,Ponctualité",Traveler,Mora
827,Bafia,"Ambiance chaleureuse,Assistance bagages,Silence,Langue parlée,Climatisation,Conversation,Chauffeur expérimenté,Boisson gratuite,Conduite souple",Traveler,Mbouda
4560,Mokolo,"Assistance bagages,Sport,Éclairage tamisé",Traveler,Yaounde
2294,Douala,"Confort,Ponctualité,Animaux acceptés,Conversation,Assistance bagages,Ambiance chaleureuse,Boisson gratuite,Chauffeur expérimenté,Conduite souple,Sport,Silence,Musique,Langue parlée",Traveler,Limbe
4972,Bafoussam,"Wi-Fi gratuit,Cuisine,Sièges inclinables,Silence,Éclairage tamisé,Assistance bagages,Confort,Boisson gratuite,Ponctualité,Navigation GPS,Animaux acceptés,Climatisation,Connectivité,Vue panoramique,Conversation,Ambiance chaleureuse,Espace de rangement,Conduite souple,Chauffeur expérimenté,Langue parlée,Musique",Planner,Meiganga
1972,Bafia,"Musique,Conversation",Planner,Belo
960,Batibo,"Ambiance chaleureuse,Conduite souple,Musique,Sport,Confort,Ponctualité,Conversation,Animaux acceptés,Climatisation,Langue parlée,Cuisine,Éclairage tamisé,Vue panoramique,Sièges inclinables,Espace de rangement,Silence,Wi-Fi gratuit,Boisson gratuite,Chauffeur expérimenté,Connectivité,Navigation GPS",Traveler,Bertoua
3169,Fontem,"Éclairage tamisé,Animaux acceptés,Langue parlée,Espace de rangement,Conduite souple,Ambiance chaleureuse,Assistance bagages,Silence,Wi-Fi gratuit,Chauffeur expérimenté,Navigation GPS,Sièges inclinables,Cuisine,Confort,Sport,Musique,Boisson gratuite,Conversation,Climatisation",Traveler,Loum
2420,Bimbia,"Chauffeur expérimenté,Espace de rangement,Silence,Ambiance chaleureuse",Traveler,Essos
851,Guider,"Chauffeur expérimenté,Langue parlée,Conversation,Boisson gratuite,Conduite souple,Cuisine,Animaux acceptés,Musique,Vue panoramique,Assistance bagages,Connectivité,Ambiance chaleureuse,Confort,Sport,Climatisation,Ponctualité,Silence,Wi-Fi gratuit,Navigation GPS,Espace de rangement",Planner,Bandjoun
623,Mora,"Sièges inclinables,Sport,Ponctualité,Vue panoramique,Conversation,Confort,Musique,Conduite souple,Boisson gratuite,Éclairage tamisé,Navigation GPS,Silence,Wi-Fi gratuit,Espace de rangement,Ambiance chaleureuse,Cuisine,Chauffeur expérimenté,Climatisation,Langue parlée,Connectivité,Assistance bagages,Animaux acceptés",Traveler,Douala
2488,Fontem,"Confort,Sport,Ambiance chaleureuse,Chauffeur expérimenté",Planner,Kousseri
4800,Buea,"Connectivité,Musique,Climatisation,Animaux acceptés,Éclairage tamisé",Traveler,Messa
1439,Kousseri,"Musique,Vue panoramique,Wi-Fi gratuit,Navigation GPS,Chauffeur expérimenté,Langue parlée,Climatisation,Assistance bagages,Conversation,Boisson gratuite,Cuisine,Éclairage tamisé,Sièges inclinables,Sport,Ponctualité,Silence,Confort,Conduite souple,Ambiance chaleureuse,Connectivité,Espace de rangement",Traveler,Belo
2383,Bali Nyonga,"Navigation GPS,Espace de rangement,Chauffeur expérimenté,Éclairage tamisé,Sport,Assistance bagages,Animaux acceptés,Confort,Connectivité,Sièges inclinables,Cuisine,Boisson gratuite",Traveler,Bafoussam
1542,Limbe,"Musique,Langue parlée,Espace de rangement,Confort,Vue panoramique,Wi-Fi gratuit,Ambiance chaleureuse,Cuisine,Silence,Assistance bagages",Traveler,Mora
4439,Figuif,"Éclairage tamisé,Cuisine,Climatisation,Silence,Musique,Wi-Fi gratuit,Ambiance chaleureuse",Planner,Campo
426,Bali,"Cuisine,Confort,Climatisation,Conduite souple,Musique,Navigation GPS,Animaux acceptés",Planner,Messa
4790,Mbalmayo,"Conduite souple,Musique,Boisson gratuite,Connectivité,Ponctualité,Chauffeur expérimenté,Wi-Fi gratuit,Assistance bagages,Sièges inclinables,Silence,Confort,Navigation GPS",Planner,Mora
1577,Nanga-Eboko,"Boisson gratuite,Silence,Ponctualité,Confort,Wi-Fi gratuit,Langue parlée,Ambiance chaleureuse,Espace de rangement,Assistance bagages,Éclairage tamisé,Cuisine,Climatisation,Vue panoramique,Conduite souple,Connectivité",Traveler,Mbandjock
2670,Bali,"Ponctualité,Sièges inclinables,Langue parlée,Ambiance chaleureuse,Espace de rangement",Planner,Bafoussam
3171,Mora,"Sièges inclinables,Langue parlée,Wi-Fi gratuit,Confort,Cuisine,Éclairage tamisé,Silence,Musique,Conversation,Vue panoramique,Climatisation,Connectivité,Ponctualité,Assistance bagages,Navigation GPS,Sport,Ambiance chaleureuse,Espace de rangement,Conduite souple",Planner,Kousseri
4318,Beti,"Cuisine,Wi-Fi gratuit,Conversation,Vue panoramique,Éclairage tamisé,Espace de rangement,Silence,Connectivité",Planner,Fontem
379,Boutours,"Espace de rangement,Conduite souple,Cuisine,Animaux acceptés,Confort,Sièges inclinables,Connectivité,Ponctualité",Traveler,Batibo
3417,Limbe,"Boisson gratuite,Silence,Navigation GPS,Langue parlée,Vue panoramique,Animaux acceptés,Ambiance chaleureuse,Chauffeur expérimenté,Sport,Wi-Fi gratuit,Conduite souple,Assistance bagages,Éclairage tamisé,Climatisation",Traveler,Mbouda
2005,Boutours,"Ponctualité,Éclairage tamisé,Silence,Musique,Wi-Fi gratuit,Conduite souple,Ambiance chaleureuse,Connectivité,Espace de rangement,Assistance bagages,Navigation GPS,Confort,Climatisation,Boisson gratuite,Langue parlée,Chauffeur expérimenté,Vue panoramique,Animaux acceptés",Traveler,Mbandjock
4558,Bonabéri,"Ponctualité,Boisson gratuite,Sièges inclinables,Conversation,Chauffeur expérimenté,Assistance bagages,Éclairage tamisé,Wi-Fi gratuit,Espace de rangement,Connectivité,Animaux acceptés",Traveler,Bali
1270,Bonakouamouang,"Conversation,Sport,Ambiance chaleureuse,Chauffeur expérimenté,Animaux acceptés,Confort",Traveler,Gazawa
1252,Mbandjock,"Animaux acceptés,Espace de rangement,Vue panoramique",Planner,Yagoua
3837,Bonabéri,"Animaux acceptés,Sièges inclinables,Conduite souple,Espace de rangement",Planner,Bonakouamouang
328,Boutours,"Silence,Conversation,Connectivité,Vue panoramique,Conduite souple,Chauffeur expérimenté,Ponctualité,Animaux acceptés,Ambiance chaleureuse,Cuisine,Musique,Boisson gratuite,Langue parlée,Navigation GPS,Climatisation,Confort",Traveler,Mokolo
4823,Mbanga,"Confort,Sport,Ambiance chaleureuse,Vue panoramique,Wi-Fi gratuit,Silence,Sièges inclinables,Connectivité,Conduite souple,Boisson gratuite",Planner,Loum
1794,Bimbia,"Navigation GPS,Confort,Animaux acceptés,Silence,Vue panoramique,Chauffeur expérimenté,Assistance bagages,Sport,Langue parlée,Sièges inclinables,Conduite souple,Espace de rangement,Conversation,Ponctualité,Éclairage tamisé,Climatisation,Connectivité,Musique,Wi-Fi gratuit,Cuisine",Traveler,Nanga-Eboko
3389,Garoua,"Conduite souple,Wi-Fi gratuit,Confort,Sièges inclinables,Langue parlée,Musique,Animaux acceptés,Vue panoramique,Chauffeur expérimenté,Ponctualité",Planner,Bertoua
200,Nanga-Eboko,"Ambiance chaleureuse,Éclairage tamisé,Assistance bagages",Planner,Beti
4224,Campo,"Ponctualité,Silence,Langue parlée,Confort,Sièges inclinables,Musique,Connectivité,Navigation GPS,Éclairage tamisé,Vue panoramique,Chauffeur expérimenté,Cuisine,Boisson gratuite",Planner,Mokolo
3641,Garoua,"Navigation GPS,Ambiance chaleureuse,Confort,Connectivité,Climatisation",Planner,Bonabéri
2158,Muyuka,"Langue parlée,Boisson gratuite,Navigation GPS,Ponctualité,Espace de rangement,Conduite souple,Conversation,Ambiance chaleureuse",Traveler,Bonakouamouang
4427,Figuif,"Espace de rangement,Sièges inclinables,Langue parlée,Confort,Sport,Connectivité,Conduite souple,Boisson gratuite,Vue panoramique,Navigation GPS,Ambiance chaleureuse,Conversation,Wi-Fi gratuit,Cuisine,Musique,Silence,Ponctualité,Animaux acceptés,Éclairage tamisé,Assistance bagages,Chauffeur expérimenté",Traveler,Edéa
226,Kumba,"Sport,Langue parlée,Espace de rangement,Éclairage tamisé,Wi-Fi gratuit,Conversation,Climatisation,Ponctualité,Assistance bagages,Musique,Confort,Navigation GPS,Cuisine",Traveler,Maroua
3392,Mbanga,"Sièges inclinables,Assistance bagages,Silence,Vue panoramique,Langue parlée,Chauffeur expérimenté,Ponctualité,Ambiance chaleureuse,Confort,Sport,Musique,Éclairage tamisé,Conversation,Connectivité,Navigation GPS,Climatisation,Cuisine,Conduite souple,Wi-Fi gratuit,Espace de rangement,Boisson gratuite,Animaux acceptés",Traveler,Buea
4142,Bafia,"Chauffeur expérimenté,Cuisine,Sport,Wi-Fi gratuit,Climatisation,Confort,Langue parlée,Connectivité,Conduite souple,Sièges inclinables,Conversation,Éclairage tamisé,Espace de rangement,Silence,Ambiance chaleureuse,Assistance bagages",Planner,Loum
4341,Bonakouamouang,"Langue parlée,Chauffeur expérimenté,Sport,Éclairage tamisé,Animaux acceptés,Ambiance chaleureuse,Boisson gratuite,Navigation GPS,Climatisation,Connectivité,Silence,Confort,Espace de rangement,Assistance bagages",Traveler,Bonamoussadi
2696,Bonaberi,"Ponctualité,Musique,Assistance bagages,Navigation GPS",Planner,Kousseri
1718,Guider,"Climatisation,Conversation,Vue panoramique,Sport,Conduite souple,Langue parlée",Traveler,Bertoua
2572,Bamenda,"Sièges inclinables,Langue parlée,Climatisation,Conversation,Ponctualité,Wi-Fi gratuit",Traveler,Bonakouamouang
968,Mokolo,"Animaux acceptés,Silence,Éclairage tamisé,Boisson gratuite,Chauffeur expérimenté,Vue panoramique,Climatisation,Assistance bagages,Wi-Fi gratuit,Sport,Musique,Ponctualité,Confort,Conduite souple,Sièges inclinables,Langue parlée,Conversation,Navigation GPS,Cuisine,Espace de rangement,Connectivité",Traveler,Bogo
3186,Bonamoussadi,"Boisson gratuite,Vue panoramique,Ambiance chaleureuse,Animaux acceptés,Silence,Espace de rangement,Conduite souple,Langue parlée,Wi-Fi gratuit,Climatisation,Navigation GPS",Traveler,Maroua
3758,Essos,"Sièges inclinables,Espace de rangement,Assistance bagages,Boisson gratuite,Wi-Fi gratuit,Silence,Cuisine,Conversation,Connectivité,Ponctualité,Ambiance chaleureuse,Éclairage tamisé,Vue panoramique,Conduite souple,Climatisation,Musique,Animaux acceptés,Confort,Langue parlée,Sport",Planner,Yagoua
384,Fontem,"Chauffeur expérimenté,Climatisation,Boisson gratuite,Cuisine,Éclairage tamisé,Ponctualité,Sièges inclinables,Assistance bagages,Langue parlée,Espace de rangement,Animaux acceptés,Sport,Silence,Conduite souple,Connectivité,Confort",Planner,Belo
33,Bonakouamouang,"Wi-Fi gratuit,Climatisation,Ponctualité,Assistance bagages,Sport,Silence,Animaux acceptés,Confort,Langue parlée,Vue panoramique,Espace de rangement,Conduite souple,Boisson gratuite",Traveler,Nkongsamba
4485,Bafoussam,"Éclairage tamisé,Langue parlée,Cuisine,Boisson gratuite,Sport,Conduite souple",Traveler,Mbouda
3714,Figuif,"Confort,Ponctualité,Animaux acceptés,Assistance bagages,Sport,Cuisine,Éclairage tamisé,Chauffeur expérimenté,Climatisation,Espace de rangement,Conversation,Boisson gratuite,Connectivité",Planner,Loum
3663,Bogo,"Sièges inclinables,Assistance bagages,Wi-Fi gratuit,Connectivité,Langue parlée,Confort,Silence,Musique,Navigation GPS,Vue panoramique,Éclairage tamisé,Ponctualité,Cuisine,Animaux acceptés,Chauffeur expérimenté,Ambiance chaleureuse,Conversation,Boisson gratuite,Espace de rangement,Sport,Conduite souple",Traveler,Loum
1828,Essos,"Cuisine,Langue parlée,Conversation,Musique,Boisson gratuite,Conduite souple,Ambiance chaleureuse,Vue panoramique,Sièges inclinables,Éclairage tamisé,Wi-Fi gratuit,Animaux acceptés,Navigation GPS,Assistance bagages,Connectivité,Ponctualité,Confort",Planner,Melong
4921,Mbalmayo,"Boisson gratuite,Animaux acceptés",Planner,Buea
2026,Belo,"Boisson gratuite,Chauffeur expérimenté",Traveler,Belabo
3054,Yaounde,"Navigation GPS,Sièges inclinables,Musique,Confort,Connectivité,Ambiance chaleureuse,Ponctualité,Chauffeur expérimenté,Wi-Fi gratuit,Vue panoramique,Climatisation,Assistance bagages,Conversation,Silence,Cuisine,Langue parlée,Boisson gratuite,Espace de rangement,Conduite souple,Éclairage tamisé,Animaux acceptés,Sport",Traveler,Bamenda
2214,Batibo,"Vue panoramique,Climatisation,Navigation GPS,Sport,Espace de rangement,Animaux acceptés,Langue parlée,Connectivité,Ponctualité,Chauffeur expérimenté",Traveler,Mbandjock
2707,Bonamoussadi,"Climatisation,Boisson gratuite,Conversation",Traveler,Figuif
2816,Mokolo,"Confort,Espace de rangement,Cuisine,Conduite souple,Conversation,Ambiance chaleureuse,Climatisation,Assistance bagages,Wi-Fi gratuit,Éclairage tamisé,Boisson gratuite,Ponctualité,Vue panoramique",Planner,Maroua
1776,Figuif,"Cuisine,Musique",Planner,Mbanga
3924,Messa,"Navigation GPS,Assistance bagages,Conversation,Éclairage tamisé,Animaux acceptés,Espace de rangement,Langue parlée,Ambiance chaleureuse,Chauffeur expérimenté,Confort",Planner,Campo
2857,Mutengene,"Silence,Vue panoramique,Conduite souple,Musique,Assistance bagages",Planner,Campo
1494,Mora,"Musique,Conduite souple,Silence,Chauffeur expérimenté,Boisson gratuite,Ambiance chaleureuse,Confort,Cuisine,Ponctualité,Vue panoramique,Conversation,Animaux acceptés",Planner,Bimbia
361,Belabo,"Conduite souple,Ponctualité,Ambiance chaleureuse",Traveler,Bafia
3611,Bali,"Wi-Fi gratuit,Silence,Musique,Conversation,Assistance bagages,Boisson gratuite,Cuisine,Ambiance chaleureuse,Sièges inclinables,Confort",Planner,Mbanga
4456,Batibo,"Animaux acceptés,Chauffeur expérimenté,Sièges inclinables,Assistance bagages,Climatisation,Confort,Ambiance chaleureuse,Conduite souple,Cuisine,Ponctualité,Vue panoramique,Navigation GPS,Connectivité,Conversation,Sport,Wi-Fi gratuit,Musique,Éclairage tamisé,Boisson gratuite,Espace de rangement",Planner,Belabo
3304,Yagoua,"Musique,Cuisine,Animaux acceptés,Espace de rangement,Sport,Assistance bagages,Climatisation,Vue panoramique,Confort,Sièges inclinables,Langue parlée,Silence",Traveler,Beti
4633,Buea,"Assistance bagages,Conversation",Traveler,Mokolo
4226,Essos,"Cuisine,Confort,Climatisation,Silence,Vue panoramique,Boisson gratuite,Espace de rangement",Planner,Mutengene
1908,Bogo,"Boisson gratuite,Ponctualité,Connectivité,Langue parlée,Assistance bagages,Cuisine,Éclairage tamisé,Musique,Sièges inclinables,Confort,Chauffeur expérimenté,Climatisation,Conversation,Conduite souple,Wi-Fi gratuit,Espace de rangement,Silence",Traveler,Bonabéri
3699,Batibo,"Musique,Langue parlée,Vue panoramique,Navigation GPS,Connectivité,Sport,Animaux acceptés,Wi-Fi gratuit,Cuisine,Confort,Assistance bagages,Boisson gratuite,Sièges inclinables,Ambiance chaleureuse,Silence,Ponctualité,Éclairage tamisé,Espace de rangement",Traveler,Edéa
838,Essos,"Navigation GPS,Climatisation,Ponctualité,Sport,Cuisine",Traveler,Fontem
2630,Boutours,"Assistance bagages,Sièges inclinables",Traveler,Mbouda
2894,Mbalmayo,"Espace de rangement,Navigation GPS,Boisson gratuite,Musique,Ponctualité,Silence,Sport,Éclairage tamisé",Traveler,Mbandjock
4705,Banga Bakundu,"Connectivité,Conversation,Confort,Animaux acceptés,Sport,Silence,Sièges inclinables,Ponctualité,Climatisation",Planner,Mora
1647,Guider,"Vue panoramique,Espace de rangement,Musique,Animaux acceptés,Conduite souple,Conversation,Navigation GPS,Wi-Fi gratuit,Assistance bagages",Planner,Bertoua
2120,Kribi,"Confort,Sport,Wi-Fi gratuit,Cuisine,Navigation GPS,Ponctualité,Chauffeur expérimenté,Espace de rangement,Conversation,Ambiance chaleureuse",Traveler,Bafoussam
12,Bafoussam,"Boisson gratuite,Cuisine,Climatisation,Sièges inclinables,Musique,Espace de rangement,Animaux acceptés,Éclairage tamisé",Traveler,Beti
49,Meiganga,"Climatisation,Conduite souple,Navigation GPS,Conversation,Cuisine,Langue parlée",Traveler,Banga Bakundu
3086,Gazawa,"Navigation GPS,Connectivité,Ponctualité,Conduite souple,Sport,Sièges inclinables,Cuisine,Animaux acceptés",Traveler,Banga Bakundu
181,Buea,"Climatisation,Confort,Chauffeur expérimenté",Planner,Bafia
1263,Bonaberi,"Assistance bagages,Silence,Navigation GPS,Connectivité,Éclairage tamisé",Traveler,Bafoussam
1852,Bali,"Climatisation,Éclairage tamisé,Ambiance chaleureuse,Confort,Ponctualité,Assistance bagages,Sièges inclinables,Boisson gratuite,Espace de rangement,Musique",Traveler,Loum
692,Batibo,"Boisson gratuite,Climatisation,Ponctualité,Ambiance chaleureuse,Animaux acceptés,Vue panoramique,Chauffeur expérimenté,Conduite souple,Cuisine,Assistance bagages,Musique,Sport,Connectivité,Conversation,Wi-Fi gratuit,Navigation GPS,Silence,Espace de rangement",Traveler,Bogo
3588,Yaounde,"Conversation,Ponctualité,Sport,Silence,Cuisine,Musique,Espace de rangement,Langue parlée,Conduite souple,Ambiance chaleureuse,Confort,Chauffeur expérimenté,Vue panoramique,Éclairage tamisé,Connectivité,Navigation GPS,Assistance bagages,Animaux acceptés,Sièges inclinables,Wi-Fi gratuit,Climatisation,Boisson gratuite",Planner,Douala
25,Bertoua,"Silence,Confort,Cuisine,Animaux acceptés,Conduite souple,Langue parlée,Sport,Chauffeur expérimenté,Éclairage tamisé,Ambiance chaleureuse,Conversation,Vue panoramique,Ponctualité,Espace de rangement,Climatisation,Sièges inclinables,Musique,Boisson gratuite,Assistance bagages,Wi-Fi gratuit",Planner,Beti
823,Edéa,"Climatisation,Boisson gratuite,Silence,Sièges inclinables,Conduite souple,Musique,Wi-Fi gratuit",Traveler,Bimbia
4693,Belabo,"Navigation GPS,Langue parlée,Sièges inclinables,Sport,Ambiance chaleureuse,Vue panoramique,Confort,Silence,Éclairage tamisé,Espace de rangement",Planner,Nkongsamba
3646,Mokolo,"Langue parlée,Chauffeur expérimenté,Conversation,Assistance bagages,Navigation GPS",Planner,Limbe
3224,Limbe,"Conversation,Sport,Ambiance chaleureuse,Climatisation,Chauffeur expérimenté,Confort,Musique,Éclairage tamisé,Assistance bagages,Conduite souple",Planner,Mora
3451,Guider,"Éclairage tamisé,Espace de rangement,Cuisine",Traveler,Mbouda
4455,Kousseri,Boisson gratuite,Traveler,Bali
1959,Bonaberi,"Musique,Vue panoramique,Confort,Ambiance chaleureuse",Traveler,Bandjoun
4947,Bonaberi,"Éclairage tamisé,Climatisation,Espace de rangement,Confort,Connectivité,Musique,Animaux acceptés,Assistance bagages,Boisson gratuite,Conversation",Planner,Edéa
1992,Bamenda,"Assistance bagages,Boisson gratuite,Conduite souple,Climatisation,Cuisine,Éclairage tamisé,Connectivité,Wi-Fi gratuit,Ponctualité,Confort,Chauffeur expérimenté,Vue panoramique,Sièges inclinables",Planner,Gazawa
260,Banga Bakundu,"Sièges inclinables,Vue panoramique,Conduite souple,Sport,Assistance bagages,Silence,Animaux acceptés",Planner,Kribi
4441,Bertoua,"Chauffeur expérimenté,Confort,Boisson gratuite",Planner,Mbalmayo
1809,Guider,"Musique,Navigation GPS,Cuisine,Ponctualité,Wi-Fi gratuit,Sport,Connectivité,Sièges inclinables,Boisson gratuite,Espace de rangement,Ambiance chaleureuse,Vue panoramique,Silence,Langue parlée,Chauffeur expérimenté,Confort,Conversation,Assistance bagages,Conduite souple,Éclairage tamisé",Traveler,Melong
1147,Mutengene,"Musique,Éclairage tamisé,Conversation,Animaux acceptés,Confort,Langue parlée,Wi-Fi gratuit,Vue panoramique,Boisson gratuite,Navigation GPS,Ponctualité,Chauffeur expérimenté,Conduite souple,Climatisation,Espace de rangement,Sport,Assistance bagages,Cuisine",Planner,Yagoua
1666,Bafoussam,"Sièges inclinables,Animaux acceptés,Climatisation,Silence,Musique,Conversation,Navigation GPS,Espace de rangement,Assistance bagages,Conduite souple,Connectivité,Boisson gratuite,Confort,Chauffeur expérimenté,Sport,Éclairage tamisé,Ambiance chaleureuse,Cuisine,Wi-Fi gratuit",Planner,Nkongsamba
2788,Bali,"Assistance bagages,Cuisine,Wi-Fi gratuit,Connectivité,Animaux acceptés,Ambiance chaleureuse,Climatisation,Ponctualité,Espace de rangement,Conversation,Langue parlée,Musique,Vue panoramique,Conduite souple,Silence",Planner,Nanga-Eboko
4223,Buea,"Navigation GPS,Conversation,Assistance bagages,Climatisation,Espace de rangement,Langue parlée,Ambiance chaleureuse,Animaux acceptés,Boisson gratuite,Conduite souple,Vue panoramique,Ponctualité,Wi-Fi gratuit,Connectivité,Éclairage tamisé,Silence,Sport,Cuisine,Confort,Sièges inclinables",Planner,Bonanjo
3606,Bali,"Wi-Fi gratuit,Boisson gratuite,Climatisation,Espace de rangement,Connectivité,Assistance bagages,Sport,Conduite souple,Éclairage tamisé,Confort,Navigation GPS,Ambiance chaleureuse,Vue panoramique,Ponctualité",Planner,Kumba
612,Nanga-Eboko,"Éclairage tamisé,Cuisine,Confort,Langue parlée,Sièges inclinables,Climatisation,Conduite souple,Conversation,Navigation GPS,Musique,Animaux acceptés,Vue panoramique,Sport,Ambiance chaleureuse",Traveler,Mokolo
3366,Mbalmayo,"Sièges inclinables,Climatisation,Connectivité,Musique,Silence,Ambiance chaleureuse",Traveler,Mbouda
4691,Mokolo,"Silence,Climatisation,Cuisine,Éclairage tamisé,Ponctualité,Connectivité,Assistance bagages,Conversation,Ambiance chaleureuse,Chauffeur expérimenté,Boisson gratuite,Confort",Planner,Mbandjock
4146,Bafang,"Sport,Langue parlée,Assistance bagages,Chauffeur expérimenté,Boisson gratuite,Cuisine,Ambiance chaleureuse,Navigation GPS",Planner,Muyuka
2630,Boutours,"Assistance bagages,Chauffeur expérimenté,Conduite souple,Vue panoramique,Conversation,Sièges inclinables,Navigation GPS,Sport,Ponctualité,Confort,Cuisine,Boisson gratuite",Traveler,Fontem
2737,Dibombari,"Langue parlée,Wi-Fi gratuit,Vue panoramique,Climatisation,Cuisine,Boisson gratuite,Confort,Silence,Connectivité,Sièges inclinables,Éclairage tamisé,Espace de rangement,Ambiance chaleureuse,Sport,Navigation GPS",Planner,Mbanga
2631,Yagoua,"Climatisation,Espace de rangement,Éclairage tamisé,Ambiance chaleureuse,Cuisine,Musique,Langue parlée",Planner,Bertoua
496,Edéa,"Sièges inclinables,Espace de rangement,Ambiance chaleureuse,Conversation,Sport",Traveler,Messa
3385,Yagoua,"Sport,Ambiance chaleureuse,Animaux acceptés,Conduite souple,Vue panoramique,Boisson gratuite,Éclairage tamisé,Cuisine,Wi-Fi gratuit",Traveler,Belo
1538,Mora,Chauffeur expérimenté,Planner,Kousseri
3885,Gazawa,"Silence,Sièges inclinables,Climatisation,Chauffeur expérimenté,Assistance bagages",Planner,Mutengene
2510,Muyuka,"Conversation,Animaux acceptés,Espace de rangement,Sport,Cuisine",Traveler,Bimbia
3119,Kumba,"Éclairage tamisé,Climatisation,Espace de rangement,Connectivité,Ponctualité,Navigation GPS,Assistance bagages,Boisson gratuite,Langue parlée,Sport,Silence,Animaux acceptés,Wi-Fi gratuit,Sièges inclinables,Ambiance chaleureuse,Confort,Musique,Conversation,Cuisine,Chauffeur expérimenté,Vue panoramique,Conduite souple",Planner,Bali Nyonga
463,Yaounde,"Sièges inclinables,Connectivité,Cuisine,Langue parlée,Vue panoramique,Boisson gratuite,Silence,Assistance bagages,Animaux acceptés,Ambiance chaleureuse,Chauffeur expérimenté,Wi-Fi gratuit,Sport,Climatisation,Musique,Conversation,Ponctualité,Espace de rangement,Éclairage tamisé,Navigation GPS,Confort",Planner,Mbandjock
1072,Nanga-Eboko,"Wi-Fi gratuit,Vue panoramique,Confort,Éclairage tamisé,Sièges inclinables,Climatisation,Espace de rangement,Ponctualité,Chauffeur expérimenté",Traveler,Kousseri
3925,Bafang,"Navigation GPS,Langue parlée,Cuisine,Connectivité,Éclairage tamisé,Wi-Fi gratuit,Espace de rangement,Ambiance chaleureuse,Vue panoramique,Musique,Animaux acceptés,Assistance bagages,Conduite souple,Sport,Chauffeur expérimenté,Silence",Traveler,Loum
4018,Limbe,"Navigation GPS,Confort,Boisson gratuite,Silence,Climatisation,Assistance bagages,Musique,Sièges inclinables,Conduite souple",Planner,Bonakouamouang
2936,Mokolo,"Climatisation,Conversation,Ambiance chaleureuse,Ponctualité",Traveler,Belabo
3575,Bonaberi,"Chauffeur expérimenté,Sièges inclinables,Silence,Conduite souple,Ambiance chaleureuse,Navigation GPS,Boisson gratuite,Conversation,Connectivité,Assistance bagages,Sport,Vue panoramique,Ponctualité,Animaux acceptés,Éclairage tamisé,Wi-Fi gratuit,Climatisation,Confort,Cuisine,Musique,Langue parlée,Espace de rangement",Planner,Bonaberi
335,Mora,"Chauffeur expérimenté,Ponctualité,Assistance bagages,Connectivité,Climatisation,Sport,Espace de rangement,Cuisine,Animaux acceptés,Wi-Fi gratuit,Conversation,Silence,Navigation GPS,Boisson gratuite,Conduite souple,Musique,Vue panoramique,Éclairage tamisé,Langue parlée,Confort",Planner,Kousseri
3201,Dibombari,"Assistance bagages,Ambiance chaleureuse,Silence,Animaux acceptés",Traveler,Muyuka
3843,Beti,"Climatisation,Chauffeur expérimenté,Conversation,Boisson gratuite,Vue panoramique,Wi-Fi gratuit,Confort,Connectivité,Langue parlée",Traveler,Douala
673,Bonanjo,"Conversation,Connectivité",Traveler,Garoua
739,Bandjoun,"Animaux acceptés,Assistance bagages,Silence,Vue panoramique,Cuisine,Musique",Traveler,Bafang
3235,Bertoua,"Animaux acceptés,Espace de rangement,Confort,Navigation GPS,Sièges inclinables,Cuisine,Climatisation,Conversation,Musique,Assistance bagages,Langue parlée,Ponctualité,Connectivité,Chauffeur expérimenté",Planner,Bafoussam
1509,Bimbia,"Cuisine,Conversation,Langue parlée,Vue panoramique,Ambiance chaleureuse,Sport,Sièges inclinables,Confort",Planner,Mbouda
2497,Mbandjock,"Confort,Conduite souple,Wi-Fi gratuit,Langue parlée,Animaux acceptés,Ponctualité,Espace de rangement,Sport,Boisson gratuite,Chauffeur expérimenté,Climatisation,Musique,Vue panoramique,Cuisine,Assistance bagages",Traveler,Mbouda
2948,Bali,"Langue parlée,Connectivité,Assistance bagages,Espace de rangement,Silence,Éclairage tamisé,Climatisation,Sport,Musique,Boisson gratuite,Conduite souple,Chauffeur expérimenté,Animaux acceptés,Ambiance chaleureuse,Confort,Sièges inclinables,Cuisine,Conversation,Vue panoramique,Wi-Fi gratuit",Traveler,Batibo
3090,Bali Nyonga,"Langue parlée,Sièges inclinables,Chauffeur expérimenté,Wi-Fi gratuit,Sport,Boisson gratuite,Assistance bagages,Connectivité,Conversation,Cuisine",Planner,Bali Nyonga
3838,Buea,"Éclairage tamisé,Sièges inclinables,Assistance bagages,Conversation,Cuisine,Navigation GPS,Ponctualité,Wi-Fi gratuit,Vue panoramique",Planner,Yaounde
1439,Bafoussam,"Climatisation,Cuisine,Chauffeur expérimenté,Sport,Navigation GPS,Éclairage tamisé,Animaux acceptés,Musique,Vue panoramique,Conduite souple,Espace de rangement,Ponctualité,Confort,Conversation,Wi-Fi gratuit,Sièges inclinables,Langue parlée,Connectivité,Ambiance chaleureuse",Traveler,Bali
2732,Bonabéri,Langue parlée,Planner,Buea
4405,Kumba,"Cuisine,Langue parlée,Animaux acceptés,Connectivité,Espace de rangement,Éclairage tamisé,Vue panoramique,Ponctualité,Silence,Conduite souple,Climatisation,Chauffeur expérimenté,Musique,Ambiance chaleureuse,Wi-Fi gratuit,Assistance bagages,Navigation GPS,Confort,Sport",Traveler,Bertoua
5,Bimbia,"Confort,Cuisine",Traveler,Boutours
210,Mbanga,"Animaux acceptés,Navigation GPS,Cuisine,Sièges inclinables,Espace de rangement,Boisson gratuite,Conversation,Vue panoramique,Éclairage tamisé,Langue parlée,Connectivité,Climatisation,Conduite souple,Musique,Ambiance chaleureuse,Ponctualité,Confort,Chauffeur expérimenté,Silence,Assistance bagages",Planner,Dibombari
4456,Mbalmayo,"Langue parlée,Navigation GPS,Connectivité,Conversation,Sièges inclinables,Wi-Fi gratuit",Planner,Fontem
4871,Campo,"Sport,Wi-Fi gratuit,Vue panoramique,Animaux acceptés,Éclairage tamisé,Conversation,Assistance bagages,Confort,Ponctualité,Connectivité,Climatisation,Navigation GPS,Boisson gratuite,Musique,Sièges inclinables,Langue parlée",Planner,Douala
164,Fontem,"Chauffeur expérimenté,Cuisine",Planner,Bimbia
4451,Bimbia,"Navigation GPS,Climatisation,Ponctualité,Ambiance chaleureuse,Boisson gratuite,Chauffeur expérimenté,Animaux acceptés,Connectivité,Confort,Espace de rangement,Conversation,Éclairage tamisé,Vue panoramique,Sport,Conduite souple,Langue parlée,Sièges inclinables",Planner,Bafoussam
358,Melong,"Chauffeur expérimenté,Ambiance chaleureuse,Navigation GPS,Langue parlée,Sièges inclinables,Espace de rangement",Planner,Nanga-Eboko
3255,Kumba,"Éclairage tamisé,Langue parlée,Animaux acceptés,Conduite souple,Climatisation,Wi-Fi gratuit,Conversation,Cuisine,Ponctualité,Musique,Chauffeur expérimenté,Connectivité,Navigation GPS,Sport",Planner,Bertoua
4269,Mbanga,"Éclairage tamisé,Connectivité,Ambiance chaleureuse,Espace de rangement,Climatisation,Ponctualité,Sièges inclinables",Traveler,Mbouda
3686,Maroua,"Musique,Connectivité,Ponctualité,Cuisine,Vue panoramique,Éclairage tamisé,Navigation GPS,Langue parlée,Silence,Animaux acceptés,Sièges inclinables,Wi-Fi gratuit,Sport,Espace de rangement,Ambiance chaleureuse,Assistance bagages",Planner,Bali
3950,Nanga-Eboko,"Wi-Fi gratuit,Chauffeur expérimenté,Conduite souple,Espace de rangement,Musique,Navigation GPS,Sièges inclinables,Animaux acceptés,Cuisine,Assistance bagages,Sport,Confort,Éclairage tamisé,Ambiance chaleureuse",Planner,Figuif
2911,Douala,"Conduite souple,Sport,Ponctualité,Espace de rangement,Cuisine,Musique,Assistance bagages,Ambiance chaleureuse,Climatisation",Planner,Bonabéri
225,Fontem,"Silence,Conversation,Connectivité,Sièges inclinables,Ambiance chaleureuse,Assistance bagages,Chauffeur expérimenté",Traveler,Nkongsamba
4005,Bonanjo,"Ponctualité,Conversation,Musique,Boisson gratuite,Climatisation,Animaux acceptés,Vue panoramique,Wi-Fi gratuit,Conduite souple,Connectivité,Silence",Planner,Bafoussam
3574,Bonakouamouang,"Vue panoramique,Ambiance chaleureuse,Connectivité,Animaux acceptés,Cuisine,Ponctualité,Assistance bagages,Silence,Conduite souple,Musique",Traveler,Meiganga
183,Bandjoun,"Boisson gratuite,Vue panoramique,Confort,Espace de rangement,Ponctualité,Ambiance chaleureuse,Conversation,Musique,Assistance bagages,Silence,Langue parlée,Climatisation,Sièges inclinables,Navigation GPS,Sport,Éclairage tamisé,Wi-Fi gratuit",Planner,Bimbia
1379,Nanga-Eboko,"Vue panoramique,Ponctualité,Boisson gratuite,Assistance bagages,Espace de rangement,Conduite souple",Planner,Gazawa
3129,Bafoussam,Animaux acceptés,Planner,Yagoua
750,Figuif,"Boisson gratuite,Langue parlée,Navigation GPS,Ambiance chaleureuse,Musique,Cuisine,Animaux acceptés,Conduite souple,Conversation,Chauffeur expérimenté,Ponctualité,Wi-Fi gratuit,Silence,Éclairage tamisé",Traveler,Beti
2738,Essos,"Assistance bagages,Sport,Cuisine,Wi-Fi gratuit,Ambiance chaleureuse,Conduite souple,Musique,Navigation GPS,Confort",Planner,Bogo
2884,Douala,"Chauffeur expérimenté,Sièges inclinables,Assistance bagages,Ambiance chaleureuse,Wi-Fi gratuit,Ponctualité,Vue panoramique,Langue parlée",Planner,Douala
494,Figuif,"Boisson gratuite,Connectivité,Sport,Éclairage tamisé,Conversation,Chauffeur expérimenté,Sièges inclinables,Assistance bagages,Conduite souple,Cuisine,Ponctualité,Espace de rangement,Navigation GPS,Vue panoramique,Confort,Animaux acceptés,Musique",Traveler,Mbandjock
687,Bonamoussadi,"Navigation GPS,Conversation,Assistance bagages,Sport,Confort,Wi-Fi gratuit,Cuisine,Animaux acceptés,Silence,Boisson gratuite,Climatisation,Conduite souple,Ponctualité,Chauffeur expérimenté,Langue parlée,Espace de rangement,Ambiance chaleureuse",Traveler,Limbe
3745,Bonaberi,"Ponctualité,Éclairage tamisé,Climatisation,Musique,Cuisine",Planner,Bonakouamouang
3977,Kumba,"Chauffeur expérimenté,Climatisation,Navigation GPS,Cuisine,Silence,Musique,Espace de rangement,Vue panoramique,Boisson gratuite,Langue parlée,Confort,Ponctualité,Connectivité,Sport",Traveler,Nkongsamba
4814,Nkongsamba,"Connectivité,Silence,Sièges inclinables,Confort,Cuisine,Musique,Sport,Assistance bagages,Navigation GPS,Boisson gratuite,Conversation,Ambiance chaleureuse,Éclairage tamisé,Espace de rangement,Langue parlée,Animaux acceptés,Vue panoramique,Climatisation,Conduite souple",Planner,Bali
4636,Gazawa,"Ambiance chaleureuse,Langue parlée,Assistance bagages,Wi-Fi gratuit,Navigation GPS",Planner,Bali
1498,Belabo,"Boisson gratuite,Vue panoramique,Connectivité,Assistance bagages",Planner,Figuif
4240,Buea,"Cuisine,Connectivité,Vue panoramique,Animaux acceptés,Conversation,Silence,Wi-Fi gratuit,Sport,Boisson gratuite,Ambiance chaleureuse,Musique,Ponctualité,Climatisation,Confort,Sièges inclinables,Espace de rangement,Navigation GPS,Conduite souple,Assistance bagages,Langue parlée,Éclairage tamisé,Chauffeur expérimenté",Traveler,Mbouda
3361,Bonaberi,"Chauffeur expérimenté,Connectivité,Cuisine,Ponctualité,Navigation GPS,Sport,Musique,Assistance bagages,Silence,Animaux acceptés,Conversation,Langue parlée,Éclairage tamisé,Wi-Fi gratuit,Climatisation,Sièges inclinables,Vue panoramique,Boisson gratuite,Conduite souple",Traveler,Bafia
2828,Bamenda,"Assistance bagages,Boisson gratuite,Éclairage tamisé,Cuisine,Connectivité,Wi-Fi gratuit,Sièges inclinables,Ambiance chaleureuse,Ponctualité,Sport,Navigation GPS,Conversation,Vue panoramique",Traveler,Yagoua
331,Batibo,"Assistance bagages,Conversation,Confort,Éclairage tamisé,Espace de rangement,Sport,Cuisine,Wi-Fi gratuit",Planner,Bogo
4531,Batibo,"Ponctualité,Sièges inclinables,Ambiance chaleureuse,Vue panoramique,Assistance bagages,Navigation GPS,Boisson gratuite,Climatisation,Animaux acceptés,Chauffeur expérimenté,Éclairage tamisé,Cuisine,Connectivité,Confort,Conversation,Musique,Conduite souple,Wi-Fi gratuit,Sport",Planner,Loum
1008,Figuif,"Conduite souple,Wi-Fi gratuit,Chauffeur expérimenté,Sièges inclinables,Animaux acceptés,Assistance bagages,Conversation,Navigation GPS,Boisson gratuite,Musique,Ponctualité,Langue parlée,Sport,Éclairage tamisé,Connectivité,Cuisine",Planner,Nkongsamba
996,Bogo,"Silence,Assistance bagages,Vue panoramique,Chauffeur expérimenté,Connectivité,Ambiance chaleureuse,Conduite souple,Wi-Fi gratuit,Ponctualité,Espace de rangement,Climatisation",Traveler,Bogo
3886,Bandjoun,"Musique,Confort,Ponctualité,Sièges inclinables,Cuisine",Planner,Maroua
3222,Bonanjo,"Animaux acceptés,Langue parlée,Conduite souple,Assistance bagages,Navigation GPS,Boisson gratuite,Ambiance chaleureuse,Connectivité,Confort,Silence,Vue panoramique,Ponctualité,Éclairage tamisé,Wi-Fi gratuit",Traveler,Mora
2645,Bertoua,"Ambiance chaleureuse,Espace de rangement,Éclairage tamisé,Silence,Sport,Chauffeur expérimenté,Animaux acceptés,Confort,Cuisine,Wi-Fi gratuit,Climatisation,Connectivité,Musique,Langue parlée,Sièges inclinables,Vue panoramique,Conversation,Boisson gratuite,Assistance bagages,Conduite souple,Ponctualité",Planner,Gazawa
768,Boutours,"Conduite souple,Assistance bagages,Boisson gratuite,Sièges inclinables,Silence,Ponctualité,Cuisine,Confort,Éclairage tamisé,Musique,Sport,Espace de rangement",Traveler,Batibo
1654,Kribi,"Sport,Climatisation,Musique,Wi-Fi gratuit,Éclairage tamisé,Conversation,Navigation GPS,Ponctualité,Ambiance chaleureuse",Traveler,Fontem
2934,Bonabéri,"Silence,Conversation,Connectivité,Chauffeur expérimenté,Confort,Wi-Fi gratuit,Assistance bagages,Musique,Boisson gratuite,Ponctualité,Sport",Planner,Kumba
4645,Bamenda,"Conversation,Assistance bagages,Éclairage tamisé,Langue parlée,Navigation GPS,Animaux acceptés,Espace de rangement,Silence,Climatisation,Conduite souple,Vue panoramique,Connectivité,Sport,Cuisine,Confort,Ponctualité",Planner,Bonabéri
355,Mokolo,"Sièges inclinables,Conduite souple,Ponctualité,Boisson gratuite,Climatisation,Connectivité,Confort",Planner,Figuif
1300,Bali Nyonga,"Wi-Fi gratuit,Ambiance chaleureuse,Navigation GPS,Conduite souple,Sièges inclinables,Cuisine,Conversation,Ponctualité,Assistance bagages,Sport,Animaux acceptés,Chauffeur expérimenté,Silence,Espace de rangement,Confort,Boisson gratuite,Musique,Connectivité,Vue panoramique,Climatisation,Éclairage tamisé",Traveler,Bogo
4023,Bertoua,"Ambiance chaleureuse,Conduite souple,Cuisine,Éclairage tamisé,Confort,Assistance bagages,Sport",Planner,Figuif
650,Mbandjock,"Ponctualité,Animaux acceptés,Chauffeur expérimenté,Assistance bagages,Silence,Confort,Wi-Fi gratuit,Sport,Vue panoramique,Musique,Boisson gratuite,Climatisation,Connectivité,Langue parlée,Cuisine,Ambiance chaleureuse,Navigation GPS,Sièges inclinables,Conversation",Traveler,Banga Bakundu
69,Buea,"Chauffeur expérimenté,Ambiance chaleureuse,Espace de rangement,Sport,Assistance bagages,Musique,Climatisation,Sièges inclinables,Navigation GPS,Langue parlée,Animaux acceptés,Éclairage tamisé,Silence,Wi-Fi gratuit,Conduite souple,Conversation,Connectivité,Cuisine,Ponctualité,Confort,Boisson gratuite",Traveler,Yaounde
2961,Mokolo,"Cuisine,Ambiance chaleureuse,Animaux acceptés,Confort,Sport,Boisson gratuite,Langue parlée,Assistance bagages",Traveler,Douala
4557,Bimbia,"Conversation,Musique,Conduite souple,Assistance bagages,Vue panoramique,Sièges inclinables,Silence,Confort,Climatisation,Éclairage tamisé,Navigation GPS,Wi-Fi gratuit,Langue parlée,Sport,Boisson gratuite,Ponctualité,Cuisine,Connectivité",Traveler,Messa
771,Bonakouamouang,"Animaux acceptés,Langue parlée",Planner,Bimbia
86,Campo,"Conversation,Ambiance chaleureuse,Connectivité,Confort,Animaux acceptés,Espace de rangement,Langue parlée,Wi-Fi gratuit,Musique,Éclairage tamisé,Climatisation,Vue panoramique,Chauffeur expérimenté,Assistance bagages,Cuisine,Navigation GPS,Silence,Conduite souple,Sièges inclinables,Boisson gratuite,Ponctualité,Sport",Planner,Mbanga
2341,Buea,"Assistance bagages,Boisson gratuite,Conversation,Ambiance chaleureuse,Sport,Connectivité,Langue parlée,Ponctualité,Cuisine",Traveler,Fontem
4531,Campo,"Wi-Fi gratuit,Chauffeur expérimenté,Connectivité,Sièges inclinables,Éclairage tamisé,Ponctualité,Espace de rangement,Ambiance chaleureuse,Vue panoramique,Animaux acceptés,Cuisine,Langue parlée",Traveler,Bafoussam
4826,Bamenda,"Connectivité,Conduite souple,Confort,Éclairage tamisé,Assistance bagages,Espace de rangement,Sièges inclinables,Conversation,Animaux acceptés,Chauffeur expérimenté,Boisson gratuite,Vue panoramique",Traveler,Mutengene
1082,Bogo,"Langue parlée,Chauffeur expérimenté,Ponctualité,Navigation GPS,Ambiance chaleureuse",Traveler,Gazawa
381,Yaounde,"Boisson gratuite,Wi-Fi gratuit,Chauffeur expérimenté,Ponctualité,Vue panoramique,Conduite souple,Musique,Sport,Connectivité,Sièges inclinables,Animaux acceptés,Navigation GPS,Silence,Espace de rangement,Ambiance chaleureuse,Confort,Éclairage tamisé",Traveler,Nanga-Eboko
4940,Belabo,"Navigation GPS,Sport,Boisson gratuite,Climatisation,Confort,Animaux acceptés",Traveler,Campo
2592,Mokolo,"Chauffeur expérimenté,Boisson gratuite,Sièges inclinables,Conduite souple,Espace de rangement,Conversation,Musique,Navigation GPS,Wi-Fi gratuit,Confort,Langue parlée,Ambiance chaleureuse",Traveler,Mbouda
2351,Kribi,"Sièges inclinables,Climatisation,Connectivité,Vue panoramique,Chauffeur expérimenté,Ponctualité,Langue parlée,Conduite souple,Musique,Navigation GPS,Conversation,Wi-Fi gratuit,Confort,Animaux acceptés,Ambiance chaleureuse",Planner,Messa
39,Mbouda,"Silence,Conversation,Assistance bagages,Ambiance chaleureuse,Langue parlée,Éclairage tamisé,Musique,Animaux acceptés,Boisson gratuite,Confort,Conduite souple,Chauffeur expérimenté,Cuisine,Wi-Fi gratuit,Espace de rangement,Sièges inclinables,Connectivité,Sport",Planner,Buea
3578,Loum,"Sport,Ambiance chaleureuse,Assistance bagages,Connectivité,Musique,Conversation,Espace de rangement,Navigation GPS,Ponctualité,Silence,Climatisation,Conduite souple,Chauffeur expérimenté",Traveler,Mora
659,Mokolo,"Ambiance chaleureuse,Chauffeur expérimenté,Assistance bagages,Climatisation,Éclairage tamisé,Connectivité,Ponctualité,Espace de rangement,Silence",Planner,Mora
3401,Loum,Navigation GPS,Traveler,Edéa
277,Maroua,"Musique,Navigation GPS,Confort,Boisson gratuite,Animaux acceptés",Planner,Yagoua
2733,Bonabéri,"Conversation,Sport,Sièges inclinables,Boisson gratuite,Animaux acceptés,Cuisine,Espace de rangement,Navigation GPS,Assistance bagages,Climatisation,Langue parlée,Conduite souple,Musique,Confort,Silence,Connectivité,Vue panoramique,Ambiance chaleureuse",Planner,Bafoussam
4950,Kumba,"Sport,Confort,Climatisation,Conversation,Sièges inclinables,Silence,Éclairage tamisé,Assistance bagages,Musique,Wi-Fi gratuit,Chauffeur expérimenté,Espace de rangement,Vue panoramique,Ambiance chaleureuse,Conduite souple,Ponctualité,Boisson gratuite",Planner,Edéa
3955,Bonanjo,"Sièges inclinables,Éclairage tamisé,Boisson gratuite,Navigation GPS,Espace de rangement,Assistance bagages,Langue parlée",Traveler,Limbe
2343,Yagoua,"Espace de rangement,Ambiance chaleureuse,Chauffeur expérimenté,Conversation,Climatisation,Vue panoramique,Musique",Planner,Muyuka
654,Muyuka,"Vue panoramique,Conversation,Boisson gratuite,Ponctualité,Assistance bagages,Silence,Confort,Chauffeur expérimenté,Cuisine,Éclairage tamisé,Conduite souple",Planner,Maroua
2443,Bogo,Musique,Traveler,Yagoua
2364,Nanga-Eboko,"Silence,Sport,Assistance bagages",Planner,Buea
3209,Yaounde,"Chauffeur expérimenté,Ambiance chaleureuse",Planner,Yaounde
180,Gazawa,Espace de rangement,Traveler,Buea
2800,Mbanga,"Conversation,Espace de rangement,Cuisine,Silence,Animaux acceptés,Assistance bagages,Confort,Ponctualité,Sport,Boisson gratuite,Sièges inclinables,Musique,Climatisation,Navigation GPS,Wi-Fi gratuit,Vue panoramique,Éclairage tamisé",Traveler,Mutengene
921,Bafoussam,"Navigation GPS,Musique,Cuisine,Conversation,Silence,Assistance bagages,Ambiance chaleureuse,Langue parlée,Confort,Sièges inclinables,Chauffeur expérimenté,Boisson gratuite",Planner,Bonanjo
2029,Bonakouamouang,"Navigation GPS,Espace de rangement,Ambiance chaleureuse,Sièges inclinables,Silence,Climatisation,Boisson gratuite,Conversation,Wi-Fi gratuit,Confort,Langue parlée,Éclairage tamisé,Chauffeur expérimenté,Vue panoramique,Connectivité,Assistance bagages,Musique,Cuisine,Ponctualité,Conduite souple,Animaux acceptés",Traveler,Yaounde
4498,Boutours,"Éclairage tamisé,Ponctualité,Wi-Fi gratuit,Boisson gratuite,Sport,Confort,Sièges inclinables,Climatisation,Espace de rangement",Planner,Mbandjock
2487,Figuif,"Chauffeur expérimenté,Sièges inclinables,Sport,Silence,Ambiance chaleureuse,Climatisation,Animaux acceptés,Boisson gratuite",Traveler,Beti
307,Nkongsamba,"Wi-Fi gratuit,Boisson gratuite,Sport,Navigation GPS,Conversation,Ponctualité,Chauffeur expérimenté,Conduite souple,Musique,Espace de rangement,Cuisine,Assistance bagages,Ambiance chaleureuse",Planner,Meiganga
146,Yagoua,"Espace de rangement,Ambiance chaleureuse,Animaux acceptés,Cuisine,Langue parlée,Navigation GPS,Ponctualité,Boisson gratuite,Wi-Fi gratuit,Confort,Éclairage tamisé,Conversation,Chauffeur expérimenté",Traveler,Kousseri
3424,Douala,"Vue panoramique,Ponctualité,Connectivité,Climatisation,Musique",Planner,Buea
480,Campo,"Silence,Espace de rangement,Ponctualité,Confort,Musique,Wi-Fi gratuit,Sièges inclinables,Sport,Navigation GPS,Climatisation,Animaux acceptés,Chauffeur expérimenté,Éclairage tamisé,Ambiance chaleureuse,Conduite souple,Assistance bagages,Langue parlée,Boisson gratuite,Connectivité,Conversation,Cuisine,Vue panoramique",Planner,Bonakouamouang
4292,Garoua,"Silence,Langue parlée,Wi-Fi gratuit",Planner,Mutengene
3477,Figuif,"Conduite souple,Langue parlée,Sport,Chauffeur expérimenté,Connectivité,Musique,Wi-Fi gratuit,Sièges inclinables,Silence,Assistance bagages,Boisson gratuite,Ambiance chaleureuse,Confort,Cuisine,Espace de rangement,Animaux acceptés,Navigation GPS,Climatisation,Vue panoramique",Planner,Fontem
1529,Messa,"Chauffeur expérimenté,Vue panoramique,Assistance bagages,Climatisation",Traveler,Mokolo
1250,Bonamoussadi,"Vue panoramique,Ponctualité",Traveler,Nkongsamba
2723,Edéa,"Conversation,Connectivité,Chauffeur expérimenté,Sièges inclinables,Silence,Animaux acceptés,Ponctualité,Assistance bagages,Langue parlée,Navigation GPS,Cuisine,Espace de rangement,Boisson gratuite,Musique,Confort,Wi-Fi gratuit,Ambiance chaleureuse,Conduite souple,Climatisation,Vue panoramique",Traveler,Bonanjo
2322,Batibo,"Chauffeur expérimenté,Animaux acceptés,Musique,Silence,Connectivité,Assistance bagages,Climatisation,Cuisine,Ponctualité",Traveler,Bandjoun
4820,Bali,"Conduite souple,Connectivité,Chauffeur expérimenté",Planner,Beti
2994,Boutours,"Cuisine,Confort,Langue parlée,Silence,Chauffeur expérimenté,Assistance bagages,Navigation GPS,Musique,Wi-Fi gratuit,Conduite souple,Climatisation,Connectivité",Traveler,Yaounde
3968,Bafoussam,"Animaux acceptés,Espace de rangement,Ponctualité",Planner,Bandjoun
1703,Edéa,Langue parlée,Traveler,Bimbia
1464,Bogo,"Wi-Fi gratuit,Musique,Navigation GPS,Connectivité,Assistance bagages,Vue panoramique,Silence,Sport,Langue parlée,Conversation,Sièges inclinables,Animaux acceptés",Planner,Buea
4654,Batibo,"Ponctualité,Ambiance chaleureuse",Planner,Mokolo
3562,Campo,"Silence,Climatisation,Cuisine,Connectivité,Langue parlée,Confort,Ambiance chaleureuse,Conversation,Espace de rangement,Ponctualité,Animaux acceptés,Sport,Éclairage tamisé,Wi-Fi gratuit,Musique,Assistance bagages",Traveler,Mbanga
3989,Dibombari,"Espace de rangement,Conversation",Traveler,Kribi
1012,Belo,Sport,Traveler,Mbanga
95,Bogo,"Ambiance chaleureuse,Connectivité,Navigation GPS,Langue parlée,Sport,Conversation,Conduite souple,Éclairage tamisé,Wi-Fi gratuit,Silence,Espace de rangement,Ponctualité,Chauffeur expérimenté,Animaux acceptés,Assistance bagages",Traveler,Campo
2143,Mora,"Wi-Fi gratuit,Sièges inclinables,Navigation GPS,Boisson gratuite,Climatisation,Confort,Ambiance chaleureuse,Animaux acceptés,Éclairage tamisé,Connectivité,Assistance bagages",Planner,Bertoua
2236,Bonakouamouang,"Musique,Connectivité,Conduite souple,Ponctualité,Chauffeur expérimenté,Wi-Fi gratuit,Sièges inclinables,Animaux acceptés,Ambiance chaleureuse,Climatisation,Cuisine,Silence",Planner,Dibombari
4395,Bonakouamouang,"Confort,Espace de rangement,Boisson gratuite",Planner,Belabo
3310,Mbanga,"Boisson gratuite,Éclairage tamisé,Connectivité,Cuisine,Wi-Fi gratuit,Vue panoramique",Planner,Loum
1308,Mbandjock,"Navigation GPS,Sport,Chauffeur expérimenté,Confort,Ponctualité,Cuisine,Musique,Conduite souple,Boisson gratuite,Ambiance chaleureuse,Conversation,Silence,Wi-Fi gratuit",Traveler,Bertoua
2532,Bandjoun,"Ambiance chaleureuse,Animaux acceptés,Boisson gratuite,Éclairage tamisé,Conduite souple,Climatisation,Vue panoramique,Confort,Ponctualité,Cuisine,Langue parlée,Connectivité,Navigation GPS,Silence,Espace de rangement,Conversation,Sport,Musique,Chauffeur expérimenté,Assistance bagages",Planner,Fontem
2111,Bonaberi,"Silence,Animaux acceptés,Navigation GPS,Conduite souple,Confort,Espace de rangement,Wi-Fi gratuit,Conversation,Langue parlée,Ponctualité",Planner,Mutengene
3790,Bonaberi,"Silence,Chauffeur expérimenté,Connectivité,Ambiance chaleureuse,Assistance bagages,Navigation GPS",Planner,Bonabéri
1293,Guider,"Climatisation,Connectivité,Confort,Assistance bagages",Traveler,Bali
2442,Gazawa,"Cuisine,Chauffeur expérimenté,Conversation,Assistance bagages,Ponctualité,Climatisation,Sport,Vue panoramique,Wi-Fi gratuit,Confort,Éclairage tamisé,Animaux acceptés,Langue parlée",Traveler,Gazawa
214,Bogo,"Langue parlée,Sièges inclinables,Climatisation,Ambiance chaleureuse,Conduite souple,Cuisine,Boisson gratuite,Connectivité,Éclairage tamisé",Planner,Essos
4190,Dibombari,"Silence,Conduite souple,Sport,Vue panoramique,Chauffeur expérimenté,Connectivité,Ponctualité",Traveler,Loum
934,Mokolo,"Chauffeur expérimenté,Assistance bagages,Animaux acceptés,Boisson gratuite,Éclairage tamisé,Musique,Ambiance chaleureuse,Navigation GPS,Langue parlée,Silence,Cuisine,Climatisation,Ponctualité,Sièges inclinables,Conversation,Vue panoramique,Sport",Planner,Garoua
2536,Bertoua,Wi-Fi gratuit,Planner,Fontem
308,Maroua,"Chauffeur expérimenté,Musique,Silence,Confort,Connectivité,Espace de rangement,Wi-Fi gratuit,Langue parlée,Vue panoramique,Cuisine,Boisson gratuite",Traveler,Batibo
973,Bafoussam,"Assistance bagages,Cuisine,Boisson gratuite,Conduite souple,Ambiance chaleureuse,Éclairage tamisé,Chauffeur expérimenté,Musique,Animaux acceptés,Silence,Confort,Langue parlée,Sièges inclinables,Connectivité,Navigation GPS,Wi-Fi gratuit,Conversation,Espace de rangement,Sport,Ponctualité",Traveler,Essos
367,Bimbia,"Ponctualité,Ambiance chaleureuse",Planner,Mokolo
4185,Garoua,Espace de rangement,Planner,Bonamoussadi
3426,Bonanjo,"Cuisine,Silence,Conversation,Conduite souple,Assistance bagages,Sièges inclinables,Ambiance chaleureuse,Wi-Fi gratuit,Climatisation,Espace de rangement",Planner,Gazawa
1145,Kousseri,"Connectivité,Confort,Wi-Fi gratuit,Cuisine,Climatisation,Silence,Conduite souple,Animaux acceptés,Chauffeur expérimenté,Sport",Traveler,Melong
4419,Mora,"Boisson gratuite,Wi-Fi gratuit",Traveler,Maroua
4469,Mokolo,"Silence,Wi-Fi gratuit,Musique,Chauffeur expérimenté,Cuisine,Boisson gratuite,Ambiance chaleureuse,Conversation,Navigation GPS,Sport,Espace de rangement,Connectivité,Conduite souple,Vue panoramique",Planner,Guider
3127,Yaounde,"Assistance bagages,Chauffeur expérimenté,Cuisine,Boisson gratuite,Animaux acceptés,Sièges inclinables,Silence,Conversation,Navigation GPS,Climatisation,Sport,Ambiance chaleureuse,Ponctualité,Wi-Fi gratuit,Espace de rangement,Conduite souple,Éclairage tamisé,Langue parlée,Connectivité,Vue panoramique,Musique,Confort",Traveler,Buea
3809,Bonabéri,"Assistance bagages,Vue panoramique,Éclairage tamisé,Animaux acceptés,Connectivité,Conduite souple,Climatisation,Boisson gratuite,Ambiance chaleureuse",Planner,Yagoua
2973,Yagoua,"Assistance bagages,Wi-Fi gratuit,Animaux acceptés,Ponctualité,Connectivité,Conversation,Musique,Confort",Traveler,Fontem
1108,Bertoua,"Sport,Silence,Musique,Connectivité,Conduite souple,Chauffeur expérimenté,Ambiance chaleureuse,Conversation,Éclairage tamisé,Ponctualité,Espace de rangement,Boisson gratuite,Wi-Fi gratuit,Animaux acceptés,Assistance bagages",Traveler,Nkongsamba
1922,Kousseri,"Climatisation,Ponctualité,Chauffeur expérimenté,Conversation,Confort,Silence,Sport,Sièges inclinables",Traveler,Nkongsamba
520,Bafia,"Conversation,Cuisine,Espace de rangement,Navigation GPS,Confort,Ponctualité,Sièges inclinables,Silence,Assistance bagages,Vue panoramique,Climatisation,Wi-Fi gratuit,Sport,Conduite souple,Animaux acceptés,Boisson gratuite,Chauffeur expérimenté,Connectivité,Éclairage tamisé,Ambiance chaleureuse",Planner,Banga Bakundu
2035,Belabo,"Éclairage tamisé,Connectivité,Vue panoramique,Assistance bagages",Traveler,Fontem
4200,Loum,"Musique,Conduite souple,Assistance bagages,Confort,Éclairage tamisé,Ambiance chaleureuse,Animaux acceptés,Vue panoramique,Boisson gratuite,Cuisine,Connectivité,Langue parlée,Climatisation,Chauffeur expérimenté,Sièges inclinables,Navigation GPS,Wi-Fi gratuit,Ponctualité,Silence,Conversation,Espace de rangement,Sport",Planner,Melong
3141,Messa,"Espace de rangement,Éclairage tamisé,Ambiance chaleureuse,Connectivité,Sport",Traveler,Beti
1866,Dibombari,"Silence,Vue panoramique,Boisson gratuite,Chauffeur expérimenté,Assistance bagages,Wi-Fi gratuit,Musique,Connectivité",Planner,Belo
3807,Maroua,"Ambiance chaleureuse,Conversation,Cuisine,Silence,Animaux acceptés,Climatisation",Planner,Muyuka
4035,Buea,"Assistance bagages,Wi-Fi gratuit,Musique,Climatisation",Traveler,Bonaberi
36,Mokolo,"Vue panoramique,Sièges inclinables,Silence",Traveler,Garoua
4371,Bonakouamouang,"Cuisine,Conversation,Boisson gratuite,Ambiance chaleureuse,Langue parlée,Wi-Fi gratuit,Silence,Navigation GPS,Connectivité,Sièges inclinables,Éclairage tamisé,Ponctualité,Animaux acceptés",Planner,Mbalmayo
2329,Bogo,"Sport,Wi-Fi gratuit,Langue parlée,Cuisine,Conversation,Conduite souple,Connectivité,Silence,Confort,Éclairage tamisé,Espace de rangement,Sièges inclinables",Traveler,Limbe
1991,Kousseri,"Musique,Boisson gratuite,Climatisation,Conduite souple,Connectivité,Espace de rangement,Cuisine,Confort,Animaux acceptés,Langue parlée,Vue panoramique,Navigation GPS,Sport,Ambiance chaleureuse",Traveler,Mokolo
1595,Mbanga,"Sport,Animaux acceptés,Sièges inclinables,Musique,Connectivité,Boisson gratuite,Conduite souple,Climatisation",Planner,Kribi
2757,Guider,"Silence,Cuisine,Boisson gratuite,Assistance bagages",Planner,Bonamoussadi
1525,Guider,Assistance bagages,Planner,Limbe
1887,Yagoua,"Chauffeur expérimenté,Conduite souple,Langue parlée,Musique,Boisson gratuite,Espace de rangement,Conversation,Climatisation,Silence,Cuisine,Éclairage tamisé,Connectivité",Planner,Messa
1407,Bafia,"Confort,Climatisation,Ambiance chaleureuse,Sport,Cuisine,Musique,Ponctualité,Langue parlée,Animaux acceptés,Assistance bagages,Navigation GPS,Wi-Fi gratuit,Connectivité,Éclairage tamisé,Silence",Planner,Bali
4206,Boutours,"Assistance bagages,Espace de rangement,Cuisine,Animaux acceptés,Connectivité,Langue parlée,Ponctualité,Conversation,Vue panoramique,Éclairage tamisé",Planner,Campo
1959,Kribi,"Connectivité,Sport",Planner,Bertoua
4233,Nkongsamba,"Conduite souple,Climatisation,Animaux acceptés,Confort,Silence,Sièges inclinables,Assistance bagages,Sport,Navigation GPS,Musique,Connectivité,Ponctualité,Conversation,Wi-Fi gratuit,Ambiance chaleureuse,Éclairage tamisé,Langue parlée,Vue panoramique,Boisson gratuite,Espace de rangement,Cuisine",Traveler,Mokolo
4939,Maroua,"Espace de rangement,Wi-Fi gratuit,Navigation GPS,Ambiance chaleureuse,Animaux acceptés,Silence,Langue parlée,Conduite souple,Ponctualité,Sièges inclinables,Sport",Traveler,Kribi
128,Nkongsamba,"Ponctualité,Boisson gratuite,Silence,Confort,Animaux acceptés,Chauffeur expérimenté,Wi-Fi gratuit,Assistance bagages,Éclairage tamisé,Connectivité,Conduite souple,Vue panoramique,Sièges inclinables,Sport,Espace de rangement,Cuisine,Climatisation,Musique,Ambiance chaleureuse,Navigation GPS,Conversation,Langue parlée",Traveler,Essos
3705,Dibombari,"Conduite souple,Chauffeur expérimenté,Connectivité,Ponctualité,Climatisation,Musique,Espace de rangement,Cuisine,Wi-Fi gratuit,Animaux acceptés,Vue panoramique,Boisson gratuite,Sièges inclinables,Confort",Planner,Mutengene
4819,Bonabéri,"Navigation GPS,Langue parlée,Climatisation,Espace de rangement,Conduite souple,Confort,Ambiance chaleureuse,Cuisine,Boisson gratuite,Animaux acceptés,Wi-Fi gratuit,Ponctualité,Sport,Musique,Chauffeur expérimenté,Éclairage tamisé,Conversation,Silence,Assistance bagages,Connectivité,Sièges inclinables,Vue panoramique",Traveler,Bertoua
2081,Loum,"Climatisation,Sport,Silence,Chauffeur expérimenté,Wi-Fi gratuit,Vue panoramique,Langue parlée,Navigation GPS",Traveler,Buea
4181,Batibo,"Navigation GPS,Boisson gratuite,Climatisation,Silence,Éclairage tamisé,Ponctualité,Conversation,Confort,Vue panoramique,Sièges inclinables,Wi-Fi gratuit,Ambiance chaleureuse,Assistance bagages,Espace de rangement,Animaux acceptés,Connectivité,Langue parlée,Chauffeur expérimenté,Conduite souple,Musique",Planner,Garoua
4727,Guider,"Cuisine,Ponctualité,Musique,Langue parlée,Connectivité,Animaux acceptés,Éclairage tamisé,Espace de rangement,Silence",Traveler,Muyuka
4841,Limbe,"Sport,Cuisine,Sièges inclinables,Espace de rangement,Conversation,Boisson gratuite,Conduite souple,Confort",Traveler,Douala
4481,Guider,"Musique,Assistance bagages,Confort,Sièges inclinables,Ambiance chaleureuse,Langue parlée,Conversation,Chauffeur expérimenté,Ponctualité,Connectivité,Cuisine,Silence,Sport,Espace de rangement,Navigation GPS,Animaux acceptés,Vue panoramique,Wi-Fi gratuit,Boisson gratuite,Climatisation",Planner,Bonamoussadi
4074,Banga Bakundu,"Navigation GPS,Boisson gratuite,Chauffeur expérimenté,Musique,Silence,Espace de rangement,Éclairage tamisé,Sièges inclinables,Vue panoramique",Planner,Campo
4194,Mbalmayo,"Connectivité,Espace de rangement,Sièges inclinables,Confort,Silence,Assistance bagages,Ambiance chaleureuse,Cuisine,Chauffeur expérimenté,Wi-Fi gratuit,Boisson gratuite,Climatisation,Conduite souple,Langue parlée,Ponctualité,Sport,Éclairage tamisé,Vue panoramique,Musique,Animaux acceptés",Planner,Bogo
2063,Bertoua,"Langue parlée,Connectivité,Vue panoramique,Navigation GPS,Climatisation,Assistance bagages,Sport,Espace de rangement,Sièges inclinables,Chauffeur expérimenté,Conversation,Animaux acceptés,Wi-Fi gratuit,Conduite souple",Traveler,Figuif
3673,Gazawa,"Climatisation,Connectivité,Vue panoramique,Animaux acceptés,Conduite souple,Ponctualité",Traveler,Mbalmayo
685,Messa,"Musique,Animaux acceptés,Sièges inclinables,Wi-Fi gratuit,Conduite souple,Climatisation,Chauffeur expérimenté,Boisson gratuite,Vue panoramique,Confort,Navigation GPS,Ponctualité,Espace de rangement,Cuisine,Assistance bagages,Langue parlée,Sport,Éclairage tamisé,Ambiance chaleureuse",Planner,Loum
4291,Bandjoun,Vue panoramique,Traveler,Bonakouamouang
4614,Mbandjock,"Conversation,Wi-Fi gratuit,Musique,Animaux acceptés,Boisson gratuite,Confort,Assistance bagages,Navigation GPS,Cuisine,Ponctualité",Traveler,Melong
2689,Mbalmayo,"Ambiance chaleureuse,Conversation,Langue parlée,Climatisation,Wi-Fi gratuit,Navigation GPS,Boisson gratuite,Chauffeur expérimenté,Silence,Espace de rangement,Sièges inclinables,Connectivité,Confort,Sport",Planner,Belo
1189,Yaounde,"Espace de rangement,Animaux acceptés,Éclairage tamisé,Conduite souple,Cuisine,Wi-Fi gratuit,Musique,Sièges inclinables,Langue parlée,Climatisation,Ambiance chaleureuse,Confort,Chauffeur expérimenté,Assistance bagages,Silence,Boisson gratuite,Ponctualité,Vue panoramique,Conversation",Planner,Buea
4871,Bamenda,"Wi-Fi gratuit,Sport,Vue panoramique,Silence,Musique,Ambiance chaleureuse,Boisson gratuite,Éclairage tamisé,Conversation,Chauffeur expérimenté,Sièges inclinables,Cuisine,Espace de rangement,Climatisation,Animaux acceptés,Langue parlée,Confort",Planner,Fontem
3018,Bonaberi,"Boisson gratuite,Confort,Vue panoramique,Ambiance chaleureuse,Assistance bagages,Wi-Fi gratuit,Conduite souple,Climatisation,Éclairage tamisé,Conversation,Langue parlée,Sièges inclinables,Sport,Espace de rangement,Chauffeur expérimenté,Animaux acceptés,Ponctualité,Navigation GPS,Musique,Connectivité",Planner,Nanga-Eboko
1138,Douala,"Vue panoramique,Langue parlée,Animaux acceptés,Conversation,Sièges inclinables,Espace de rangement,Boisson gratuite,Connectivité,Confort,Assistance bagages,Cuisine,Navigation GPS,Ambiance chaleureuse,Musique,Ponctualité,Sport,Conduite souple,Silence,Wi-Fi gratuit,Éclairage tamisé,Chauffeur expérimenté",Planner,Mbandjock
8,Kousseri,"Assistance bagages,Espace de rangement,Climatisation,Sport,Éclairage tamisé,Navigation GPS,Wi-Fi gratuit,Musique,Conversation,Connectivité,Conduite souple,Langue parlée,Chauffeur expérimenté,Animaux acceptés",Planner,Mokolo
4100,Mbandjock,Vue panoramique,Traveler,Banga Bakundu
3245,Mora,"Sièges inclinables,Chauffeur expérimenté,Cuisine,Conduite souple,Assistance bagages,Ponctualité,Langue parlée,Climatisation,Boisson gratuite,Éclairage tamisé",Traveler,Yaounde
691,Essos,"Cuisine,Vue panoramique,Confort,Boisson gratuite,Sport,Conduite souple,Sièges inclinables",Planner,Bafia
1002,Bonabéri,"Ambiance chaleureuse,Sport,Sièges inclinables,Connectivité,Vue panoramique,Wi-Fi gratuit,Chauffeur expérimenté,Langue parlée,Conversation,Conduite souple,Ponctualité",Planner,Mora
3330,Maroua,"Animaux acceptés,Boisson gratuite,Ambiance chaleureuse,Langue parlée",Planner,Yagoua
4021,Mokolo,"Vue panoramique,Animaux acceptés,Navigation GPS,Cuisine,Chauffeur expérimenté,Climatisation,Connectivité,Conversation,Espace de rangement,Sport,Musique,Éclairage tamisé,Sièges inclinables,Boisson gratuite,Silence,Langue parlée,Assistance bagages,Ponctualité,Ambiance chaleureuse,Wi-Fi gratuit,Confort",Planner,Mbanga
1834,Meiganga,"Langue parlée,Conversation,Espace de rangement,Éclairage tamisé,Ponctualité,Boisson gratuite,Silence,Ambiance chaleureuse,Sièges inclinables,Climatisation,Conduite souple,Wi-Fi gratuit,Connectivité,Cuisine,Musique,Animaux acceptés,Vue panoramique",Traveler,Bogo
1748,Bafoussam,"Silence,Navigation GPS,Sièges inclinables,Ponctualité,Conversation,Sport,Musique,Langue parlée,Éclairage tamisé,Climatisation,Boisson gratuite,Assistance bagages,Cuisine,Animaux acceptés,Confort,Espace de rangement",Planner,Messa
143,Batibo,"Animaux acceptés,Connectivité,Ponctualité,Conversation,Boisson gratuite,Ambiance chaleureuse,Éclairage tamisé,Vue panoramique,Sport,Chauffeur expérimenté,Langue parlée",Planner,Kribi
3929,Bimbia,"Conversation,Navigation GPS,Animaux acceptés,Chauffeur expérimenté,Ponctualité,Langue parlée,Espace de rangement,Cuisine,Wi-Fi gratuit,Sièges inclinables,Conduite souple",Planner,Bali Nyonga
1965,Bonabéri,"Cuisine,Sport,Espace de rangement,Navigation GPS,Musique,Assistance bagages,Chauffeur expérimenté,Éclairage tamisé,Ponctualité,Silence,Vue panoramique,Langue parlée,Climatisation,Wi-Fi gratuit,Conduite souple,Conversation,Ambiance chaleureuse,Boisson gratuite,Sièges inclinables,Animaux acceptés",Traveler,Mbouda
3977,Garoua,"Ambiance chaleureuse,Conversation,Boisson gratuite,Éclairage tamisé,Assistance bagages,Musique,Wi-Fi gratuit,Sport",Traveler,Figuif
3713,Buea,"Cuisine,Silence,Ambiance chaleureuse,Sport",Traveler,Douala
3720,Loum,"Conversation,Langue parlée,Vue panoramique,Boisson gratuite,Espace de rangement,Éclairage tamisé,Musique,Climatisation,Sport,Connectivité,Sièges inclinables,Silence,Conduite souple,Assistance bagages,Navigation GPS",Traveler,Bafang
918,Bafia,"Langue parlée,Sièges inclinables,Connectivité,Navigation GPS,Cuisine,Animaux acceptés,Musique,Éclairage tamisé,Chauffeur expérimenté,Confort",Planner,Mokolo
161,Edéa,"Espace de rangement,Connectivité,Cuisine,Ponctualité,Vue panoramique,Conversation,Langue parlée,Sièges inclinables,Boisson gratuite,Conduite souple,Silence,Sport,Éclairage tamisé,Chauffeur expérimenté,Ambiance chaleureuse,Assistance bagages,Animaux acceptés,Wi-Fi gratuit,Climatisation,Musique",Planner,Mbandjock
3438,Gazawa,"Sièges inclinables,Cuisine,Navigation GPS,Conversation,Silence,Langue parlée,Sport,Climatisation,Ponctualité,Conduite souple,Vue panoramique,Wi-Fi gratuit,Espace de rangement,Animaux acceptés,Assistance bagages,Boisson gratuite,Chauffeur expérimenté,Ambiance chaleureuse",Planner,Belo
3355,Bali Nyonga,"Éclairage tamisé,Langue parlée,Navigation GPS,Sport,Ambiance chaleureuse,Ponctualité,Espace de rangement,Chauffeur expérimenté,Assistance bagages,Wi-Fi gratuit,Vue panoramique,Connectivité,Conduite souple,Cuisine,Conversation",Traveler,Maroua
1409,Bamenda,"Conduite souple,Navigation GPS,Climatisation,Conversation,Boisson gratuite,Confort,Chauffeur expérimenté,Sièges inclinables,Ponctualité",Planner,Yaounde
1438,Bandjoun,"Climatisation,Connectivité,Navigation GPS,Espace de rangement,Ponctualité,Conversation",Planner,Bimbia
4884,Yaounde,"Musique,Langue parlée,Chauffeur expérimenté,Animaux acceptés",Traveler,Mbouda
4126,Belo,"Musique,Wi-Fi gratuit,Conduite souple,Boisson gratuite,Cuisine",Traveler,Yagoua
1944,Bonamoussadi,"Animaux acceptés,Navigation GPS,Confort,Sièges inclinables",Traveler,Mutengene
1966,Edéa,"Conversation,Boisson gratuite,Sport,Cuisine",Traveler,Batibo
3526,Yagoua,"Navigation GPS,Conduite souple,Animaux acceptés,Connectivité,Wi-Fi gratuit,Conversation,Vue panoramique,Silence,Éclairage tamisé,Sport,Assistance bagages,Ponctualité,Boisson gratuite,Musique,Ambiance chaleureuse,Espace de rangement,Sièges inclinables,Confort",Traveler,Mbouda
510,Bonabéri,"Connectivité,Boisson gratuite,Confort,Sièges inclinables,Conversation,Musique,Navigation GPS,Éclairage tamisé,Chauffeur expérimenté,Langue parlée,Climatisation,Animaux acceptés,Conduite souple,Sport,Ponctualité,Vue panoramique,Ambiance chaleureuse,Espace de rangement",Planner,Banga Bakundu
1073,Mbalmayo,"Confort,Conversation,Boisson gratuite,Animaux acceptés,Ponctualité,Éclairage tamisé,Sport,Ambiance chaleureuse,Langue parlée",Traveler,Belo
4567,Guider,"Conversation,Boisson gratuite,Vue panoramique",Planner,Mbouda
4391,Kumba,"Langue parlée,Conduite souple,Sport,Sièges inclinables,Assistance bagages,Cuisine,Boisson gratuite",Planner,Yagoua
1260,Maroua,"Sièges inclinables,Climatisation,Animaux acceptés,Sport,Cuisine,Ambiance chaleureuse,Espace de rangement,Connectivité,Wi-Fi gratuit,Conversation,Musique,Conduite souple,Chauffeur expérimenté,Ponctualité,Éclairage tamisé",Traveler,Bertoua
2180,Batibo,"Langue parlée,Confort,Ponctualité,Musique,Éclairage tamisé,Climatisation,Espace de rangement,Animaux acceptés,Assistance bagages",Planner,Bertoua
1107,Muyuka,"Connectivité,Confort,Musique,Ponctualité,Silence,Sport,Wi-Fi gratuit,Éclairage tamisé,Assistance bagages,Conduite souple,Sièges inclinables,Chauffeur expérimenté,Conversation",Traveler,Banga Bakundu
3913,Guider,Animaux acceptés,Traveler,Belo
781,Bonaberi,"Éclairage tamisé,Sport,Boisson gratuite,Assistance bagages,Connectivité,Espace de rangement",Traveler,Essos
4673,Bonaberi,"Espace de rangement,Wi-Fi gratuit,Sport,Chauffeur expérimenté,Éclairage tamisé,Ponctualité,Musique,Climatisation,Langue parlée,Silence,Animaux acceptés,Vue panoramique,Sièges inclinables,Conduite souple,Confort,Navigation GPS,Cuisine,Conversation",Planner,Bali
2965,Figuif,"Assistance bagages,Wi-Fi gratuit,Navigation GPS,Vue panoramique,Sièges inclinables,Ambiance chaleureuse,Confort,Climatisation,Musique,Chauffeur expérimenté,Connectivité,Boisson gratuite,Animaux acceptés,Conduite souple,Ponctualité,Cuisine",Planner,Bafia
3430,Bafang,"Sport,Assistance bagages",Planner,Loum
4292,Bonamoussadi,"Wi-Fi gratuit,Connectivité,Ambiance chaleureuse,Éclairage tamisé,Assistance bagages,Silence,Animaux acceptés,Cuisine,Chauffeur expérimenté,Espace de rangement,Sièges inclinables,Conversation,Musique,Sport,Vue panoramique,Ponctualité,Climatisation",Traveler,Guider
4832,Kribi,"Éclairage tamisé,Connectivité,Chauffeur expérimenté,Ambiance chaleureuse,Musique,Climatisation,Boisson gratuite,Animaux acceptés,Conversation,Assistance bagages,Silence,Conduite souple,Ponctualité,Confort,Langue parlée,Espace de rangement,Wi-Fi gratuit,Navigation GPS,Vue panoramique,Cuisine,Sport",Planner,Maroua
65,Nanga-Eboko,"Ponctualité,Langue parlée,Wi-Fi gratuit,Silence,Boisson gratuite,Conversation,Ambiance chaleureuse,Climatisation,Conduite souple,Musique,Sièges inclinables",Traveler,Bafia
1228,Nkongsamba,"Navigation GPS,Climatisation,Vue panoramique,Sport,Wi-Fi gratuit,Connectivité,Musique,Animaux acceptés,Chauffeur expérimenté",Traveler,Bali Nyonga
2507,Bali,"Assistance bagages,Ambiance chaleureuse,Animaux acceptés,Vue panoramique,Conversation,Espace de rangement,Navigation GPS,Connectivité,Boisson gratuite,Sport",Traveler,Bandjoun
3532,Melong,"Cuisine,Assistance bagages,Conversation,Éclairage tamisé,Conduite souple,Animaux acceptés,Climatisation,Wi-Fi gratuit,Sport",Traveler,Buea
1383,Nanga-Eboko,"Conduite souple,Wi-Fi gratuit,Vue panoramique,Musique,Silence,Chauffeur expérimenté,Ambiance chaleureuse,Climatisation,Conversation,Cuisine,Espace de rangement",Planner,Douala
567,Mokolo,"Sport,Confort,Cuisine,Connectivité",Traveler,Bonanjo
195,Mbanga,"Confort,Sièges inclinables,Silence,Climatisation,Assistance bagages,Cuisine,Musique,Conversation,Connectivité,Navigation GPS,Espace de rangement,Éclairage tamisé,Ponctualité,Conduite souple,Chauffeur expérimenté,Ambiance chaleureuse,Vue panoramique,Animaux acceptés",Traveler,Guider
4405,Fontem,"Musique,Silence,Éclairage tamisé,Chauffeur expérimenté",Traveler,Bali
742,Bonanjo,"Wi-Fi gratuit,Assistance bagages,Ponctualité,Navigation GPS,Conduite souple,Éclairage tamisé,Sport,Langue parlée,Musique,Conversation,Climatisation,Cuisine,Confort,Vue panoramique,Connectivité,Silence",Traveler,Bafoussam
863,Mora,Vue panoramique,Traveler,Mokolo
2161,Garoua,"Climatisation,Sport,Cuisine,Chauffeur expérimenté",Traveler,Edéa
4806,Kribi,"Conduite souple,Langue parlée,Connectivité,Wi-Fi gratuit,Climatisation,Éclairage tamisé,Espace de rangement,Silence,Animaux acceptés,Chauffeur expérimenté,Sport,Boisson gratuite,Vue panoramique,Sièges inclinables,Conversation,Assistance bagages,Navigation GPS,Ponctualité,Cuisine,Ambiance chaleureuse,Confort",Planner,Bimbia
4849,Boutours,"Sport,Musique,Ambiance chaleureuse,Cuisine,Assistance bagages,Navigation GPS,Sièges inclinables,Wi-Fi gratuit,Animaux acceptés,Boisson gratuite,Chauffeur expérimenté,Connectivité,Espace de rangement,Conduite souple,Éclairage tamisé,Silence,Langue parlée,Conversation",Traveler,Mbouda
1468,Nkongsamba,Cuisine,Traveler,Bali Nyonga
1817,Garoua,"Ambiance chaleureuse,Climatisation,Sièges inclinables,Animaux acceptés,Langue parlée",Planner,Bertoua
4490,Bertoua,"Conversation,Connectivité,Ponctualité,Navigation GPS,Boisson gratuite,Climatisation,Chauffeur expérimenté,Ambiance chaleureuse,Silence,Musique",Traveler,Mutengene
1243,Limbe,"Vue panoramique,Sport,Espace de rangement,Ponctualité,Cuisine,Assistance bagages,Confort,Musique,Conversation,Climatisation,Chauffeur expérimenté,Boisson gratuite,Navigation GPS,Ambiance chaleureuse,Conduite souple,Sièges inclinables,Silence,Langue parlée",Planner,Buea
2483,Yaounde,"Silence,Assistance bagages,Vue panoramique,Musique,Connectivité,Éclairage tamisé,Conversation,Navigation GPS,Wi-Fi gratuit,Langue parlée,Ponctualité,Animaux acceptés",Traveler,Bonakouamouang
4568,Kribi,"Ponctualité,Conduite souple,Climatisation,Sièges inclinables,Assistance bagages,Animaux acceptés,Cuisine,Musique,Espace de rangement,Ambiance chaleureuse,Sport,Éclairage tamisé,Langue parlée,Connectivité,Conversation,Wi-Fi gratuit,Vue panoramique,Boisson gratuite,Chauffeur expérimenté",Traveler,Maroua
93,Campo,"Éclairage tamisé,Navigation GPS,Assistance bagages,Silence,Espace de rangement,Vue panoramique,Ambiance chaleureuse,Conduite souple,Climatisation,Cuisine,Connectivité,Confort,Ponctualité",Traveler,Gazawa
2481,Belabo,"Boisson gratuite,Langue parlée,Animaux acceptés,Vue panoramique,Connectivité,Chauffeur expérimenté,Éclairage tamisé,Wi-Fi gratuit,Sport",Planner,Loum
4150,Fontem,"Sièges inclinables,Boisson gratuite,Wi-Fi gratuit,Sport,Langue parlée,Ponctualité,Conversation,Silence",Traveler,Buea
488,Limbe,"Espace de rangement,Éclairage tamisé,Conversation,Confort,Langue parlée,Animaux acceptés",Planner,Guider
1022,Melong,"Navigation GPS,Assistance bagages,Boisson gratuite,Cuisine,Confort,Wi-Fi gratuit,Animaux acceptés,Chauffeur expérimenté,Conversation,Sièges inclinables,Conduite souple,Espace de rangement,Sport,Éclairage tamisé,Ambiance chaleureuse,Langue parlée,Climatisation,Vue panoramique,Ponctualité",Traveler,Maroua
324,Bali,"Climatisation,Ambiance chaleureuse,Wi-Fi gratuit,Sièges inclinables,Sport,Cuisine,Musique,Langue parlée,Animaux acceptés,Chauffeur expérimenté",Traveler,Nanga-Eboko
799,Yagoua,"Vue panoramique,Animaux acceptés,Ambiance chaleureuse,Éclairage tamisé,Confort,Conduite souple,Assistance bagages,Musique,Conversation,Sport,Navigation GPS,Cuisine,Silence,Ponctualité,Langue parlée,Wi-Fi gratuit,Climatisation",Traveler,Yagoua
423,Muyuka,"Connectivité,Langue parlée,Animaux acceptés,Wi-Fi gratuit,Climatisation,Cuisine,Confort,Ambiance chaleureuse,Silence,Navigation GPS,Conduite souple,Espace de rangement,Conversation,Éclairage tamisé,Musique",Planner,Mbandjock
2013,Mbouda,"Sièges inclinables,Boisson gratuite,Animaux acceptés,Vue panoramique,Cuisine,Chauffeur expérimenté",Planner,Mbalmayo
3637,Fontem,"Animaux acceptés,Boisson gratuite,Assistance bagages,Confort,Cuisine",Planner,Batibo
14,Mbandjock,"Connectivité,Silence,Sport,Conversation,Sièges inclinables,Confort,Chauffeur expérimenté,Boisson gratuite,Espace de rangement,Ambiance chaleureuse,Climatisation,Cuisine,Vue panoramique,Wi-Fi gratuit,Animaux acceptés,Conduite souple",Planner,Loum
2106,Loum,"Sièges inclinables,Conversation,Animaux acceptés,Éclairage tamisé,Vue panoramique,Connectivité,Chauffeur expérimenté,Navigation GPS,Boisson gratuite,Ponctualité,Confort,Sport,Conduite souple,Musique,Espace de rangement,Cuisine,Silence,Climatisation",Traveler,Figuif
1697,Gazawa,"Vue panoramique,Musique,Climatisation,Conduite souple,Éclairage tamisé,Ambiance chaleureuse,Assistance bagages,Sièges inclinables,Animaux acceptés,Cuisine,Navigation GPS,Connectivité,Boisson gratuite,Conversation,Chauffeur expérimenté",Traveler,Mbandjock
4508,Bali,"Cuisine,Sport,Animaux acceptés,Sièges inclinables,Chauffeur expérimenté,Navigation GPS,Wi-Fi gratuit,Connectivité,Ambiance chaleureuse,Silence,Ponctualité,Musique,Assistance bagages,Espace de rangement,Conduite souple,Climatisation,Conversation,Confort,Vue panoramique,Boisson gratuite,Langue parlée,Éclairage tamisé",Planner,Fontem
4226,Boutours,"Sièges inclinables,Wi-Fi gratuit,Boisson gratuite,Navigation GPS,Conduite souple,Assistance bagages,Chauffeur expérimenté,Connectivité,Cuisine",Planner,Bafoussam
4041,Nkongsamba,"Éclairage tamisé,Vue panoramique,Espace de rangement,Conduite souple,Boisson gratuite,Animaux acceptés,Ponctualité,Ambiance chaleureuse,Cuisine,Connectivité,Langue parlée,Assistance bagages,Sport,Silence,Confort,Sièges inclinables",Planner,Bonabéri
2488,Bonanjo,"Éclairage tamisé,Ponctualité,Musique",Planner,Bimbia
4295,Bonanjo,Éclairage tamisé,Planner,Kousseri
1884,Bali Nyonga,"Cuisine,Navigation GPS,Sièges inclinables,Animaux acceptés,Musique,Boisson gratuite,Climatisation,Éclairage tamisé,Assistance bagages,Conversation,Wi-Fi gratuit,Vue panoramique,Confort,Ambiance chaleureuse,Silence,Espace de rangement,Chauffeur expérimenté,Conduite souple",Planner,Bonanjo
2710,Douala,"Éclairage tamisé,Boisson gratuite,Chauffeur expérimenté,Ponctualité,Cuisine,Animaux acceptés,Wi-Fi gratuit,Climatisation,Assistance bagages,Langue parlée,Navigation GPS,Silence,Sport,Musique,Sièges inclinables,Connectivité,Vue panoramique,Espace de rangement,Conversation,Conduite souple,Ambiance chaleureuse,Confort",Traveler,Mbalmayo
4889,Mbalmayo,"Sièges inclinables,Conduite souple",Planner,Muyuka
4376,Mutengene,"Langue parlée,Animaux acceptés,Éclairage tamisé,Conduite souple,Espace de rangement,Ponctualité,Climatisation,Silence,Sport,Musique,Boisson gratuite,Wi-Fi gratuit,Assistance bagages,Vue panoramique,Chauffeur expérimenté,Connectivité,Confort,Conversation",Traveler,Campo
3497,Bonakouamouang,"Boisson gratuite,Musique,Langue parlée,Ponctualité,Espace de rangement,Animaux acceptés,Ambiance chaleureuse,Sport,Conduite souple,Climatisation,Assistance bagages",Traveler,Mbouda
973,Bonamoussadi,"Musique,Connectivité,Langue parlée,Ponctualité,Confort,Chauffeur expérimenté,Navigation GPS,Climatisation,Sièges inclinables,Silence,Espace de rangement,Animaux acceptés,Cuisine,Boisson gratuite,Conversation,Ambiance chaleureuse,Assistance bagages,Wi-Fi gratuit,Conduite souple,Vue panoramique,Sport,Éclairage tamisé",Planner,Bertoua
4927,Mbalmayo,"Conversation,Sport,Langue parlée,Connectivité",Traveler,Kumba
2925,Maroua,"Assistance bagages,Cuisine,Conversation,Boisson gratuite,Vue panoramique,Climatisation,Wi-Fi gratuit,Éclairage tamisé",Traveler,Bertoua
4322,Meiganga,"Espace de rangement,Climatisation,Sièges inclinables,Connectivité,Animaux acceptés,Silence,Musique,Conversation,Ponctualité,Conduite souple,Navigation GPS,Cuisine,Assistance bagages,Wi-Fi gratuit,Boisson gratuite,Confort",Traveler,Bali Nyonga
1366,Bertoua,"Connectivité,Sport,Assistance bagages,Sièges inclinables,Langue parlée,Éclairage tamisé,Cuisine,Chauffeur expérimenté,Conversation,Ponctualité,Navigation GPS,Conduite souple,Animaux acceptés,Musique,Silence,Ambiance chaleureuse,Wi-Fi gratuit,Climatisation,Vue panoramique",Traveler,Yagoua
4911,Loum,"Climatisation,Langue parlée,Navigation GPS,Connectivité,Éclairage tamisé,Assistance bagages,Sport,Wi-Fi gratuit,Animaux acceptés,Cuisine,Conversation,Conduite souple,Silence,Musique,Ponctualité,Chauffeur expérimenté",Planner,Messa
3334,Mutengene,"Cuisine,Langue parlée,Silence,Connectivité,Musique,Conversation,Éclairage tamisé,Animaux acceptés,Chauffeur expérimenté,Boisson gratuite,Vue panoramique,Climatisation,Conduite souple,Sport,Ponctualité,Navigation GPS",Traveler,Bafoussam
4242,Bali,"Cuisine,Boisson gratuite,Musique,Animaux acceptés,Conversation,Connectivité,Espace de rangement",Traveler,Mokolo
44,Bonanjo,"Silence,Sport,Conversation,Musique,Confort,Ambiance chaleureuse,Espace de rangement,Vue panoramique,Ponctualité,Langue parlée,Climatisation,Assistance bagages,Animaux acceptés,Cuisine,Boisson gratuite",Traveler,Meiganga
4509,Yaounde,"Espace de rangement,Animaux acceptés,Silence,Assistance bagages,Boisson gratuite,Ambiance chaleureuse,Vue panoramique,Connectivité,Conduite souple,Sièges inclinables,Confort,Climatisation,Ponctualité,Cuisine,Conversation,Navigation GPS,Wi-Fi gratuit,Éclairage tamisé,Sport,Langue parlée,Chauffeur expérimenté,Musique",Traveler,Maroua
978,Douala,"Ponctualité,Navigation GPS",Traveler,Bafia
4479,Belabo,"Cuisine,Vue panoramique,Langue parlée",Traveler,Essos
2142,Nanga-Eboko,"Vue panoramique,Wi-Fi gratuit,Confort,Navigation GPS,Silence,Chauffeur expérimenté,Animaux acceptés,Sport,Boisson gratuite,Musique,Ponctualité,Connectivité,Conduite souple,Climatisation,Cuisine,Assistance bagages,Éclairage tamisé,Ambiance chaleureuse,Langue parlée",Traveler,Bertoua
4114,Bali Nyonga,"Navigation GPS,Espace de rangement,Silence,Boisson gratuite,Climatisation,Éclairage tamisé,Wi-Fi gratuit,Conversation,Animaux acceptés,Vue panoramique,Sport,Ambiance chaleureuse,Connectivité,Ponctualité",Planner,Banga Bakundu
1833,Bogo,"Éclairage tamisé,Conversation,Silence,Sièges inclinables,Wi-Fi gratuit,Ambiance chaleureuse,Assistance bagages,Chauffeur expérimenté,Espace de rangement,Confort,Langue parlée,Vue panoramique,Connectivité,Ponctualité",Traveler,Mora
763,Mokolo,"Animaux acceptés,Sièges inclinables,Climatisation,Conduite souple,Conversation,Wi-Fi gratuit,Connectivité,Silence,Espace de rangement,Éclairage tamisé,Boisson gratuite,Chauffeur expérimenté",Planner,Bali Nyonga
3971,Limbe,"Cuisine,Navigation GPS,Conversation,Wi-Fi gratuit,Boisson gratuite,Ambiance chaleureuse,Confort,Silence,Éclairage tamisé,Climatisation,Chauffeur expérimenté,Ponctualité,Connectivité,Animaux acceptés,Espace de rangement,Conduite souple,Assistance bagages,Vue panoramique,Sièges inclinables,Langue parlée",Planner,Mbalmayo
2240,Bonaberi,"Vue panoramique,Wi-Fi gratuit,Ponctualité,Boisson gratuite,Animaux acceptés,Sièges inclinables,Conversation,Conduite souple,Musique,Climatisation,Chauffeur expérimenté,Espace de rangement",Traveler,Kribi
3506,Bali Nyonga,"Conduite souple,Espace de rangement,Wi-Fi gratuit",Planner,Bafia
1122,Buea,"Éclairage tamisé,Silence,Sièges inclinables",Planner,Yagoua
1649,Nanga-Eboko,"Ambiance chaleureuse,Confort,Sport,Assistance bagages,Climatisation,Conversation,Animaux acceptés,Conduite souple,Chauffeur expérimenté,Connectivité,Éclairage tamisé",Planner,Kribi
4270,Mbouda,"Silence,Vue panoramique,Connectivité,Assistance bagages,Wi-Fi gratuit,Sièges inclinables,Conversation,Sport,Animaux acceptés,Confort,Chauffeur expérimenté,Cuisine,Langue parlée,Boisson gratuite,Éclairage tamisé,Climatisation,Ambiance chaleureuse,Ponctualité,Espace de rangement,Conduite souple",Planner,Buea
3619,Limbe,"Ambiance chaleureuse,Chauffeur expérimenté,Boisson gratuite,Silence,Conversation,Éclairage tamisé,Connectivité,Conduite souple,Assistance bagages,Espace de rangement,Wi-Fi gratuit,Vue panoramique,Langue parlée,Navigation GPS,Confort,Climatisation,Sport,Musique,Cuisine,Animaux acceptés,Sièges inclinables,Ponctualité",Traveler,Garoua
3850,Bonabéri,"Connectivité,Assistance bagages",Traveler,Kumba
848,Buea,"Conversation,Espace de rangement,Cuisine,Silence,Animaux acceptés,Chauffeur expérimenté,Ponctualité,Navigation GPS,Conduite souple,Confort,Langue parlée,Connectivité,Ambiance chaleureuse,Boisson gratuite,Sièges inclinables,Assistance bagages,Climatisation,Musique,Vue panoramique,Éclairage tamisé,Sport",Traveler,Maroua
2885,Kumba,"Connectivité,Confort,Éclairage tamisé,Boisson gratuite,Wi-Fi gratuit,Vue panoramique,Chauffeur expérimenté,Langue parlée,Navigation GPS,Conversation,Climatisation,Assistance bagages,Espace de rangement,Sièges inclinables,Silence,Animaux acceptés",Planner,Meiganga
3637,Edéa,"Conduite souple,Musique,Silence,Boisson gratuite,Climatisation,Sport,Animaux acceptés,Confort,Ponctualité,Chauffeur expérimenté,Wi-Fi gratuit,Vue panoramique,Conversation,Cuisine,Langue parlée",Planner,Edéa
2742,Bonaberi,"Chauffeur expérimenté,Navigation GPS,Animaux acceptés,Espace de rangement",Planner,Banga Bakundu
3528,Douala,"Conversation,Animaux acceptés,Navigation GPS,Ponctualité,Espace de rangement,Sport,Confort,Wi-Fi gratuit",Traveler,Messa
2493,Bonabéri,"Conduite souple,Silence,Conversation,Musique,Animaux acceptés,Sport,Navigation GPS,Confort,Wi-Fi gratuit,Langue parlée,Ponctualité,Chauffeur expérimenté,Cuisine,Assistance bagages,Connectivité,Sièges inclinables,Boisson gratuite,Climatisation,Ambiance chaleureuse,Vue panoramique,Éclairage tamisé",Traveler,Bafia
4927,Figuif,"Animaux acceptés,Ponctualité,Sièges inclinables,Cuisine,Ambiance chaleureuse,Conduite souple,Langue parlée,Conversation,Silence,Assistance bagages,Éclairage tamisé,Wi-Fi gratuit,Confort,Vue panoramique,Chauffeur expérimenté,Climatisation,Sport,Musique",Planner,Campo
4406,Douala,"Sport,Cuisine,Conduite souple,Boisson gratuite,Climatisation,Ambiance chaleureuse,Musique,Ponctualité,Langue parlée,Vue panoramique,Chauffeur expérimenté,Navigation GPS,Sièges inclinables,Conversation,Animaux acceptés,Espace de rangement,Assistance bagages,Wi-Fi gratuit,Silence,Confort",Planner,Batibo
13,Nkongsamba,"Confort,Éclairage tamisé,Ambiance chaleureuse,Langue parlée,Cuisine,Boisson gratuite,Espace de rangement,Conversation,Musique,Sièges inclinables,Assistance bagages",Planner,Bonaberi
3374,Kribi,"Langue parlée,Animaux acceptés,Connectivité,Cuisine,Wi-Fi gratuit,Conduite souple",Planner,Buea
1379,Loum,"Navigation GPS,Vue panoramique,Conduite souple,Boisson gratuite,Ambiance chaleureuse,Sport,Musique,Silence,Assistance bagages",Traveler,Figuif
3268,Muyuka,"Cuisine,Boisson gratuite,Vue panoramique,Navigation GPS,Musique,Connectivité,Wi-Fi gratuit,Espace de rangement,Animaux acceptés,Éclairage tamisé,Confort,Silence,Sport,Assistance bagages,Ponctualité,Langue parlée",Planner,Buea
3223,Maroua,"Navigation GPS,Assistance bagages,Chauffeur expérimenté,Éclairage tamisé,Conduite souple,Wi-Fi gratuit,Conversation,Ponctualité,Animaux acceptés,Silence,Connectivité,Langue parlée,Sport",Traveler,Garoua
3526,Buea,"Ponctualité,Connectivité,Vue panoramique,Éclairage tamisé,Assistance bagages,Langue parlée,Espace de rangement,Wi-Fi gratuit,Silence,Animaux acceptés,Cuisine,Climatisation,Chauffeur expérimenté,Confort,Boisson gratuite",Planner,Bertoua
421,Essos,"Connectivité,Éclairage tamisé,Langue parlée",Traveler,Maroua
999,Boutours,"Musique,Ponctualité,Vue panoramique,Navigation GPS,Boisson gratuite,Éclairage tamisé,Assistance bagages,Animaux acceptés,Wi-Fi gratuit,Langue parlée,Espace de rangement",Planner,Kousseri
105,Belo,"Sport,Confort,Assistance bagages,Espace de rangement,Cuisine",Planner,Bafia
978,Campo,"Connectivité,Conversation,Sport,Conduite souple,Chauffeur expérimenté,Confort,Wi-Fi gratuit,Éclairage tamisé,Espace de rangement,Musique,Assistance bagages,Boisson gratuite,Navigation GPS,Climatisation,Langue parlée",Traveler,Mbalmayo
4210,Garoua,Climatisation,Planner,Belabo
1299,Mutengene,"Confort,Animaux acceptés,Sport,Climatisation,Silence,Éclairage tamisé,Musique,Connectivité,Boisson gratuite,Sièges inclinables,Navigation GPS,Ponctualité,Ambiance chaleureuse,Chauffeur expérimenté,Conduite souple,Conversation,Assistance bagages,Wi-Fi gratuit,Vue panoramique,Cuisine,Langue parlée",Planner,Bafoussam
2381,Gazawa,"Conversation,Musique,Chauffeur expérimenté,Sièges inclinables,Navigation GPS,Vue panoramique,Ambiance chaleureuse,Espace de rangement,Boisson gratuite,Sport,Confort,Éclairage tamisé,Climatisation,Connectivité",Planner,Bamenda
4482,Mokolo,"Climatisation,Vue panoramique,Langue parlée,Sport,Cuisine",Planner,Campo
1679,Yagoua,"Musique,Animaux acceptés,Sport,Conversation,Espace de rangement,Navigation GPS,Climatisation,Wi-Fi gratuit",Planner,Mutengene
2709,Mbouda,"Sièges inclinables,Espace de rangement,Animaux acceptés,Musique,Chauffeur expérimenté,Climatisation,Conduite souple,Éclairage tamisé,Ambiance chaleureuse,Langue parlée,Assistance bagages,Ponctualité,Boisson gratuite,Vue panoramique,Confort,Navigation GPS",Traveler,Belabo
1387,Buea,"Vue panoramique,Chauffeur expérimenté,Ponctualité,Wi-Fi gratuit,Navigation GPS,Confort,Conduite souple,Cuisine,Animaux acceptés,Connectivité,Sport,Sièges inclinables,Assistance bagages,Conversation,Langue parlée,Ambiance chaleureuse,Boisson gratuite,Espace de rangement,Climatisation,Éclairage tamisé,Musique",Planner,Gazawa
3645,Bimbia,"Musique,Silence,Ambiance chaleureuse,Connectivité,Conduite souple,Ponctualité,Sport,Langue parlée,Climatisation,Conversation,Éclairage tamisé,Cuisine,Wi-Fi gratuit,Sièges inclinables,Assistance bagages,Boisson gratuite,Chauffeur expérimenté",Planner,Belabo
85,Yagoua,"Assistance bagages,Sièges inclinables,Cuisine,Vue panoramique,Musique,Conduite souple",Traveler,Bafoussam
3685,Maroua,"Navigation GPS,Éclairage tamisé,Animaux acceptés,Chauffeur expérimenté,Boisson gratuite,Wi-Fi gratuit,Vue panoramique,Langue parlée,Connectivité,Cuisine,Sièges inclinables,Climatisation,Ambiance chaleureuse,Silence,Conduite souple,Ponctualité,Espace de rangement,Musique,Assistance bagages,Conversation,Confort",Traveler,Campo
1124,Bonaberi,"Espace de rangement,Éclairage tamisé,Navigation GPS,Boisson gratuite,Assistance bagages,Ambiance chaleureuse,Animaux acceptés,Confort,Connectivité,Sièges inclinables,Musique,Silence,Wi-Fi gratuit,Conduite souple,Conversation,Climatisation,Langue parlée",Traveler,Kumba
4781,Bimbia,"Animaux acceptés,Langue parlée,Ponctualité,Wi-Fi gratuit,Silence,Sport",Traveler,Bafoussam
2814,Meiganga,"Vue panoramique,Ponctualité,Sièges inclinables,Silence,Conversation,Wi-Fi gratuit,Espace de rangement,Boisson gratuite,Conduite souple,Musique,Navigation GPS,Confort,Animaux acceptés,Langue parlée,Cuisine,Chauffeur expérimenté,Assistance bagages",Planner,Gazawa
1635,Bonanjo,Assistance bagages,Traveler,Bali Nyonga
4331,Kribi,"Confort,Éclairage tamisé,Espace de rangement,Cuisine,Ponctualité,Conduite souple,Wi-Fi gratuit,Navigation GPS,Silence,Sport,Connectivité,Musique,Vue panoramique,Assistance bagages,Langue parlée,Chauffeur expérimenté,Climatisation,Conversation",Traveler,Beti
1081,Buea,"Assistance bagages,Climatisation,Confort,Animaux acceptés,Langue parlée,Espace de rangement,Chauffeur expérimenté",Traveler,Batibo
2250,Bafang,"Wi-Fi gratuit,Vue panoramique,Ambiance chaleureuse,Boisson gratuite,Conduite souple,Langue parlée,Sport,Cuisine,Chauffeur expérimenté,Connectivité,Sièges inclinables,Espace de rangement,Conversation,Musique,Navigation GPS,Climatisation,Éclairage tamisé,Assistance bagages,Animaux acceptés,Confort,Ponctualité",Traveler,Batibo
2488,Banga Bakundu,"Climatisation,Animaux acceptés,Cuisine,Vue panoramique,Chauffeur expérimenté,Ambiance chaleureuse,Wi-Fi gratuit,Sport,Langue parlée,Éclairage tamisé,Silence,Conversation,Assistance bagages",Traveler,Melong
1625,Mbouda,"Chauffeur expérimenté,Éclairage tamisé,Animaux acceptés,Conversation,Langue parlée,Wi-Fi gratuit",Traveler,Garoua
1853,Gazawa,"Connectivité,Confort,Conduite souple,Vue panoramique,Animaux acceptés,Navigation GPS,Espace de rangement",Traveler,Figuif
754,Bali Nyonga,"Boisson gratuite,Musique,Conversation,Assistance bagages,Confort,Cuisine,Vue panoramique,Climatisation",Traveler,Belabo
2439,Essos,"Silence,Navigation GPS,Chauffeur expérimenté,Conduite souple,Boisson gratuite,Ambiance chaleureuse,Sport,Sièges inclinables",Traveler,Fontem
900,Gazawa,"Climatisation,Espace de rangement,Sièges inclinables,Navigation GPS,Musique,Silence,Éclairage tamisé",Planner,Banga Bakundu
909,Boutours,"Connectivité,Wi-Fi gratuit,Vue panoramique,Espace de rangement,Langue parlée,Boisson gratuite,Musique",Planner,Buea
683,Bimbia,"Animaux acceptés,Conversation,Conduite souple,Boisson gratuite,Wi-Fi gratuit,Confort,Connectivité,Navigation GPS,Climatisation,Vue panoramique,Langue parlée,Chauffeur expérimenté,Sièges inclinables,Ambiance chaleureuse,Silence,Cuisine,Éclairage tamisé,Sport,Espace de rangement,Ponctualité,Musique",Traveler,Batibo
1935,Belo,"Cuisine,Climatisation,Vue panoramique,Boisson gratuite,Confort,Conversation,Conduite souple,Assistance bagages,Connectivité,Sport,Éclairage tamisé,Silence,Wi-Fi gratuit,Musique,Chauffeur expérimenté,Langue parlée,Sièges inclinables,Ambiance chaleureuse,Espace de rangement,Ponctualité,Navigation GPS",Planner,Kumba
3332,Mbanga,"Chauffeur expérimenté,Cuisine,Conduite souple,Langue parlée,Climatisation,Vue panoramique,Animaux acceptés,Sport,Connectivité,Ambiance chaleureuse,Sièges inclinables,Conversation,Boisson gratuite,Assistance bagages,Silence,Éclairage tamisé,Espace de rangement,Musique,Confort,Ponctualité",Traveler,Fontem
3029,Kousseri,"Ambiance chaleureuse,Navigation GPS,Boisson gratuite,Sport,Chauffeur expérimenté,Animaux acceptés,Ponctualité,Silence,Assistance bagages,Climatisation,Espace de rangement",Planner,Mbouda
3706,Mbanga,"Animaux acceptés,Vue panoramique,Conduite souple,Sièges inclinables,Chauffeur expérimenté,Boisson gratuite,Éclairage tamisé,Cuisine,Climatisation,Espace de rangement,Assistance bagages,Ponctualité,Ambiance chaleureuse,Langue parlée,Connectivité,Wi-Fi gratuit,Musique,Silence",Planner,Dibombari
1783,Essos,"Chauffeur expérimenté,Musique,Climatisation,Navigation GPS,Wi-Fi gratuit,Animaux acceptés",Planner,Figuif
298,Bogo,Silence,Planner,Kousseri
4421,Banga Bakundu,"Ambiance chaleureuse,Vue panoramique,Conduite souple,Espace de rangement,Éclairage tamisé,Climatisation,Conversation,Sport,Assistance bagages,Ponctualité,Confort",Traveler,Bonaberi
4838,Buea,"Musique,Boisson gratuite,Wi-Fi gratuit,Cuisine,Langue parlée,Conversation,Climatisation,Vue panoramique,Ponctualité,Éclairage tamisé,Animaux acceptés,Sièges inclinables,Silence,Connectivité,Ambiance chaleureuse,Conduite souple,Sport,Navigation GPS,Chauffeur expérimenté",Traveler,Douala
520,Bonabéri,Boisson gratuite,Planner,Garoua
756,Belo,"Climatisation,Musique,Connectivité,Animaux acceptés,Éclairage tamisé",Traveler,Essos
2050,Mbandjock,"Conversation,Sièges inclinables,Navigation GPS,Vue panoramique,Animaux acceptés,Conduite souple,Ponctualité",Traveler,Bandjoun
971,Nkongsamba,"Assistance bagages,Cuisine,Éclairage tamisé,Conduite souple",Traveler,Buea
1303,Limbe,"Wi-Fi gratuit,Conversation,Assistance bagages,Sièges inclinables,Espace de rangement",Planner,Mbanga
2171,Melong,"Musique,Langue parlée,Vue panoramique,Boisson gratuite,Navigation GPS",Planner,Kumba
2176,Belabo,"Langue parlée,Musique,Ambiance chaleureuse,Silence,Éclairage tamisé,Chauffeur expérimenté,Animaux acceptés,Sièges inclinables,Cuisine,Vue panoramique",Traveler,Mutengene
2029,Bonaberi,"Silence,Vue panoramique,Chauffeur expérimenté,Espace de rangement,Connectivité,Boisson gratuite,Conduite souple,Cuisine,Éclairage tamisé,Wi-Fi gratuit,Sièges inclinables,Assistance bagages,Ponctualité,Confort,Navigation GPS,Ambiance chaleureuse,Animaux acceptés,Climatisation,Musique,Conversation,Sport,Langue parlée",Planner,Mutengene
1012,Bertoua,"Espace de rangement,Sièges inclinables,Ponctualité,Assistance bagages",Traveler,Loum
4854,Loum,Conversation,Planner,Buea
14,Figuif,"Climatisation,Vue panoramique,Navigation GPS,Ponctualité,Wi-Fi gratuit,Ambiance chaleureuse,Éclairage tamisé,Conduite souple,Sport,Confort,Connectivité,Espace de rangement",Planner,Meiganga
1103,Boutours,"Langue parlée,Éclairage tamisé,Animaux acceptés,Assistance bagages,Chauffeur expérimenté,Espace de rangement,Musique,Cuisine,Vue panoramique,Boisson gratuite,Sport",Planner,Figuif
1716,Bonaberi,"Confort,Silence,Connectivité,Ponctualité,Assistance bagages,Vue panoramique,Chauffeur expérimenté,Climatisation,Espace de rangement,Langue parlée",Traveler,Mora
3697,Fontem,"Assistance bagages,Chauffeur expérimenté,Espace de rangement,Animaux acceptés,Musique,Sièges inclinables,Conversation,Navigation GPS,Climatisation,Cuisine,Connectivité,Ambiance chaleureuse,Langue parlée",Traveler,Messa
2690,Mutengene,"Conversation,Éclairage tamisé,Chauffeur expérimenté,Ponctualité,Wi-Fi gratuit,Connectivité,Vue panoramique,Conduite souple,Boisson gratuite,Silence,Langue parlée,Animaux acceptés,Musique,Navigation GPS,Confort,Espace de rangement,Climatisation,Assistance bagages",Planner,Buea
157,Mokolo,"Animaux acceptés,Boisson gratuite,Connectivité,Cuisine,Silence,Assistance bagages,Climatisation,Sièges inclinables,Vue panoramique,Chauffeur expérimenté,Espace de rangement",Traveler,Garoua
4871,Kumba,"Connectivité,Espace de rangement,Langue parlée,Boisson gratuite",Planner,Figuif
689,Mbanga,"Wi-Fi gratuit,Confort,Sièges inclinables,Connectivité,Conduite souple,Ponctualité,Sport,Conversation,Climatisation,Langue parlée",Traveler,Melong
4392,Gazawa,"Cuisine,Vue panoramique,Sport,Connectivité,Silence",Traveler,Mbalmayo
589,Banga Bakundu,"Confort,Chauffeur expérimenté,Espace de rangement,Vue panoramique,Sport,Silence,Cuisine,Conversation,Wi-Fi gratuit,Musique,Sièges inclinables,Connectivité,Conduite souple,Éclairage tamisé,Langue parlée,Boisson gratuite,Navigation GPS,Climatisation,Assistance bagages,Ambiance chaleureuse,Ponctualité",Traveler,Bertoua
1278,Belabo,"Sport,Silence,Navigation GPS,Connectivité,Ambiance chaleureuse,Conversation",Traveler,Mora
116,Figuif,"Wi-Fi gratuit,Silence,Climatisation",Traveler,Buea
2879,Gazawa,"Chauffeur expérimenté,Conduite souple,Climatisation,Espace de rangement",Traveler,Yagoua
1363,Buea,"Confort,Chauffeur expérimenté,Éclairage tamisé,Boisson gratuite,Navigation GPS,Silence,Sport,Sièges inclinables,Wi-Fi gratuit,Assistance bagages,Ponctualité,Langue parlée",Traveler,Buea
1497,Douala,"Sport,Climatisation,Boisson gratuite,Langue parlée,Connectivité,Ponctualité,Chauffeur expérimenté,Cuisine,Assistance bagages,Conversation,Musique,Wi-Fi gratuit,Navigation GPS,Sièges inclinables,Vue panoramique,Silence,Ambiance chaleureuse,Conduite souple,Animaux acceptés,Confort,Éclairage tamisé",Traveler,Dibombari
451,Bimbia,"Conversation,Sport,Confort,Musique,Chauffeur expérimenté,Connectivité,Silence,Boisson gratuite,Navigation GPS,Langue parlée,Ponctualité",Planner,Bali
2243,Essos,"Assistance bagages,Éclairage tamisé,Climatisation,Vue panoramique,Boisson gratuite,Animaux acceptés,Chauffeur expérimenté,Silence,Ambiance chaleureuse,Sièges inclinables,Wi-Fi gratuit,Ponctualité,Conversation,Espace de rangement,Connectivité,Sport,Confort,Conduite souple,Navigation GPS,Musique,Langue parlée",Traveler,Bertoua
1618,Bali,"Navigation GPS,Confort,Sièges inclinables,Vue panoramique,Wi-Fi gratuit,Espace de rangement,Animaux acceptés,Ponctualité,Chauffeur expérimenté",Traveler,Kousseri
1854,Bogo,"Boisson gratuite,Musique,Conversation,Climatisation,Wi-Fi gratuit,Sport,Éclairage tamisé,Sièges inclinables,Confort,Connectivité,Chauffeur expérimenté,Cuisine",Planner,Loum
2348,Bonaberi,"Boisson gratuite,Langue parlée,Chauffeur expérimenté,Ponctualité,Conversation,Vue panoramique,Climatisation,Confort,Sièges inclinables,Sport,Conduite souple,Animaux acceptés,Musique,Éclairage tamisé,Connectivité,Ambiance chaleureuse,Silence,Wi-Fi gratuit",Planner,Mbanga
1849,Mora,"Langue parlée,Chauffeur expérimenté,Espace de rangement,Cuisine,Sport,Wi-Fi gratuit",Traveler,Muyuka
3171,Mora,"Langue parlée,Chauffeur expérimenté,Navigation GPS,Confort,Silence,Ambiance chaleureuse,Conduite souple,Climatisation,Ponctualité,Vue panoramique,Boisson gratuite,Cuisine,Éclairage tamisé,Conversation,Connectivité,Animaux acceptés,Sport,Musique",Planner,Kumba
2305,Belabo,Connectivité,Traveler,Figuif
2640,Edéa,"Vue panoramique,Éclairage tamisé,Animaux acceptés,Musique,Connectivité,Conduite souple,Ponctualité,Chauffeur expérimenté,Navigation GPS,Sièges inclinables,Espace de rangement,Assistance bagages,Wi-Fi gratuit",Planner,Gazawa
2160,Yagoua,"Langue parlée,Boisson gratuite,Sièges inclinables,Connectivité,Conduite souple,Assistance bagages,Navigation GPS,Ambiance chaleureuse,Sport,Animaux acceptés,Conversation,Espace de rangement,Musique,Vue panoramique,Climatisation,Cuisine,Éclairage tamisé,Silence",Traveler,Loum
1834,Yagoua,"Ambiance chaleureuse,Sport,Climatisation,Animaux acceptés,Cuisine",Planner,Bogo
2612,Muyuka,"Wi-Fi gratuit,Connectivité,Espace de rangement,Éclairage tamisé,Chauffeur expérimenté,Vue panoramique,Musique,Langue parlée,Conduite souple,Conversation,Cuisine,Sport,Navigation GPS,Assistance bagages",Planner,Dibombari
4106,Fontem,"Sièges inclinables,Silence,Langue parlée,Conversation",Traveler,Buea
639,Bonakouamouang,"Boisson gratuite,Éclairage tamisé,Musique,Navigation GPS,Ambiance chaleureuse,Wi-Fi gratuit",Traveler,Dibombari
4106,Buea,"Conversation,Ambiance chaleureuse,Espace de rangement,Animaux acceptés,Wi-Fi gratuit,Musique,Langue parlée,Assistance bagages,Climatisation,Sièges inclinables,Vue panoramique,Conduite souple,Éclairage tamisé",Planner,Muyuka
2852,Mbanga,"Ponctualité,Sport,Climatisation,Conduite souple,Chauffeur expérimenté",Planner,Bimbia
161,Bertoua,"Silence,Animaux acceptés,Wi-Fi gratuit,Ponctualité,Confort,Ambiance chaleureuse,Conversation,Cuisine,Sièges inclinables,Climatisation,Boisson gratuite,Conduite souple,Sport,Navigation GPS",Traveler,Boutours
3791,Bonanjo,"Musique,Langue parlée,Sièges inclinables,Chauffeur expérimenté,Ponctualité,Sport,Confort,Conduite souple,Wi-Fi gratuit,Éclairage tamisé,Silence,Boisson gratuite,Climatisation,Cuisine,Assistance bagages,Espace de rangement,Navigation GPS,Ambiance chaleureuse,Conversation,Connectivité",Traveler,Maroua
616,Bonaberi,"Ponctualité,Cuisine,Sport,Animaux acceptés,Espace de rangement,Éclairage tamisé,Chauffeur expérimenté,Boisson gratuite,Conduite souple,Conversation,Navigation GPS,Connectivité,Langue parlée,Sièges inclinables,Confort,Climatisation,Vue panoramique",Traveler,Gazawa
808,Boutours,"Ponctualité,Sièges inclinables,Éclairage tamisé,Ambiance chaleureuse,Navigation GPS,Conduite souple,Assistance bagages,Confort,Conversation,Chauffeur expérimenté,Silence,Sport,Connectivité,Climatisation,Boisson gratuite,Langue parlée,Musique",Planner,Yagoua
3813,Meiganga,"Silence,Sièges inclinables,Wi-Fi gratuit,Ambiance chaleureuse,Assistance bagages,Conversation,Navigation GPS,Boisson gratuite,Ponctualité",Planner,Bonaberi
1773,Edéa,"Musique,Connectivité,Sport",Planner,Edéa
274,Kousseri,Wi-Fi gratuit,Planner,Muyuka
1247,Meiganga,"Connectivité,Langue parlée,Wi-Fi gratuit,Musique,Ambiance chaleureuse,Vue panoramique,Ponctualité,Climatisation,Silence,Éclairage tamisé,Sport,Animaux acceptés,Conduite souple,Conversation,Assistance bagages,Chauffeur expérimenté,Cuisine",Planner,Mokolo
2365,Bogo,"Sport,Cuisine,Assistance bagages,Sièges inclinables,Connectivité,Espace de rangement,Chauffeur expérimenté,Silence,Navigation GPS,Boisson gratuite,Animaux acceptés,Wi-Fi gratuit,Conversation,Ambiance chaleureuse,Conduite souple,Ponctualité",Traveler,Mokolo
3195,Figuif,"Musique,Assistance bagages,Navigation GPS,Climatisation,Wi-Fi gratuit,Cuisine",Traveler,Bimbia
2325,Meiganga,"Wi-Fi gratuit,Animaux acceptés,Confort,Éclairage tamisé,Vue panoramique,Climatisation,Chauffeur expérimenté,Connectivité,Silence,Ambiance chaleureuse,Boisson gratuite,Sièges inclinables,Conduite souple,Ponctualité,Conversation,Espace de rangement,Navigation GPS,Musique,Assistance bagages,Cuisine,Sport",Planner,Kribi
3854,Loum,"Conduite souple,Confort,Vue panoramique,Cuisine,Ambiance chaleureuse,Conversation,Boisson gratuite,Silence",Traveler,Buea
2826,Dibombari,"Musique,Éclairage tamisé,Animaux acceptés,Sièges inclinables,Ambiance chaleureuse,Chauffeur expérimenté,Boisson gratuite,Espace de rangement",Traveler,Kribi
3034,Bali Nyonga,"Ambiance chaleureuse,Boisson gratuite,Ponctualité,Climatisation,Éclairage tamisé,Confort,Musique,Sièges inclinables,Assistance bagages,Navigation GPS,Silence,Wi-Fi gratuit,Langue parlée,Conduite souple,Conversation",Traveler,Bonabéri
4858,Mbandjock,"Assistance bagages,Sièges inclinables,Cuisine,Navigation GPS,Conduite souple,Vue panoramique,Langue parlée,Ambiance chaleureuse,Boisson gratuite,Wi-Fi gratuit,Ponctualité,Sport,Animaux acceptés,Musique,Silence",Traveler,Bali
3942,Bonabéri,"Cuisine,Ambiance chaleureuse",Planner,Belo
3102,Yagoua,"Éclairage tamisé,Silence,Conversation,Assistance bagages,Musique,Navigation GPS,Sport,Ambiance chaleureuse,Boisson gratuite,Confort,Chauffeur expérimenté,Espace de rangement,Climatisation,Connectivité,Cuisine,Conduite souple,Wi-Fi gratuit,Animaux acceptés,Langue parlée",Traveler,Limbe
1576,Campo,"Cuisine,Confort,Chauffeur expérimenté,Espace de rangement,Connectivité,Climatisation,Boisson gratuite,Ponctualité,Conduite souple,Vue panoramique,Wi-Fi gratuit,Sport,Animaux acceptés,Musique,Conversation,Assistance bagages,Ambiance chaleureuse,Éclairage tamisé,Langue parlée",Traveler,Dibombari
3107,Banga Bakundu,"Espace de rangement,Sport,Conversation,Animaux acceptés,Cuisine,Langue parlée,Connectivité,Climatisation,Musique,Ponctualité,Confort,Sièges inclinables,Wi-Fi gratuit,Éclairage tamisé,Silence,Assistance bagages,Ambiance chaleureuse,Boisson gratuite,Conduite souple,Vue panoramique",Traveler,Nkongsamba
1382,Bertoua,"Animaux acceptés,Silence,Conversation,Boisson gratuite,Sièges inclinables,Climatisation,Confort,Éclairage tamisé",Traveler,Douala
1456,Fontem,"Assistance bagages,Silence,Conversation,Climatisation,Sport",Planner,Nanga-Eboko
1203,Bamenda,"Connectivité,Conversation,Silence,Climatisation,Ponctualité,Sport,Ambiance chaleureuse,Boisson gratuite,Éclairage tamisé,Vue panoramique,Cuisine,Musique,Confort,Sièges inclinables,Navigation GPS,Conduite souple,Assistance bagages,Langue parlée,Wi-Fi gratuit,Animaux acceptés,Chauffeur expérimenté,Espace de rangement",Planner,Mora
2874,Meiganga,"Musique,Vue panoramique,Navigation GPS,Wi-Fi gratuit,Connectivité,Ponctualité,Silence,Sport,Éclairage tamisé,Cuisine,Climatisation,Confort,Ambiance chaleureuse,Conversation,Conduite souple,Sièges inclinables,Chauffeur expérimenté,Langue parlée,Boisson gratuite,Espace de rangement",Traveler,Bimbia
3670,Limbe,"Confort,Conversation,Climatisation,Ponctualité,Assistance bagages,Navigation GPS,Musique,Langue parlée,Espace de rangement,Cuisine,Animaux acceptés,Ambiance chaleureuse",Traveler,Maroua
3060,Bonaberi,"Ambiance chaleureuse,Animaux acceptés,Conversation,Ponctualité,Navigation GPS,Cuisine,Connectivité",Planner,Maroua
3534,Bandjoun,"Vue panoramique,Sport,Conversation,Climatisation,Éclairage tamisé,Confort,Ponctualité,Silence,Espace de rangement,Langue parlée,Wi-Fi gratuit,Boisson gratuite,Conduite souple,Animaux acceptés,Assistance bagages,Navigation GPS,Connectivité,Musique,Sièges inclinables",Planner,Bafoussam
473,Nanga-Eboko,"Animaux acceptés,Vue panoramique,Boisson gratuite,Espace de rangement,Ambiance chaleureuse,Silence,Chauffeur expérimenté,Wi-Fi gratuit,Ponctualité,Confort,Assistance bagages",Traveler,Yaounde
4267,Bandjoun,"Vue panoramique,Conduite souple,Espace de rangement,Conversation,Éclairage tamisé,Ponctualité,Boisson gratuite,Ambiance chaleureuse,Silence,Sport,Climatisation,Navigation GPS,Wi-Fi gratuit,Assistance bagages,Confort",Planner,Bimbia
3806,Beti,"Climatisation,Conversation,Confort,Ambiance chaleureuse,Conduite souple,Musique,Sièges inclinables,Ponctualité,Éclairage tamisé,Cuisine,Silence,Espace de rangement,Chauffeur expérimenté",Planner,Belabo
4749,Batibo,"Wi-Fi gratuit,Musique,Chauffeur expérimenté,Connectivité,Conduite souple,Conversation,Langue parlée,Navigation GPS,Climatisation,Espace de rangement,Sièges inclinables,Éclairage tamisé,Silence,Animaux acceptés,Cuisine,Vue panoramique,Confort",Traveler,Bogo
3374,Nanga-Eboko,"Connectivité,Musique,Navigation GPS,Silence,Confort,Ambiance chaleureuse,Ponctualité,Boisson gratuite,Sport,Conduite souple",Traveler,Bamenda
2899,Kribi,"Ponctualité,Ambiance chaleureuse,Vue panoramique,Cuisine,Conduite souple,Musique,Assistance bagages,Wi-Fi gratuit,Sport,Sièges inclinables,Chauffeur expérimenté,Connectivité",Planner,Edéa
2445,Mbanga,Conduite souple,Traveler,Bali Nyonga
3728,Guider,"Éclairage tamisé,Vue panoramique,Boisson gratuite,Musique,Assistance bagages,Sport,Wi-Fi gratuit,Navigation GPS,Climatisation,Conduite souple",Traveler,Yagoua
2792,Mutengene,"Silence,Éclairage tamisé,Conversation,Navigation GPS,Sport,Boisson gratuite,Vue panoramique,Musique,Cuisine,Confort,Animaux acceptés,Conduite souple,Connectivité,Sièges inclinables,Chauffeur expérimenté,Assistance bagages,Espace de rangement",Traveler,Batibo
1802,Douala,"Conversation,Boisson gratuite,Assistance bagages,Sport,Conduite souple,Vue panoramique",Traveler,Edéa
2295,Bonaberi,"Éclairage tamisé,Silence,Espace de rangement,Assistance bagages,Wi-Fi gratuit,Langue parlée,Conversation,Climatisation,Boisson gratuite,Sièges inclinables",Traveler,Boutours
456,Beti,"Musique,Wi-Fi gratuit,Sport,Animaux acceptés,Espace de rangement,Ponctualité,Éclairage tamisé,Vue panoramique,Assistance bagages,Silence,Chauffeur expérimenté,Climatisation,Connectivité",Traveler,Mutengene
1141,Bafia,"Silence,Animaux acceptés,Éclairage tamisé,Musique,Chauffeur expérimenté,Connectivité,Conduite souple,Conversation,Climatisation,Boisson gratuite",Planner,Campo
3600,Banga Bakundu,Conduite souple,Planner,Belo
362,Mbandjock,"Vue panoramique,Musique,Sport,Animaux acceptés,Conversation,Éclairage tamisé,Ambiance chaleureuse,Boisson gratuite,Confort,Espace de rangement,Climatisation,Cuisine,Navigation GPS,Langue parlée,Conduite souple,Connectivité,Wi-Fi gratuit,Sièges inclinables,Ponctualité,Silence",Traveler,Mbandjock
2369,Muyuka,"Assistance bagages,Boisson gratuite",Planner,Bafang
1089,Bamenda,"Boisson gratuite,Conversation,Climatisation,Wi-Fi gratuit,Confort,Espace de rangement,Cuisine,Animaux acceptés,Langue parlée,Conduite souple",Planner,Belo
336,Bertoua,"Wi-Fi gratuit,Langue parlée,Assistance bagages,Ponctualité,Chauffeur expérimenté,Boisson gratuite,Musique,Conduite souple,Éclairage tamisé,Ambiance chaleureuse,Silence,Vue panoramique,Espace de rangement,Cuisine,Climatisation",Planner,Nkongsamba
930,Bafoussam,"Connectivité,Conversation,Assistance bagages,Sport,Ponctualité,Wi-Fi gratuit,Sièges inclinables,Climatisation",Planner,Meiganga
4349,Nanga-Eboko,"Assistance bagages,Éclairage tamisé,Langue parlée,Climatisation,Sport,Conversation,Musique,Ponctualité,Navigation GPS,Confort,Espace de rangement,Boisson gratuite,Conduite souple",Traveler,Figuif
1503,Kribi,"Ambiance chaleureuse,Animaux acceptés,Chauffeur expérimenté,Musique,Vue panoramique,Sièges inclinables,Cuisine,Conversation,Assistance bagages",Planner,Yagoua
49,Nanga-Eboko,"Climatisation,Musique,Ponctualité,Cuisine,Ambiance chaleureuse,Silence,Assistance bagages,Chauffeur expérimenté,Éclairage tamisé,Navigation GPS",Traveler,Mbanga
446,Bonaberi,Sport,Planner,Buea
4041,Bali,"Musique,Espace de rangement,Vue panoramique,Climatisation,Cuisine,Animaux acceptés,Sièges inclinables,Assistance bagages,Confort,Conversation,Langue parlée,Ambiance chaleureuse,Chauffeur expérimenté,Boisson gratuite,Éclairage tamisé,Silence,Wi-Fi gratuit,Navigation GPS",Traveler,Kribi
414,Kousseri,"Conduite souple,Sièges inclinables,Éclairage tamisé,Confort,Espace de rangement,Vue panoramique,Musique,Silence,Climatisation,Chauffeur expérimenté,Cuisine,Navigation GPS,Boisson gratuite,Langue parlée,Connectivité,Assistance bagages,Ponctualité,Ambiance chaleureuse,Conversation,Sport,Animaux acceptés,Wi-Fi gratuit",Planner,Mbandjock
2829,Mora,"Conversation,Connectivité,Vue panoramique,Musique,Animaux acceptés,Ambiance chaleureuse,Sièges inclinables,Wi-Fi gratuit,Conduite souple,Climatisation,Éclairage tamisé,Cuisine,Assistance bagages,Sport,Chauffeur expérimenté,Confort,Langue parlée,Ponctualité,Espace de rangement,Navigation GPS",Planner,Mokolo
4561,Mbouda,"Assistance bagages,Musique,Espace de rangement,Connectivité,Sièges inclinables,Ambiance chaleureuse,Climatisation,Conversation,Silence,Langue parlée",Planner,Fontem
3213,Fontem,"Cuisine,Sièges inclinables,Assistance bagages,Ponctualité,Chauffeur expérimenté,Conversation,Ambiance chaleureuse,Confort,Silence,Vue panoramique,Sport,Wi-Fi gratuit,Climatisation,Connectivité,Conduite souple,Éclairage tamisé,Animaux acceptés",Planner,Guider
469,Yagoua,"Sport,Animaux acceptés,Vue panoramique,Wi-Fi gratuit,Silence,Sièges inclinables,Cuisine,Chauffeur expérimenté,Musique,Confort,Navigation GPS,Climatisation,Conduite souple,Conversation,Assistance bagages,Boisson gratuite",Traveler,Bafang
3877,Mora,"Espace de rangement,Confort,Éclairage tamisé,Navigation GPS,Vue panoramique,Cuisine,Animaux acceptés,Chauffeur expérimenté,Sièges inclinables,Assistance bagages",Planner,Mokolo
1543,Bafang,"Confort,Vue panoramique,Espace de rangement,Ponctualité,Animaux acceptés,Conduite souple,Chauffeur expérimenté,Boisson gratuite,Navigation GPS,Ambiance chaleureuse,Cuisine,Éclairage tamisé,Conversation,Sièges inclinables,Silence,Langue parlée,Sport,Musique,Climatisation,Assistance bagages,Connectivité",Planner,Kribi
3242,Bandjoun,"Animaux acceptés,Langue parlée,Connectivité,Conduite souple,Cuisine,Chauffeur expérimenté,Ambiance chaleureuse,Sièges inclinables,Climatisation,Confort,Wi-Fi gratuit,Silence",Planner,Bogo
4904,Bafia,"Ambiance chaleureuse,Animaux acceptés,Climatisation,Wi-Fi gratuit,Silence,Navigation GPS,Connectivité,Conduite souple,Confort,Langue parlée,Conversation,Espace de rangement,Éclairage tamisé,Ponctualité,Vue panoramique,Assistance bagages,Boisson gratuite,Musique,Cuisine",Planner,Messa
4854,Bandjoun,"Silence,Ponctualité,Confort,Musique,Éclairage tamisé,Assistance bagages,Sièges inclinables,Vue panoramique,Conversation,Navigation GPS,Espace de rangement",Planner,Bafang
155,Buea,"Assistance bagages,Ambiance chaleureuse,Climatisation",Traveler,Buea
2682,Guider,"Musique,Connectivité",Planner,Kribi
3925,Mokolo,"Vue panoramique,Climatisation,Conversation,Navigation GPS,Sièges inclinables,Wi-Fi gratuit,Sport,Cuisine,Silence,Conduite souple,Ambiance chaleureuse,Musique,Connectivité,Assistance bagages,Éclairage tamisé,Animaux acceptés,Chauffeur expérimenté,Espace de rangement,Langue parlée,Confort,Ponctualité,Boisson gratuite",Traveler,Guider
3818,Bafang,"Chauffeur expérimenté,Vue panoramique,Conversation,Navigation GPS,Climatisation,Ambiance chaleureuse,Musique,Assistance bagages,Éclairage tamisé,Confort,Cuisine,Langue parlée,Sport,Boisson gratuite,Silence,Ponctualité,Sièges inclinables,Wi-Fi gratuit,Conduite souple,Espace de rangement",Traveler,Bogo
2751,Bonamoussadi,"Vue panoramique,Sport,Confort,Sièges inclinables",Traveler,Yaounde
3568,Garoua,"Connectivité,Navigation GPS,Boisson gratuite,Ambiance chaleureuse,Silence,Ponctualité,Sièges inclinables,Chauffeur expérimenté,Conduite souple,Assistance bagages,Conversation,Espace de rangement,Vue panoramique,Confort,Éclairage tamisé",Planner,Kumba
3164,Kribi,"Vue panoramique,Langue parlée,Éclairage tamisé,Cuisine,Animaux acceptés,Sièges inclinables,Connectivité,Climatisation,Silence,Espace de rangement,Conduite souple",Traveler,Belabo
892,Meiganga,"Langue parlée,Cuisine,Wi-Fi gratuit,Sièges inclinables,Assistance bagages,Conversation,Confort,Boisson gratuite,Musique,Vue panoramique,Climatisation,Animaux acceptés,Éclairage tamisé,Silence,Chauffeur expérimenté,Navigation GPS,Conduite souple,Espace de rangement,Ponctualité,Connectivité",Planner,Kribi
4189,Bafia,"Espace de rangement,Navigation GPS,Boisson gratuite,Climatisation",Traveler,Bonabéri
984,Beti,Langue parlée,Planner,Bimbia
1775,Meiganga,"Assistance bagages,Éclairage tamisé,Confort,Ponctualité,Conduite souple,Climatisation,Vue panoramique,Langue parlée,Conversation,Silence,Connectivité,Cuisine,Ambiance chaleureuse,Espace de rangement,Wi-Fi gratuit,Musique,Chauffeur expérimenté,Sièges inclinables,Navigation GPS",Traveler,Mbanga
3776,Douala,"Boisson gratuite,Animaux acceptés,Ponctualité",Planner,Loum
2227,Kousseri,"Conversation,Musique,Ponctualité,Wi-Fi gratuit,Conduite souple,Assistance bagages,Climatisation,Connectivité,Confort,Langue parlée,Silence,Sièges inclinables,Espace de rangement",Planner,Bonaberi
3459,Mbandjock,"Espace de rangement,Navigation GPS,Sport,Confort,Animaux acceptés,Ambiance chaleureuse,Assistance bagages",Traveler,Nanga-Eboko
782,Campo,"Chauffeur expérimenté,Assistance bagages,Confort,Silence,Animaux acceptés,Langue parlée,Conversation,Cuisine,Ambiance chaleureuse,Wi-Fi gratuit,Sièges inclinables,Vue panoramique,Climatisation,Ponctualité,Navigation GPS,Connectivité,Boisson gratuite,Sport,Musique,Éclairage tamisé",Traveler,Boutours
869,Garoua,"Conversation,Cuisine,Éclairage tamisé,Musique,Navigation GPS,Ambiance chaleureuse,Connectivité,Confort,Wi-Fi gratuit,Animaux acceptés,Sièges inclinables,Assistance bagages,Chauffeur expérimenté,Ponctualité,Conduite souple,Langue parlée,Boisson gratuite,Climatisation,Silence,Espace de rangement,Sport,Vue panoramique",Traveler,Gazawa
400,Gazawa,"Vue panoramique,Animaux acceptés,Wi-Fi gratuit,Langue parlée,Éclairage tamisé,Climatisation,Espace de rangement,Assistance bagages,Sport,Navigation GPS,Sièges inclinables,Connectivité,Boisson gratuite",Traveler,Yagoua
856,Bertoua,"Boisson gratuite,Éclairage tamisé,Climatisation,Animaux acceptés,Conduite souple,Sport,Silence,Navigation GPS,Sièges inclinables,Assistance bagages,Connectivité,Conversation",Traveler,Belabo
482,Gazawa,"Sièges inclinables,Boisson gratuite,Espace de rangement,Ponctualité,Navigation GPS,Sport,Silence,Wi-Fi gratuit,Conduite souple,Éclairage tamisé,Chauffeur expérimenté,Ambiance chaleureuse,Conversation,Connectivité,Confort,Assistance bagages,Cuisine",Traveler,Bali
4107,Bonakouamouang,"Sport,Ambiance chaleureuse,Silence,Animaux acceptés,Espace de rangement,Musique,Sièges inclinables,Climatisation,Wi-Fi gratuit,Langue parlée,Chauffeur expérimenté,Confort,Ponctualité,Cuisine,Assistance bagages,Vue panoramique,Éclairage tamisé,Navigation GPS,Conduite souple,Connectivité,Conversation,Boisson gratuite",Planner,Dibombari
3886,Bonabéri,"Navigation GPS,Espace de rangement,Boisson gratuite,Conversation,Confort,Chauffeur expérimenté,Conduite souple,Connectivité,Musique,Éclairage tamisé,Sièges inclinables,Wi-Fi gratuit,Cuisine,Ambiance chaleureuse,Silence",Traveler,Yaounde
4534,Bogo,"Ponctualité,Espace de rangement,Wi-Fi gratuit,Cuisine,Confort,Vue panoramique,Boisson gratuite",Planner,Boutours
2578,Bonaberi,"Animaux acceptés,Éclairage tamisé,Langue parlée,Vue panoramique,Silence,Conversation,Sièges inclinables",Traveler,Buea
1996,Bali,"Boisson gratuite,Sièges inclinables,Ambiance chaleureuse,Navigation GPS,Animaux acceptés,Vue panoramique,Cuisine,Conduite souple,Sport,Langue parlée,Éclairage tamisé",Traveler,Mbouda
278,Nanga-Eboko,Conduite souple,Traveler,Yaounde
3718,Bafia,"Espace de rangement,Éclairage tamisé,Wi-Fi gratuit,Sport,Conduite souple,Silence,Animaux acceptés,Ponctualité,Navigation GPS,Climatisation,Boisson gratuite,Musique,Sièges inclinables,Ambiance chaleureuse,Confort,Conversation,Langue parlée,Chauffeur expérimenté",Planner,Mbandjock
4250,Batibo,"Musique,Vue panoramique,Conduite souple,Langue parlée,Espace de rangement,Cuisine,Confort,Ponctualité,Conversation,Animaux acceptés,Navigation GPS,Boisson gratuite,Sport,Chauffeur expérimenté,Éclairage tamisé",Planner,Garoua
1770,Figuif,"Espace de rangement,Cuisine,Conversation,Boisson gratuite,Vue panoramique,Chauffeur expérimenté,Langue parlée,Sièges inclinables,Animaux acceptés",Traveler,Garoua
939,Banga Bakundu,"Wi-Fi gratuit,Langue parlée,Vue panoramique,Silence,Musique,Ponctualité,Ambiance chaleureuse,Climatisation,Espace de rangement,Conduite souple,Confort,Conversation,Animaux acceptés,Cuisine,Sport,Boisson gratuite,Assistance bagages",Traveler,Mutengene
2754,Mokolo,"Confort,Ponctualité,Ambiance chaleureuse,Vue panoramique,Navigation GPS,Chauffeur expérimenté,Silence,Espace de rangement,Assistance bagages,Connectivité,Sport",Planner,Bonamoussadi
910,Guider,"Ambiance chaleureuse,Chauffeur expérimenté,Confort,Assistance bagages,Silence,Langue parlée,Boisson gratuite,Animaux acceptés",Traveler,Kribi
3448,Kumba,"Silence,Animaux acceptés,Wi-Fi gratuit,Boisson gratuite,Vue panoramique,Cuisine,Langue parlée,Ambiance chaleureuse,Chauffeur expérimenté,Navigation GPS,Sport,Musique,Assistance bagages,Sièges inclinables,Confort,Climatisation,Conversation,Conduite souple,Éclairage tamisé,Espace de rangement,Connectivité",Traveler,Gazawa
3369,Mbandjock,"Conversation,Musique,Conduite souple,Navigation GPS,Boisson gratuite",Traveler,Yagoua
1598,Bonabéri,"Silence,Vue panoramique,Ponctualité,Navigation GPS",Traveler,Gazawa
2000,Kumba,"Langue parlée,Animaux acceptés,Conversation,Silence,Confort,Sièges inclinables,Chauffeur expérimenté,Climatisation,Sport,Ponctualité",Traveler,Batibo
3591,Yagoua,"Langue parlée,Vue panoramique,Ambiance chaleureuse,Espace de rangement,Conduite souple,Sport,Éclairage tamisé,Silence",Planner,Yaounde
3455,Mbanga,"Cuisine,Langue parlée,Conduite souple,Climatisation,Connectivité,Ambiance chaleureuse,Assistance bagages,Confort,Ponctualité,Boisson gratuite,Conversation,Vue panoramique",Planner,Yaounde
4144,Buea,"Chauffeur expérimenté,Sièges inclinables,Confort",Planner,Figuif
335,Buea,Cuisine,Planner,Bamenda
1388,Mbandjock,"Climatisation,Wi-Fi gratuit,Éclairage tamisé",Planner,Bali Nyonga
3630,Beti,"Sièges inclinables,Silence,Assistance bagages,Espace de rangement,Ambiance chaleureuse,Langue parlée,Climatisation,Connectivité,Ponctualité,Éclairage tamisé,Sport,Animaux acceptés,Vue panoramique,Musique",Planner,Bafia
1242,Buea,"Espace de rangement,Boisson gratuite,Conduite souple,Ambiance chaleureuse,Musique,Conversation,Chauffeur expérimenté,Assistance bagages,Vue panoramique,Ponctualité,Confort,Sport,Langue parlée,Navigation GPS,Cuisine,Silence,Éclairage tamisé",Planner,Nkongsamba
1213,Yaounde,"Langue parlée,Navigation GPS,Chauffeur expérimenté,Musique,Ambiance chaleureuse,Conversation,Silence,Wi-Fi gratuit,Assistance bagages,Vue panoramique,Cuisine,Confort,Ponctualité,Climatisation,Sport,Conduite souple,Éclairage tamisé,Animaux acceptés,Boisson gratuite",Traveler,Yaounde
472,Bonakouamouang,"Langue parlée,Connectivité,Assistance bagages,Confort",Traveler,Mbandjock
1005,Beti,"Sièges inclinables,Animaux acceptés,Ambiance chaleureuse,Langue parlée,Wi-Fi gratuit,Navigation GPS,Ponctualité,Conversation,Musique,Conduite souple,Espace de rangement,Connectivité,Climatisation,Cuisine,Sport,Vue panoramique,Silence,Confort,Boisson gratuite,Chauffeur expérimenté,Assistance bagages",Planner,Yagoua
1882,Buea,"Conversation,Sièges inclinables,Cuisine,Connectivité,Climatisation,Silence,Assistance bagages,Ponctualité,Animaux acceptés,Éclairage tamisé,Musique,Sport,Espace de rangement,Confort,Vue panoramique,Navigation GPS,Langue parlée,Boisson gratuite,Conduite souple,Chauffeur expérimenté,Ambiance chaleureuse,Wi-Fi gratuit",Planner,Bafia
3189,Campo,"Chauffeur expérimenté,Éclairage tamisé,Musique,Wi-Fi gratuit,Cuisine,Conduite souple,Sport,Vue panoramique",Traveler,Bonamoussadi
579,Mbouda,"Wi-Fi gratuit,Espace de rangement,Climatisation,Musique,Animaux acceptés,Conversation,Navigation GPS,Boisson gratuite,Silence,Cuisine",Planner,Mora
1557,Bogo,"Boisson gratuite,Ambiance chaleureuse,Musique,Conduite souple,Éclairage tamisé,Climatisation,Vue panoramique,Silence,Wi-Fi gratuit,Assistance bagages",Planner,Bandjoun
2425,Bonabéri,"Climatisation,Espace de rangement,Conversation,Conduite souple,Navigation GPS,Confort,Musique,Assistance bagages,Wi-Fi gratuit",Traveler,Limbe
449,Boutours,"Ponctualité,Confort,Éclairage tamisé,Langue parlée,Sièges inclinables,Navigation GPS,Chauffeur expérimenté,Sport,Conversation,Silence,Animaux acceptés,Climatisation,Boisson gratuite,Cuisine,Ambiance chaleureuse,Vue panoramique,Espace de rangement",Traveler,Belo
1453,Bali,"Boisson gratuite,Chauffeur expérimenté,Animaux acceptés,Cuisine,Conversation,Navigation GPS,Musique,Wi-Fi gratuit",Traveler,Yaounde
4450,Bonakouamouang,"Cuisine,Animaux acceptés",Traveler,Mutengene
4425,Buea,Confort,Traveler,Yagoua
1684,Limbe,"Espace de rangement,Sport,Climatisation,Navigation GPS,Chauffeur expérimenté,Sièges inclinables,Animaux acceptés,Musique,Langue parlée,Silence,Conversation,Vue panoramique,Éclairage tamisé,Conduite souple,Confort,Ponctualité,Connectivité",Planner,Bertoua
3831,Kribi,"Assistance bagages,Conversation,Conduite souple,Ambiance chaleureuse,Chauffeur expérimenté,Climatisation,Wi-Fi gratuit,Connectivité,Éclairage tamisé,Confort,Musique,Vue panoramique,Ponctualité,Sièges inclinables,Silence,Espace de rangement,Cuisine,Boisson gratuite,Langue parlée,Animaux acceptés,Navigation GPS,Sport",Traveler,Bertoua
4131,Muyuka,"Musique,Assistance bagages,Sièges inclinables,Ponctualité,Boisson gratuite,Silence,Éclairage tamisé,Chauffeur expérimenté,Cuisine,Conversation,Climatisation,Navigation GPS,Connectivité,Confort,Conduite souple,Wi-Fi gratuit,Langue parlée,Ambiance chaleureuse",Traveler,Fontem
642,Melong,"Confort,Espace de rangement,Silence,Navigation GPS,Boisson gratuite,Sièges inclinables,Animaux acceptés,Ponctualité,Cuisine,Conduite souple,Ambiance chaleureuse,Vue panoramique,Wi-Fi gratuit,Langue parlée,Conversation,Assistance bagages,Connectivité,Chauffeur expérimenté,Sport",Traveler,Loum
1177,Maroua,"Vue panoramique,Ponctualité,Navigation GPS,Animaux acceptés,Chauffeur expérimenté,Cuisine,Confort,Conduite souple,Ambiance chaleureuse,Éclairage tamisé",Planner,Douala
4154,Muyuka,"Assistance bagages,Boisson gratuite,Climatisation,Vue panoramique,Animaux acceptés,Cuisine,Langue parlée,Musique,Éclairage tamisé,Connectivité,Sièges inclinables,Wi-Fi gratuit,Ponctualité",Planner,Nkongsamba
3225,Muyuka,"Chauffeur expérimenté,Confort,Wi-Fi gratuit,Conduite souple,Navigation GPS,Musique,Ambiance chaleureuse,Silence,Climatisation,Langue parlée,Sport,Ponctualité,Sièges inclinables",Traveler,Mbandjock
4431,Mbalmayo,"Chauffeur expérimenté,Silence,Sièges inclinables,Connectivité",Planner,Mbandjock
455,Belabo,"Silence,Navigation GPS,Confort,Vue panoramique,Assistance bagages,Langue parlée,Connectivité,Climatisation,Wi-Fi gratuit,Cuisine,Boisson gratuite,Sièges inclinables,Animaux acceptés,Ponctualité,Conversation,Ambiance chaleureuse,Sport,Chauffeur expérimenté,Éclairage tamisé,Musique",Traveler,Bonanjo
4810,Bafia,"Conduite souple,Conversation,Sièges inclinables,Musique,Sport,Climatisation,Assistance bagages,Cuisine",Traveler,Mbouda
3635,Buea,"Confort,Assistance bagages,Ambiance chaleureuse,Cuisine,Silence,Navigation GPS,Vue panoramique,Sport,Éclairage tamisé,Espace de rangement,Langue parlée,Ponctualité,Wi-Fi gratuit,Connectivité",Traveler,Yagoua
2538,Edéa,"Assistance bagages,Conduite souple,Langue parlée",Planner,Mbandjock
2144,Nanga-Eboko,"Langue parlée,Cuisine,Confort,Animaux acceptés,Conduite souple,Chauffeur expérimenté,Éclairage tamisé,Ambiance chaleureuse,Wi-Fi gratuit,Ponctualité,Vue panoramique,Boisson gratuite,Sport,Climatisation,Conversation,Musique,Assistance bagages",Traveler,Fontem
4488,Belo,"Ambiance chaleureuse,Espace de rangement,Chauffeur expérimenté,Cuisine,Conversation,Wi-Fi gratuit,Ponctualité,Vue panoramique,Silence,Éclairage tamisé,Musique,Connectivité,Conduite souple,Assistance bagages,Animaux acceptés,Sport,Sièges inclinables,Langue parlée,Climatisation",Traveler,Bamenda
988,Bonanjo,"Conversation,Confort,Ambiance chaleureuse,Sièges inclinables,Conduite souple,Wi-Fi gratuit,Navigation GPS,Ponctualité,Assistance bagages,Animaux acceptés,Espace de rangement,Musique,Sport,Climatisation",Traveler,Bimbia
2065,Edéa,"Conversation,Ponctualité,Vue panoramique,Éclairage tamisé,Confort,Wi-Fi gratuit,Langue parlée,Navigation GPS,Sport,Connectivité,Chauffeur expérimenté,Boisson gratuite,Ambiance chaleureuse,Sièges inclinables,Conduite souple,Animaux acceptés,Climatisation",Planner,Guider
2445,Mbalmayo,"Sport,Conduite souple,Assistance bagages,Chauffeur expérimenté,Navigation GPS,Confort",Traveler,Belabo
2732,Bandjoun,"Conversation,Sièges inclinables,Animaux acceptés,Connectivité,Assistance bagages,Ambiance chaleureuse,Confort,Espace de rangement,Vue panoramique,Chauffeur expérimenté,Cuisine,Silence,Wi-Fi gratuit,Éclairage tamisé,Sport",Planner,Mbandjock
3414,Limbe,"Chauffeur expérimenté,Sport,Cuisine,Connectivité,Navigation GPS,Ambiance chaleureuse,Animaux acceptés,Confort,Musique,Vue panoramique,Conversation,Espace de rangement,Boisson gratuite,Sièges inclinables,Climatisation,Éclairage tamisé,Silence",Planner,Beti
1867,Belabo,"Assistance bagages,Silence,Vue panoramique,Espace de rangement,Éclairage tamisé,Connectivité,Confort,Ponctualité,Navigation GPS,Boisson gratuite,Conversation,Ambiance chaleureuse",Traveler,Limbe
438,Kribi,"Silence,Ponctualité,Espace de rangement,Assistance bagages,Langue parlée,Connectivité,Navigation GPS,Ambiance chaleureuse,Wi-Fi gratuit,Sport,Sièges inclinables,Vue panoramique",Planner,Loum
331,Belabo,"Chauffeur expérimenté,Sport,Cuisine,Conversation,Silence,Espace de rangement,Conduite souple,Éclairage tamisé,Sièges inclinables,Vue panoramique,Confort,Boisson gratuite,Ambiance chaleureuse,Wi-Fi gratuit,Connectivité,Langue parlée,Musique,Ponctualité",Traveler,Bimbia
3032,Bonakouamouang,"Climatisation,Sièges inclinables,Silence,Cuisine,Conduite souple,Confort,Ambiance chaleureuse",Traveler,Bali
3209,Garoua,"Conversation,Navigation GPS,Ambiance chaleureuse,Conduite souple,Climatisation,Cuisine,Sport,Vue panoramique,Langue parlée,Wi-Fi gratuit",Traveler,Bandjoun
709,Figuif,"Ponctualité,Confort,Espace de rangement,Éclairage tamisé,Silence,Langue parlée,Boisson gratuite,Conduite souple",Traveler,Mbandjock
614,Essos,"Silence,Assistance bagages,Ambiance chaleureuse,Cuisine,Connectivité,Climatisation,Espace de rangement,Langue parlée,Chauffeur expérimenté,Confort,Animaux acceptés,Boisson gratuite,Conversation,Musique,Conduite souple,Éclairage tamisé,Wi-Fi gratuit,Ponctualité,Vue panoramique,Sièges inclinables",Traveler,Guider
4281,Guider,"Espace de rangement,Climatisation,Sport,Langue parlée,Animaux acceptés,Ambiance chaleureuse,Boisson gratuite,Wi-Fi gratuit,Sièges inclinables,Musique,Cuisine,Ponctualité,Vue panoramique,Silence,Conduite souple,Assistance bagages",Planner,Melong
964,Gazawa,"Connectivité,Navigation GPS,Boisson gratuite,Cuisine,Vue panoramique,Conduite souple,Sièges inclinables,Wi-Fi gratuit,Musique,Silence,Espace de rangement,Langue parlée,Ponctualité,Ambiance chaleureuse,Sport,Climatisation,Chauffeur expérimenté,Conversation",Traveler,Buea
4287,Kribi,"Confort,Ponctualité,Conversation,Boisson gratuite,Musique,Wi-Fi gratuit,Animaux acceptés,Cuisine,Éclairage tamisé,Chauffeur expérimenté,Climatisation,Conduite souple",Traveler,Gazawa
23,Buea,"Sièges inclinables,Connectivité,Conversation,Conduite souple,Ponctualité,Wi-Fi gratuit,Langue parlée,Musique,Vue panoramique,Boisson gratuite,Animaux acceptés,Climatisation,Ambiance chaleureuse,Confort,Assistance bagages,Cuisine,Silence,Navigation GPS,Espace de rangement,Éclairage tamisé",Planner,Bonaberi
4287,Messa,"Éclairage tamisé,Animaux acceptés,Ponctualité,Chauffeur expérimenté,Langue parlée,Conduite souple,Ambiance chaleureuse,Boisson gratuite,Conversation,Confort,Musique,Sièges inclinables,Climatisation,Cuisine,Sport,Espace de rangement,Vue panoramique",Planner,Bamenda
648,Bertoua,"Cuisine,Animaux acceptés,Espace de rangement,Sport,Ambiance chaleureuse,Wi-Fi gratuit,Navigation GPS,Éclairage tamisé,Langue parlée,Conversation,Silence,Boisson gratuite,Musique,Chauffeur expérimenté,Climatisation,Ponctualité,Confort",Planner,Yaounde
760,Mbanga,"Éclairage tamisé,Animaux acceptés,Vue panoramique,Navigation GPS,Cuisine,Assistance bagages,Silence,Langue parlée,Conduite souple,Chauffeur expérimenté,Confort,Conversation,Ponctualité,Musique,Sport,Espace de rangement",Planner,Douala
4609,Garoua,"Langue parlée,Boisson gratuite,Ambiance chaleureuse,Espace de rangement,Confort,Conduite souple,Connectivité,Ponctualité,Assistance bagages,Musique,Conversation,Sport,Sièges inclinables,Silence,Animaux acceptés",Planner,Bonaberi
198,Bertoua,"Climatisation,Ambiance chaleureuse",Traveler,Guider
2448,Bafia,"Ponctualité,Navigation GPS,Connectivité,Chauffeur expérimenté,Sièges inclinables,Animaux acceptés,Conduite souple,Silence,Boisson gratuite,Cuisine,Espace de rangement,Éclairage tamisé,Confort,Musique,Conversation,Vue panoramique,Climatisation",Traveler,Beti
4433,Yaounde,"Musique,Chauffeur expérimenté,Sport,Navigation GPS,Éclairage tamisé,Ambiance chaleureuse,Wi-Fi gratuit,Espace de rangement,Climatisation,Langue parlée,Boisson gratuite,Assistance bagages,Confort,Ponctualité",Traveler,Bali Nyonga
4333,Bafang,"Musique,Chauffeur expérimenté,Ponctualité,Vue panoramique,Langue parlée,Assistance bagages,Sport",Planner,Meiganga
4428,Belo,"Ambiance chaleureuse,Musique,Langue parlée,Connectivité,Éclairage tamisé,Ponctualité,Vue panoramique,Boisson gratuite,Cuisine,Chauffeur expérimenté,Silence,Wi-Fi gratuit,Climatisation,Confort,Assistance bagages,Conduite souple,Sport,Navigation GPS,Animaux acceptés,Sièges inclinables",Traveler,Bonanjo
2152,Bonakouamouang,"Connectivité,Boisson gratuite,Conduite souple,Ponctualité,Vue panoramique,Sièges inclinables",Traveler,Bafoussam
3360,Bonanjo,"Wi-Fi gratuit,Conduite souple",Planner,Bimbia
2531,Muyuka,"Sièges inclinables,Sport,Climatisation,Ambiance chaleureuse,Silence,Ponctualité,Cuisine,Connectivité,Navigation GPS,Conduite souple,Éclairage tamisé,Animaux acceptés,Boisson gratuite,Wi-Fi gratuit,Conversation,Langue parlée,Vue panoramique,Musique,Confort,Espace de rangement",Planner,Essos
2113,Muyuka,"Cuisine,Boisson gratuite,Ambiance chaleureuse,Musique,Climatisation,Assistance bagages,Sport,Conduite souple,Vue panoramique,Langue parlée,Wi-Fi gratuit,Connectivité,Ponctualité,Animaux acceptés,Chauffeur expérimenté,Espace de rangement,Navigation GPS,Sièges inclinables,Éclairage tamisé,Conversation",Traveler,Bertoua
1680,Banga Bakundu,"Musique,Animaux acceptés,Navigation GPS,Sport,Conduite souple,Ambiance chaleureuse,Conversation,Sièges inclinables,Espace de rangement,Assistance bagages,Wi-Fi gratuit,Chauffeur expérimenté,Langue parlée,Connectivité,Cuisine,Éclairage tamisé,Ponctualité,Confort,Vue panoramique,Boisson gratuite,Silence,Climatisation",Planner,Limbe
1541,Kumba,"Wi-Fi gratuit,Espace de rangement,Animaux acceptés,Navigation GPS,Silence,Éclairage tamisé,Cuisine,Connectivité,Chauffeur expérimenté,Sièges inclinables,Musique,Assistance bagages,Ponctualité,Conversation,Sport,Boisson gratuite,Vue panoramique,Confort,Conduite souple,Climatisation,Ambiance chaleureuse",Traveler,Kumba
1903,Boutours,"Animaux acceptés,Connectivité,Wi-Fi gratuit,Silence,Chauffeur expérimenté,Cuisine,Climatisation,Assistance bagages,Éclairage tamisé,Conduite souple,Boisson gratuite,Espace de rangement,Ponctualité,Sièges inclinables,Navigation GPS,Vue panoramique,Langue parlée,Ambiance chaleureuse,Conversation,Confort,Sport,Musique",Planner,Kribi
4889,Mbouda,"Wi-Fi gratuit,Éclairage tamisé,Cuisine,Espace de rangement,Ambiance chaleureuse,Climatisation,Assistance bagages,Silence,Langue parlée,Connectivité,Sport",Traveler,Bonabéri
3149,Kousseri,"Musique,Langue parlée,Silence,Espace de rangement,Vue panoramique,Cuisine,Ambiance chaleureuse,Navigation GPS,Climatisation",Traveler,Bamenda
3072,Bonakouamouang,"Silence,Connectivité,Langue parlée,Musique,Vue panoramique,Cuisine,Conversation,Animaux acceptés",Planner,Mora
3212,Bafia,"Animaux acceptés,Confort,Ambiance chaleureuse,Silence,Conversation,Chauffeur expérimenté,Boisson gratuite,Connectivité,Ponctualité,Espace de rangement,Cuisine,Vue panoramique,Musique,Éclairage tamisé,Langue parlée",Traveler,Nanga-Eboko
2315,Bali Nyonga,"Assistance bagages,Climatisation,Sièges inclinables,Éclairage tamisé,Animaux acceptés,Espace de rangement,Conversation,Vue panoramique,Conduite souple,Wi-Fi gratuit,Chauffeur expérimenté,Musique,Silence,Ponctualité",Planner,Bonakouamouang
627,Figuif,"Cuisine,Assistance bagages,Éclairage tamisé,Conduite souple,Wi-Fi gratuit,Climatisation",Planner,Maroua
4320,Bandjoun,"Langue parlée,Silence,Confort,Navigation GPS,Ponctualité",Traveler,Bali Nyonga
1542,Guider,"Sport,Navigation GPS,Espace de rangement,Connectivité,Wi-Fi gratuit",Planner,Mbanga
2111,Bonabéri,"Cuisine,Sièges inclinables,Langue parlée,Connectivité,Conversation,Boisson gratuite,Silence",Traveler,Limbe
1467,Mora,"Boisson gratuite,Musique,Silence,Langue parlée,Sièges inclinables,Chauffeur expérimenté,Espace de rangement,Cuisine,Ponctualité",Planner,Edéa
4490,Gazawa,"Langue parlée,Éclairage tamisé,Sièges inclinables,Ponctualité,Silence",Traveler,Bandjoun
1756,Fontem,"Cuisine,Conduite souple,Confort,Sièges inclinables,Sport,Animaux acceptés,Musique,Silence",Traveler,Kribi
1818,Nkongsamba,Langue parlée,Traveler,Bali
184,Yaounde,"Wi-Fi gratuit,Conversation,Musique,Sport,Espace de rangement,Climatisation,Chauffeur expérimenté,Ambiance chaleureuse,Silence,Conduite souple,Connectivité,Animaux acceptés,Confort,Ponctualité,Éclairage tamisé,Sièges inclinables,Boisson gratuite,Cuisine,Langue parlée,Vue panoramique,Assistance bagages",Planner,Bali
4739,Bimbia,"Animaux acceptés,Langue parlée,Cuisine,Chauffeur expérimenté,Boisson gratuite,Connectivité,Ponctualité,Assistance bagages,Musique",Planner,Meiganga
414,Batibo,"Sièges inclinables,Animaux acceptés,Conduite souple,Boisson gratuite,Ponctualité,Musique,Vue panoramique,Cuisine,Sport,Espace de rangement,Silence,Ambiance chaleureuse,Climatisation,Confort",Planner,Buea
4306,Kribi,"Navigation GPS,Ambiance chaleureuse,Ponctualité,Boisson gratuite,Musique",Planner,Figuif
2487,Bertoua,"Musique,Ponctualité,Connectivité,Éclairage tamisé,Wi-Fi gratuit,Espace de rangement,Conversation,Chauffeur expérimenté,Animaux acceptés,Confort,Sport,Langue parlée,Silence,Sièges inclinables,Conduite souple",Traveler,Muyuka
2430,Mutengene,"Animaux acceptés,Conversation,Navigation GPS,Connectivité,Sport,Espace de rangement,Cuisine,Vue panoramique,Éclairage tamisé,Boisson gratuite,Sièges inclinables,Confort,Ponctualité,Musique,Langue parlée,Chauffeur expérimenté,Wi-Fi gratuit,Silence,Conduite souple",Planner,Bafoussam
3472,Kribi,"Climatisation,Silence,Conduite souple,Cuisine,Confort,Éclairage tamisé,Musique,Langue parlée,Sport,Animaux acceptés",Traveler,Batibo
1108,Bafia,"Chauffeur expérimenté,Climatisation,Wi-Fi gratuit,Musique,Éclairage tamisé,Conversation,Ponctualité,Sport,Espace de rangement,Ambiance chaleureuse,Boisson gratuite,Confort,Assistance bagages",Planner,Bamenda
3322,Figuif,Sièges inclinables,Planner,Fontem
1729,Campo,"Conduite souple,Musique,Sport,Vue panoramique,Navigation GPS,Ponctualité,Espace de rangement,Animaux acceptés,Sièges inclinables,Wi-Fi gratuit,Cuisine,Langue parlée,Éclairage tamisé,Silence,Assistance bagages,Boisson gratuite,Ambiance chaleureuse,Connectivité,Conversation,Climatisation,Chauffeur expérimenté,Confort",Planner,Limbe
233,Mbalmayo,"Assistance bagages,Boisson gratuite,Ponctualité,Confort,Sièges inclinables,Chauffeur expérimenté,Ambiance chaleureuse,Climatisation,Musique,Navigation GPS,Animaux acceptés,Sport",Traveler,Campo
4681,Belo,"Ambiance chaleureuse,Navigation GPS,Boisson gratuite,Ponctualité,Wi-Fi gratuit,Langue parlée,Vue panoramique,Silence,Conversation,Chauffeur expérimenté,Assistance bagages,Animaux acceptés,Climatisation,Conduite souple",Planner,Messa
801,Bonamoussadi,"Confort,Wi-Fi gratuit,Conduite souple,Sièges inclinables",Traveler,Bonakouamouang
644,Mbanga,Langue parlée,Traveler,Campo
2805,Mbalmayo,"Espace de rangement,Confort,Chauffeur expérimenté,Ambiance chaleureuse,Connectivité,Conduite souple,Navigation GPS",Traveler,Batibo
4137,Bonanjo,"Espace de rangement,Ponctualité,Animaux acceptés,Silence,Assistance bagages,Langue parlée,Musique,Vue panoramique,Confort",Planner,Bonanjo
1117,Essos,"Climatisation,Éclairage tamisé,Animaux acceptés,Navigation GPS,Musique,Conduite souple,Connectivité,Ambiance chaleureuse",Planner,Meiganga
4350,Figuif,"Silence,Ambiance chaleureuse,Animaux acceptés,Chauffeur expérimenté,Éclairage tamisé,Conduite souple",Planner,Mbandjock
2183,Fontem,"Sièges inclinables,Silence,Connectivité,Conduite souple,Éclairage tamisé,Vue panoramique,Conversation,Boisson gratuite,Navigation GPS,Ponctualité,Sport,Chauffeur expérimenté,Musique,Wi-Fi gratuit,Espace de rangement,Assistance bagages,Cuisine,Confort,Langue parlée",Planner,Nkongsamba
2717,Bertoua,"Chauffeur expérimenté,Silence,Vue panoramique,Animaux acceptés,Conversation,Wi-Fi gratuit,Sport,Boisson gratuite,Connectivité,Éclairage tamisé,Confort,Sièges inclinables,Musique,Ponctualité,Assistance bagages",Planner,Mbouda
3383,Beti,"Navigation GPS,Musique,Sièges inclinables,Éclairage tamisé,Animaux acceptés,Langue parlée",Traveler,Banga Bakundu
4161,Bonakouamouang,"Navigation GPS,Confort,Silence,Chauffeur expérimenté,Vue panoramique,Ponctualité,Éclairage tamisé,Sport,Boisson gratuite,Conversation,Cuisine,Connectivité,Langue parlée,Climatisation,Animaux acceptés",Traveler,Bonakouamouang
2528,Essos,"Silence,Conduite souple,Cuisine,Sport,Navigation GPS,Musique,Connectivité,Vue panoramique,Wi-Fi gratuit,Langue parlée,Ambiance chaleureuse,Ponctualité",Planner,Batibo
3095,Essos,"Conduite souple,Chauffeur expérimenté,Animaux acceptés,Sport,Cuisine,Boisson gratuite,Confort,Connectivité,Navigation GPS,Conversation,Espace de rangement,Vue panoramique,Assistance bagages,Silence,Wi-Fi gratuit,Sièges inclinables,Éclairage tamisé,Ambiance chaleureuse",Planner,Mbalmayo
865,Yaounde,Éclairage tamisé,Traveler,Beti
3816,Bafang,"Musique,Conduite souple,Sport,Conversation,Sièges inclinables,Langue parlée,Wi-Fi gratuit,Animaux acceptés,Vue panoramique,Assistance bagages,Connectivité,Silence,Cuisine",Planner,Bandjoun
848,Batibo,Cuisine,Planner,Banga Bakundu
4998,Guider,"Navigation GPS,Ponctualité,Conduite souple,Animaux acceptés,Assistance bagages,Conversation,Connectivité,Boisson gratuite,Silence",Traveler,Bogo
1863,Bonanjo,"Animaux acceptés,Cuisine,Navigation GPS,Vue panoramique,Conversation",Planner,Gazawa
1579,Bali Nyonga,"Wi-Fi gratuit,Connectivité,Confort,Ambiance chaleureuse,Vue panoramique,Chauffeur expérimenté,Espace de rangement,Navigation GPS,Conversation,Ponctualité,Assistance bagages,Boisson gratuite,Sièges inclinables,Climatisation,Animaux acceptés,Musique,Sport,Cuisine,Langue parlée,Silence,Éclairage tamisé,Conduite souple",Traveler,Boutours
4198,Limbe,"Conduite souple,Vue panoramique,Cuisine,Éclairage tamisé",Traveler,Kousseri
1693,Belo,"Climatisation,Chauffeur expérimenté,Cuisine,Espace de rangement,Sièges inclinables,Vue panoramique,Musique,Assistance bagages,Confort,Silence,Éclairage tamisé,Sport",Planner,Bogo
4165,Bonabéri,"Vue panoramique,Musique,Animaux acceptés,Silence,Navigation GPS,Langue parlée,Ambiance chaleureuse,Sièges inclinables",Planner,Boutours
3509,Muyuka,"Connectivité,Langue parlée,Climatisation,Assistance bagages,Navigation GPS,Conversation,Sièges inclinables,Vue panoramique,Cuisine,Conduite souple,Silence,Animaux acceptés,Boisson gratuite",Traveler,Dibombari
2641,Bafoussam,"Connectivité,Musique,Ponctualité,Wi-Fi gratuit,Silence,Assistance bagages,Navigation GPS,Chauffeur expérimenté,Cuisine,Boisson gratuite,Animaux acceptés,Confort,Sport,Ambiance chaleureuse,Langue parlée,Espace de rangement,Climatisation,Sièges inclinables,Vue panoramique,Éclairage tamisé",Traveler,Bali
1297,Maroua,"Confort,Conversation,Langue parlée,Musique,Conduite souple,Cuisine,Ponctualité,Boisson gratuite,Silence,Espace de rangement,Sport,Éclairage tamisé,Sièges inclinables",Traveler,Guider
212,Buea,"Animaux acceptés,Climatisation,Conversation,Wi-Fi gratuit,Espace de rangement,Sport,Ambiance chaleureuse,Boisson gratuite,Musique,Cuisine,Navigation GPS",Planner,Douala
245,Gazawa,"Assistance bagages,Chauffeur expérimenté,Wi-Fi gratuit,Espace de rangement,Ambiance chaleureuse,Silence,Boisson gratuite,Musique,Sport,Confort,Conversation,Sièges inclinables,Navigation GPS,Animaux acceptés,Éclairage tamisé",Planner,Mora
112,Mora,"Ambiance chaleureuse,Ponctualité,Cuisine,Langue parlée,Silence,Conversation,Assistance bagages,Vue panoramique,Navigation GPS,Espace de rangement,Musique,Confort,Climatisation,Connectivité,Sièges inclinables,Éclairage tamisé,Wi-Fi gratuit,Conduite souple,Chauffeur expérimenté",Planner,Nkongsamba
1966,Bafoussam,"Ambiance chaleureuse,Climatisation,Chauffeur expérimenté,Conversation,Espace de rangement,Confort,Assistance bagages,Boisson gratuite,Musique,Wi-Fi gratuit,Connectivité,Ponctualité,Conduite souple,Vue panoramique,Sport,Langue parlée,Sièges inclinables,Cuisine",Planner,Limbe
2396,Yagoua,"Langue parlée,Animaux acceptés,Musique,Climatisation,Confort,Chauffeur expérimenté,Conversation,Assistance bagages,Navigation GPS,Ponctualité,Boisson gratuite,Silence,Wi-Fi gratuit,Cuisine,Connectivité,Sièges inclinables,Espace de rangement,Éclairage tamisé,Sport,Conduite souple,Vue panoramique",Traveler,Fontem
3127,Nanga-Eboko,"Vue panoramique,Musique,Sport,Espace de rangement,Silence,Climatisation,Animaux acceptés,Assistance bagages,Ambiance chaleureuse,Éclairage tamisé,Confort,Wi-Fi gratuit,Navigation GPS,Conversation",Planner,Mora
4323,Douala,"Langue parlée,Silence,Musique,Sport,Conduite souple,Cuisine,Boisson gratuite,Chauffeur expérimenté,Confort,Assistance bagages",Planner,Bonamoussadi
2670,Bandjoun,"Assistance bagages,Cuisine,Conduite souple,Ambiance chaleureuse,Musique,Ponctualité,Confort,Connectivité,Climatisation,Éclairage tamisé,Sièges inclinables,Chauffeur expérimenté,Espace de rangement,Wi-Fi gratuit,Navigation GPS",Traveler,Bimbia
3396,Edéa,"Sièges inclinables,Conduite souple,Sport,Confort,Conversation,Chauffeur expérimenté,Silence,Assistance bagages,Boisson gratuite,Éclairage tamisé,Langue parlée,Climatisation,Musique,Navigation GPS,Espace de rangement,Ponctualité,Wi-Fi gratuit",Planner,Batibo
2052,Bafia,"Ambiance chaleureuse,Silence,Musique,Boisson gratuite,Cuisine,Vue panoramique,Climatisation,Sport",Planner,Bonakouamouang
833,Bafang,"Sport,Conversation,Connectivité,Musique,Silence,Vue panoramique,Assistance bagages,Éclairage tamisé,Langue parlée,Sièges inclinables,Ponctualité,Boisson gratuite,Confort,Climatisation,Ambiance chaleureuse,Espace de rangement,Conduite souple,Animaux acceptés,Chauffeur expérimenté,Cuisine,Wi-Fi gratuit,Navigation GPS",Traveler,Bogo
3102,Beti,"Sièges inclinables,Conversation,Assistance bagages,Boisson gratuite,Silence",Planner,Muyuka
1555,Bogo,"Wi-Fi gratuit,Silence,Sièges inclinables,Connectivité,Navigation GPS,Ponctualité,Éclairage tamisé,Espace de rangement",Traveler,Douala
3681,Nkongsamba,"Conversation,Assistance bagages,Musique,Navigation GPS,Confort,Vue panoramique,Ambiance chaleureuse,Connectivité,Espace de rangement,Sport,Animaux acceptés,Langue parlée,Boisson gratuite,Climatisation,Silence,Ponctualité,Sièges inclinables",Planner,Dibombari
4287,Bafang,"Sport,Espace de rangement,Musique,Confort,Éclairage tamisé,Animaux acceptés,Boisson gratuite,Silence",Traveler,Nanga-Eboko
2681,Limbe,"Boisson gratuite,Animaux acceptés,Vue panoramique,Chauffeur expérimenté,Climatisation,Assistance bagages,Cuisine,Conversation,Silence,Ambiance chaleureuse,Musique,Connectivité,Ponctualité,Wi-Fi gratuit",Traveler,Bonamoussadi
1528,Bonakouamouang,Sport,Traveler,Loum
472,Banga Bakundu,"Langue parlée,Boisson gratuite,Assistance bagages,Cuisine,Sièges inclinables,Animaux acceptés,Connectivité,Navigation GPS,Espace de rangement",Traveler,Beti
403,Bonamoussadi,"Conduite souple,Éclairage tamisé,Musique,Navigation GPS,Assistance bagages,Wi-Fi gratuit,Ponctualité,Espace de rangement,Sport,Climatisation,Boisson gratuite,Animaux acceptés,Cuisine,Chauffeur expérimenté,Conversation,Connectivité,Silence,Ambiance chaleureuse,Confort,Vue panoramique,Sièges inclinables,Langue parlée",Traveler,Banga Bakundu
2492,Mbanga,"Conversation,Sport,Assistance bagages,Ponctualité,Chauffeur expérimenté,Connectivité,Espace de rangement,Vue panoramique,Cuisine,Boisson gratuite,Ambiance chaleureuse,Conduite souple,Climatisation,Animaux acceptés,Confort,Navigation GPS,Wi-Fi gratuit,Éclairage tamisé",Planner,Campo
783,Yagoua,"Conduite souple,Ambiance chaleureuse,Sièges inclinables,Cuisine,Wi-Fi gratuit,Éclairage tamisé,Assistance bagages,Animaux acceptés,Silence,Connectivité,Confort,Climatisation,Vue panoramique,Musique,Sport,Navigation GPS,Conversation,Ponctualité,Chauffeur expérimenté,Boisson gratuite,Langue parlée",Traveler,Bandjoun
2312,Bertoua,"Espace de rangement,Conversation,Connectivité,Sport,Silence,Langue parlée,Confort,Sièges inclinables",Traveler,Nkongsamba
2170,Nanga-Eboko,"Chauffeur expérimenté,Climatisation,Espace de rangement,Animaux acceptés,Cuisine,Assistance bagages,Wi-Fi gratuit,Boisson gratuite,Ponctualité,Conduite souple,Musique,Éclairage tamisé,Connectivité,Sièges inclinables,Sport,Vue panoramique,Confort,Ambiance chaleureuse,Langue parlée,Navigation GPS,Silence",Planner,Essos
3483,Mbanga,"Éclairage tamisé,Musique,Chauffeur expérimenté,Cuisine",Planner,Nanga-Eboko
3383,Douala,"Sport,Silence,Éclairage tamisé,Navigation GPS,Ponctualité,Vue panoramique,Sièges inclinables,Conversation,Confort,Espace de rangement,Wi-Fi gratuit,Climatisation,Cuisine",Traveler,Muyuka
2186,Bafang,"Assistance bagages,Wi-Fi gratuit,Sport,Éclairage tamisé,Langue parlée,Chauffeur expérimenté,Connectivité,Animaux acceptés,Ambiance chaleureuse,Espace de rangement,Navigation GPS,Ponctualité,Confort",Planner,Beti
2164,Bonanjo,"Musique,Boisson gratuite",Traveler,Bafoussam
1780,Bonanjo,"Ambiance chaleureuse,Musique,Ponctualité,Sièges inclinables,Conversation",Traveler,Mbanga
2740,Mbalmayo,"Conversation,Climatisation,Espace de rangement,Ambiance chaleureuse,Boisson gratuite,Connectivité,Chauffeur expérimenté,Confort,Silence,Assistance bagages,Navigation GPS,Animaux acceptés,Sport,Éclairage tamisé,Vue panoramique,Conduite souple",Traveler,Gazawa
4711,Boutours,"Conduite souple,Boisson gratuite,Animaux acceptés,Espace de rangement,Cuisine,Climatisation,Confort,Langue parlée,Ambiance chaleureuse,Sport,Musique,Éclairage tamisé,Assistance bagages",Traveler,Boutours
4628,Douala,"Ponctualité,Espace de rangement,Musique,Ambiance chaleureuse,Silence,Navigation GPS,Climatisation,Conversation,Cuisine,Conduite souple",Planner,Essos
29,Fontem,"Boisson gratuite,Confort,Vue panoramique,Animaux acceptés,Connectivité,Ponctualité,Conduite souple,Cuisine,Conversation,Sièges inclinables,Chauffeur expérimenté,Espace de rangement,Silence,Ambiance chaleureuse,Navigation GPS,Éclairage tamisé,Climatisation,Assistance bagages,Langue parlée,Musique",Planner,Bonanjo
1629,Bandjoun,"Climatisation,Éclairage tamisé,Vue panoramique,Navigation GPS,Animaux acceptés,Sièges inclinables,Silence,Conduite souple,Assistance bagages,Ambiance chaleureuse,Sport,Langue parlée",Traveler,Bonakouamouang
1113,Melong,"Climatisation,Navigation GPS,Conversation,Confort,Animaux acceptés,Sièges inclinables,Silence,Sport,Ponctualité,Assistance bagages,Langue parlée,Cuisine,Musique,Wi-Fi gratuit,Vue panoramique,Espace de rangement,Chauffeur expérimenté,Conduite souple,Connectivité,Boisson gratuite",Traveler,Banga Bakundu
3407,Bali Nyonga,"Musique,Wi-Fi gratuit,Animaux acceptés,Boisson gratuite,Assistance bagages,Langue parlée,Confort,Cuisine,Éclairage tamisé,Conduite souple",Traveler,Bafoussam
4720,Bamenda,"Conversation,Éclairage tamisé,Sièges inclinables,Espace de rangement,Confort",Traveler,Bonabéri
3460,Buea,"Climatisation,Sièges inclinables,Vue panoramique,Connectivité,Wi-Fi gratuit,Animaux acceptés,Navigation GPS,Ponctualité,Espace de rangement,Assistance bagages,Cuisine,Musique,Langue parlée,Sport",Planner,Mokolo
1948,Bali,"Wi-Fi gratuit,Climatisation,Confort,Langue parlée,Éclairage tamisé,Vue panoramique,Sport,Boisson gratuite,Navigation GPS,Conduite souple,Connectivité",Planner,Nkongsamba
3529,Figuif,"Navigation GPS,Sièges inclinables,Conduite souple,Éclairage tamisé,Wi-Fi gratuit",Traveler,Fontem
3047,Mokolo,"Conversation,Wi-Fi gratuit,Musique,Vue panoramique,Silence,Climatisation,Animaux acceptés,Éclairage tamisé,Sport,Connectivité,Chauffeur expérimenté,Sièges inclinables,Langue parlée,Confort,Ambiance chaleureuse,Boisson gratuite,Ponctualité,Cuisine,Espace de rangement,Conduite souple,Navigation GPS,Assistance bagages",Traveler,Bonanjo
2794,Mokolo,"Espace de rangement,Confort,Wi-Fi gratuit,Vue panoramique",Planner,Kousseri
2219,Essos,"Silence,Vue panoramique,Climatisation,Éclairage tamisé,Langue parlée,Boisson gratuite,Conduite souple,Cuisine,Espace de rangement,Animaux acceptés,Connectivité,Sièges inclinables,Chauffeur expérimenté,Wi-Fi gratuit,Navigation GPS,Ponctualité,Sport,Musique,Ambiance chaleureuse",Traveler,Maroua
4422,Essos,"Navigation GPS,Conduite souple,Connectivité,Ambiance chaleureuse,Wi-Fi gratuit,Assistance bagages,Sport,Confort,Musique",Planner,Bertoua
684,Guider,"Ponctualité,Navigation GPS,Assistance bagages,Conduite souple,Climatisation,Éclairage tamisé,Chauffeur expérimenté,Conversation,Ambiance chaleureuse,Vue panoramique,Animaux acceptés,Langue parlée,Sport,Espace de rangement,Sièges inclinables,Cuisine,Silence,Connectivité",Traveler,Fontem
3859,Mbandjock,"Silence,Espace de rangement,Sport,Ponctualité,Conversation,Wi-Fi gratuit",Traveler,Mbanga
4978,Guider,"Ponctualité,Cuisine,Vue panoramique,Boisson gratuite,Musique,Langue parlée,Assistance bagages,Sièges inclinables,Animaux acceptés,Conduite souple,Connectivité,Ambiance chaleureuse,Chauffeur expérimenté,Espace de rangement,Conversation,Confort,Éclairage tamisé,Climatisation,Sport,Wi-Fi gratuit,Silence",Planner,Bafoussam
3502,Belabo,"Musique,Espace de rangement,Chauffeur expérimenté,Assistance bagages,Silence,Navigation GPS,Climatisation,Langue parlée",Traveler,Mbouda
1836,Bertoua,Vue panoramique,Planner,Boutours
4073,Bimbia,"Climatisation,Silence,Ponctualité,Conversation,Animaux acceptés,Conduite souple,Boisson gratuite,Musique,Navigation GPS,Chauffeur expérimenté,Langue parlée,Connectivité,Sport,Espace de rangement,Éclairage tamisé,Cuisine,Sièges inclinables,Confort,Vue panoramique,Wi-Fi gratuit,Ambiance chaleureuse",Planner,Bafoussam
4652,Yaounde,"Langue parlée,Assistance bagages,Chauffeur expérimenté,Musique,Confort,Climatisation,Ponctualité,Navigation GPS",Traveler,Mbandjock
3070,Bafang,"Silence,Confort,Conversation,Éclairage tamisé,Ponctualité,Conduite souple",Planner,Buea
2650,Batibo,"Animaux acceptés,Cuisine,Connectivité,Éclairage tamisé,Conversation,Sport,Ambiance chaleureuse,Wi-Fi gratuit,Chauffeur expérimenté,Boisson gratuite",Traveler,Loum
3405,Bogo,"Musique,Ponctualité,Langue parlée,Ambiance chaleureuse,Animaux acceptés,Climatisation,Conversation,Espace de rangement,Connectivité,Vue panoramique,Boisson gratuite,Sièges inclinables,Silence,Conduite souple,Éclairage tamisé,Sport",Traveler,Gazawa
433,Mutengene,"Ponctualité,Chauffeur expérimenté,Sport,Navigation GPS,Wi-Fi gratuit,Éclairage tamisé,Conversation",Planner,Loum
1515,Muyuka,"Silence,Sièges inclinables,Wi-Fi gratuit,Sport,Assistance bagages,Éclairage tamisé,Ambiance chaleureuse",Planner,Meiganga
193,Belabo,"Cuisine,Boisson gratuite,Wi-Fi gratuit,Conduite souple,Musique,Animaux acceptés,Sport,Climatisation,Langue parlée,Vue panoramique,Navigation GPS",Planner,Bonamoussadi
4307,Kumba,"Boisson gratuite,Connectivité,Wi-Fi gratuit,Espace de rangement,Cuisine,Ambiance chaleureuse,Sièges inclinables,Sport,Vue panoramique,Chauffeur expérimenté,Confort,Éclairage tamisé,Langue parlée,Silence,Animaux acceptés,Climatisation,Assistance bagages,Navigation GPS,Conversation",Traveler,Kousseri
847,Melong,"Wi-Fi gratuit,Animaux acceptés,Connectivité,Silence,Ponctualité,Musique,Confort,Cuisine,Sport,Chauffeur expérimenté,Éclairage tamisé,Climatisation,Conversation,Sièges inclinables,Vue panoramique,Assistance bagages,Ambiance chaleureuse",Traveler,Kumba
3632,Beti,"Musique,Chauffeur expérimenté,Espace de rangement,Navigation GPS",Planner,Muyuka
2241,Bali,"Chauffeur expérimenté,Conduite souple,Connectivité,Confort,Vue panoramique,Climatisation",Planner,Garoua
3185,Edéa,"Sport,Ponctualité,Chauffeur expérimenté,Silence,Navigation GPS,Sièges inclinables",Planner,Mbandjock
969,Messa,"Chauffeur expérimenté,Silence,Musique,Boisson gratuite,Conversation,Climatisation,Ambiance chaleureuse,Sport,Espace de rangement,Connectivité,Animaux acceptés,Éclairage tamisé",Planner,Bafang
4425,Limbe,"Navigation GPS,Sport,Silence,Vue panoramique,Musique,Conduite souple,Conversation,Sièges inclinables",Planner,Yagoua
4047,Garoua,"Wi-Fi gratuit,Espace de rangement,Conduite souple,Vue panoramique,Musique,Ambiance chaleureuse,Silence,Éclairage tamisé,Animaux acceptés,Boisson gratuite,Navigation GPS,Climatisation,Assistance bagages,Sport,Cuisine,Langue parlée,Conversation,Sièges inclinables,Connectivité",Traveler,Fontem
3441,Kumba,"Éclairage tamisé,Boisson gratuite,Vue panoramique,Navigation GPS,Langue parlée,Conduite souple,Connectivité,Climatisation,Conversation,Sport,Espace de rangement,Musique,Silence,Assistance bagages,Ponctualité,Wi-Fi gratuit,Sièges inclinables,Ambiance chaleureuse",Planner,Muyuka
4737,Douala,"Vue panoramique,Assistance bagages",Planner,Kousseri
3843,Bandjoun,"Ambiance chaleureuse,Navigation GPS,Conversation,Connectivité",Planner,Mutengene
4130,Kumba,"Espace de rangement,Navigation GPS,Conversation,Connectivité,Chauffeur expérimenté,Conduite souple,Cuisine",Planner,Batibo
3574,Mora,Silence,Planner,Limbe
3525,Essos,"Éclairage tamisé,Silence,Ponctualité,Animaux acceptés,Musique,Espace de rangement,Conversation,Conduite souple,Connectivité,Confort,Langue parlée,Sport,Vue panoramique,Cuisine,Wi-Fi gratuit,Sièges inclinables,Chauffeur expérimenté,Boisson gratuite,Assistance bagages,Navigation GPS,Climatisation",Traveler,Meiganga
1409,Bonabéri,"Musique,Navigation GPS,Connectivité,Confort,Éclairage tamisé,Boisson gratuite,Langue parlée,Sièges inclinables,Wi-Fi gratuit",Traveler,Mbouda
2838,Kribi,"Langue parlée,Assistance bagages,Conduite souple,Éclairage tamisé,Musique,Sièges inclinables,Silence,Boisson gratuite,Cuisine,Climatisation,Conversation,Vue panoramique,Ambiance chaleureuse",Planner,Bonaberi
3641,Beti,"Vue panoramique,Espace de rangement,Musique",Planner,Belo
2773,Bimbia,"Vue panoramique,Ambiance chaleureuse,Assistance bagages,Sport,Chauffeur expérimenté,Sièges inclinables,Cuisine,Éclairage tamisé,Silence,Animaux acceptés,Confort,Navigation GPS,Musique,Wi-Fi gratuit",Planner,Gazawa
1039,Beti,"Vue panoramique,Chauffeur expérimenté,Navigation GPS,Climatisation,Connectivité,Animaux acceptés,Sport,Silence,Langue parlée,Sièges inclinables,Boisson gratuite,Wi-Fi gratuit,Cuisine,Assistance bagages,Confort,Éclairage tamisé,Musique,Conduite souple,Espace de rangement,Ambiance chaleureuse,Ponctualité",Traveler,Garoua
1615,Bamenda,"Musique,Cuisine,Espace de rangement,Sport,Boisson gratuite,Connectivité",Planner,Dibombari
4574,Bafang,Ambiance chaleureuse,Planner,Garoua
1032,Bogo,"Vue panoramique,Musique,Éclairage tamisé,Cuisine,Conversation,Chauffeur expérimenté,Silence,Navigation GPS,Animaux acceptés",Planner,Mokolo
1837,Bali Nyonga,"Conduite souple,Langue parlée,Cuisine,Musique,Ponctualité,Sièges inclinables,Navigation GPS,Assistance bagages,Climatisation,Ambiance chaleureuse,Conversation,Wi-Fi gratuit,Confort,Silence,Connectivité,Animaux acceptés,Chauffeur expérimenté",Planner,Melong
2566,Yaounde,"Animaux acceptés,Musique,Confort,Cuisine,Espace de rangement,Connectivité,Silence,Sièges inclinables,Boisson gratuite,Wi-Fi gratuit,Navigation GPS",Traveler,Figuif
2970,Bonabéri,"Sport,Conduite souple,Cuisine,Climatisation,Assistance bagages,Espace de rangement,Éclairage tamisé,Conversation,Ponctualité,Navigation GPS,Langue parlée,Chauffeur expérimenté,Connectivité",Planner,Belo
225,Mbanga,"Silence,Conduite souple,Ponctualité,Langue parlée,Chauffeur expérimenté,Boisson gratuite,Conversation,Sièges inclinables",Traveler,Loum
4465,Bonamoussadi,"Éclairage tamisé,Sièges inclinables,Boisson gratuite",Traveler,Bafoussam
3798,Campo,"Espace de rangement,Boisson gratuite,Assistance bagages,Sièges inclinables,Climatisation,Confort,Conduite souple,Langue parlée,Éclairage tamisé,Ponctualité,Wi-Fi gratuit,Animaux acceptés,Navigation GPS,Musique,Silence,Vue panoramique,Sport,Cuisine",Traveler,Beti
4254,Bafang,"Vue panoramique,Silence,Éclairage tamisé,Animaux acceptés,Musique,Navigation GPS,Wi-Fi gratuit",Planner,Bonabéri
2926,Campo,"Animaux acceptés,Espace de rangement,Confort,Silence,Navigation GPS,Sièges inclinables,Connectivité,Sport,Ambiance chaleureuse,Vue panoramique,Ponctualité,Musique,Cuisine,Climatisation,Conduite souple,Assistance bagages,Chauffeur expérimenté,Langue parlée",Traveler,Bonabéri
1984,Bandjoun,"Cuisine,Langue parlée,Boisson gratuite,Ponctualité,Assistance bagages,Éclairage tamisé,Ambiance chaleureuse,Connectivité,Musique,Climatisation,Sièges inclinables,Navigation GPS,Confort,Animaux acceptés",Planner,Kousseri
2602,Kousseri,"Animaux acceptés,Wi-Fi gratuit,Sièges inclinables,Musique,Ambiance chaleureuse,Conduite souple,Langue parlée,Éclairage tamisé,Vue panoramique,Climatisation,Chauffeur expérimenté,Espace de rangement,Navigation GPS",Traveler,Banga Bakundu
3410,Bafoussam,"Confort,Vue panoramique,Assistance bagages,Sièges inclinables,Musique,Connectivité,Wi-Fi gratuit,Climatisation,Cuisine,Silence,Conversation,Animaux acceptés,Navigation GPS,Espace de rangement,Chauffeur expérimenté,Sport,Langue parlée,Ambiance chaleureuse,Ponctualité,Boisson gratuite,Conduite souple",Planner,Kousseri
791,Belabo,"Ambiance chaleureuse,Navigation GPS,Animaux acceptés",Traveler,Dibombari
1475,Beti,"Sièges inclinables,Langue parlée,Espace de rangement",Planner,Bandjoun
4899,Guider,"Ponctualité,Musique,Vue panoramique,Boisson gratuite,Connectivité,Silence",Planner,Bonabéri
729,Bonanjo,"Assistance bagages,Climatisation,Conversation,Navigation GPS,Sièges inclinables,Éclairage tamisé,Confort,Sport,Connectivité,Cuisine,Animaux acceptés",Traveler,Bonaberi
3981,Bali Nyonga,"Ponctualité,Musique,Langue parlée,Ambiance chaleureuse,Wi-Fi gratuit,Sièges inclinables",Planner,Bafang
2185,Limbe,"Vue panoramique,Ponctualité,Ambiance chaleureuse,Animaux acceptés,Boisson gratuite,Éclairage tamisé,Musique,Cuisine,Confort",Traveler,Campo
3347,Yagoua,"Conduite souple,Éclairage tamisé,Boisson gratuite,Langue parlée,Sport,Ambiance chaleureuse,Vue panoramique,Musique,Climatisation,Confort,Wi-Fi gratuit,Espace de rangement,Assistance bagages,Sièges inclinables,Chauffeur expérimenté,Cuisine,Ponctualité",Traveler,Bafia
2656,Buea,"Animaux acceptés,Cuisine",Traveler,Bonanjo
311,Maroua,"Sport,Sièges inclinables,Ponctualité,Confort,Cuisine,Navigation GPS,Conversation,Connectivité,Wi-Fi gratuit,Boisson gratuite,Vue panoramique,Assistance bagages,Animaux acceptés,Musique,Silence,Conduite souple",Planner,Campo
3230,Bafang,"Wi-Fi gratuit,Cuisine,Sièges inclinables,Espace de rangement,Boisson gratuite,Climatisation,Assistance bagages,Chauffeur expérimenté,Conduite souple,Animaux acceptés,Navigation GPS,Sport,Musique,Connectivité,Ponctualité,Éclairage tamisé,Vue panoramique,Confort",Planner,Bonaberi
4319,Muyuka,"Wi-Fi gratuit,Confort,Langue parlée,Chauffeur expérimenté,Ambiance chaleureuse,Sièges inclinables,Cuisine,Navigation GPS,Musique,Vue panoramique,Connectivité,Silence,Sport,Conversation,Animaux acceptés,Boisson gratuite,Ponctualité,Éclairage tamisé,Conduite souple,Climatisation,Espace de rangement,Assistance bagages",Planner,Garoua
1755,Bonakouamouang,"Langue parlée,Musique,Confort,Conversation,Sport,Assistance bagages,Connectivité",Traveler,Figuif
1120,Mbalmayo,"Langue parlée,Éclairage tamisé,Wi-Fi gratuit,Climatisation,Ambiance chaleureuse,Sièges inclinables,Vue panoramique,Sport,Musique,Ponctualité,Chauffeur expérimenté,Navigation GPS,Conversation,Conduite souple,Boisson gratuite,Connectivité,Espace de rangement,Animaux acceptés,Assistance bagages,Silence",Traveler,Mbandjock
4111,Mutengene,"Ambiance chaleureuse,Ponctualité,Animaux acceptés,Vue panoramique,Wi-Fi gratuit,Confort,Éclairage tamisé,Chauffeur expérimenté,Langue parlée,Assistance bagages,Boisson gratuite",Planner,Kumba
4198,Nanga-Eboko,"Silence,Chauffeur expérimenté,Connectivité,Conduite souple,Confort,Conversation,Éclairage tamisé,Navigation GPS,Wi-Fi gratuit,Boisson gratuite,Cuisine,Vue panoramique",Traveler,Bonakouamouang
1928,Bonakouamouang,"Boisson gratuite,Cuisine,Connectivité,Wi-Fi gratuit,Ponctualité,Confort,Espace de rangement,Musique,Conversation,Ambiance chaleureuse,Langue parlée,Silence,Climatisation,Conduite souple,Éclairage tamisé,Chauffeur expérimenté",Traveler,Bafoussam
1550,Mutengene,"Climatisation,Boisson gratuite,Silence,Vue panoramique,Assistance bagages,Espace de rangement",Traveler,Bertoua
3403,Bertoua,"Silence,Navigation GPS,Conversation,Animaux acceptés,Wi-Fi gratuit,Langue parlée",Planner,Bandjoun
4244,Bonaberi,"Wi-Fi gratuit,Boisson gratuite,Sport,Vue panoramique,Conversation,Climatisation,Musique,Chauffeur expérimenté",Traveler,Bimbia
54,Bafia,"Chauffeur expérimenté,Connectivité,Éclairage tamisé,Ponctualité,Assistance bagages,Navigation GPS,Espace de rangement,Vue panoramique,Sport,Climatisation,Boisson gratuite,Confort,Wi-Fi gratuit,Ambiance chaleureuse,Silence,Cuisine",Planner,Kousseri
4642,Bonamoussadi,"Climatisation,Confort,Wi-Fi gratuit,Espace de rangement,Cuisine,Ponctualité,Conduite souple,Conversation,Assistance bagages,Musique,Ambiance chaleureuse,Sièges inclinables,Boisson gratuite,Sport,Navigation GPS,Éclairage tamisé",Planner,Limbe
4883,Meiganga,"Musique,Conduite souple,Conversation,Ambiance chaleureuse,Climatisation,Confort,Wi-Fi gratuit,Vue panoramique,Silence,Langue parlée,Assistance bagages,Espace de rangement,Cuisine,Sièges inclinables,Chauffeur expérimenté,Boisson gratuite,Éclairage tamisé,Ponctualité,Navigation GPS,Animaux acceptés",Traveler,Mbouda
3154,Kousseri,"Confort,Espace de rangement,Sièges inclinables,Sport,Éclairage tamisé,Navigation GPS,Climatisation,Vue panoramique,Boisson gratuite,Connectivité,Conversation,Ambiance chaleureuse,Assistance bagages,Cuisine,Musique,Silence",Traveler,Mbandjock
1883,Loum,"Conduite souple,Éclairage tamisé,Vue panoramique,Cuisine,Climatisation,Ambiance chaleureuse,Conversation,Connectivité,Chauffeur expérimenté,Navigation GPS,Confort,Wi-Fi gratuit,Animaux acceptés",Planner,Yaounde
4008,Bamenda,"Connectivité,Langue parlée,Sport,Navigation GPS,Silence,Assistance bagages,Conversation,Chauffeur expérimenté,Espace de rangement,Vue panoramique",Planner,Mokolo
1030,Nanga-Eboko,"Wi-Fi gratuit,Conversation,Éclairage tamisé,Musique,Sièges inclinables,Ambiance chaleureuse,Navigation GPS,Sport,Espace de rangement,Ponctualité,Confort,Assistance bagages",Planner,Bertoua
2376,Yagoua,"Silence,Cuisine,Conduite souple",Traveler,Limbe
4267,Yagoua,"Wi-Fi gratuit,Silence,Assistance bagages,Ponctualité,Animaux acceptés,Ambiance chaleureuse,Espace de rangement,Conduite souple,Chauffeur expérimenté,Cuisine,Sport,Navigation GPS,Éclairage tamisé,Boisson gratuite,Langue parlée,Connectivité,Sièges inclinables,Vue panoramique,Musique,Conversation,Confort",Planner,Bafang
1088,Campo,"Navigation GPS,Animaux acceptés,Wi-Fi gratuit,Sièges inclinables,Conduite souple,Sport,Éclairage tamisé,Vue panoramique,Langue parlée,Climatisation,Assistance bagages,Silence,Cuisine,Ponctualité,Boisson gratuite,Espace de rangement",Planner,Mbouda
4203,Bonamoussadi,"Animaux acceptés,Musique,Boisson gratuite,Ambiance chaleureuse",Planner,Loum
826,Bali,"Confort,Chauffeur expérimenté,Éclairage tamisé,Vue panoramique,Boisson gratuite,Conduite souple,Espace de rangement,Cuisine,Silence,Ambiance chaleureuse,Assistance bagages,Musique,Climatisation,Sièges inclinables,Langue parlée,Conversation,Navigation GPS",Planner,Boutours
701,Bertoua,"Musique,Silence,Chauffeur expérimenté,Wi-Fi gratuit,Ponctualité,Navigation GPS,Conduite souple",Traveler,Bonabéri
152,Bimbia,"Cuisine,Connectivité,Éclairage tamisé,Vue panoramique,Boisson gratuite,Assistance bagages,Conversation,Ponctualité,Silence,Wi-Fi gratuit,Chauffeur expérimenté,Musique,Espace de rangement,Navigation GPS",Traveler,Gazawa
709,Bogo,"Navigation GPS,Wi-Fi gratuit,Assistance bagages,Climatisation,Ponctualité,Confort,Éclairage tamisé,Langue parlée,Conversation,Vue panoramique",Planner,Melong
4039,Bertoua,"Connectivité,Navigation GPS,Boisson gratuite,Conversation,Musique,Langue parlée,Ponctualité",Traveler,Gazawa
1824,Bertoua,"Connectivité,Conversation,Chauffeur expérimenté,Boisson gratuite,Wi-Fi gratuit,Musique,Éclairage tamisé,Sièges inclinables,Assistance bagages,Espace de rangement",Planner,Yagoua
1075,Bonaberi,"Ponctualité,Sièges inclinables,Cuisine,Climatisation,Assistance bagages",Planner,Boutours
1238,Mbalmayo,"Conversation,Confort,Animaux acceptés,Wi-Fi gratuit,Boisson gratuite,Espace de rangement,Chauffeur expérimenté,Cuisine,Sièges inclinables,Connectivité,Vue panoramique,Langue parlée,Musique,Assistance bagages,Sport",Planner,Bonamoussadi
1804,Nkongsamba,"Cuisine,Éclairage tamisé,Connectivité,Vue panoramique,Sièges inclinables,Conduite souple,Musique,Ponctualité,Assistance bagages,Conversation,Ambiance chaleureuse",Traveler,Bimbia
154,Messa,"Sièges inclinables,Navigation GPS,Climatisation,Conduite souple,Wi-Fi gratuit,Animaux acceptés,Assistance bagages,Boisson gratuite,Langue parlée",Traveler,Mutengene
3160,Buea,"Ambiance chaleureuse,Boisson gratuite,Conduite souple,Ponctualité,Cuisine,Sièges inclinables,Conversation,Confort,Silence,Musique,Éclairage tamisé,Animaux acceptés,Assistance bagages,Navigation GPS,Wi-Fi gratuit,Vue panoramique,Langue parlée",Traveler,Boutours
2523,Bali,"Animaux acceptés,Langue parlée",Planner,Guider
3802,Bonanjo,"Wi-Fi gratuit,Conversation,Climatisation,Chauffeur expérimenté,Silence,Boisson gratuite,Espace de rangement,Ambiance chaleureuse,Éclairage tamisé,Sport,Confort,Navigation GPS,Vue panoramique,Langue parlée,Conduite souple",Planner,Bafang
68,Yaounde,"Confort,Climatisation,Chauffeur expérimenté,Connectivité,Cuisine,Ponctualité,Animaux acceptés,Langue parlée,Assistance bagages,Conduite souple,Conversation",Traveler,Bogo
2484,Bandjoun,"Assistance bagages,Silence,Climatisation,Wi-Fi gratuit,Animaux acceptés,Espace de rangement,Boisson gratuite,Ponctualité,Éclairage tamisé,Navigation GPS,Sport,Cuisine,Conduite souple,Conversation,Confort",Traveler,Figuif
939,Batibo,"Climatisation,Navigation GPS,Conduite souple,Espace de rangement,Boisson gratuite,Confort,Éclairage tamisé,Silence,Assistance bagages,Sport,Connectivité,Langue parlée,Ponctualité",Planner,Dibombari
4309,Buea,"Éclairage tamisé,Espace de rangement,Chauffeur expérimenté,Sièges inclinables,Musique,Conversation",Planner,Limbe
2141,Limbe,"Musique,Navigation GPS,Assistance bagages,Silence,Boisson gratuite,Wi-Fi gratuit,Langue parlée,Cuisine",Traveler,Loum
2982,Garoua,"Espace de rangement,Langue parlée,Éclairage tamisé,Musique,Conversation",Traveler,Bafang
4944,Boutours,"Sport,Connectivité,Conversation,Navigation GPS,Confort,Ponctualité,Boisson gratuite,Animaux acceptés,Langue parlée,Sièges inclinables,Cuisine,Éclairage tamisé,Vue panoramique,Wi-Fi gratuit,Espace de rangement,Musique,Conduite souple,Climatisation,Ambiance chaleureuse,Silence",Planner,Kribi
4386,Bertoua,"Cuisine,Boisson gratuite,Chauffeur expérimenté,Sièges inclinables,Connectivité,Langue parlée,Éclairage tamisé,Musique,Animaux acceptés",Traveler,Bertoua
2515,Beti,Éclairage tamisé,Planner,Buea
1072,Maroua,"Connectivité,Cuisine,Navigation GPS,Chauffeur expérimenté,Musique,Sièges inclinables,Vue panoramique,Silence,Confort",Planner,Buea
4998,Loum,Cuisine,Planner,Belo
2821,Bafang,"Wi-Fi gratuit,Conduite souple,Confort,Sport,Ponctualité,Animaux acceptés,Cuisine,Éclairage tamisé,Langue parlée,Silence,Connectivité,Chauffeur expérimenté,Navigation GPS,Vue panoramique,Conversation",Traveler,Nkongsamba
2292,Mora,"Navigation GPS,Chauffeur expérimenté,Espace de rangement,Sièges inclinables,Connectivité,Conversation",Traveler,Bafoussam
4534,Guider,"Cuisine,Ambiance chaleureuse,Wi-Fi gratuit,Climatisation,Chauffeur expérimenté,Musique,Confort,Sièges inclinables,Ponctualité,Navigation GPS,Vue panoramique,Silence,Conduite souple,Langue parlée,Animaux acceptés",Traveler,Garoua
3490,Meiganga,Conversation,Traveler,Bogo
3435,Bamenda,"Conversation,Cuisine,Sièges inclinables,Ambiance chaleureuse,Ponctualité,Conduite souple,Espace de rangement,Connectivité,Confort,Animaux acceptés,Vue panoramique,Wi-Fi gratuit,Musique",Traveler,Bamenda
1573,Loum,"Vue panoramique,Ambiance chaleureuse,Chauffeur expérimenté,Ponctualité,Musique,Confort,Boisson gratuite,Silence,Conduite souple,Connectivité,Navigation GPS,Assistance bagages,Cuisine,Éclairage tamisé,Wi-Fi gratuit,Sport",Traveler,Loum
3534,Banga Bakundu,"Climatisation,Sport,Animaux acceptés,Langue parlée,Conversation,Silence,Musique,Cuisine,Vue panoramique,Confort,Boisson gratuite,Chauffeur expérimenté,Connectivité,Ambiance chaleureuse,Assistance bagages,Espace de rangement,Éclairage tamisé",Planner,Belo
3454,Bogo,"Confort,Sièges inclinables,Climatisation,Boisson gratuite,Silence,Sport,Connectivité,Ambiance chaleureuse,Conduite souple",Planner,Kumba
1304,Figuif,"Conversation,Boisson gratuite,Espace de rangement,Silence,Langue parlée,Animaux acceptés,Confort,Connectivité,Assistance bagages,Climatisation,Vue panoramique,Cuisine,Wi-Fi gratuit,Musique,Sièges inclinables,Ambiance chaleureuse",Traveler,Bali
2557,Muyuka,"Ambiance chaleureuse,Navigation GPS,Espace de rangement,Éclairage tamisé,Sièges inclinables,Langue parlée",Traveler,Bertoua
3231,Figuif,"Conduite souple,Animaux acceptés,Confort,Navigation GPS,Connectivité",Planner,Belo
2577,Yaounde,"Silence,Assistance bagages,Ponctualité,Navigation GPS,Chauffeur expérimenté,Sport,Sièges inclinables,Wi-Fi gratuit,Conduite souple,Confort,Éclairage tamisé,Vue panoramique,Animaux acceptés,Conversation,Musique,Ambiance chaleureuse,Cuisine,Climatisation,Boisson gratuite,Connectivité,Langue parlée,Espace de rangement",Planner,Bonakouamouang
438,Fontem,"Espace de rangement,Climatisation,Assistance bagages,Boisson gratuite,Ambiance chaleureuse,Navigation GPS,Wi-Fi gratuit,Animaux acceptés,Connectivité,Sport,Éclairage tamisé",Traveler,Buea
583,Douala,"Climatisation,Silence,Vue panoramique,Conversation,Wi-Fi gratuit,Assistance bagages,Espace de rangement,Sport,Boisson gratuite,Sièges inclinables,Cuisine,Musique,Animaux acceptés,Ambiance chaleureuse,Chauffeur expérimenté,Confort,Connectivité,Éclairage tamisé,Navigation GPS,Ponctualité,Langue parlée",Traveler,Bonakouamouang
1035,Bamenda,"Vue panoramique,Sport,Boisson gratuite,Assistance bagages,Cuisine,Conduite souple,Musique,Ambiance chaleureuse,Conversation,Confort,Chauffeur expérimenté",Planner,Mokolo
237,Limbe,"Ambiance chaleureuse,Connectivité,Climatisation,Vue panoramique,Éclairage tamisé,Wi-Fi gratuit,Chauffeur expérimenté,Boisson gratuite,Conduite souple,Cuisine,Langue parlée",Traveler,Batibo
1936,Bimbia,"Assistance bagages,Sport,Silence,Boisson gratuite,Espace de rangement,Langue parlée,Navigation GPS,Sièges inclinables,Musique,Wi-Fi gratuit,Climatisation,Conversation,Ambiance chaleureuse,Connectivité,Animaux acceptés,Vue panoramique,Confort,Éclairage tamisé,Cuisine",Traveler,Bafoussam
3780,Campo,"Espace de rangement,Conversation,Connectivité,Conduite souple,Climatisation,Animaux acceptés,Musique,Chauffeur expérimenté,Sport,Éclairage tamisé,Langue parlée,Wi-Fi gratuit,Sièges inclinables,Confort,Boisson gratuite",Planner,Bonanjo
1738,Bafang,"Chauffeur expérimenté,Animaux acceptés,Cuisine,Assistance bagages,Vue panoramique,Navigation GPS,Conduite souple,Espace de rangement,Connectivité,Boisson gratuite,Confort",Planner,Bonakouamouang
1773,Essos,"Espace de rangement,Animaux acceptés,Assistance bagages,Musique,Chauffeur expérimenté,Ponctualité,Climatisation,Conversation,Éclairage tamisé,Vue panoramique",Planner,Bogo
4873,Yaounde,"Ponctualité,Animaux acceptés,Ambiance chaleureuse,Boisson gratuite,Assistance bagages,Chauffeur expérimenté,Conduite souple,Silence,Cuisine,Conversation,Sport",Planner,Mbandjock
1098,Bandjoun,"Connectivité,Boisson gratuite,Navigation GPS,Conduite souple,Wi-Fi gratuit,Climatisation,Sièges inclinables",Traveler,Nkongsamba
1302,Buea,"Conversation,Sport,Sièges inclinables,Ponctualité,Boisson gratuite,Confort,Climatisation,Silence,Connectivité,Ambiance chaleureuse,Navigation GPS,Espace de rangement,Animaux acceptés,Vue panoramique,Chauffeur expérimenté,Langue parlée,Éclairage tamisé,Assistance bagages,Musique,Cuisine",Traveler,Gazawa
1236,Figuif,"Vue panoramique,Silence,Assistance bagages,Ponctualité,Boisson gratuite,Cuisine,Chauffeur expérimenté,Sport,Connectivité,Conversation,Éclairage tamisé,Sièges inclinables,Wi-Fi gratuit,Ambiance chaleureuse,Musique",Traveler,Kumba
836,Maroua,"Langue parlée,Vue panoramique,Musique,Cuisine,Navigation GPS,Ambiance chaleureuse,Chauffeur expérimenté,Wi-Fi gratuit,Espace de rangement,Éclairage tamisé,Conversation,Animaux acceptés",Traveler,Nanga-Eboko
805,Bertoua,"Connectivité,Cuisine,Wi-Fi gratuit,Assistance bagages,Chauffeur expérimenté,Langue parlée,Ambiance chaleureuse,Conduite souple,Navigation GPS,Éclairage tamisé,Boisson gratuite,Ponctualité,Climatisation",Traveler,Figuif
942,Bonamoussadi,"Assistance bagages,Musique,Animaux acceptés,Cuisine,Connectivité,Conversation,Navigation GPS,Silence,Sièges inclinables,Vue panoramique,Espace de rangement,Chauffeur expérimenté,Ambiance chaleureuse,Conduite souple",Traveler,Bali
2001,Buea,"Conversation,Espace de rangement,Cuisine,Boisson gratuite,Silence,Sport",Traveler,Batibo
1819,Mbanga,"Éclairage tamisé,Conversation,Sport,Sièges inclinables,Vue panoramique,Ponctualité,Confort,Assistance bagages,Cuisine,Wi-Fi gratuit,Conduite souple,Connectivité",Planner,Nkongsamba
1436,Yaounde,"Conversation,Ambiance chaleureuse,Silence,Musique,Connectivité",Planner,Maroua
4627,Muyuka,"Connectivité,Assistance bagages,Animaux acceptés,Ambiance chaleureuse,Sièges inclinables,Confort,Cuisine,Ponctualité,Langue parlée,Espace de rangement,Wi-Fi gratuit,Vue panoramique,Conversation,Musique,Éclairage tamisé,Boisson gratuite,Sport,Silence,Navigation GPS",Traveler,Bamenda
3551,Mbandjock,"Langue parlée,Vue panoramique,Musique,Cuisine,Climatisation,Animaux acceptés,Silence,Ambiance chaleureuse,Boisson gratuite,Conversation,Assistance bagages,Sport",Planner,Mokolo
2770,Bogo,"Chauffeur expérimenté,Assistance bagages,Cuisine,Sport",Planner,Banga Bakundu
4167,Mbandjock,"Animaux acceptés,Silence,Conversation,Vue panoramique",Planner,Bogo
1394,Bogo,"Langue parlée,Conversation,Vue panoramique,Ponctualité,Ambiance chaleureuse,Sport,Wi-Fi gratuit,Espace de rangement,Confort,Éclairage tamisé,Chauffeur expérimenté,Conduite souple,Musique,Animaux acceptés,Connectivité,Sièges inclinables,Navigation GPS,Climatisation,Assistance bagages,Silence,Boisson gratuite",Planner,Yaounde
3745,Mbalmayo,"Ponctualité,Silence,Vue panoramique,Sièges inclinables,Animaux acceptés,Sport,Conversation,Langue parlée,Climatisation,Chauffeur expérimenté,Cuisine",Traveler,Kousseri
3134,Guider,"Langue parlée,Conduite souple,Wi-Fi gratuit,Conversation,Silence,Chauffeur expérimenté,Boisson gratuite,Climatisation,Espace de rangement,Musique,Ambiance chaleureuse,Assistance bagages,Ponctualité,Animaux acceptés,Sport,Éclairage tamisé,Confort,Navigation GPS",Planner,Bandjoun
4227,Maroua,"Chauffeur expérimenté,Éclairage tamisé,Cuisine,Confort,Silence,Navigation GPS,Sièges inclinables,Climatisation,Sport,Langue parlée,Vue panoramique,Assistance bagages,Musique,Ponctualité,Conduite souple,Connectivité,Boisson gratuite,Espace de rangement,Wi-Fi gratuit,Conversation,Ambiance chaleureuse",Traveler,Bonakouamouang
1991,Mbanga,"Langue parlée,Sièges inclinables,Vue panoramique,Conversation,Ponctualité,Climatisation,Navigation GPS,Conduite souple,Silence,Sport",Planner,Gazawa
4800,Douala,"Ambiance chaleureuse,Animaux acceptés,Confort,Navigation GPS,Boisson gratuite,Connectivité,Sport,Climatisation,Conversation,Espace de rangement,Éclairage tamisé,Conduite souple,Assistance bagages,Langue parlée,Cuisine,Ponctualité",Planner,Garoua
3255,Meiganga,"Langue parlée,Boisson gratuite,Espace de rangement,Connectivité,Silence,Éclairage tamisé,Vue panoramique",Planner,Mbandjock
2250,Garoua,"Musique,Conversation,Sport,Ponctualité,Cuisine,Assistance bagages,Conduite souple,Climatisation,Espace de rangement,Wi-Fi gratuit,Éclairage tamisé,Boisson gratuite,Navigation GPS,Sièges inclinables,Animaux acceptés,Langue parlée,Vue panoramique,Connectivité,Confort,Ambiance chaleureuse,Silence,Chauffeur expérimenté",Planner,Bonanjo
2784,Loum,"Connectivité,Cuisine,Animaux acceptés,Sièges inclinables,Boisson gratuite,Confort,Ambiance chaleureuse,Ponctualité,Éclairage tamisé,Conversation,Langue parlée,Silence,Musique",Traveler,Bafoussam
4203,Garoua,"Boisson gratuite,Wi-Fi gratuit,Langue parlée,Musique,Ponctualité,Assistance bagages,Confort,Connectivité,Sièges inclinables,Cuisine,Silence,Climatisation,Chauffeur expérimenté,Éclairage tamisé,Ambiance chaleureuse,Espace de rangement,Conduite souple,Sport,Navigation GPS,Conversation,Vue panoramique",Traveler,Bali Nyonga
808,Messa,"Conversation,Vue panoramique,Musique,Animaux acceptés,Chauffeur expérimenté,Ambiance chaleureuse,Ponctualité,Climatisation,Langue parlée,Sièges inclinables,Éclairage tamisé,Wi-Fi gratuit,Espace de rangement",Planner,Garoua
2503,Bonanjo,"Langue parlée,Conduite souple,Vue panoramique,Sport,Musique,Espace de rangement",Planner,Messa
54,Banga Bakundu,"Conduite souple,Sport,Assistance bagages,Chauffeur expérimenté",Traveler,Banga Bakundu
1640,Belo,"Boisson gratuite,Vue panoramique,Musique,Wi-Fi gratuit,Confort,Chauffeur expérimenté,Navigation GPS,Animaux acceptés,Cuisine,Sport,Sièges inclinables,Climatisation,Conduite souple,Espace de rangement,Conversation,Silence,Ponctualité,Connectivité,Langue parlée,Éclairage tamisé",Traveler,Melong
3360,Mbandjock,"Ponctualité,Navigation GPS,Confort,Silence,Connectivité,Conduite souple,Cuisine,Vue panoramique,Wi-Fi gratuit,Boisson gratuite,Assistance bagages,Chauffeur expérimenté,Animaux acceptés,Espace de rangement,Langue parlée,Climatisation,Conversation,Musique,Sièges inclinables",Planner,Mora
4619,Mora,"Ambiance chaleureuse,Vue panoramique,Boisson gratuite,Chauffeur expérimenté,Animaux acceptés,Sièges inclinables,Musique,Sport,Conversation,Connectivité,Conduite souple,Climatisation,Cuisine,Langue parlée,Navigation GPS",Traveler,Mutengene
2418,Nanga-Eboko,"Silence,Espace de rangement,Langue parlée,Musique,Vue panoramique,Navigation GPS,Éclairage tamisé,Animaux acceptés,Conversation,Ambiance chaleureuse,Sièges inclinables,Ponctualité,Conduite souple",Traveler,Mutengene
1045,Bonakouamouang,"Éclairage tamisé,Connectivité,Silence,Conversation,Espace de rangement,Cuisine,Ambiance chaleureuse",Traveler,Belo
3562,Loum,"Vue panoramique,Conversation,Assistance bagages,Cuisine",Traveler,Mbalmayo
2700,Figuif,"Ponctualité,Animaux acceptés,Ambiance chaleureuse,Éclairage tamisé,Conversation,Sport,Espace de rangement,Confort,Silence,Cuisine,Sièges inclinables,Navigation GPS,Vue panoramique,Boisson gratuite,Connectivité,Musique,Wi-Fi gratuit,Conduite souple",Traveler,Garoua
3324,Muyuka,"Éclairage tamisé,Climatisation,Assistance bagages,Wi-Fi gratuit,Animaux acceptés,Ponctualité,Boisson gratuite,Confort,Espace de rangement,Conversation,Conduite souple,Vue panoramique,Silence",Traveler,Melong
2992,Bonabéri,"Ambiance chaleureuse,Boisson gratuite,Vue panoramique,Assistance bagages,Ponctualité",Traveler,Guider
2490,Mora,"Climatisation,Chauffeur expérimenté,Musique,Cuisine,Vue panoramique,Boisson gratuite,Ambiance chaleureuse,Navigation GPS,Connectivité,Wi-Fi gratuit,Sièges inclinables,Langue parlée,Conduite souple,Animaux acceptés,Espace de rangement,Conversation,Ponctualité,Éclairage tamisé,Confort,Silence",Traveler,Messa
3875,Mbandjock,"Animaux acceptés,Sièges inclinables,Langue parlée,Conversation,Conduite souple,Éclairage tamisé,Navigation GPS,Ambiance chaleureuse,Musique",Planner,Yagoua
3442,Bonakouamouang,"Confort,Cuisine,Boisson gratuite,Langue parlée,Climatisation,Chauffeur expérimenté,Éclairage tamisé,Conversation,Animaux acceptés,Vue panoramique,Navigation GPS,Sièges inclinables",Planner,Bonanjo
4767,Limbe,"Sièges inclinables,Conversation,Sport,Silence,Connectivité,Espace de rangement",Traveler,Maroua
2856,Bafang,"Confort,Connectivité,Sièges inclinables,Ponctualité,Espace de rangement,Conversation,Chauffeur expérimenté",Traveler,Bonamoussadi
4272,Douala,"Climatisation,Vue panoramique,Animaux acceptés,Confort,Assistance bagages,Wi-Fi gratuit,Sièges inclinables,Ponctualité,Connectivité,Conversation,Cuisine,Conduite souple",Planner,Mbalmayo
2116,Bali,"Connectivité,Vue panoramique,Sport,Ambiance chaleureuse,Langue parlée,Wi-Fi gratuit,Éclairage tamisé,Cuisine,Boisson gratuite,Conduite souple,Conversation,Navigation GPS",Traveler,Boutours
3692,Mokolo,"Langue parlée,Boisson gratuite,Conduite souple,Conversation,Wi-Fi gratuit,Ambiance chaleureuse,Vue panoramique,Connectivité,Sièges inclinables,Musique,Espace de rangement,Éclairage tamisé,Assistance bagages,Climatisation,Chauffeur expérimenté",Planner,Mutengene
1825,Limbe,"Langue parlée,Conversation,Silence,Conduite souple,Animaux acceptés,Cuisine,Musique,Confort,Navigation GPS,Vue panoramique",Planner,Gazawa
2007,Belabo,"Musique,Wi-Fi gratuit,Boisson gratuite,Silence,Espace de rangement,Éclairage tamisé",Traveler,Kousseri
3895,Limbe,"Connectivité,Sport,Wi-Fi gratuit,Sièges inclinables,Conversation,Langue parlée,Navigation GPS,Silence,Climatisation,Chauffeur expérimenté,Vue panoramique,Assistance bagages,Espace de rangement,Confort,Musique,Conduite souple,Éclairage tamisé,Boisson gratuite",Planner,Kumba
4875,Muyuka,"Chauffeur expérimenté,Espace de rangement,Assistance bagages,Navigation GPS,Ponctualité,Langue parlée,Sport,Animaux acceptés,Musique,Silence,Ambiance chaleureuse,Boisson gratuite,Cuisine,Conduite souple,Wi-Fi gratuit,Confort,Sièges inclinables",Planner,Bali
4421,Gazawa,"Silence,Climatisation",Planner,Meiganga
2566,Mbouda,"Navigation GPS,Ponctualité,Sièges inclinables,Langue parlée,Wi-Fi gratuit,Sport,Climatisation,Boisson gratuite,Ambiance chaleureuse,Espace de rangement,Conduite souple,Conversation,Silence",Traveler,Dibombari
2720,Campo,"Navigation GPS,Vue panoramique,Cuisine,Langue parlée,Assistance bagages,Confort,Climatisation,Espace de rangement,Ambiance chaleureuse,Musique",Planner,Beti
4628,Kousseri,"Wi-Fi gratuit,Éclairage tamisé,Connectivité,Animaux acceptés,Cuisine,Silence,Sièges inclinables,Conversation,Vue panoramique,Climatisation,Sport,Navigation GPS,Espace de rangement,Confort,Musique,Boisson gratuite",Planner,Muyuka
2045,Yagoua,"Assistance bagages,Ponctualité,Sport,Navigation GPS,Silence,Climatisation,Ambiance chaleureuse,Conversation,Confort,Sièges inclinables,Espace de rangement,Langue parlée,Éclairage tamisé,Conduite souple",Traveler,Dibombari
4361,Bandjoun,"Sièges inclinables,Assistance bagages,Climatisation,Cuisine,Langue parlée,Animaux acceptés,Ambiance chaleureuse,Conduite souple,Éclairage tamisé,Navigation GPS,Chauffeur expérimenté,Boisson gratuite,Confort,Conversation,Sport",Planner,Bonamoussadi
1887,Bertoua,"Langue parlée,Connectivité,Espace de rangement",Planner,Kumba
2086,Limbe,"Confort,Langue parlée,Silence,Conduite souple",Planner,Yaounde
199,Messa,"Conversation,Conduite souple,Silence,Éclairage tamisé,Confort,Vue panoramique,Wi-Fi gratuit,Climatisation,Espace de rangement,Chauffeur expérimenté,Navigation GPS,Musique,Boisson gratuite,Ponctualité,Assistance bagages,Ambiance chaleureuse",Traveler,Bonakouamouang
1120,Kousseri,"Connectivité,Silence,Éclairage tamisé,Musique,Sport,Conduite souple,Navigation GPS,Confort,Ponctualité,Climatisation",Planner,Mbanga
4012,Bali Nyonga,"Chauffeur expérimenté,Musique,Wi-Fi gratuit,Éclairage tamisé,Connectivité,Cuisine,Espace de rangement,Vue panoramique,Sport,Climatisation,Conduite souple,Boisson gratuite,Confort,Navigation GPS,Silence,Ponctualité",Planner,Muyuka
2094,Belo,"Musique,Ponctualité,Sport,Ambiance chaleureuse",Traveler,Nanga-Eboko
1616,Bimbia,"Animaux acceptés,Conversation,Assistance bagages,Langue parlée",Planner,Figuif
3639,Buea,"Ponctualité,Climatisation,Confort,Wi-Fi gratuit,Sport,Animaux acceptés,Éclairage tamisé,Silence,Boisson gratuite,Chauffeur expérimenté,Sièges inclinables,Vue panoramique,Navigation GPS,Conversation,Cuisine,Ambiance chaleureuse,Musique,Espace de rangement,Assistance bagages,Conduite souple,Connectivité,Langue parlée",Traveler,Bonabéri
546,Gazawa,"Vue panoramique,Ambiance chaleureuse,Navigation GPS,Connectivité,Climatisation,Espace de rangement,Éclairage tamisé,Langue parlée",Planner,Mbalmayo
4834,Boutours,"Cuisine,Navigation GPS,Musique,Ponctualité,Langue parlée,Espace de rangement,Assistance bagages,Boisson gratuite,Connectivité,Conversation,Climatisation,Wi-Fi gratuit,Chauffeur expérimenté,Vue panoramique,Éclairage tamisé,Animaux acceptés,Sport,Sièges inclinables",Traveler,Banga Bakundu
2173,Messa,"Connectivité,Éclairage tamisé,Boisson gratuite,Sport,Langue parlée,Conversation,Espace de rangement,Navigation GPS,Musique,Ponctualité,Ambiance chaleureuse,Cuisine,Wi-Fi gratuit,Conduite souple,Vue panoramique,Climatisation",Traveler,Bamenda
1015,Guider,"Climatisation,Conversation,Boisson gratuite,Vue panoramique,Sport,Sièges inclinables,Navigation GPS,Confort,Silence,Chauffeur expérimenté,Connectivité,Animaux acceptés,Éclairage tamisé",Planner,Bafoussam
2727,Essos,"Wi-Fi gratuit,Éclairage tamisé,Confort,Sièges inclinables,Chauffeur expérimenté,Climatisation,Ponctualité",Traveler,Bafoussam
1925,Mutengene,"Conversation,Boisson gratuite,Langue parlée,Conduite souple,Wi-Fi gratuit,Assistance bagages,Sièges inclinables,Connectivité,Navigation GPS,Vue panoramique,Espace de rangement,Ponctualité,Cuisine,Climatisation",Planner,Fontem
898,Bonanjo,"Confort,Espace de rangement,Assistance bagages,Ponctualité,Sièges inclinables,Connectivité,Animaux acceptés,Musique,Conduite souple,Conversation,Silence,Navigation GPS,Wi-Fi gratuit,Chauffeur expérimenté,Éclairage tamisé,Boisson gratuite,Langue parlée,Vue panoramique,Cuisine,Ambiance chaleureuse,Climatisation",Traveler,Bali Nyonga
1519,Mokolo,"Cuisine,Ambiance chaleureuse,Espace de rangement,Ponctualité,Animaux acceptés,Assistance bagages,Sièges inclinables",Traveler,Mokolo
3693,Bafia,"Chauffeur expérimenté,Musique,Animaux acceptés,Espace de rangement,Connectivité,Navigation GPS,Wi-Fi gratuit,Confort,Climatisation,Ambiance chaleureuse,Assistance bagages,Conduite souple,Ponctualité,Boisson gratuite,Silence",Traveler,Limbe
2519,Buea,"Navigation GPS,Ponctualité,Animaux acceptés,Langue parlée,Musique,Chauffeur expérimenté,Vue panoramique,Climatisation,Conduite souple,Silence,Espace de rangement,Connectivité,Confort",Traveler,Douala
3708,Bogo,"Silence,Ambiance chaleureuse,Chauffeur expérimenté,Navigation GPS,Confort,Sièges inclinables,Climatisation,Connectivité,Conversation,Espace de rangement,Assistance bagages,Vue panoramique,Conduite souple,Langue parlée,Cuisine",Planner,Essos
3748,Mutengene,"Ambiance chaleureuse,Connectivité,Espace de rangement,Conduite souple,Langue parlée,Éclairage tamisé,Confort,Wi-Fi gratuit,Silence,Animaux acceptés,Sport,Musique,Vue panoramique,Climatisation,Conversation,Ponctualité,Navigation GPS",Planner,Bafia
2440,Mora,"Connectivité,Conduite souple,Sport,Boisson gratuite,Sièges inclinables,Confort,Assistance bagages,Wi-Fi gratuit,Ambiance chaleureuse,Langue parlée,Conversation,Ponctualité,Climatisation,Navigation GPS,Musique,Cuisine,Animaux acceptés,Espace de rangement,Éclairage tamisé,Chauffeur expérimenté,Silence",Traveler,Muyuka
4536,Buea,"Navigation GPS,Boisson gratuite,Vue panoramique,Espace de rangement,Climatisation",Traveler,Muyuka
4349,Mbouda,"Éclairage tamisé,Conduite souple,Silence,Chauffeur expérimenté,Boisson gratuite,Espace de rangement,Musique,Connectivité,Vue panoramique,Wi-Fi gratuit,Ponctualité,Animaux acceptés,Climatisation,Sport,Conversation,Confort,Assistance bagages,Langue parlée,Ambiance chaleureuse,Cuisine,Sièges inclinables,Navigation GPS",Planner,Edéa
714,Mutengene,"Assistance bagages,Musique,Boisson gratuite,Espace de rangement,Éclairage tamisé,Chauffeur expérimenté,Conversation,Confort,Ambiance chaleureuse,Navigation GPS,Silence,Connectivité,Langue parlée,Wi-Fi gratuit,Sièges inclinables",Planner,Belabo
4253,Bafia,"Silence,Sport,Boisson gratuite,Sièges inclinables,Confort,Wi-Fi gratuit,Vue panoramique,Assistance bagages,Espace de rangement,Conversation,Animaux acceptés,Climatisation,Navigation GPS,Langue parlée,Conduite souple,Ambiance chaleureuse,Cuisine,Éclairage tamisé,Ponctualité,Chauffeur expérimenté,Musique",Planner,Buea
4459,Campo,"Espace de rangement,Boisson gratuite,Connectivité,Assistance bagages,Vue panoramique,Éclairage tamisé,Conversation,Langue parlée,Ponctualité,Animaux acceptés,Confort,Ambiance chaleureuse,Chauffeur expérimenté,Cuisine,Sport,Conduite souple",Traveler,Bali
4445,Maroua,"Langue parlée,Éclairage tamisé,Sièges inclinables,Espace de rangement,Musique,Animaux acceptés,Navigation GPS,Boisson gratuite,Ambiance chaleureuse,Cuisine,Assistance bagages",Traveler,Muyuka
1756,Guider,"Connectivité,Vue panoramique,Confort,Sièges inclinables,Langue parlée,Animaux acceptés",Traveler,Essos
4353,Batibo,"Boisson gratuite,Chauffeur expérimenté,Sport,Conversation,Sièges inclinables,Wi-Fi gratuit,Espace de rangement,Animaux acceptés,Éclairage tamisé,Confort,Connectivité",Traveler,Kumba
176,Bandjoun,"Espace de rangement,Conduite souple,Navigation GPS,Ponctualité",Planner,Yaounde
2786,Mbanga,"Silence,Musique,Sport,Vue panoramique,Confort,Langue parlée",Planner,Banga Bakundu
1822,Bafia,"Boisson gratuite,Confort,Navigation GPS,Sièges inclinables,Climatisation,Vue panoramique,Animaux acceptés,Langue parlée,Éclairage tamisé,Musique,Espace de rangement,Conversation,Silence,Chauffeur expérimenté,Wi-Fi gratuit,Sport,Conduite souple",Traveler,Bamenda
112,Mbalmayo,"Cuisine,Musique,Langue parlée,Sièges inclinables,Vue panoramique",Planner,Maroua
2759,Bamenda,"Cuisine,Chauffeur expérimenté,Conduite souple,Espace de rangement,Confort,Animaux acceptés,Vue panoramique,Ponctualité,Conversation,Musique,Sport,Langue parlée,Éclairage tamisé,Connectivité,Wi-Fi gratuit,Navigation GPS,Ambiance chaleureuse,Silence",Planner,Bonamoussadi
2698,Banga Bakundu,Assistance bagages,Traveler,Bandjoun
1247,Campo,"Navigation GPS,Silence,Langue parlée,Chauffeur expérimenté,Sièges inclinables,Ambiance chaleureuse,Animaux acceptés,Ponctualité,Connectivité,Sport,Éclairage tamisé,Boisson gratuite,Vue panoramique,Climatisation,Confort",Planner,Bonabéri
2851,Essos,"Conduite souple,Vue panoramique,Assistance bagages,Climatisation,Ambiance chaleureuse,Musique",Planner,Dibombari
3590,Mutengene,Musique,Planner,Bali
3841,Campo,"Animaux acceptés,Langue parlée,Climatisation,Musique,Éclairage tamisé,Conversation,Wi-Fi gratuit,Vue panoramique,Ponctualité,Confort,Sièges inclinables,Chauffeur expérimenté,Silence,Assistance bagages,Boisson gratuite,Cuisine,Connectivité,Espace de rangement,Conduite souple,Navigation GPS,Sport",Planner,Nkongsamba
4910,Campo,"Langue parlée,Boisson gratuite,Musique,Animaux acceptés,Vue panoramique,Sièges inclinables",Traveler,Bafang
4402,Campo,"Silence,Connectivité,Sièges inclinables,Ponctualité,Conversation,Sport,Cuisine,Animaux acceptés,Éclairage tamisé,Vue panoramique,Assistance bagages,Climatisation",Traveler,Belo
4595,Meiganga,"Ambiance chaleureuse,Sport,Climatisation,Conversation",Planner,Bali Nyonga
4120,Garoua,"Musique,Espace de rangement,Confort,Cuisine,Vue panoramique",Traveler,Nanga-Eboko
2527,Yagoua,"Conversation,Cuisine,Confort,Assistance bagages,Connectivité,Navigation GPS,Vue panoramique,Musique,Ponctualité",Traveler,Yaounde
2956,Mbandjock,"Chauffeur expérimenté,Sièges inclinables,Assistance bagages,Conversation,Navigation GPS,Cuisine,Ambiance chaleureuse,Wi-Fi gratuit,Ponctualité,Connectivité,Silence,Boisson gratuite,Sport,Éclairage tamisé,Confort,Espace de rangement",Traveler,Bandjoun
3099,Bertoua,"Chauffeur expérimenté,Silence,Vue panoramique,Connectivité,Espace de rangement,Ponctualité,Cuisine,Assistance bagages,Sport,Éclairage tamisé,Climatisation,Animaux acceptés,Boisson gratuite,Conversation,Sièges inclinables,Ambiance chaleureuse,Confort,Navigation GPS,Wi-Fi gratuit",Planner,Buea
1186,Mbalmayo,"Ponctualité,Chauffeur expérimenté,Connectivité,Conduite souple,Confort,Vue panoramique,Boisson gratuite,Espace de rangement,Cuisine,Conversation,Ambiance chaleureuse",Traveler,Gazawa
4707,Bafoussam,"Boisson gratuite,Éclairage tamisé,Langue parlée,Confort,Cuisine,Climatisation,Animaux acceptés,Musique,Sièges inclinables,Ambiance chaleureuse,Espace de rangement,Chauffeur expérimenté,Connectivité,Sport,Conduite souple,Navigation GPS,Silence,Wi-Fi gratuit",Traveler,Mora
3383,Bamenda,"Wi-Fi gratuit,Assistance bagages,Conversation,Sièges inclinables,Connectivité,Navigation GPS,Chauffeur expérimenté,Confort,Conduite souple,Cuisine,Vue panoramique,Sport,Langue parlée,Espace de rangement,Animaux acceptés,Ponctualité,Musique,Silence",Traveler,Loum
383,Bamenda,"Vue panoramique,Langue parlée,Silence",Traveler,Bonakouamouang
2321,Nkongsamba,"Ambiance chaleureuse,Animaux acceptés,Assistance bagages,Langue parlée,Conduite souple,Sport,Conversation,Cuisine,Navigation GPS,Silence,Wi-Fi gratuit,Vue panoramique,Chauffeur expérimenté,Climatisation",Traveler,Figuif
1283,Edéa,"Conduite souple,Silence,Ponctualité,Cuisine,Wi-Fi gratuit,Connectivité,Animaux acceptés,Espace de rangement,Climatisation,Assistance bagages,Musique,Boisson gratuite,Ambiance chaleureuse,Sport",Traveler,Bandjoun
4336,Bogo,"Vue panoramique,Connectivité,Boisson gratuite,Navigation GPS,Ponctualité,Assistance bagages,Musique,Conduite souple,Ambiance chaleureuse,Sièges inclinables,Sport,Animaux acceptés,Climatisation,Silence,Wi-Fi gratuit,Chauffeur expérimenté,Espace de rangement,Langue parlée",Traveler,Garoua
4550,Bonabéri,"Vue panoramique,Éclairage tamisé,Navigation GPS,Langue parlée,Boisson gratuite,Climatisation,Ponctualité,Conversation,Animaux acceptés,Connectivité,Silence,Assistance bagages,Confort,Cuisine,Musique,Sport,Espace de rangement,Conduite souple,Wi-Fi gratuit,Ambiance chaleureuse,Sièges inclinables",Traveler,Bertoua
2718,Bogo,"Ponctualité,Confort,Vue panoramique,Assistance bagages,Conversation,Boisson gratuite,Connectivité,Climatisation,Navigation GPS",Traveler,Campo
1787,Bimbia,"Cuisine,Connectivité,Animaux acceptés",Traveler,Loum
3023,Banga Bakundu,"Navigation GPS,Climatisation,Animaux acceptés,Musique,Cuisine,Chauffeur expérimenté,Sport,Silence,Wi-Fi gratuit,Sièges inclinables",Traveler,Kumba
1477,Essos,"Éclairage tamisé,Confort,Espace de rangement,Chauffeur expérimenté,Silence,Vue panoramique,Connectivité,Wi-Fi gratuit,Sièges inclinables,Boisson gratuite,Climatisation,Assistance bagages,Animaux acceptés,Langue parlée",Traveler,Fontem
1334,Bonaberi,"Chauffeur expérimenté,Assistance bagages,Conduite souple,Confort,Vue panoramique,Navigation GPS,Silence,Connectivité,Boisson gratuite,Ponctualité,Espace de rangement,Cuisine,Musique,Éclairage tamisé,Sièges inclinables,Wi-Fi gratuit,Climatisation,Animaux acceptés,Ambiance chaleureuse",Planner,Mbalmayo
2903,Buea,"Assistance bagages,Animaux acceptés,Conversation,Wi-Fi gratuit,Ambiance chaleureuse,Chauffeur expérimenté,Navigation GPS,Sport,Conduite souple,Connectivité,Cuisine,Espace de rangement,Musique,Climatisation,Éclairage tamisé,Langue parlée,Boisson gratuite,Ponctualité,Sièges inclinables",Planner,Dibombari
2442,Bafoussam,"Silence,Sport,Espace de rangement,Navigation GPS,Ponctualité,Assistance bagages,Climatisation,Éclairage tamisé,Boisson gratuite,Langue parlée,Conversation,Connectivité,Chauffeur expérimenté,Confort,Animaux acceptés,Sièges inclinables,Vue panoramique,Conduite souple,Wi-Fi gratuit,Cuisine,Ambiance chaleureuse,Musique",Traveler,Messa
3562,Mbouda,"Confort,Langue parlée,Chauffeur expérimenté,Conduite souple,Connectivité,Espace de rangement,Animaux acceptés,Vue panoramique,Wi-Fi gratuit,Ambiance chaleureuse,Conversation,Musique,Assistance bagages",Traveler,Boutours
583,Yaounde,Vue panoramique,Planner,Maroua
4894,Dibombari,"Cuisine,Langue parlée",Planner,Melong
2919,Garoua,"Espace de rangement,Ambiance chaleureuse,Musique,Éclairage tamisé,Vue panoramique,Ponctualité,Boisson gratuite,Chauffeur expérimenté,Sport,Climatisation,Silence,Cuisine,Navigation GPS,Assistance bagages,Wi-Fi gratuit,Conversation,Langue parlée,Animaux acceptés,Confort,Sièges inclinables,Connectivité",Planner,Meiganga
1967,Guider,"Cuisine,Chauffeur expérimenté,Conversation,Silence,Wi-Fi gratuit",Traveler,Yaounde
1134,Mbanga,"Connectivité,Espace de rangement,Sièges inclinables,Chauffeur expérimenté,Vue panoramique,Sport,Ambiance chaleureuse,Animaux acceptés,Langue parlée,Navigation GPS",Traveler,Bali Nyonga
3522,Essos,"Navigation GPS,Ambiance chaleureuse",Planner,Buea
4041,Bimbia,"Silence,Espace de rangement,Connectivité,Éclairage tamisé,Boisson gratuite,Musique,Chauffeur expérimenté,Conduite souple,Ambiance chaleureuse,Ponctualité,Langue parlée,Cuisine,Animaux acceptés,Assistance bagages,Wi-Fi gratuit",Traveler,Figuif
3620,Beti,"Langue parlée,Navigation GPS,Connectivité,Conduite souple,Ponctualité,Conversation,Espace de rangement,Sport,Éclairage tamisé,Boisson gratuite,Cuisine,Confort,Chauffeur expérimenté,Vue panoramique,Climatisation",Planner,Maroua
4126,Bafoussam,"Navigation GPS,Sport,Connectivité,Sièges inclinables,Silence,Langue parlée,Assistance bagages,Vue panoramique,Éclairage tamisé,Conversation,Cuisine,Chauffeur expérimenté,Ponctualité,Wi-Fi gratuit,Climatisation,Ambiance chaleureuse,Musique,Animaux acceptés,Espace de rangement",Planner,Bertoua
4856,Bafang,"Silence,Éclairage tamisé,Assistance bagages,Wi-Fi gratuit,Animaux acceptés,Boisson gratuite,Climatisation,Connectivité,Ambiance chaleureuse,Sièges inclinables,Conduite souple,Sport,Vue panoramique,Navigation GPS",Traveler,Meiganga
1916,Bamenda,"Silence,Assistance bagages,Boisson gratuite,Langue parlée,Vue panoramique,Sièges inclinables,Navigation GPS,Sport,Animaux acceptés,Confort",Planner,Limbe
1834,Fontem,"Langue parlée,Assistance bagages,Chauffeur expérimenté,Ponctualité,Éclairage tamisé,Vue panoramique,Connectivité,Wi-Fi gratuit,Navigation GPS,Sièges inclinables,Musique,Boisson gratuite,Silence,Sport,Conduite souple",Planner,Melong
928,Bafang,"Cuisine,Navigation GPS",Traveler,Bandjoun
527,Mutengene,"Conversation,Wi-Fi gratuit,Navigation GPS,Cuisine,Éclairage tamisé",Traveler,Buea
1433,Figuif,"Sport,Ambiance chaleureuse,Éclairage tamisé,Animaux acceptés,Conversation,Navigation GPS,Confort,Langue parlée",Traveler,Muyuka
2777,Yagoua,"Sièges inclinables,Wi-Fi gratuit,Confort,Langue parlée,Vue panoramique,Espace de rangement,Climatisation,Ambiance chaleureuse,Sport,Boisson gratuite,Animaux acceptés,Musique,Ponctualité,Conduite souple,Éclairage tamisé,Chauffeur expérimenté",Planner,Bafoussam
2737,Dibombari,"Confort,Wi-Fi gratuit,Sièges inclinables,Assistance bagages,Silence,Climatisation,Conversation,Éclairage tamisé,Sport,Boisson gratuite,Ponctualité,Navigation GPS,Cuisine,Connectivité,Musique,Animaux acceptés,Espace de rangement,Vue panoramique",Traveler,Banga Bakundu
1514,Yaounde,"Espace de rangement,Vue panoramique,Sport,Sièges inclinables,Conversation,Cuisine,Ponctualité,Silence,Confort,Animaux acceptés,Connectivité,Boisson gratuite,Conduite souple,Climatisation,Éclairage tamisé,Langue parlée,Musique,Ambiance chaleureuse",Traveler,Yaounde
17,Essos,"Wi-Fi gratuit,Connectivité,Silence,Assistance bagages,Cuisine,Chauffeur expérimenté,Vue panoramique,Navigation GPS,Éclairage tamisé,Boisson gratuite,Confort,Animaux acceptés,Ambiance chaleureuse,Sièges inclinables,Espace de rangement,Conduite souple,Conversation,Langue parlée,Ponctualité,Climatisation,Sport",Traveler,Guider
1591,Limbe,"Climatisation,Vue panoramique,Confort,Silence,Animaux acceptés,Conduite souple,Navigation GPS,Ambiance chaleureuse,Cuisine,Boisson gratuite,Connectivité,Sport,Sièges inclinables,Musique,Langue parlée,Ponctualité,Chauffeur expérimenté,Éclairage tamisé,Espace de rangement",Planner,Guider
2200,Banga Bakundu,"Conduite souple,Connectivité,Ambiance chaleureuse,Climatisation,Musique,Chauffeur expérimenté,Sièges inclinables,Confort",Traveler,Mbanga
4315,Buea,"Ambiance chaleureuse,Éclairage tamisé,Climatisation,Cuisine,Connectivité,Confort,Musique",Traveler,Boutours
3822,Bandjoun,"Langue parlée,Sièges inclinables,Sport,Navigation GPS,Conversation,Cuisine,Musique,Ambiance chaleureuse,Assistance bagages,Silence,Conduite souple,Boisson gratuite,Connectivité,Chauffeur expérimenté,Wi-Fi gratuit,Animaux acceptés,Ponctualité,Confort,Vue panoramique,Espace de rangement,Climatisation,Éclairage tamisé",Traveler,Garoua
3415,Bafang,"Animaux acceptés,Sièges inclinables,Conduite souple,Confort,Chauffeur expérimenté,Connectivité,Vue panoramique,Langue parlée,Conversation,Musique,Navigation GPS,Silence,Climatisation,Éclairage tamisé,Boisson gratuite,Ponctualité",Traveler,Guider
4997,Edéa,"Climatisation,Ponctualité,Conduite souple,Espace de rangement,Sport,Vue panoramique,Boisson gratuite,Silence,Langue parlée,Ambiance chaleureuse,Navigation GPS,Connectivité,Chauffeur expérimenté,Musique,Animaux acceptés,Wi-Fi gratuit",Planner,Bonaberi
2460,Meiganga,"Silence,Musique,Conduite souple",Traveler,Bertoua
3843,Bimbia,"Connectivité,Vue panoramique,Navigation GPS,Sport,Animaux acceptés,Confort,Silence,Wi-Fi gratuit,Musique,Assistance bagages,Boisson gratuite,Climatisation,Éclairage tamisé,Conduite souple,Conversation",Planner,Garoua
3157,Mbalmayo,"Conversation,Ponctualité,Animaux acceptés,Climatisation,Éclairage tamisé,Navigation GPS,Conduite souple,Silence,Langue parlée,Sport,Cuisine,Wi-Fi gratuit,Sièges inclinables,Connectivité,Vue panoramique,Espace de rangement,Confort,Assistance bagages,Ambiance chaleureuse,Musique",Traveler,Melong
1359,Muyuka,"Wi-Fi gratuit,Conversation,Vue panoramique,Boisson gratuite,Silence",Traveler,Guider
1180,Bafoussam,"Musique,Langue parlée,Confort,Climatisation,Navigation GPS,Vue panoramique,Espace de rangement,Connectivité",Traveler,Bonanjo
2471,Messa,"Confort,Ponctualité,Conversation,Éclairage tamisé,Cuisine,Climatisation,Animaux acceptés,Boisson gratuite,Assistance bagages,Ambiance chaleureuse,Sport,Navigation GPS,Musique,Chauffeur expérimenté,Silence,Espace de rangement,Vue panoramique",Planner,Mbalmayo
4413,Mbouda,"Sport,Wi-Fi gratuit",Planner,Dibombari
1513,Mutengene,"Langue parlée,Espace de rangement,Ponctualité,Confort,Silence,Navigation GPS",Planner,Guider
1850,Muyuka,"Assistance bagages,Connectivité,Ambiance chaleureuse,Animaux acceptés,Éclairage tamisé,Climatisation,Espace de rangement,Conduite souple,Cuisine,Musique",Traveler,Bogo
165,Mokolo,"Chauffeur expérimenté,Conversation,Langue parlée,Confort,Navigation GPS,Ambiance chaleureuse,Assistance bagages,Boisson gratuite,Musique,Vue panoramique,Espace de rangement,Ponctualité,Connectivité,Cuisine,Éclairage tamisé,Sport,Wi-Fi gratuit,Climatisation",Traveler,Limbe
1968,Mbandjock,"Animaux acceptés,Langue parlée,Sièges inclinables,Sport,Navigation GPS,Chauffeur expérimenté,Vue panoramique,Cuisine,Confort,Boisson gratuite,Conversation,Wi-Fi gratuit,Musique,Climatisation,Ponctualité,Conduite souple,Connectivité,Assistance bagages,Éclairage tamisé,Silence,Ambiance chaleureuse",Planner,Bertoua
845,Campo,"Sport,Silence,Conduite souple,Confort",Planner,Dibombari
3785,Yaounde,"Climatisation,Confort,Boisson gratuite,Ambiance chaleureuse,Sport,Langue parlée,Assistance bagages,Conversation,Animaux acceptés,Silence,Cuisine,Wi-Fi gratuit,Vue panoramique,Navigation GPS,Chauffeur expérimenté,Sièges inclinables,Ponctualité",Traveler,Campo
1163,Limbe,"Conduite souple,Ponctualité",Planner,Bimbia
952,Fontem,"Ambiance chaleureuse,Ponctualité,Boisson gratuite,Éclairage tamisé",Traveler,Bafang
4515,Nanga-Eboko,"Climatisation,Conduite souple,Ambiance chaleureuse",Planner,Campo
3198,Belabo,"Sièges inclinables,Sport,Boisson gratuite,Conduite souple,Connectivité,Wi-Fi gratuit,Climatisation,Conversation,Confort,Éclairage tamisé,Animaux acceptés,Silence,Navigation GPS,Langue parlée,Ambiance chaleureuse",Traveler,Mbanga
4674,Essos,"Sièges inclinables,Vue panoramique,Ponctualité,Connectivité,Sport,Wi-Fi gratuit,Espace de rangement,Ambiance chaleureuse,Éclairage tamisé,Animaux acceptés,Boisson gratuite,Conduite souple,Climatisation,Confort,Conversation,Cuisine,Chauffeur expérimenté,Silence",Traveler,Edéa
4578,Mbouda,"Éclairage tamisé,Ponctualité",Planner,Muyuka
2847,Yagoua,"Ambiance chaleureuse,Climatisation,Conversation,Navigation GPS,Connectivité,Musique,Éclairage tamisé,Vue panoramique,Langue parlée,Sport,Espace de rangement,Cuisine,Boisson gratuite,Assistance bagages,Conduite souple,Chauffeur expérimenté,Ponctualité,Animaux acceptés,Silence,Wi-Fi gratuit,Confort,Sièges inclinables",Planner,Bamenda
2408,Loum,"Langue parlée,Chauffeur expérimenté,Vue panoramique,Confort,Boisson gratuite",Planner,Kribi
4003,Bonanjo,"Assistance bagages,Ambiance chaleureuse,Conversation,Confort,Climatisation",Planner,Nanga-Eboko
1190,Mokolo,"Navigation GPS,Silence,Conversation,Ponctualité,Espace de rangement,Sièges inclinables,Éclairage tamisé,Climatisation",Planner,Edéa
1393,Bertoua,"Cuisine,Conversation,Sport,Conduite souple,Navigation GPS,Langue parlée,Ponctualité,Confort,Climatisation,Silence,Sièges inclinables,Animaux acceptés,Espace de rangement",Planner,Bali
1736,Mora,"Sièges inclinables,Conduite souple",Planner,Gazawa
2222,Mutengene,"Ponctualité,Conversation,Éclairage tamisé",Planner,Yaounde
760,Mbalmayo,"Confort,Conversation,Espace de rangement",Traveler,Mokolo
3124,Mbalmayo,"Sport,Espace de rangement,Vue panoramique,Conversation,Assistance bagages,Navigation GPS,Climatisation,Wi-Fi gratuit,Ponctualité,Animaux acceptés,Boisson gratuite,Confort,Musique,Cuisine,Chauffeur expérimenté,Éclairage tamisé,Langue parlée,Connectivité,Conduite souple",Planner,Campo
1362,Bamenda,"Ambiance chaleureuse,Wi-Fi gratuit,Confort,Ponctualité,Animaux acceptés,Connectivité,Conversation,Éclairage tamisé,Chauffeur expérimenté",Traveler,Nkongsamba
1104,Bimbia,"Langue parlée,Ponctualité,Wi-Fi gratuit,Sièges inclinables,Conversation,Sport,Assistance bagages,Musique,Espace de rangement,Conduite souple,Confort,Chauffeur expérimenté,Connectivité,Vue panoramique,Animaux acceptés",Traveler,Bertoua
4424,Bertoua,"Sport,Boisson gratuite,Navigation GPS,Éclairage tamisé",Traveler,Bonamoussadi
496,Muyuka,"Climatisation,Chauffeur expérimenté,Cuisine,Musique,Vue panoramique,Conversation,Navigation GPS,Éclairage tamisé,Langue parlée,Boisson gratuite,Assistance bagages,Wi-Fi gratuit,Ambiance chaleureuse",Planner,Bonamoussadi
813,Bandjoun,"Ambiance chaleureuse,Silence,Musique,Climatisation,Ponctualité,Conversation,Sièges inclinables,Boisson gratuite,Espace de rangement,Confort,Éclairage tamisé,Wi-Fi gratuit",Planner,Batibo
1683,Melong,"Navigation GPS,Confort,Sièges inclinables,Espace de rangement",Traveler,Beti
2189,Bonakouamouang,"Sièges inclinables,Éclairage tamisé,Wi-Fi gratuit,Sport,Cuisine,Boisson gratuite,Conduite souple,Connectivité,Chauffeur expérimenté,Animaux acceptés,Navigation GPS,Confort,Conversation,Ambiance chaleureuse,Silence",Planner,Douala
2653,Messa,"Boisson gratuite,Chauffeur expérimenté,Conversation,Cuisine,Ambiance chaleureuse,Langue parlée,Conduite souple,Ponctualité,Éclairage tamisé,Silence,Confort,Espace de rangement,Sport,Climatisation,Sièges inclinables,Musique",Traveler,Bali Nyonga
4463,Figuif,"Sièges inclinables,Silence,Connectivité,Conduite souple,Éclairage tamisé,Langue parlée",Traveler,Kribi
3477,Bali,"Conversation,Boisson gratuite,Chauffeur expérimenté,Sport,Musique,Connectivité,Langue parlée,Wi-Fi gratuit,Silence,Climatisation,Cuisine,Conduite souple,Ambiance chaleureuse,Éclairage tamisé,Vue panoramique,Navigation GPS,Assistance bagages,Sièges inclinables,Espace de rangement",Planner,Nanga-Eboko
4716,Batibo,"Espace de rangement,Confort,Conversation,Cuisine,Musique,Ponctualité,Ambiance chaleureuse,Chauffeur expérimenté,Éclairage tamisé,Wi-Fi gratuit,Vue panoramique,Conduite souple,Climatisation,Silence,Animaux acceptés,Sièges inclinables,Navigation GPS,Connectivité,Sport,Boisson gratuite",Planner,Mutengene
2550,Garoua,"Assistance bagages,Animaux acceptés,Vue panoramique",Planner,Yagoua
4135,Guider,"Vue panoramique,Chauffeur expérimenté,Éclairage tamisé",Traveler,Melong
387,Bafoussam,"Ponctualité,Animaux acceptés,Connectivité,Confort,Musique,Éclairage tamisé,Ambiance chaleureuse,Espace de rangement,Langue parlée,Navigation GPS,Silence,Climatisation,Sport,Assistance bagages,Vue panoramique,Conversation,Boisson gratuite,Wi-Fi gratuit",Planner,Bonamoussadi
2043,Yagoua,"Animaux acceptés,Chauffeur expérimenté,Climatisation,Confort,Boisson gratuite,Silence,Langue parlée,Ambiance chaleureuse,Assistance bagages,Sièges inclinables,Conduite souple,Espace de rangement,Conversation,Ponctualité,Musique,Navigation GPS,Vue panoramique,Wi-Fi gratuit",Traveler,Bamenda
764,Bonanjo,"Confort,Wi-Fi gratuit,Connectivité,Conversation,Ponctualité,Cuisine,Silence,Navigation GPS,Boisson gratuite,Sièges inclinables",Traveler,Limbe
1018,Loum,"Animaux acceptés,Navigation GPS,Langue parlée,Sièges inclinables,Connectivité,Boisson gratuite,Confort,Sport,Conduite souple,Vue panoramique,Assistance bagages,Éclairage tamisé,Ambiance chaleureuse,Chauffeur expérimenté,Wi-Fi gratuit,Cuisine,Musique,Espace de rangement",Planner,Bertoua
2869,Bafoussam,"Boisson gratuite,Chauffeur expérimenté,Ponctualité,Langue parlée,Conduite souple,Sport,Animaux acceptés,Espace de rangement,Musique,Vue panoramique,Confort,Ambiance chaleureuse,Éclairage tamisé,Silence,Wi-Fi gratuit,Cuisine,Conversation,Navigation GPS,Assistance bagages,Connectivité",Traveler,Kumba
1791,Batibo,"Conduite souple,Silence",Planner,Melong
2456,Mbandjock,"Assistance bagages,Espace de rangement,Silence,Musique,Ambiance chaleureuse,Wi-Fi gratuit,Vue panoramique,Conduite souple,Animaux acceptés,Climatisation,Sport",Traveler,Dibombari
2556,Bafia,"Navigation GPS,Musique,Langue parlée,Vue panoramique,Sport,Confort,Sièges inclinables,Chauffeur expérimenté,Animaux acceptés,Conduite souple,Cuisine,Connectivité,Ponctualité,Wi-Fi gratuit,Espace de rangement,Éclairage tamisé,Boisson gratuite,Assistance bagages,Conversation",Planner,Bamenda
773,Mbalmayo,"Wi-Fi gratuit,Ponctualité,Vue panoramique,Musique,Sièges inclinables,Confort",Traveler,Edéa
2074,Campo,"Chauffeur expérimenté,Éclairage tamisé,Sport,Wi-Fi gratuit,Ambiance chaleureuse,Espace de rangement,Silence,Assistance bagages,Musique,Conversation",Traveler,Boutours
2071,Limbe,"Confort,Musique,Langue parlée,Éclairage tamisé,Ambiance chaleureuse,Chauffeur expérimenté,Climatisation,Conversation,Cuisine,Sièges inclinables,Boisson gratuite,Silence,Conduite souple,Wi-Fi gratuit,Espace de rangement,Animaux acceptés,Assistance bagages,Vue panoramique,Ponctualité,Sport,Navigation GPS",Traveler,Banga Bakundu
2857,Bali,"Langue parlée,Silence,Animaux acceptés,Musique,Cuisine,Conversation,Sport,Sièges inclinables,Vue panoramique,Ambiance chaleureuse,Assistance bagages,Éclairage tamisé,Wi-Fi gratuit,Chauffeur expérimenté,Navigation GPS",Traveler,Gazawa
1629,Messa,"Ambiance chaleureuse,Connectivité,Sport,Sièges inclinables,Navigation GPS,Musique,Wi-Fi gratuit,Animaux acceptés,Cuisine,Confort,Ponctualité,Assistance bagages",Planner,Essos
2050,Nanga-Eboko,"Espace de rangement,Conversation,Connectivité,Sièges inclinables,Assistance bagages,Silence,Navigation GPS,Boisson gratuite,Confort,Cuisine,Ponctualité,Wi-Fi gratuit,Conduite souple,Animaux acceptés,Ambiance chaleureuse,Langue parlée,Vue panoramique,Sport",Traveler,Messa
2163,Kumba,"Ponctualité,Animaux acceptés,Chauffeur expérimenté,Silence,Conversation,Espace de rangement,Navigation GPS,Langue parlée,Boisson gratuite,Wi-Fi gratuit,Connectivité,Cuisine,Climatisation,Éclairage tamisé,Sièges inclinables",Traveler,Nkongsamba
958,Mbalmayo,"Silence,Animaux acceptés,Navigation GPS,Boisson gratuite,Musique",Traveler,Bandjoun
3589,Bafia,"Boisson gratuite,Connectivité,Espace de rangement,Vue panoramique,Conduite souple,Assistance bagages,Climatisation,Chauffeur expérimenté,Ambiance chaleureuse,Éclairage tamisé,Langue parlée,Silence,Wi-Fi gratuit,Conversation,Ponctualité,Confort,Cuisine",Traveler,Batibo
36,Belabo,"Chauffeur expérimenté,Sièges inclinables,Animaux acceptés,Conversation,Éclairage tamisé,Silence,Navigation GPS,Ponctualité,Ambiance chaleureuse,Langue parlée,Conduite souple,Assistance bagages,Vue panoramique,Musique,Climatisation,Sport,Cuisine,Espace de rangement,Boisson gratuite,Connectivité,Confort,Wi-Fi gratuit",Planner,Bafoussam
3386,Yagoua,"Vue panoramique,Éclairage tamisé,Confort,Silence,Assistance bagages,Animaux acceptés",Traveler,Meiganga
1486,Bamenda,"Conduite souple,Conversation,Silence,Éclairage tamisé,Animaux acceptés,Navigation GPS,Boisson gratuite,Wi-Fi gratuit,Vue panoramique,Ponctualité,Climatisation,Chauffeur expérimenté,Cuisine,Sièges inclinables,Espace de rangement,Langue parlée,Assistance bagages,Connectivité,Musique",Planner,Douala
1136,Bali Nyonga,"Connectivité,Assistance bagages,Éclairage tamisé,Animaux acceptés,Sièges inclinables,Ambiance chaleureuse,Ponctualité,Boisson gratuite,Navigation GPS,Confort,Vue panoramique,Langue parlée,Musique,Climatisation,Sport,Wi-Fi gratuit,Chauffeur expérimenté,Conduite souple,Cuisine,Espace de rangement",Traveler,Guider
4894,Kribi,Assistance bagages,Planner,Messa
4094,Bonanjo,"Climatisation,Espace de rangement,Connectivité,Boisson gratuite,Musique,Sport,Cuisine,Wi-Fi gratuit,Silence,Langue parlée,Vue panoramique,Conversation",Planner,Belabo
2589,Gazawa,"Ponctualité,Ambiance chaleureuse,Conversation,Boisson gratuite,Wi-Fi gratuit,Langue parlée,Sièges inclinables,Vue panoramique,Chauffeur expérimenté,Sport,Navigation GPS,Silence",Traveler,Melong
4744,Mbandjock,"Navigation GPS,Cuisine,Conversation,Climatisation,Ambiance chaleureuse,Sièges inclinables,Conduite souple,Animaux acceptés",Traveler,Dibombari
1621,Mokolo,"Espace de rangement,Connectivité,Animaux acceptés,Conduite souple,Confort,Ponctualité,Sport,Conversation,Sièges inclinables,Musique,Silence,Chauffeur expérimenté,Assistance bagages,Cuisine",Planner,Campo
4949,Yagoua,"Espace de rangement,Musique,Assistance bagages,Boisson gratuite",Planner,Bogo
1633,Melong,"Espace de rangement,Langue parlée,Sport,Ambiance chaleureuse,Conversation,Musique",Traveler,Bamenda
3552,Muyuka,"Vue panoramique,Boisson gratuite,Sport",Traveler,Mbouda
4590,Bertoua,"Ponctualité,Éclairage tamisé,Espace de rangement,Animaux acceptés,Wi-Fi gratuit,Climatisation",Planner,Bogo
3997,Loum,"Conversation,Boisson gratuite,Cuisine,Éclairage tamisé,Connectivité,Confort,Espace de rangement,Silence,Conduite souple,Climatisation,Chauffeur expérimenté,Vue panoramique,Langue parlée,Musique,Animaux acceptés,Navigation GPS,Ponctualité,Sièges inclinables",Traveler,Melong
758,Meiganga,"Ambiance chaleureuse,Cuisine,Sièges inclinables,Sport,Wi-Fi gratuit,Éclairage tamisé,Climatisation,Chauffeur expérimenté,Conduite souple,Assistance bagages,Ponctualité,Vue panoramique,Conversation,Espace de rangement,Langue parlée,Connectivité,Boisson gratuite,Animaux acceptés,Musique,Confort",Planner,Nanga-Eboko
1100,Kumba,"Silence,Vue panoramique,Ambiance chaleureuse,Conversation,Assistance bagages,Boisson gratuite,Conduite souple,Ponctualité,Animaux acceptés,Connectivité,Éclairage tamisé,Cuisine,Sièges inclinables,Navigation GPS,Sport,Confort,Langue parlée,Wi-Fi gratuit,Chauffeur expérimenté,Musique",Traveler,Belo
1965,Dibombari,"Wi-Fi gratuit,Vue panoramique,Boisson gratuite,Conversation,Sièges inclinables,Ambiance chaleureuse,Confort,Conduite souple,Animaux acceptés,Assistance bagages,Chauffeur expérimenté,Musique",Traveler,Bali
132,Bali Nyonga,"Boisson gratuite,Climatisation,Éclairage tamisé,Sièges inclinables",Traveler,Limbe
3960,Mbouda,"Musique,Silence,Chauffeur expérimenté,Éclairage tamisé,Navigation GPS,Conduite souple,Conversation,Wi-Fi gratuit,Langue parlée,Espace de rangement,Climatisation,Ponctualité,Sièges inclinables,Sport,Boisson gratuite,Assistance bagages,Ambiance chaleureuse,Cuisine,Confort,Connectivité,Animaux acceptés,Vue panoramique",Planner,Bafang
553,Edéa,"Sièges inclinables,Confort,Silence,Musique,Navigation GPS,Ambiance chaleureuse,Connectivité,Ponctualité,Boisson gratuite",Traveler,Beti
4199,Limbe,"Assistance bagages,Cuisine,Ponctualité,Sport,Musique,Connectivité,Confort,Conversation,Wi-Fi gratuit,Sièges inclinables,Éclairage tamisé,Animaux acceptés,Navigation GPS,Langue parlée,Espace de rangement,Ambiance chaleureuse,Silence,Chauffeur expérimenté,Vue panoramique",Traveler,Bertoua
848,Bali,Climatisation,Traveler,Edéa
2154,Bafoussam,"Confort,Ambiance chaleureuse,Animaux acceptés,Vue panoramique,Cuisine,Éclairage tamisé,Climatisation,Sièges inclinables,Chauffeur expérimenté,Assistance bagages,Espace de rangement,Langue parlée",Traveler,Dibombari
4867,Bonamoussadi,"Conversation,Confort,Langue parlée,Sport,Boisson gratuite,Assistance bagages,Wi-Fi gratuit,Cuisine,Navigation GPS,Connectivité,Vue panoramique,Conduite souple",Planner,Bandjoun
4982,Bali,"Assistance bagages,Sport,Animaux acceptés,Espace de rangement,Musique,Cuisine,Climatisation,Connectivité,Confort,Éclairage tamisé,Sièges inclinables,Ambiance chaleureuse",Planner,Garoua
2000,Mbanga,"Conduite souple,Navigation GPS",Traveler,Meiganga
1091,Bali,"Langue parlée,Cuisine,Connectivité,Animaux acceptés,Silence,Vue panoramique,Wi-Fi gratuit,Sport,Chauffeur expérimenté,Navigation GPS",Planner,Messa
13,Bafoussam,"Confort,Silence,Ponctualité,Musique,Cuisine,Animaux acceptés,Sport,Conversation",Traveler,Douala
4027,Bertoua,"Conduite souple,Espace de rangement,Navigation GPS,Langue parlée,Vue panoramique,Sièges inclinables,Wi-Fi gratuit,Conversation,Cuisine,Animaux acceptés,Climatisation,Connectivité,Sport",Traveler,Bonakouamouang
3027,Mora,Espace de rangement,Planner,Maroua
2677,Buea,"Boisson gratuite,Éclairage tamisé,Wi-Fi gratuit,Ambiance chaleureuse",Traveler,Loum
1369,Belo,"Silence,Navigation GPS,Ambiance chaleureuse,Confort,Ponctualité",Planner,Yaounde
4493,Bamenda,"Chauffeur expérimenté,Assistance bagages,Wi-Fi gratuit,Boisson gratuite,Ponctualité,Connectivité,Sièges inclinables,Conversation,Ambiance chaleureuse,Sport,Confort,Climatisation,Navigation GPS,Cuisine,Musique,Animaux acceptés,Conduite souple,Silence,Éclairage tamisé,Langue parlée",Traveler,Bonaberi
1340,Buea,"Ponctualité,Connectivité,Chauffeur expérimenté,Confort,Éclairage tamisé,Ambiance chaleureuse,Conduite souple,Animaux acceptés,Sport,Cuisine,Sièges inclinables,Espace de rangement,Climatisation,Conversation,Assistance bagages,Boisson gratuite",Traveler,Nkongsamba
3162,Figuif,"Climatisation,Confort,Vue panoramique,Cuisine",Planner,Boutours
572,Bonakouamouang,"Sièges inclinables,Sport,Silence,Boisson gratuite,Cuisine,Wi-Fi gratuit,Conduite souple",Traveler,Maroua
3263,Mbalmayo,"Silence,Animaux acceptés,Sport,Langue parlée,Éclairage tamisé,Sièges inclinables,Connectivité,Vue panoramique,Ponctualité,Climatisation,Espace de rangement,Boisson gratuite,Conduite souple,Confort,Assistance bagages",Traveler,Kousseri
3221,Boutours,"Ponctualité,Cuisine",Traveler,Bonamoussadi
1186,Buea,"Conversation,Animaux acceptés,Connectivité,Ambiance chaleureuse,Éclairage tamisé,Assistance bagages,Conduite souple,Wi-Fi gratuit,Sport,Espace de rangement,Silence,Ponctualité,Climatisation,Vue panoramique,Langue parlée,Navigation GPS,Musique",Planner,Bafang
830,Bafoussam,"Ponctualité,Vue panoramique,Navigation GPS,Musique,Climatisation,Silence,Cuisine,Assistance bagages,Ambiance chaleureuse,Wi-Fi gratuit,Langue parlée,Chauffeur expérimenté,Conversation,Boisson gratuite,Sport,Connectivité,Confort",Traveler,Buea
3807,Bonabéri,"Animaux acceptés,Climatisation,Wi-Fi gratuit",Traveler,Douala
722,Yagoua,"Silence,Sièges inclinables,Wi-Fi gratuit,Climatisation,Langue parlée",Traveler,Bimbia
2829,Bonakouamouang,"Conduite souple,Langue parlée,Sièges inclinables,Connectivité,Boisson gratuite,Musique,Éclairage tamisé,Cuisine,Vue panoramique,Ponctualité,Wi-Fi gratuit,Animaux acceptés",Planner,Mbalmayo
4163,Bamenda,"Assistance bagages,Chauffeur expérimenté,Langue parlée,Ponctualité,Sport,Espace de rangement,Conduite souple,Navigation GPS,Animaux acceptés,Wi-Fi gratuit,Éclairage tamisé,Conversation,Vue panoramique,Boisson gratuite,Sièges inclinables,Confort,Connectivité,Cuisine,Musique,Ambiance chaleureuse",Planner,Bimbia
3190,Mbalmayo,"Animaux acceptés,Assistance bagages,Sièges inclinables,Connectivité,Vue panoramique,Navigation GPS,Conversation,Cuisine,Boisson gratuite,Silence,Chauffeur expérimenté,Ponctualité,Éclairage tamisé,Confort,Musique,Langue parlée,Climatisation,Wi-Fi gratuit,Ambiance chaleureuse,Conduite souple",Planner,Bonabéri
1973,Fontem,"Assistance bagages,Connectivité,Espace de rangement,Climatisation,Chauffeur expérimenté,Conduite souple,Langue parlée,Musique,Conversation,Wi-Fi gratuit,Boisson gratuite,Animaux acceptés,Ponctualité,Silence,Vue panoramique",Planner,Campo
50,Kousseri,"Ambiance chaleureuse,Connectivité,Silence,Boisson gratuite,Wi-Fi gratuit,Confort,Sport,Sièges inclinables,Chauffeur expérimenté,Conduite souple,Éclairage tamisé,Animaux acceptés,Musique,Cuisine,Ponctualité,Espace de rangement,Conversation,Vue panoramique,Langue parlée,Climatisation,Navigation GPS,Assistance bagages",Traveler,Mbanga
923,Bonakouamouang,"Climatisation,Éclairage tamisé,Sport,Ponctualité,Conversation,Animaux acceptés,Connectivité,Sièges inclinables,Langue parlée,Chauffeur expérimenté,Boisson gratuite,Conduite souple,Ambiance chaleureuse,Navigation GPS,Musique,Assistance bagages,Wi-Fi gratuit",Traveler,Mbanga
1334,Bandjoun,"Wi-Fi gratuit,Éclairage tamisé,Connectivité,Conduite souple,Navigation GPS,Vue panoramique,Silence,Confort,Langue parlée,Musique,Ponctualité,Boisson gratuite,Ambiance chaleureuse,Climatisation,Conversation,Animaux acceptés",Planner,Campo
2457,Douala,"Confort,Assistance bagages,Cuisine,Animaux acceptés,Ponctualité,Vue panoramique,Langue parlée,Silence,Wi-Fi gratuit,Chauffeur expérimenté,Espace de rangement",Planner,Mbouda
3228,Belabo,"Espace de rangement,Chauffeur expérimenté,Climatisation,Sièges inclinables,Langue parlée,Ambiance chaleureuse,Assistance bagages,Ponctualité,Connectivité,Silence,Boisson gratuite,Éclairage tamisé",Traveler,Bonamoussadi
4473,Yaounde,"Boisson gratuite,Silence,Chauffeur expérimenté,Sièges inclinables,Éclairage tamisé,Langue parlée,Ambiance chaleureuse,Confort,Sport,Vue panoramique,Assistance bagages,Cuisine,Animaux acceptés,Ponctualité,Wi-Fi gratuit,Connectivité,Espace de rangement,Climatisation,Navigation GPS",Planner,Melong
3071,Bali Nyonga,"Climatisation,Boisson gratuite",Planner,Bertoua
3734,Bamenda,"Sièges inclinables,Animaux acceptés,Langue parlée,Assistance bagages,Sport,Éclairage tamisé",Planner,Fontem
1436,Muyuka,"Sièges inclinables,Sport,Langue parlée,Conduite souple,Cuisine,Ponctualité,Boisson gratuite,Silence,Navigation GPS,Espace de rangement,Confort,Climatisation,Ambiance chaleureuse,Assistance bagages,Chauffeur expérimenté,Connectivité,Animaux acceptés,Vue panoramique",Traveler,Bafia
1562,Essos,"Chauffeur expérimenté,Climatisation,Espace de rangement,Silence,Cuisine,Navigation GPS,Wi-Fi gratuit,Sport,Connectivité,Assistance bagages,Sièges inclinables,Boisson gratuite,Confort,Vue panoramique",Traveler,Fontem
3667,Bonabéri,"Éclairage tamisé,Wi-Fi gratuit,Confort",Traveler,Banga Bakundu
3191,Bertoua,"Navigation GPS,Éclairage tamisé,Connectivité,Ambiance chaleureuse,Conversation,Boisson gratuite,Musique,Ponctualité,Climatisation,Conduite souple,Silence,Sièges inclinables",Traveler,Bafang
2637,Mbouda,"Ponctualité,Assistance bagages,Climatisation,Animaux acceptés",Traveler,Belo
2851,Meiganga,"Animaux acceptés,Climatisation,Assistance bagages,Boisson gratuite,Langue parlée,Confort",Traveler,Mbandjock
869,Bonabéri,"Chauffeur expérimenté,Éclairage tamisé,Ambiance chaleureuse,Climatisation,Conduite souple,Animaux acceptés,Connectivité,Confort,Boisson gratuite",Traveler,Mora
457,Nanga-Eboko,"Confort,Connectivité,Chauffeur expérimenté,Wi-Fi gratuit,Vue panoramique",Planner,Bamenda
4222,Buea,"Conduite souple,Langue parlée,Confort,Assistance bagages,Boisson gratuite,Silence,Animaux acceptés,Climatisation,Connectivité,Cuisine,Sièges inclinables,Chauffeur expérimenté,Conversation,Wi-Fi gratuit,Navigation GPS",Traveler,Bali Nyonga
3860,Mora,"Assistance bagages,Boisson gratuite,Animaux acceptés,Ponctualité,Wi-Fi gratuit,Sièges inclinables,Conduite souple",Traveler,Bandjoun
331,Yaounde,"Connectivité,Ponctualité,Ambiance chaleureuse",Traveler,Gazawa
4097,Maroua,"Wi-Fi gratuit,Confort,Musique,Boisson gratuite,Climatisation,Assistance bagages",Traveler,Mutengene
2870,Figuif,"Navigation GPS,Animaux acceptés,Langue parlée,Conduite souple,Confort,Climatisation,Boisson gratuite,Assistance bagages,Vue panoramique,Silence,Connectivité,Conversation,Musique,Espace de rangement",Planner,Bonanjo
1656,Bonanjo,"Navigation GPS,Ambiance chaleureuse",Planner,Kribi
3531,Kumba,"Navigation GPS,Conversation,Chauffeur expérimenté,Ponctualité,Espace de rangement,Silence,Sport,Climatisation,Boisson gratuite,Vue panoramique,Sièges inclinables,Confort,Wi-Fi gratuit,Conduite souple",Traveler,Dibombari
3506,Fontem,"Boisson gratuite,Conduite souple,Ponctualité,Ambiance chaleureuse,Navigation GPS,Sièges inclinables,Wi-Fi gratuit,Éclairage tamisé,Conversation,Musique,Silence",Traveler,Campo
4860,Mutengene,"Animaux acceptés,Sport,Cuisine,Musique,Assistance bagages",Planner,Douala
2667,Muyuka,"Sièges inclinables,Animaux acceptés,Éclairage tamisé,Connectivité,Chauffeur expérimenté,Ponctualité,Sport,Ambiance chaleureuse,Confort,Boisson gratuite,Conduite souple,Assistance bagages",Planner,Dibombari
2196,Bamenda,"Climatisation,Ambiance chaleureuse,Espace de rangement,Boisson gratuite,Musique,Cuisine,Éclairage tamisé,Vue panoramique,Langue parlée,Assistance bagages,Sport,Conduite souple,Connectivité,Sièges inclinables,Silence,Chauffeur expérimenté,Wi-Fi gratuit,Navigation GPS,Ponctualité,Animaux acceptés,Confort,Conversation",Planner,Kousseri
1972,Melong,"Conduite souple,Ambiance chaleureuse,Navigation GPS,Connectivité,Vue panoramique,Wi-Fi gratuit,Climatisation,Silence,Langue parlée,Cuisine,Conversation,Chauffeur expérimenté,Assistance bagages,Confort,Sièges inclinables,Sport,Éclairage tamisé,Espace de rangement,Animaux acceptés,Musique",Planner,Bali Nyonga
1480,Boutours,Chauffeur expérimenté,Planner,Buea
4665,Fontem,"Animaux acceptés,Navigation GPS,Ponctualité,Climatisation,Espace de rangement,Chauffeur expérimenté,Assistance bagages,Confort,Éclairage tamisé,Connectivité,Ambiance chaleureuse,Sport,Langue parlée",Traveler,Bali Nyonga
3585,Muyuka,Climatisation,Traveler,Mbouda
1562,Kribi,"Ambiance chaleureuse,Confort,Espace de rangement,Connectivité,Boisson gratuite,Ponctualité,Silence,Sièges inclinables,Cuisine,Vue panoramique",Traveler,Loum
3697,Bertoua,"Assistance bagages,Sièges inclinables,Boisson gratuite,Cuisine,Climatisation,Chauffeur expérimenté,Wi-Fi gratuit,Navigation GPS,Conduite souple,Langue parlée,Vue panoramique,Musique",Planner,Beti
844,Mbandjock,"Sport,Conversation,Ponctualité,Cuisine,Climatisation,Chauffeur expérimenté,Conduite souple,Wi-Fi gratuit,Éclairage tamisé,Navigation GPS,Assistance bagages,Musique,Ambiance chaleureuse,Espace de rangement,Sièges inclinables,Animaux acceptés,Vue panoramique,Boisson gratuite,Confort,Silence,Langue parlée",Planner,Loum
1864,Yagoua,"Langue parlée,Connectivité,Silence,Cuisine,Vue panoramique,Espace de rangement,Confort,Éclairage tamisé,Conversation,Wi-Fi gratuit,Chauffeur expérimenté,Animaux acceptés,Climatisation,Sport,Conduite souple,Sièges inclinables,Assistance bagages",Planner,Batibo
4531,Douala,"Assistance bagages,Sport,Boisson gratuite,Silence,Climatisation,Navigation GPS,Cuisine,Sièges inclinables,Connectivité,Conduite souple,Ambiance chaleureuse,Animaux acceptés,Confort,Ponctualité,Musique,Espace de rangement,Langue parlée,Wi-Fi gratuit,Vue panoramique,Conversation",Traveler,Kribi
3123,Yaounde,"Navigation GPS,Espace de rangement,Chauffeur expérimenté,Ponctualité,Conversation",Planner,Bamenda
4210,Fontem,"Langue parlée,Conduite souple,Climatisation,Assistance bagages",Planner,Beti
2029,Mbouda,"Boisson gratuite,Climatisation,Assistance bagages,Conduite souple,Cuisine,Silence,Musique,Éclairage tamisé",Planner,Garoua
1346,Gazawa,"Espace de rangement,Ponctualité,Sport,Silence",Traveler,Bafoussam
4952,Mbanga,"Animaux acceptés,Sport,Boisson gratuite,Wi-Fi gratuit,Langue parlée,Chauffeur expérimenté,Connectivité,Espace de rangement,Ambiance chaleureuse,Silence,Climatisation,Navigation GPS,Assistance bagages,Cuisine,Conversation,Ponctualité,Conduite souple,Sièges inclinables",Planner,Meiganga
674,Bertoua,"Connectivité,Silence,Ambiance chaleureuse,Cuisine,Climatisation,Assistance bagages,Conversation,Wi-Fi gratuit,Ponctualité,Navigation GPS,Chauffeur expérimenté,Vue panoramique,Sport,Musique,Éclairage tamisé",Traveler,Buea
4152,Bali Nyonga,"Sport,Animaux acceptés,Boisson gratuite,Sièges inclinables,Navigation GPS,Ponctualité,Langue parlée,Cuisine,Climatisation,Confort,Vue panoramique,Musique,Conduite souple,Éclairage tamisé,Silence,Chauffeur expérimenté,Connectivité",Planner,Melong
173,Fontem,"Conversation,Espace de rangement,Éclairage tamisé,Connectivité,Musique,Chauffeur expérimenté,Navigation GPS,Wi-Fi gratuit,Silence,Ponctualité,Assistance bagages,Sièges inclinables,Langue parlée",Traveler,Mbalmayo
2642,Bamenda,"Musique,Éclairage tamisé,Sièges inclinables,Animaux acceptés,Langue parlée,Boisson gratuite,Conduite souple,Climatisation,Conversation,Chauffeur expérimenté,Espace de rangement,Navigation GPS",Planner,Edéa
839,Mutengene,"Éclairage tamisé,Boisson gratuite,Animaux acceptés,Langue parlée,Navigation GPS,Ambiance chaleureuse,Confort,Vue panoramique,Silence,Conversation,Chauffeur expérimenté,Conduite souple,Sièges inclinables,Assistance bagages,Cuisine,Climatisation,Ponctualité,Espace de rangement,Musique,Wi-Fi gratuit,Sport",Traveler,Bonabéri
3911,Mbandjock,"Sièges inclinables,Éclairage tamisé,Langue parlée,Boisson gratuite,Animaux acceptés,Navigation GPS,Espace de rangement,Vue panoramique,Conversation",Planner,Douala
2159,Edéa,Climatisation,Planner,Campo
591,Mokolo,"Assistance bagages,Éclairage tamisé,Ponctualité,Sport,Boisson gratuite,Navigation GPS,Connectivité,Espace de rangement,Confort,Wi-Fi gratuit,Silence,Ambiance chaleureuse,Sièges inclinables,Chauffeur expérimenté,Langue parlée,Vue panoramique,Animaux acceptés",Traveler,Belabo
4172,Buea,"Climatisation,Éclairage tamisé,Conversation,Musique,Ambiance chaleureuse,Connectivité,Sport,Sièges inclinables,Ponctualité,Confort,Navigation GPS",Planner,Yagoua
242,Kribi,"Chauffeur expérimenté,Animaux acceptés,Sport,Vue panoramique,Connectivité,Éclairage tamisé,Ambiance chaleureuse,Boisson gratuite,Langue parlée,Musique,Assistance bagages,Navigation GPS,Sièges inclinables,Silence,Wi-Fi gratuit,Ponctualité,Conduite souple,Conversation,Cuisine,Confort",Planner,Melong
1153,Bonanjo,"Climatisation,Silence,Assistance bagages,Langue parlée,Sport,Boisson gratuite,Connectivité,Ambiance chaleureuse,Éclairage tamisé,Sièges inclinables,Chauffeur expérimenté,Ponctualité,Espace de rangement,Musique,Navigation GPS,Conduite souple,Confort,Animaux acceptés,Cuisine,Conversation",Planner,Mbanga
3981,Kousseri,"Assistance bagages,Sport,Climatisation,Vue panoramique,Silence,Cuisine,Langue parlée,Navigation GPS,Confort,Chauffeur expérimenté,Ponctualité,Ambiance chaleureuse,Conduite souple,Wi-Fi gratuit,Conversation,Connectivité,Espace de rangement",Traveler,Nkongsamba
3432,Melong,"Conversation,Ponctualité,Chauffeur expérimenté,Langue parlée,Animaux acceptés,Navigation GPS,Musique,Conduite souple,Assistance bagages,Silence,Éclairage tamisé,Confort,Espace de rangement,Ambiance chaleureuse,Connectivité",Traveler,Douala
4042,Fontem,"Assistance bagages,Boisson gratuite,Conduite souple,Éclairage tamisé,Wi-Fi gratuit,Langue parlée,Confort,Ambiance chaleureuse,Ponctualité,Chauffeur expérimenté,Sport,Navigation GPS,Vue panoramique,Silence,Espace de rangement,Musique,Conversation,Animaux acceptés,Connectivité,Cuisine,Sièges inclinables",Planner,Bertoua
2113,Kousseri,"Sièges inclinables,Boisson gratuite",Traveler,Buea
2991,Gazawa,"Sièges inclinables,Boisson gratuite,Silence,Chauffeur expérimenté,Vue panoramique,Navigation GPS,Animaux acceptés,Ambiance chaleureuse,Espace de rangement,Cuisine,Conduite souple",Planner,Bamenda
1867,Bimbia,"Chauffeur expérimenté,Climatisation,Langue parlée,Silence,Vue panoramique,Wi-Fi gratuit,Éclairage tamisé,Cuisine,Navigation GPS,Assistance bagages,Ponctualité,Confort",Planner,Bafang
4100,Bertoua,"Silence,Sport,Confort",Planner,Limbe
4799,Boutours,"Ponctualité,Vue panoramique,Langue parlée,Musique,Conversation,Navigation GPS,Ambiance chaleureuse,Wi-Fi gratuit,Éclairage tamisé,Assistance bagages,Conduite souple",Traveler,Mbanga
3283,Bertoua,"Climatisation,Ponctualité,Espace de rangement,Chauffeur expérimenté,Éclairage tamisé",Traveler,Mbouda
4531,Essos,"Confort,Chauffeur expérimenté,Sièges inclinables,Animaux acceptés,Wi-Fi gratuit,Silence,Conduite souple,Sport,Ambiance chaleureuse,Navigation GPS,Connectivité,Climatisation,Espace de rangement,Musique,Vue panoramique,Ponctualité,Langue parlée,Éclairage tamisé",Traveler,Mbalmayo
4376,Bonakouamouang,"Navigation GPS,Sport,Animaux acceptés,Connectivité,Wi-Fi gratuit",Planner,Bonabéri
4217,Limbe,"Navigation GPS,Climatisation,Sièges inclinables,Chauffeur expérimenté,Cuisine",Traveler,Messa
4185,Yaounde,"Sièges inclinables,Ponctualité,Climatisation",Traveler,Bandjoun
1511,Garoua,"Espace de rangement,Navigation GPS,Connectivité,Sport,Ambiance chaleureuse,Assistance bagages,Langue parlée,Cuisine,Silence,Sièges inclinables,Éclairage tamisé,Boisson gratuite,Climatisation,Conduite souple,Vue panoramique,Musique,Ponctualité",Traveler,Essos
2814,Bonamoussadi,"Musique,Éclairage tamisé,Ambiance chaleureuse,Langue parlée,Boisson gratuite,Ponctualité,Chauffeur expérimenté,Navigation GPS,Climatisation,Sièges inclinables,Confort,Cuisine,Wi-Fi gratuit,Sport,Assistance bagages",Traveler,Bandjoun
512,Kribi,"Sièges inclinables,Éclairage tamisé,Musique,Ambiance chaleureuse,Sport,Ponctualité,Chauffeur expérimenté,Connectivité,Conduite souple,Animaux acceptés,Vue panoramique,Assistance bagages,Confort,Climatisation,Langue parlée,Navigation GPS,Espace de rangement,Conversation,Cuisine,Wi-Fi gratuit,Silence",Planner,Bogo
2063,Banga Bakundu,"Chauffeur expérimenté,Ponctualité,Sièges inclinables,Assistance bagages,Sport,Navigation GPS,Conduite souple,Climatisation,Wi-Fi gratuit,Confort,Langue parlée,Conversation,Connectivité,Musique,Espace de rangement,Éclairage tamisé,Boisson gratuite",Traveler,Loum
1239,Mokolo,"Climatisation,Wi-Fi gratuit,Conversation,Boisson gratuite,Éclairage tamisé,Connectivité,Musique,Cuisine,Navigation GPS,Animaux acceptés,Silence,Vue panoramique,Ponctualité,Confort,Sport,Langue parlée,Espace de rangement,Sièges inclinables,Chauffeur expérimenté,Ambiance chaleureuse,Assistance bagages",Traveler,Mbandjock
4411,Bonabéri,"Cuisine,Assistance bagages,Animaux acceptés,Éclairage tamisé,Musique,Connectivité",Traveler,Edéa
1996,Bamenda,"Confort,Ponctualité,Ambiance chaleureuse,Conversation,Assistance bagages,Éclairage tamisé",Planner,Mbouda
2081,Dibombari,"Wi-Fi gratuit,Chauffeur expérimenté,Ponctualité",Planner,Belo
469,Figuif,Espace de rangement,Traveler,Fontem
4948,Mora,Langue parlée,Planner,Bimbia
739,Belo,"Sport,Vue panoramique,Assistance bagages,Ambiance chaleureuse,Silence,Conversation,Navigation GPS,Climatisation,Cuisine,Animaux acceptés,Ponctualité,Conduite souple",Planner,Nkongsamba
1018,Belo,"Conduite souple,Cuisine,Connectivité",Traveler,Beti
4064,Yaounde,"Vue panoramique,Cuisine,Ambiance chaleureuse,Musique,Assistance bagages,Animaux acceptés,Boisson gratuite,Éclairage tamisé,Wi-Fi gratuit,Connectivité,Chauffeur expérimenté,Conversation,Conduite souple,Confort,Climatisation,Sport,Navigation GPS,Espace de rangement,Langue parlée,Ponctualité,Silence",Traveler,Bandjoun
2977,Bali,"Langue parlée,Conversation,Vue panoramique,Ambiance chaleureuse,Navigation GPS,Connectivité,Ponctualité,Musique,Confort,Wi-Fi gratuit",Traveler,Yaounde
2788,Mutengene,"Ponctualité,Silence,Sport,Vue panoramique,Sièges inclinables,Connectivité,Animaux acceptés,Musique,Ambiance chaleureuse,Climatisation,Assistance bagages,Chauffeur expérimenté,Conduite souple,Cuisine,Boisson gratuite",Planner,Bertoua
2288,Mbandjock,"Conversation,Éclairage tamisé,Navigation GPS,Cuisine,Climatisation,Ponctualité,Chauffeur expérimenté,Sport,Espace de rangement,Vue panoramique,Connectivité,Assistance bagages",Planner,Kousseri
1116,Bonaberi,"Connectivité,Conversation,Musique,Climatisation,Vue panoramique,Chauffeur expérimenté,Cuisine,Ponctualité,Sport,Animaux acceptés,Sièges inclinables,Éclairage tamisé,Assistance bagages,Navigation GPS,Conduite souple,Langue parlée",Traveler,Gazawa
1904,Nanga-Eboko,"Silence,Wi-Fi gratuit,Conversation,Navigation GPS,Vue panoramique,Cuisine,Conduite souple,Sport,Espace de rangement,Langue parlée,Boisson gratuite,Chauffeur expérimenté,Ambiance chaleureuse,Connectivité,Climatisation,Assistance bagages,Confort,Animaux acceptés",Traveler,Mokolo
3460,Nkongsamba,"Navigation GPS,Assistance bagages,Wi-Fi gratuit,Sport,Silence,Langue parlée,Confort",Traveler,Messa
3736,Loum,"Animaux acceptés,Connectivité,Conduite souple,Silence,Cuisine,Assistance bagages,Ambiance chaleureuse,Musique,Sport,Chauffeur expérimenté,Climatisation,Éclairage tamisé",Traveler,Buea
4228,Bonamoussadi,"Climatisation,Cuisine,Éclairage tamisé,Navigation GPS,Sièges inclinables,Ambiance chaleureuse,Animaux acceptés,Conduite souple,Espace de rangement,Connectivité,Silence,Chauffeur expérimenté,Langue parlée,Conversation,Musique,Boisson gratuite,Sport,Confort,Ponctualité,Assistance bagages,Vue panoramique,Wi-Fi gratuit",Traveler,Kumba
1945,Limbe,"Sport,Musique,Espace de rangement",Planner,Meiganga
398,Essos,"Confort,Conduite souple,Ambiance chaleureuse",Traveler,Bali
3150,Yagoua,"Sièges inclinables,Climatisation,Silence,Navigation GPS,Animaux acceptés,Éclairage tamisé,Musique,Conversation,Assistance bagages",Planner,Bonamoussadi
4843,Buea,"Conversation,Sièges inclinables,Navigation GPS,Assistance bagages,Éclairage tamisé,Sport,Climatisation,Chauffeur expérimenté,Animaux acceptés,Connectivité,Vue panoramique,Ambiance chaleureuse,Cuisine,Espace de rangement,Confort,Boisson gratuite,Langue parlée,Ponctualité,Silence,Wi-Fi gratuit",Planner,Muyuka
1007,Yagoua,"Wi-Fi gratuit,Navigation GPS,Sport,Sièges inclinables,Musique,Cuisine,Chauffeur expérimenté,Conversation,Conduite souple,Boisson gratuite,Animaux acceptés,Confort,Silence,Vue panoramique,Climatisation,Éclairage tamisé,Assistance bagages,Ponctualité",Planner,Banga Bakundu
2142,Figuif,Assistance bagages,Planner,Limbe
475,Edéa,"Sport,Espace de rangement,Chauffeur expérimenté,Musique,Éclairage tamisé,Vue panoramique,Wi-Fi gratuit,Connectivité,Confort,Navigation GPS,Cuisine,Boisson gratuite,Sièges inclinables,Ambiance chaleureuse,Climatisation",Planner,Figuif
743,Bertoua,"Boisson gratuite,Sièges inclinables,Éclairage tamisé,Chauffeur expérimenté,Navigation GPS,Silence,Climatisation,Animaux acceptés,Conduite souple,Ambiance chaleureuse,Connectivité,Langue parlée,Assistance bagages,Conversation,Sport,Cuisine,Wi-Fi gratuit,Ponctualité,Confort",Traveler,Campo
1261,Essos,"Conduite souple,Connectivité,Ponctualité",Traveler,Bandjoun
2928,Bafoussam,"Vue panoramique,Ambiance chaleureuse,Assistance bagages,Navigation GPS",Planner,Mokolo
2891,Yagoua,"Climatisation,Conversation,Sport,Conduite souple,Éclairage tamisé,Sièges inclinables,Wi-Fi gratuit,Ponctualité,Langue parlée,Animaux acceptés,Navigation GPS,Chauffeur expérimenté,Musique,Silence,Assistance bagages,Confort,Ambiance chaleureuse,Connectivité",Traveler,Melong
350,Melong,"Navigation GPS,Silence,Wi-Fi gratuit,Langue parlée,Éclairage tamisé,Connectivité,Chauffeur expérimenté,Ambiance chaleureuse,Boisson gratuite,Sport,Conversation,Vue panoramique,Musique,Confort,Espace de rangement,Conduite souple,Assistance bagages",Planner,Bonabéri
4184,Limbe,"Langue parlée,Musique,Assistance bagages,Ambiance chaleureuse",Planner,Bonamoussadi
1374,Bogo,"Vue panoramique,Langue parlée,Assistance bagages,Sièges inclinables,Animaux acceptés,Ponctualité,Confort,Climatisation,Silence,Espace de rangement,Connectivité,Conversation",Planner,Bertoua
2504,Yagoua,Langue parlée,Planner,Bafang
1940,Melong,Langue parlée,Traveler,Buea
3482,Bonaberi,"Ambiance chaleureuse,Conduite souple,Climatisation,Silence,Espace de rangement,Musique,Connectivité,Animaux acceptés,Vue panoramique,Sport,Boisson gratuite,Wi-Fi gratuit",Traveler,Bonanjo
2461,Meiganga,"Sport,Éclairage tamisé,Musique,Navigation GPS,Chauffeur expérimenté,Ponctualité,Sièges inclinables,Wi-Fi gratuit",Traveler,Messa
1712,Bonaberi,"Ponctualité,Langue parlée",Traveler,Limbe
4277,Bogo,"Silence,Conduite souple,Cuisine,Navigation GPS,Confort,Ponctualité,Sièges inclinables,Musique",Planner,Maroua
775,Yaounde,"Cuisine,Boisson gratuite,Conduite souple,Confort,Silence,Connectivité,Ambiance chaleureuse,Assistance bagages,Conversation",Planner,Meiganga
3487,Gazawa,"Chauffeur expérimenté,Wi-Fi gratuit,Éclairage tamisé,Conversation,Conduite souple,Connectivité,Sport,Sièges inclinables,Climatisation,Vue panoramique,Animaux acceptés,Musique,Cuisine,Langue parlée,Ambiance chaleureuse",Planner,Limbe
4557,Bamenda,"Silence,Ambiance chaleureuse,Chauffeur expérimenté,Cuisine,Sport,Assistance bagages,Navigation GPS,Éclairage tamisé,Langue parlée,Animaux acceptés,Wi-Fi gratuit,Vue panoramique,Musique,Ponctualité,Connectivité,Boisson gratuite,Confort,Sièges inclinables,Climatisation,Conversation,Espace de rangement",Planner,Limbe
1628,Beti,"Sièges inclinables,Climatisation,Assistance bagages,Vue panoramique,Wi-Fi gratuit,Langue parlée,Boisson gratuite,Éclairage tamisé,Chauffeur expérimenté",Traveler,Belabo
2613,Mbalmayo,"Ambiance chaleureuse,Conversation,Climatisation,Connectivité",Traveler,Belo
2560,Mbouda,"Cuisine,Boisson gratuite",Planner,Bali Nyonga
594,Guider,"Boisson gratuite,Ponctualité,Éclairage tamisé,Confort,Navigation GPS,Cuisine,Conduite souple,Wi-Fi gratuit,Assistance bagages",Planner,Bonanjo
1813,Melong,"Ambiance chaleureuse,Wi-Fi gratuit,Vue panoramique,Chauffeur expérimenté,Conduite souple,Boisson gratuite,Confort,Cuisine,Animaux acceptés,Langue parlée,Sièges inclinables,Espace de rangement,Navigation GPS,Assistance bagages,Musique,Ponctualité",Planner,Kribi
1342,Fontem,"Conversation,Boisson gratuite,Langue parlée,Climatisation,Animaux acceptés,Connectivité,Vue panoramique,Confort,Navigation GPS,Wi-Fi gratuit,Silence,Cuisine,Chauffeur expérimenté,Ambiance chaleureuse,Sport,Ponctualité,Musique,Assistance bagages,Éclairage tamisé,Espace de rangement",Planner,Yaounde
3937,Yaounde,"Langue parlée,Boisson gratuite",Planner,Douala
1375,Messa,"Confort,Connectivité,Boisson gratuite,Conduite souple,Silence,Animaux acceptés,Wi-Fi gratuit,Conversation,Musique,Ponctualité,Climatisation,Sièges inclinables,Espace de rangement,Éclairage tamisé,Chauffeur expérimenté,Cuisine,Vue panoramique",Traveler,Garoua
1449,Campo,"Silence,Ponctualité,Animaux acceptés,Musique,Sièges inclinables,Conduite souple,Boisson gratuite,Wi-Fi gratuit,Sport,Espace de rangement,Conversation,Assistance bagages,Confort,Vue panoramique,Éclairage tamisé,Navigation GPS,Connectivité",Traveler,Buea
4198,Bonanjo,"Boisson gratuite,Connectivité",Planner,Bertoua
4874,Belabo,"Animaux acceptés,Ambiance chaleureuse,Chauffeur expérimenté,Conversation,Langue parlée,Connectivité,Éclairage tamisé,Confort,Espace de rangement,Wi-Fi gratuit,Ponctualité,Climatisation,Navigation GPS,Conduite souple,Cuisine,Vue panoramique,Sièges inclinables,Musique,Sport,Boisson gratuite,Silence",Planner,Mokolo
2620,Bonanjo,"Éclairage tamisé,Musique,Navigation GPS",Traveler,Muyuka
3036,Bonanjo,"Langue parlée,Cuisine,Ambiance chaleureuse,Connectivité",Traveler,Yagoua
2579,Bafia,"Animaux acceptés,Boisson gratuite,Ponctualité,Confort,Cuisine",Planner,Bafia
655,Buea,"Sport,Espace de rangement,Musique,Boisson gratuite",Planner,Nkongsamba
4637,Belo,"Navigation GPS,Animaux acceptés,Conversation,Sport,Ambiance chaleureuse,Musique",Traveler,Buea
4659,Beti,"Sièges inclinables,Conversation,Ambiance chaleureuse,Musique,Conduite souple,Sport,Assistance bagages,Navigation GPS,Silence,Connectivité,Wi-Fi gratuit",Planner,Dibombari
2194,Mora,"Langue parlée,Conduite souple,Cuisine,Musique,Assistance bagages,Silence,Sièges inclinables,Animaux acceptés,Conversation,Sport",Traveler,Mokolo
2058,Meiganga,"Ambiance chaleureuse,Animaux acceptés,Langue parlée,Musique,Boisson gratuite,Espace de rangement,Chauffeur expérimenté,Cuisine,Ponctualité,Sport,Navigation GPS,Vue panoramique,Sièges inclinables,Confort,Silence,Connectivité",Traveler,Bonanjo
4298,Nkongsamba,"Navigation GPS,Ambiance chaleureuse,Animaux acceptés,Connectivité,Langue parlée,Climatisation,Assistance bagages,Wi-Fi gratuit,Boisson gratuite,Conversation,Ponctualité,Silence,Confort,Musique,Cuisine,Vue panoramique,Espace de rangement",Planner,Bali Nyonga
4371,Melong,"Cuisine,Confort,Éclairage tamisé,Silence,Navigation GPS,Animaux acceptés,Espace de rangement,Ponctualité,Sièges inclinables,Connectivité,Langue parlée,Musique,Conversation,Wi-Fi gratuit,Vue panoramique",Traveler,Bafang
780,Mutengene,"Silence,Chauffeur expérimenté,Vue panoramique,Ponctualité,Climatisation,Conduite souple,Navigation GPS,Boisson gratuite,Conversation,Musique,Wi-Fi gratuit,Cuisine,Assistance bagages,Confort,Animaux acceptés,Langue parlée,Éclairage tamisé,Sièges inclinables,Espace de rangement",Traveler,Bertoua
1994,Nanga-Eboko,"Conduite souple,Navigation GPS,Ambiance chaleureuse,Conversation,Boisson gratuite,Confort",Planner,Campo
258,Campo,"Animaux acceptés,Boisson gratuite,Langue parlée,Espace de rangement,Conduite souple,Sport",Planner,Belabo
1653,Bonakouamouang,"Climatisation,Boisson gratuite,Vue panoramique,Sport,Silence,Ambiance chaleureuse,Animaux acceptés,Conversation,Conduite souple",Planner,Essos
1842,Bandjoun,"Animaux acceptés,Confort,Musique,Éclairage tamisé,Boisson gratuite,Ambiance chaleureuse",Traveler,Limbe
882,Bali Nyonga,"Espace de rangement,Climatisation,Confort,Langue parlée,Musique,Assistance bagages,Sièges inclinables,Boisson gratuite,Conduite souple,Connectivité",Traveler,Banga Bakundu
527,Meiganga,"Confort,Animaux acceptés,Chauffeur expérimenté,Assistance bagages,Sièges inclinables,Éclairage tamisé,Boisson gratuite,Ponctualité,Vue panoramique,Conversation,Musique,Conduite souple,Navigation GPS,Climatisation,Langue parlée,Sport",Planner,Edéa
4820,Bimbia,"Wi-Fi gratuit,Vue panoramique,Ponctualité,Langue parlée,Silence,Sport,Chauffeur expérimenté,Sièges inclinables,Animaux acceptés,Espace de rangement,Connectivité,Confort,Navigation GPS,Ambiance chaleureuse,Climatisation",Traveler,Banga Bakundu
1061,Yaounde,"Confort,Ambiance chaleureuse,Animaux acceptés,Sièges inclinables,Ponctualité,Chauffeur expérimenté,Conversation,Éclairage tamisé,Musique,Cuisine,Climatisation",Planner,Belabo
4513,Mutengene,"Boisson gratuite,Musique,Cuisine",Traveler,Fontem
2940,Essos,"Animaux acceptés,Espace de rangement,Ponctualité,Connectivité,Vue panoramique,Sièges inclinables,Éclairage tamisé,Chauffeur expérimenté",Planner,Banga Bakundu
4324,Messa,"Sport,Conduite souple",Traveler,Gazawa
2983,Mora,"Musique,Sport,Connectivité,Espace de rangement,Conversation,Assistance bagages",Traveler,Guider
521,Yaounde,"Connectivité,Langue parlée,Vue panoramique,Conduite souple,Silence,Navigation GPS,Éclairage tamisé,Boisson gratuite,Sièges inclinables,Cuisine,Assistance bagages,Musique,Climatisation,Ambiance chaleureuse,Chauffeur expérimenté",Planner,Guider
4855,Gazawa,"Conversation,Navigation GPS,Boisson gratuite,Ponctualité,Chauffeur expérimenté,Vue panoramique",Traveler,Kousseri
1915,Bimbia,"Navigation GPS,Sièges inclinables,Espace de rangement,Silence,Connectivité,Conversation,Wi-Fi gratuit,Conduite souple,Sport,Ambiance chaleureuse,Langue parlée,Cuisine,Chauffeur expérimenté,Climatisation,Musique,Ponctualité",Traveler,Bonaberi
4906,Bamenda,"Connectivité,Chauffeur expérimenté,Navigation GPS,Confort,Conduite souple,Conversation,Musique,Ponctualité,Boisson gratuite,Assistance bagages,Espace de rangement,Cuisine,Ambiance chaleureuse",Planner,Banga Bakundu
2398,Garoua,"Chauffeur expérimenté,Climatisation,Silence,Assistance bagages,Boisson gratuite,Musique,Confort,Ambiance chaleureuse,Ponctualité,Cuisine,Conversation,Wi-Fi gratuit,Connectivité,Animaux acceptés,Conduite souple,Sièges inclinables,Vue panoramique,Sport,Navigation GPS,Éclairage tamisé",Planner,Essos
3852,Bafia,"Sièges inclinables,Ponctualité,Chauffeur expérimenté,Boisson gratuite,Silence,Vue panoramique,Navigation GPS,Connectivité,Espace de rangement,Musique,Assistance bagages,Conduite souple,Éclairage tamisé,Cuisine,Langue parlée,Ambiance chaleureuse,Wi-Fi gratuit,Sport,Confort",Planner,Nanga-Eboko
2539,Bogo,"Ponctualité,Langue parlée,Éclairage tamisé,Sport,Musique,Conduite souple,Navigation GPS,Espace de rangement,Silence,Assistance bagages,Confort",Planner,Mokolo
1840,Messa,"Ponctualité,Confort,Chauffeur expérimenté,Connectivité,Assistance bagages,Navigation GPS,Boisson gratuite,Animaux acceptés,Vue panoramique,Ambiance chaleureuse,Cuisine,Climatisation,Conduite souple,Sièges inclinables,Langue parlée,Wi-Fi gratuit",Planner,Limbe
2475,Maroua,"Sport,Boisson gratuite,Sièges inclinables,Musique,Ambiance chaleureuse,Climatisation,Assistance bagages,Cuisine,Navigation GPS,Espace de rangement",Traveler,Banga Bakundu
3741,Bertoua,"Climatisation,Conduite souple,Animaux acceptés",Traveler,Essos
3052,Mora,"Musique,Assistance bagages,Conversation,Silence,Connectivité",Traveler,Kumba
1456,Messa,"Musique,Connectivité,Conduite souple,Animaux acceptés,Cuisine,Assistance bagages,Sièges inclinables,Espace de rangement,Ambiance chaleureuse,Confort,Éclairage tamisé,Chauffeur expérimenté",Planner,Bafia
1397,Bonanjo,Sièges inclinables,Traveler,Bimbia
4320,Campo,Sièges inclinables,Traveler,Beti
2744,Bafang,"Espace de rangement,Cuisine,Conversation,Langue parlée,Sport,Éclairage tamisé",Planner,Buea
4292,Bonamoussadi,"Assistance bagages,Conduite souple,Cuisine,Vue panoramique,Silence,Chauffeur expérimenté,Sièges inclinables,Espace de rangement,Conversation,Boisson gratuite,Sport,Navigation GPS,Musique,Confort,Climatisation,Éclairage tamisé,Connectivité,Wi-Fi gratuit,Animaux acceptés,Ambiance chaleureuse",Planner,Kumba
4222,Mora,"Sport,Confort,Sièges inclinables,Wi-Fi gratuit,Silence,Assistance bagages",Traveler,Kribi
537,Boutours,"Ponctualité,Cuisine,Vue panoramique,Silence,Éclairage tamisé,Connectivité,Conversation,Navigation GPS,Boisson gratuite,Assistance bagages,Sièges inclinables,Espace de rangement,Ambiance chaleureuse,Langue parlée,Confort,Conduite souple,Musique,Chauffeur expérimenté,Wi-Fi gratuit",Traveler,Yaounde
1818,Mbandjock,"Espace de rangement,Navigation GPS,Climatisation,Confort,Sièges inclinables,Ambiance chaleureuse,Silence",Planner,Muyuka
4316,Beti,"Cuisine,Conduite souple,Silence",Traveler,Bonanjo
1110,Limbe,"Boisson gratuite,Langue parlée,Sport,Cuisine,Ponctualité,Silence,Wi-Fi gratuit,Animaux acceptés,Vue panoramique,Conversation,Connectivité,Climatisation,Conduite souple,Confort,Musique,Ambiance chaleureuse,Sièges inclinables",Planner,Bonaberi
2258,Edéa,"Ponctualité,Chauffeur expérimenté,Musique,Espace de rangement,Assistance bagages,Sport",Traveler,Fontem
511,Maroua,"Musique,Sièges inclinables,Navigation GPS,Chauffeur expérimenté,Wi-Fi gratuit,Climatisation,Espace de rangement,Ambiance chaleureuse,Conduite souple,Animaux acceptés,Boisson gratuite,Conversation,Langue parlée,Connectivité,Silence,Confort",Planner,Belabo
3895,Bonamoussadi,Musique,Traveler,Meiganga
296,Yagoua,"Langue parlée,Ambiance chaleureuse,Conversation,Silence,Ponctualité,Confort,Cuisine,Boisson gratuite,Chauffeur expérimenté,Navigation GPS,Animaux acceptés,Wi-Fi gratuit,Conduite souple,Espace de rangement,Musique,Climatisation,Éclairage tamisé,Sport,Vue panoramique,Connectivité,Sièges inclinables,Assistance bagages",Traveler,Mora
479,Mokolo,Langue parlée,Planner,Guider
205,Guider,"Vue panoramique,Éclairage tamisé,Ambiance chaleureuse",Planner,Buea
3860,Guider,"Conversation,Navigation GPS,Espace de rangement,Wi-Fi gratuit,Confort,Langue parlée,Chauffeur expérimenté,Éclairage tamisé,Connectivité,Musique,Conduite souple,Ponctualité,Cuisine,Animaux acceptés,Sièges inclinables",Planner,Bafang
1280,Bafoussam,"Langue parlée,Assistance bagages,Wi-Fi gratuit,Ponctualité,Silence,Vue panoramique,Navigation GPS,Espace de rangement,Conduite souple,Éclairage tamisé,Boisson gratuite,Confort,Cuisine,Connectivité,Ambiance chaleureuse,Conversation,Animaux acceptés",Planner,Kousseri
4041,Bali,"Conversation,Assistance bagages,Animaux acceptés",Planner,Messa
1908,Mokolo,"Climatisation,Sièges inclinables,Animaux acceptés,Éclairage tamisé,Musique,Cuisine,Assistance bagages,Wi-Fi gratuit,Conversation,Navigation GPS,Connectivité,Boisson gratuite,Conduite souple,Confort,Vue panoramique,Chauffeur expérimenté,Espace de rangement,Ponctualité,Sport,Langue parlée,Silence,Ambiance chaleureuse",Traveler,Kribi
3213,Bonanjo,"Wi-Fi gratuit,Musique,Assistance bagages,Conversation,Langue parlée,Connectivité",Traveler,Bafia
4745,Essos,Musique,Traveler,Belo
1091,Bonabéri,"Espace de rangement,Assistance bagages,Conduite souple,Sièges inclinables,Animaux acceptés,Ponctualité,Navigation GPS,Langue parlée,Climatisation,Wi-Fi gratuit,Sport,Boisson gratuite,Ambiance chaleureuse,Silence,Vue panoramique,Conversation",Planner,Belabo
4663,Yaounde,"Conduite souple,Ponctualité,Confort,Chauffeur expérimenté,Boisson gratuite",Traveler,Bonabéri
3267,Maroua,"Vue panoramique,Sport,Ambiance chaleureuse,Conversation,Silence,Navigation GPS,Langue parlée,Connectivité,Wi-Fi gratuit,Chauffeur expérimenté,Climatisation,Musique,Conduite souple",Planner,Figuif
2822,Campo,"Confort,Silence,Navigation GPS,Cuisine,Vue panoramique,Sièges inclinables,Connectivité,Climatisation,Ambiance chaleureuse,Éclairage tamisé,Musique,Wi-Fi gratuit,Animaux acceptés,Langue parlée,Sport,Ponctualité,Espace de rangement,Chauffeur expérimenté,Conversation,Assistance bagages",Planner,Kribi
2409,Maroua,"Silence,Assistance bagages",Traveler,Guider
3019,Guider,"Éclairage tamisé,Sièges inclinables,Silence,Wi-Fi gratuit,Sport,Boisson gratuite,Espace de rangement,Climatisation,Ponctualité,Confort,Chauffeur expérimenté,Connectivité,Cuisine,Vue panoramique,Animaux acceptés,Langue parlée,Conversation,Navigation GPS",Planner,Bonakouamouang
1214,Bafia,"Langue parlée,Assistance bagages,Vue panoramique,Chauffeur expérimenté,Musique,Éclairage tamisé,Climatisation,Confort,Ponctualité,Navigation GPS,Conduite souple,Wi-Fi gratuit,Animaux acceptés,Cuisine,Ambiance chaleureuse,Sièges inclinables",Planner,Essos
325,Kousseri,"Conversation,Conduite souple,Wi-Fi gratuit,Sièges inclinables,Climatisation,Ponctualité,Espace de rangement,Navigation GPS,Musique,Sport,Vue panoramique,Connectivité,Langue parlée,Éclairage tamisé,Chauffeur expérimenté,Boisson gratuite,Animaux acceptés,Silence,Assistance bagages,Ambiance chaleureuse,Confort",Traveler,Dibombari
1272,Nkongsamba,"Confort,Connectivité,Sièges inclinables,Ambiance chaleureuse,Conduite souple,Boisson gratuite,Animaux acceptés,Wi-Fi gratuit,Conversation,Cuisine",Planner,Bonanjo
2117,Bimbia,"Silence,Ponctualité,Animaux acceptés,Conversation,Ambiance chaleureuse,Langue parlée,Vue panoramique,Éclairage tamisé,Confort,Assistance bagages,Connectivité,Cuisine,Boisson gratuite,Conduite souple,Climatisation,Chauffeur expérimenté,Sport,Musique,Navigation GPS,Sièges inclinables,Espace de rangement",Traveler,Bafia
1417,Buea,"Silence,Ambiance chaleureuse,Vue panoramique,Sièges inclinables,Assistance bagages,Confort,Sport,Navigation GPS,Conduite souple,Éclairage tamisé,Musique,Climatisation,Boisson gratuite,Cuisine,Wi-Fi gratuit,Ponctualité",Traveler,Mbandjock
2465,Bamenda,"Vue panoramique,Sièges inclinables,Conduite souple,Musique,Silence,Boisson gratuite,Sport,Animaux acceptés,Ambiance chaleureuse,Espace de rangement,Conversation,Navigation GPS,Confort,Ponctualité,Éclairage tamisé,Wi-Fi gratuit",Planner,Edéa
1615,Melong,"Espace de rangement,Confort,Ambiance chaleureuse,Éclairage tamisé,Sport,Conduite souple,Conversation,Ponctualité,Vue panoramique,Animaux acceptés,Wi-Fi gratuit,Cuisine,Assistance bagages,Langue parlée,Silence,Boisson gratuite,Climatisation,Sièges inclinables,Connectivité",Planner,Limbe
892,Bonamoussadi,"Cuisine,Espace de rangement,Animaux acceptés,Climatisation,Musique,Wi-Fi gratuit,Éclairage tamisé,Vue panoramique,Sport,Assistance bagages,Silence,Conduite souple,Sièges inclinables,Ponctualité,Boisson gratuite,Navigation GPS,Confort",Traveler,Mutengene
1278,Nanga-Eboko,"Connectivité,Musique,Chauffeur expérimenté,Boisson gratuite,Navigation GPS,Climatisation,Conversation,Animaux acceptés,Silence,Sport,Wi-Fi gratuit,Assistance bagages,Cuisine",Traveler,Limbe
3958,Buea,"Confort,Navigation GPS,Assistance bagages,Climatisation,Langue parlée,Sport,Éclairage tamisé,Conduite souple,Ponctualité,Wi-Fi gratuit,Sièges inclinables,Boisson gratuite,Conversation,Connectivité,Ambiance chaleureuse,Chauffeur expérimenté,Cuisine,Vue panoramique,Animaux acceptés",Traveler,Bimbia
4027,Bertoua,"Confort,Cuisine,Animaux acceptés,Navigation GPS",Planner,Bali Nyonga
4686,Essos,"Wi-Fi gratuit,Langue parlée,Chauffeur expérimenté,Confort,Animaux acceptés,Sièges inclinables,Silence,Assistance bagages,Éclairage tamisé,Boisson gratuite,Navigation GPS,Ponctualité,Conversation,Connectivité,Conduite souple,Vue panoramique,Climatisation,Espace de rangement,Cuisine,Ambiance chaleureuse",Traveler,Bonaberi
2814,Beti,"Espace de rangement,Animaux acceptés,Sièges inclinables,Ambiance chaleureuse,Climatisation,Vue panoramique,Boisson gratuite,Conversation,Connectivité,Silence",Traveler,Mbouda
2031,Bandjoun,"Wi-Fi gratuit,Boisson gratuite,Climatisation,Confort,Navigation GPS,Langue parlée,Vue panoramique,Conduite souple,Ambiance chaleureuse,Connectivité,Conversation,Ponctualité,Assistance bagages,Éclairage tamisé,Sièges inclinables,Chauffeur expérimenté,Espace de rangement,Silence,Sport",Traveler,Bafang
1845,Meiganga,"Langue parlée,Boisson gratuite,Animaux acceptés,Climatisation,Ponctualité,Conduite souple,Chauffeur expérimenté,Connectivité,Éclairage tamisé",Planner,Bafoussam
4707,Mbouda,"Boisson gratuite,Animaux acceptés,Wi-Fi gratuit,Climatisation,Espace de rangement,Sport,Ambiance chaleureuse,Ponctualité,Cuisine,Éclairage tamisé,Vue panoramique,Assistance bagages",Planner,Mbalmayo
4545,Bali,"Conversation,Ambiance chaleureuse,Boisson gratuite,Cuisine,Climatisation,Silence,Sport,Chauffeur expérimenté,Vue panoramique,Navigation GPS,Wi-Fi gratuit,Sièges inclinables,Conduite souple,Espace de rangement,Confort,Langue parlée,Musique,Assistance bagages,Ponctualité",Planner,Loum
3523,Yaounde,"Espace de rangement,Silence,Boisson gratuite,Ambiance chaleureuse,Assistance bagages,Vue panoramique,Navigation GPS,Cuisine,Chauffeur expérimenté,Confort,Conversation,Conduite souple,Ponctualité,Animaux acceptés,Sport,Éclairage tamisé,Musique,Wi-Fi gratuit,Langue parlée",Traveler,Yagoua
2958,Bonakouamouang,"Climatisation,Navigation GPS,Langue parlée,Ambiance chaleureuse,Sièges inclinables,Silence,Sport,Wi-Fi gratuit,Musique,Boisson gratuite,Conduite souple",Planner,Nkongsamba
420,Bonanjo,"Wi-Fi gratuit,Langue parlée,Cuisine,Connectivité,Sport,Animaux acceptés,Assistance bagages,Ambiance chaleureuse,Musique,Ponctualité,Vue panoramique,Éclairage tamisé,Conduite souple,Chauffeur expérimenté",Planner,Mora
2924,Kumba,"Confort,Ambiance chaleureuse,Chauffeur expérimenté,Espace de rangement",Planner,Garoua
1273,Batibo,"Éclairage tamisé,Boisson gratuite,Confort,Conduite souple,Connectivité,Chauffeur expérimenté,Conversation,Sièges inclinables,Ambiance chaleureuse,Espace de rangement,Ponctualité,Cuisine,Climatisation,Musique",Planner,Bafoussam
896,Mokolo,"Animaux acceptés,Langue parlée,Chauffeur expérimenté",Planner,Kumba
2261,Bonamoussadi,"Musique,Animaux acceptés,Assistance bagages,Conduite souple,Sièges inclinables,Chauffeur expérimenté,Wi-Fi gratuit,Sport,Connectivité,Confort,Climatisation,Boisson gratuite,Ambiance chaleureuse,Vue panoramique,Conversation,Éclairage tamisé,Silence,Ponctualité,Langue parlée,Cuisine,Espace de rangement",Traveler,Bertoua
3386,Muyuka,"Sièges inclinables,Musique,Ponctualité,Boisson gratuite,Vue panoramique,Conduite souple,Wi-Fi gratuit,Climatisation,Sport,Connectivité,Chauffeur expérimenté",Planner,Bonaberi
1111,Mbandjock,"Boisson gratuite,Navigation GPS,Sport,Ambiance chaleureuse,Chauffeur expérimenté,Vue panoramique,Ponctualité,Wi-Fi gratuit,Éclairage tamisé,Langue parlée",Traveler,Bafang
987,Mora,"Vue panoramique,Boisson gratuite,Confort,Wi-Fi gratuit,Assistance bagages,Sport,Éclairage tamisé,Navigation GPS,Sièges inclinables,Ambiance chaleureuse,Ponctualité,Conduite souple,Cuisine,Chauffeur expérimenté,Connectivité,Animaux acceptés,Espace de rangement,Langue parlée,Climatisation,Musique,Conversation,Silence",Traveler,Bali Nyonga
605,Mbanga,"Éclairage tamisé,Conduite souple,Vue panoramique,Wi-Fi gratuit,Sièges inclinables,Cuisine,Navigation GPS,Langue parlée,Ambiance chaleureuse",Planner,Bertoua
3657,Garoua,"Sport,Navigation GPS,Conversation,Cuisine,Assistance bagages,Chauffeur expérimenté,Confort,Animaux acceptés",Traveler,Bandjoun
2364,Yagoua,"Espace de rangement,Éclairage tamisé,Boisson gratuite,Conduite souple",Planner,Melong
2454,Mbandjock,"Wi-Fi gratuit,Ponctualité,Ambiance chaleureuse,Confort,Langue parlée,Sport,Éclairage tamisé,Navigation GPS,Cuisine,Silence,Conversation,Connectivité",Planner,Yaounde
2180,Melong,"Wi-Fi gratuit,Confort",Planner,Kousseri
2952,Boutours,"Cuisine,Ponctualité,Langue parlée,Ambiance chaleureuse,Espace de rangement,Chauffeur expérimenté,Silence,Animaux acceptés,Confort,Connectivité,Conversation,Climatisation,Sièges inclinables,Boisson gratuite,Conduite souple,Vue panoramique,Éclairage tamisé,Wi-Fi gratuit,Musique",Planner,Bali
4070,Dibombari,"Sièges inclinables,Conduite souple,Boisson gratuite,Espace de rangement,Ambiance chaleureuse,Langue parlée,Éclairage tamisé",Planner,Mokolo
653,Bafoussam,"Éclairage tamisé,Silence,Sport,Animaux acceptés,Confort,Sièges inclinables,Navigation GPS",Traveler,Nkongsamba
4912,Buea,"Éclairage tamisé,Sièges inclinables,Climatisation,Animaux acceptés,Cuisine,Langue parlée,Assistance bagages,Silence,Wi-Fi gratuit,Espace de rangement,Sport,Ponctualité,Ambiance chaleureuse,Boisson gratuite,Chauffeur expérimenté,Vue panoramique,Conduite souple,Conversation,Connectivité,Confort,Musique,Navigation GPS",Traveler,Kumba
3042,Bali,"Espace de rangement,Boisson gratuite,Ponctualité,Éclairage tamisé,Musique,Vue panoramique,Cuisine,Wi-Fi gratuit,Animaux acceptés,Navigation GPS,Climatisation,Sport,Connectivité,Ambiance chaleureuse,Chauffeur expérimenté,Silence,Assistance bagages",Traveler,Nanga-Eboko
3143,Douala,"Climatisation,Navigation GPS,Ponctualité,Boisson gratuite,Confort,Animaux acceptés,Cuisine,Ambiance chaleureuse,Sièges inclinables,Conduite souple,Wi-Fi gratuit,Silence,Conversation,Espace de rangement,Musique,Sport,Connectivité,Chauffeur expérimenté",Planner,Mutengene
3371,Bimbia,"Conduite souple,Climatisation,Espace de rangement,Ambiance chaleureuse",Planner,Kousseri
87,Bonakouamouang,"Éclairage tamisé,Silence,Animaux acceptés,Ponctualité,Climatisation,Cuisine,Conversation,Espace de rangement,Wi-Fi gratuit,Conduite souple,Sièges inclinables,Navigation GPS,Sport,Assistance bagages,Ambiance chaleureuse,Musique,Chauffeur expérimenté",Planner,Bimbia
1711,Bonamoussadi,"Navigation GPS,Climatisation,Musique",Traveler,Buea
911,Bonakouamouang,"Musique,Langue parlée,Vue panoramique,Boisson gratuite,Assistance bagages,Navigation GPS,Conversation",Planner,Bamenda
2914,Fontem,"Cuisine,Animaux acceptés,Sport,Silence",Planner,Bimbia
402,Beti,"Sièges inclinables,Boisson gratuite,Espace de rangement,Assistance bagages,Connectivité,Confort,Ponctualité,Chauffeur expérimenté,Conduite souple,Climatisation,Cuisine,Éclairage tamisé,Langue parlée,Wi-Fi gratuit,Musique,Conversation,Sport",Planner,Bogo
2644,Maroua,"Langue parlée,Animaux acceptés,Climatisation,Ponctualité,Conduite souple,Conversation,Boisson gratuite,Éclairage tamisé,Navigation GPS,Vue panoramique,Cuisine,Sièges inclinables,Assistance bagages,Musique,Sport,Chauffeur expérimenté,Espace de rangement,Ambiance chaleureuse,Silence",Planner,Loum
4238,Kumba,"Ambiance chaleureuse,Navigation GPS,Sport,Wi-Fi gratuit,Chauffeur expérimenté,Confort,Sièges inclinables,Ponctualité,Conversation,Cuisine,Assistance bagages,Connectivité,Animaux acceptés,Éclairage tamisé,Vue panoramique,Climatisation,Conduite souple,Espace de rangement,Boisson gratuite,Silence",Planner,Belabo
4055,Fontem,"Chauffeur expérimenté,Éclairage tamisé,Ambiance chaleureuse,Musique,Langue parlée,Navigation GPS,Assistance bagages,Silence,Conduite souple,Sport,Climatisation,Confort",Traveler,Mbanga
749,Boutours,"Chauffeur expérimenté,Musique,Sièges inclinables,Climatisation,Langue parlée,Animaux acceptés,Navigation GPS,Conduite souple,Silence,Cuisine,Sport,Ponctualité,Éclairage tamisé,Assistance bagages,Vue panoramique,Wi-Fi gratuit,Conversation,Espace de rangement,Connectivité,Boisson gratuite,Ambiance chaleureuse",Traveler,Douala
3589,Yaounde,"Animaux acceptés,Boisson gratuite,Vue panoramique,Silence,Conduite souple,Ambiance chaleureuse,Wi-Fi gratuit,Langue parlée,Ponctualité,Navigation GPS,Musique,Connectivité,Sport,Assistance bagages,Climatisation,Sièges inclinables,Espace de rangement,Confort,Conversation,Cuisine,Chauffeur expérimenté",Planner,Muyuka
764,Guider,"Boisson gratuite,Confort,Ambiance chaleureuse,Vue panoramique,Animaux acceptés,Climatisation,Éclairage tamisé,Navigation GPS,Conduite souple",Planner,Mokolo
3811,Figuif,"Wi-Fi gratuit,Vue panoramique,Boisson gratuite,Ponctualité,Animaux acceptés,Connectivité,Silence,Espace de rangement,Langue parlée,Sièges inclinables,Conduite souple",Planner,Kribi
841,Yaounde,"Confort,Wi-Fi gratuit,Assistance bagages,Langue parlée,Musique,Vue panoramique,Conversation,Climatisation,Chauffeur expérimenté,Espace de rangement,Boisson gratuite,Animaux acceptés,Cuisine,Ambiance chaleureuse",Traveler,Bimbia
1292,Bogo,"Conversation,Navigation GPS,Espace de rangement,Sport,Vue panoramique,Confort,Assistance bagages,Animaux acceptés,Sièges inclinables,Connectivité,Silence,Conduite souple",Planner,Edéa
904,Bonanjo,Climatisation,Traveler,Bimbia
1205,Guider,"Cuisine,Éclairage tamisé,Navigation GPS,Vue panoramique,Assistance bagages,Sièges inclinables,Sport",Planner,Nkongsamba
476,Bali Nyonga,"Confort,Espace de rangement,Vue panoramique,Silence,Ponctualité,Navigation GPS,Musique,Sport,Wi-Fi gratuit,Ambiance chaleureuse,Conduite souple,Langue parlée,Climatisation,Sièges inclinables",Traveler,Muyuka
50,Maroua,"Ambiance chaleureuse,Conduite souple,Climatisation,Animaux acceptés,Conversation,Vue panoramique,Musique,Boisson gratuite,Navigation GPS,Chauffeur expérimenté,Langue parlée,Wi-Fi gratuit,Espace de rangement,Assistance bagages,Sièges inclinables,Confort",Planner,Mutengene
1134,Kribi,"Ambiance chaleureuse,Assistance bagages,Wi-Fi gratuit,Confort,Musique,Boisson gratuite,Éclairage tamisé,Espace de rangement",Planner,Belabo
4721,Nkongsamba,"Navigation GPS,Espace de rangement",Traveler,Bonakouamouang
1739,Bali,"Langue parlée,Vue panoramique,Ponctualité,Espace de rangement,Ambiance chaleureuse",Traveler,Buea
860,Bafoussam,"Climatisation,Chauffeur expérimenté,Conduite souple,Silence,Ambiance chaleureuse,Cuisine",Planner,Nanga-Eboko
1486,Kousseri,"Assistance bagages,Éclairage tamisé,Langue parlée,Chauffeur expérimenté,Sièges inclinables,Conduite souple,Navigation GPS,Sport,Conversation,Animaux acceptés,Ponctualité,Cuisine,Connectivité,Boisson gratuite,Climatisation,Confort,Musique,Espace de rangement,Wi-Fi gratuit,Vue panoramique,Ambiance chaleureuse,Silence",Traveler,Limbe
259,Guider,"Connectivité,Chauffeur expérimenté,Assistance bagages,Cuisine,Ponctualité,Climatisation,Boisson gratuite,Silence,Animaux acceptés,Sièges inclinables,Éclairage tamisé,Wi-Fi gratuit",Traveler,Nkongsamba
3336,Bafang,"Espace de rangement,Sièges inclinables,Musique,Climatisation,Boisson gratuite,Sport,Vue panoramique,Assistance bagages,Cuisine,Chauffeur expérimenté,Connectivité,Ambiance chaleureuse,Wi-Fi gratuit",Planner,Bonakouamouang
1503,Mbandjock,"Langue parlée,Sport,Confort,Chauffeur expérimenté,Cuisine,Conduite souple,Sièges inclinables,Silence,Conversation,Musique",Planner,Bamenda
4644,Kousseri,"Musique,Ambiance chaleureuse,Éclairage tamisé,Silence,Connectivité,Climatisation,Espace de rangement,Confort,Sport,Animaux acceptés,Cuisine,Boisson gratuite,Vue panoramique,Assistance bagages,Sièges inclinables,Conversation,Conduite souple,Chauffeur expérimenté",Traveler,Mbalmayo
4528,Maroua,"Ponctualité,Silence,Conduite souple,Éclairage tamisé,Climatisation,Langue parlée,Confort",Planner,Loum
2880,Bonamoussadi,"Cuisine,Sièges inclinables,Éclairage tamisé,Conversation,Conduite souple",Traveler,Bonaberi
2696,Mora,"Musique,Sport,Animaux acceptés,Chauffeur expérimenté",Traveler,Yaounde
2852,Mutengene,"Cuisine,Assistance bagages,Sport,Navigation GPS,Chauffeur expérimenté,Espace de rangement,Conversation,Ambiance chaleureuse,Climatisation,Ponctualité,Langue parlée,Animaux acceptés,Vue panoramique,Confort,Musique,Connectivité",Traveler,Bertoua
2370,Bertoua,"Vue panoramique,Espace de rangement,Animaux acceptés,Ponctualité,Chauffeur expérimenté,Conduite souple,Navigation GPS,Confort,Cuisine,Éclairage tamisé,Ambiance chaleureuse,Climatisation,Langue parlée,Conversation,Wi-Fi gratuit,Boisson gratuite",Traveler,Meiganga
2431,Limbe,"Navigation GPS,Vue panoramique,Ponctualité,Animaux acceptés,Boisson gratuite,Conduite souple,Silence,Connectivité,Assistance bagages,Éclairage tamisé,Sièges inclinables,Wi-Fi gratuit,Chauffeur expérimenté,Conversation,Ambiance chaleureuse,Sport,Cuisine,Musique,Confort,Climatisation,Langue parlée",Traveler,Melong
85,Garoua,"Confort,Navigation GPS,Climatisation,Wi-Fi gratuit",Planner,Mokolo
661,Mbalmayo,"Connectivité,Ponctualité,Silence",Traveler,Bertoua
2141,Mbanga,"Climatisation,Confort,Assistance bagages,Conversation,Animaux acceptés,Vue panoramique,Silence,Boisson gratuite,Musique,Éclairage tamisé",Planner,Douala
73,Essos,"Espace de rangement,Ambiance chaleureuse,Sport,Sièges inclinables,Conduite souple,Silence",Traveler,Mbandjock
851,Bertoua,"Vue panoramique,Animaux acceptés,Langue parlée,Sport,Conduite souple,Conversation,Ambiance chaleureuse,Musique,Sièges inclinables,Ponctualité,Wi-Fi gratuit,Connectivité,Climatisation,Espace de rangement,Silence,Assistance bagages,Éclairage tamisé,Chauffeur expérimenté,Boisson gratuite,Cuisine,Confort",Planner,Meiganga
4438,Meiganga,"Confort,Espace de rangement,Éclairage tamisé,Wi-Fi gratuit,Conduite souple,Cuisine,Boisson gratuite,Sport,Chauffeur expérimenté,Musique,Climatisation",Traveler,Bamenda
3059,Meiganga,"Langue parlée,Sport,Conversation,Ponctualité,Cuisine,Connectivité,Vue panoramique,Conduite souple,Chauffeur expérimenté,Climatisation,Assistance bagages,Sièges inclinables",Traveler,Bandjoun
3764,Bali,"Ponctualité,Silence,Sport,Navigation GPS,Sièges inclinables,Langue parlée,Cuisine",Planner,Banga Bakundu
3519,Yaounde,"Éclairage tamisé,Confort,Conduite souple,Sièges inclinables,Silence,Chauffeur expérimenté,Climatisation,Sport,Espace de rangement,Cuisine,Conversation,Wi-Fi gratuit,Ponctualité,Navigation GPS,Vue panoramique,Connectivité",Traveler,Mbandjock
1700,Nkongsamba,"Éclairage tamisé,Connectivité,Animaux acceptés,Wi-Fi gratuit,Assistance bagages,Silence,Conduite souple,Boisson gratuite,Vue panoramique,Musique",Planner,Mbouda
143,Douala,"Confort,Langue parlée,Climatisation,Sièges inclinables,Ambiance chaleureuse,Conduite souple,Musique,Connectivité,Ponctualité,Chauffeur expérimenté,Sport,Vue panoramique,Éclairage tamisé,Silence,Navigation GPS,Boisson gratuite",Planner,Bonaberi
2431,Banga Bakundu,"Boisson gratuite,Silence,Connectivité,Ambiance chaleureuse,Musique,Sièges inclinables,Langue parlée,Conduite souple,Espace de rangement,Animaux acceptés,Éclairage tamisé",Traveler,Mokolo
4777,Campo,"Sièges inclinables,Cuisine,Langue parlée,Assistance bagages,Vue panoramique,Sport,Wi-Fi gratuit,Connectivité,Silence,Climatisation,Conduite souple,Espace de rangement,Musique,Ponctualité,Conversation,Animaux acceptés,Navigation GPS,Chauffeur expérimenté,Boisson gratuite,Ambiance chaleureuse",Traveler,Mokolo
1977,Yagoua,"Conversation,Éclairage tamisé,Navigation GPS,Sport,Animaux acceptés,Ambiance chaleureuse,Wi-Fi gratuit,Langue parlée,Connectivité,Silence,Chauffeur expérimenté,Musique,Espace de rangement,Sièges inclinables",Traveler,Douala
3424,Bimbia,"Sport,Assistance bagages,Boisson gratuite,Wi-Fi gratuit,Sièges inclinables",Planner,Mbouda
3742,Bandjoun,"Wi-Fi gratuit,Sport,Assistance bagages,Navigation GPS,Connectivité,Cuisine,Silence,Ponctualité,Vue panoramique,Animaux acceptés,Climatisation,Espace de rangement,Conversation,Sièges inclinables,Musique,Éclairage tamisé,Boisson gratuite,Confort,Chauffeur expérimenté,Conduite souple,Langue parlée,Ambiance chaleureuse",Planner,Belo
4953,Bafoussam,"Ponctualité,Connectivité,Vue panoramique,Éclairage tamisé,Chauffeur expérimenté,Assistance bagages,Conversation,Sport,Musique,Langue parlée,Wi-Fi gratuit,Silence,Cuisine,Navigation GPS,Sièges inclinables,Conduite souple,Boisson gratuite,Animaux acceptés",Planner,Mbalmayo
280,Messa,"Vue panoramique,Conversation,Ponctualité,Boisson gratuite,Espace de rangement,Éclairage tamisé,Conduite souple,Sièges inclinables,Confort,Navigation GPS,Langue parlée,Chauffeur expérimenté,Climatisation,Assistance bagages,Animaux acceptés,Cuisine",Traveler,Buea
2461,Mbouda,"Wi-Fi gratuit,Chauffeur expérimenté,Conversation,Éclairage tamisé,Boisson gratuite,Langue parlée,Silence,Connectivité,Musique,Confort,Climatisation,Assistance bagages",Traveler,Batibo
1181,Buea,"Conversation,Confort,Navigation GPS,Boisson gratuite,Assistance bagages,Animaux acceptés,Langue parlée,Éclairage tamisé,Wi-Fi gratuit,Ambiance chaleureuse,Conduite souple,Cuisine,Chauffeur expérimenté,Connectivité,Sièges inclinables,Ponctualité,Vue panoramique,Climatisation,Sport,Silence,Espace de rangement,Musique",Planner,Douala
696,Boutours,"Sièges inclinables,Wi-Fi gratuit,Silence,Navigation GPS,Espace de rangement,Conduite souple,Chauffeur expérimenté,Sport,Éclairage tamisé,Connectivité,Climatisation,Vue panoramique,Boisson gratuite,Musique,Langue parlée,Conversation,Ambiance chaleureuse,Cuisine,Assistance bagages,Confort,Ponctualité",Planner,Maroua
2717,Guider,"Éclairage tamisé,Connectivité,Confort,Sièges inclinables,Navigation GPS",Traveler,Bertoua
3479,Essos,"Navigation GPS,Ambiance chaleureuse,Chauffeur expérimenté,Ponctualité,Conversation,Sièges inclinables,Sport,Éclairage tamisé,Confort,Climatisation,Langue parlée,Silence,Boisson gratuite",Traveler,Belabo
4596,Melong,"Espace de rangement,Connectivité,Conduite souple,Climatisation",Planner,Maroua
1690,Bamenda,"Assistance bagages,Éclairage tamisé,Animaux acceptés,Conversation,Boisson gratuite,Conduite souple,Ponctualité,Wi-Fi gratuit,Cuisine,Sièges inclinables,Langue parlée,Climatisation,Chauffeur expérimenté,Vue panoramique,Sport,Navigation GPS,Confort,Silence,Connectivité",Planner,Meiganga
1345,Bandjoun,"Vue panoramique,Espace de rangement,Conversation,Langue parlée,Wi-Fi gratuit,Navigation GPS,Connectivité,Sport,Animaux acceptés,Silence,Sièges inclinables,Assistance bagages,Musique,Ambiance chaleureuse,Boisson gratuite,Éclairage tamisé,Chauffeur expérimenté,Conduite souple,Confort,Climatisation",Planner,Bonamoussadi
2116,Bandjoun,"Éclairage tamisé,Sport",Traveler,Messa
2001,Bonamoussadi,"Vue panoramique,Assistance bagages,Wi-Fi gratuit,Sièges inclinables,Langue parlée,Ponctualité,Silence",Traveler,Buea
4808,Messa,"Espace de rangement,Sport,Ponctualité,Éclairage tamisé,Conversation,Confort,Climatisation,Conduite souple,Boisson gratuite,Ambiance chaleureuse,Chauffeur expérimenté,Animaux acceptés,Assistance bagages,Vue panoramique,Connectivité,Silence,Langue parlée",Planner,Essos
3456,Bertoua,"Confort,Conversation,Animaux acceptés,Connectivité,Sport,Éclairage tamisé,Chauffeur expérimenté,Sièges inclinables,Boisson gratuite,Assistance bagages,Ambiance chaleureuse,Navigation GPS",Planner,Mokolo
4161,Bonanjo,"Assistance bagages,Langue parlée,Confort,Conversation,Sport,Navigation GPS,Ambiance chaleureuse,Climatisation,Conduite souple,Sièges inclinables,Connectivité,Chauffeur expérimenté,Espace de rangement,Silence,Wi-Fi gratuit,Musique",Planner,Nkongsamba
2593,Mbalmayo,"Assistance bagages,Musique,Boisson gratuite,Climatisation,Navigation GPS,Wi-Fi gratuit,Vue panoramique,Animaux acceptés,Chauffeur expérimenté,Conversation,Sièges inclinables,Espace de rangement,Ponctualité,Éclairage tamisé",Traveler,Bonanjo
1044,Fontem,"Silence,Navigation GPS,Ambiance chaleureuse,Animaux acceptés,Climatisation,Langue parlée",Traveler,Gazawa
4591,Mutengene,"Langue parlée,Conversation,Boisson gratuite,Espace de rangement,Navigation GPS,Ambiance chaleureuse,Ponctualité",Planner,Bonanjo
455,Garoua,"Conversation,Espace de rangement,Ambiance chaleureuse,Ponctualité,Connectivité,Assistance bagages,Chauffeur expérimenté,Animaux acceptés,Musique,Wi-Fi gratuit,Navigation GPS,Silence,Sport,Boisson gratuite,Sièges inclinables,Vue panoramique,Langue parlée,Confort,Climatisation",Traveler,Beti
3955,Guider,"Assistance bagages,Langue parlée,Chauffeur expérimenté,Silence,Cuisine,Conversation",Traveler,Bali
4844,Fontem,"Vue panoramique,Conduite souple,Éclairage tamisé,Boisson gratuite,Animaux acceptés,Musique,Confort,Ponctualité,Cuisine,Connectivité,Conversation,Assistance bagages,Navigation GPS,Sport,Chauffeur expérimenté",Traveler,Bafoussam
4639,Campo,"Assistance bagages,Connectivité,Musique,Cuisine,Silence,Wi-Fi gratuit,Conversation,Ambiance chaleureuse,Ponctualité,Chauffeur expérimenté,Confort",Traveler,Meiganga
1922,Belabo,"Éclairage tamisé,Confort,Ponctualité,Silence,Espace de rangement,Climatisation,Musique,Cuisine,Sport,Ambiance chaleureuse,Assistance bagages,Connectivité,Sièges inclinables,Conversation",Planner,Essos
395,Bandjoun,"Ambiance chaleureuse,Langue parlée,Musique,Sport,Confort,Éclairage tamisé,Wi-Fi gratuit",Planner,Beti
2835,Nkongsamba,"Sport,Chauffeur expérimenté,Silence,Wi-Fi gratuit,Climatisation,Conversation,Conduite souple,Cuisine,Ambiance chaleureuse",Traveler,Buea
4695,Buea,"Sièges inclinables,Assistance bagages,Confort,Espace de rangement,Chauffeur expérimenté,Animaux acceptés,Ambiance chaleureuse,Éclairage tamisé,Ponctualité,Conversation,Langue parlée,Navigation GPS,Wi-Fi gratuit,Musique,Connectivité",Planner,Bimbia
1133,Beti,"Confort,Éclairage tamisé,Sièges inclinables,Ambiance chaleureuse,Animaux acceptés,Climatisation,Connectivité,Silence,Assistance bagages,Boisson gratuite,Navigation GPS,Sport,Wi-Fi gratuit,Espace de rangement,Musique,Conduite souple",Traveler,Bali
4235,Limbe,"Chauffeur expérimenté,Climatisation,Langue parlée,Éclairage tamisé,Wi-Fi gratuit,Cuisine,Ponctualité,Silence,Espace de rangement,Animaux acceptés,Conduite souple,Assistance bagages,Vue panoramique,Connectivité,Confort,Sport",Traveler,Batibo
1414,Melong,"Climatisation,Espace de rangement,Wi-Fi gratuit,Sport,Navigation GPS,Silence,Musique,Boisson gratuite",Planner,Beti
2541,Mbalmayo,"Ponctualité,Navigation GPS,Silence,Boisson gratuite,Langue parlée,Cuisine,Assistance bagages,Chauffeur expérimenté,Sièges inclinables,Espace de rangement,Wi-Fi gratuit,Éclairage tamisé,Confort,Vue panoramique,Conversation,Musique,Climatisation,Sport,Animaux acceptés,Ambiance chaleureuse,Connectivité",Planner,Kousseri
1999,Bali,"Vue panoramique,Connectivité,Ambiance chaleureuse,Langue parlée,Assistance bagages,Animaux acceptés,Wi-Fi gratuit,Ponctualité,Confort,Cuisine,Conversation,Chauffeur expérimenté,Musique,Sport,Navigation GPS,Conduite souple,Boisson gratuite,Climatisation,Sièges inclinables,Éclairage tamisé,Espace de rangement,Silence",Traveler,Belo
632,Fontem,"Sièges inclinables,Ambiance chaleureuse,Cuisine,Boisson gratuite,Ponctualité,Sport,Connectivité,Climatisation,Animaux acceptés,Confort,Chauffeur expérimenté,Conduite souple,Conversation,Éclairage tamisé,Langue parlée,Wi-Fi gratuit,Espace de rangement",Traveler,Melong
783,Banga Bakundu,"Climatisation,Animaux acceptés,Ponctualité,Sièges inclinables,Ambiance chaleureuse,Boisson gratuite,Navigation GPS,Conversation,Sport,Chauffeur expérimenté,Musique,Vue panoramique,Assistance bagages,Espace de rangement,Éclairage tamisé,Silence,Connectivité,Wi-Fi gratuit,Langue parlée,Confort,Cuisine,Conduite souple",Traveler,Figuif
1482,Bonaberi,"Silence,Cuisine,Éclairage tamisé,Confort,Musique,Espace de rangement,Conduite souple,Ponctualité,Assistance bagages,Sport,Navigation GPS,Chauffeur expérimenté,Conversation",Traveler,Kousseri
2510,Garoua,Chauffeur expérimenté,Planner,Belabo
3940,Bafang,"Navigation GPS,Vue panoramique,Ambiance chaleureuse,Boisson gratuite,Sièges inclinables",Traveler,Nanga-Eboko
3330,Kumba,"Sièges inclinables,Conversation,Conduite souple,Climatisation,Ponctualité,Confort,Vue panoramique,Éclairage tamisé,Silence,Boisson gratuite,Chauffeur expérimenté,Assistance bagages,Animaux acceptés,Wi-Fi gratuit,Espace de rangement,Langue parlée,Ambiance chaleureuse",Traveler,Banga Bakundu
4272,Kousseri,"Boisson gratuite,Climatisation,Langue parlée,Silence,Conduite souple,Sièges inclinables,Connectivité,Chauffeur expérimenté,Confort,Espace de rangement,Ponctualité,Éclairage tamisé,Animaux acceptés,Assistance bagages,Navigation GPS,Wi-Fi gratuit,Vue panoramique,Cuisine,Conversation",Planner,Belabo
2193,Bertoua,"Chauffeur expérimenté,Confort,Connectivité,Sport,Langue parlée,Assistance bagages,Musique,Conduite souple,Climatisation,Cuisine,Ambiance chaleureuse,Wi-Fi gratuit,Animaux acceptés,Sièges inclinables,Boisson gratuite",Planner,Nanga-Eboko
3259,Melong,"Musique,Sièges inclinables,Animaux acceptés,Langue parlée,Espace de rangement,Conduite souple,Confort,Cuisine,Chauffeur expérimenté,Wi-Fi gratuit,Ponctualité,Éclairage tamisé,Conversation,Connectivité,Navigation GPS,Climatisation,Assistance bagages,Sport,Vue panoramique,Silence,Boisson gratuite,Ambiance chaleureuse",Traveler,Bertoua
1605,Mbouda,"Silence,Chauffeur expérimenté,Climatisation",Traveler,Mbandjock
147,Figuif,"Wi-Fi gratuit,Confort,Chauffeur expérimenté",Planner,Meiganga
3344,Bamenda,"Silence,Ponctualité,Vue panoramique,Sport,Wi-Fi gratuit,Confort,Assistance bagages,Sièges inclinables,Chauffeur expérimenté,Ambiance chaleureuse,Espace de rangement,Animaux acceptés,Boisson gratuite",Planner,Campo
4802,Bertoua,"Silence,Climatisation,Chauffeur expérimenté,Ponctualité,Vue panoramique",Traveler,Loum
245,Yagoua,"Conduite souple,Musique,Navigation GPS,Silence,Sièges inclinables,Chauffeur expérimenté,Boisson gratuite,Sport,Wi-Fi gratuit,Ambiance chaleureuse",Traveler,Bafia
796,Mutengene,"Assistance bagages,Sièges inclinables,Wi-Fi gratuit,Navigation GPS,Musique,Vue panoramique,Silence,Animaux acceptés,Cuisine,Chauffeur expérimenté,Ponctualité,Confort,Ambiance chaleureuse,Espace de rangement,Éclairage tamisé,Langue parlée,Conversation,Climatisation",Planner,Bertoua
3439,Loum,"Animaux acceptés,Assistance bagages,Conversation,Boisson gratuite,Cuisine,Vue panoramique,Navigation GPS,Conduite souple,Sport,Chauffeur expérimenté,Ambiance chaleureuse,Connectivité,Confort,Langue parlée,Wi-Fi gratuit,Ponctualité,Espace de rangement,Musique,Silence,Climatisation",Traveler,Nanga-Eboko
1279,Bafang,"Navigation GPS,Connectivité,Espace de rangement,Assistance bagages,Sièges inclinables,Animaux acceptés,Sport,Climatisation",Traveler,Buea
706,Yagoua,"Wi-Fi gratuit,Chauffeur expérimenté,Espace de rangement,Connectivité,Navigation GPS,Conduite souple,Sport,Boisson gratuite,Conversation,Sièges inclinables,Silence,Animaux acceptés,Confort,Musique,Cuisine,Ambiance chaleureuse",Planner,Garoua
235,Guider,"Connectivité,Navigation GPS,Ponctualité,Climatisation,Langue parlée,Vue panoramique,Conduite souple,Espace de rangement,Musique,Silence,Chauffeur expérimenté",Traveler,Essos
77,Bonanjo,"Éclairage tamisé,Vue panoramique,Confort,Cuisine,Boisson gratuite,Wi-Fi gratuit",Planner,Fontem
708,Banga Bakundu,"Cuisine,Sièges inclinables,Espace de rangement,Musique,Sport,Éclairage tamisé,Silence,Confort,Wi-Fi gratuit,Ponctualité,Boisson gratuite,Conduite souple,Conversation,Ambiance chaleureuse,Langue parlée,Animaux acceptés,Climatisation,Assistance bagages,Chauffeur expérimenté,Vue panoramique",Planner,Edéa
2510,Bafang,"Assistance bagages,Confort,Wi-Fi gratuit,Espace de rangement,Ambiance chaleureuse,Boisson gratuite,Éclairage tamisé,Connectivité,Sièges inclinables,Langue parlée,Silence,Musique,Climatisation,Conduite souple,Cuisine,Navigation GPS,Vue panoramique,Chauffeur expérimenté,Animaux acceptés,Sport,Conversation",Planner,Boutours
1635,Mbandjock,"Chauffeur expérimenté,Vue panoramique,Éclairage tamisé,Cuisine,Confort,Boisson gratuite,Connectivité,Wi-Fi gratuit,Conversation,Conduite souple,Musique",Planner,Buea
3621,Mora,"Navigation GPS,Sièges inclinables,Animaux acceptés,Connectivité,Silence,Climatisation,Éclairage tamisé,Espace de rangement,Sport,Vue panoramique,Cuisine,Ambiance chaleureuse,Assistance bagages,Langue parlée",Planner,Muyuka
3951,Bogo,"Éclairage tamisé,Ponctualité,Sièges inclinables,Conversation",Planner,Boutours
763,Figuif,"Ponctualité,Cuisine,Sièges inclinables,Vue panoramique,Animaux acceptés,Conversation,Chauffeur expérimenté,Espace de rangement",Planner,Garoua
3821,Mbandjock,"Éclairage tamisé,Animaux acceptés,Ponctualité,Sièges inclinables",Traveler,Bafang
606,Mutengene,"Conversation,Silence",Planner,Mbandjock
431,Figuif,"Sport,Vue panoramique,Éclairage tamisé,Ponctualité,Espace de rangement,Wi-Fi gratuit,Musique,Boisson gratuite,Connectivité,Navigation GPS,Langue parlée",Traveler,Limbe
4145,Bafang,"Silence,Espace de rangement,Ponctualité,Éclairage tamisé",Traveler,Meiganga
4837,Loum,"Sport,Vue panoramique,Sièges inclinables,Assistance bagages,Confort",Traveler,Kousseri
4864,Meiganga,"Assistance bagages,Vue panoramique,Cuisine,Sièges inclinables,Animaux acceptés,Climatisation,Connectivité,Ponctualité,Conversation,Navigation GPS,Ambiance chaleureuse,Conduite souple,Langue parlée",Traveler,Buea
2022,Bandjoun,"Confort,Éclairage tamisé,Espace de rangement,Silence,Ponctualité,Assistance bagages,Langue parlée,Sport,Wi-Fi gratuit,Navigation GPS",Planner,Bafia
3867,Melong,"Chauffeur expérimenté,Cuisine,Animaux acceptés,Climatisation,Langue parlée,Conversation,Éclairage tamisé,Silence,Boisson gratuite,Sport,Connectivité,Espace de rangement,Conduite souple,Wi-Fi gratuit,Sièges inclinables,Assistance bagages,Ponctualité,Confort,Vue panoramique",Planner,Mbalmayo
4044,Edéa,"Ambiance chaleureuse,Navigation GPS,Chauffeur expérimenté,Silence,Langue parlée,Espace de rangement,Boisson gratuite,Confort,Sièges inclinables,Ponctualité,Conversation,Musique,Vue panoramique",Planner,Kribi
4858,Nkongsamba,Conduite souple,Traveler,Belabo
2383,Bafang,"Espace de rangement,Musique,Navigation GPS,Connectivité,Chauffeur expérimenté,Wi-Fi gratuit,Éclairage tamisé,Langue parlée,Sport,Conduite souple,Assistance bagages,Animaux acceptés,Ponctualité,Cuisine,Conversation,Confort,Ambiance chaleureuse",Planner,Mutengene
1713,Bamenda,"Ponctualité,Navigation GPS,Silence",Planner,Figuif
3339,Kousseri,"Cuisine,Ambiance chaleureuse,Confort",Traveler,Bonamoussadi
3454,Yaounde,"Éclairage tamisé,Ambiance chaleureuse,Climatisation",Planner,Yagoua
2032,Gazawa,"Espace de rangement,Confort,Navigation GPS,Climatisation,Langue parlée,Connectivité,Sièges inclinables,Conduite souple,Sport,Musique,Conversation,Chauffeur expérimenté,Cuisine,Silence,Boisson gratuite,Assistance bagages,Vue panoramique,Wi-Fi gratuit,Ponctualité,Ambiance chaleureuse",Planner,Kribi
4751,Boutours,"Langue parlée,Navigation GPS,Confort,Ambiance chaleureuse,Vue panoramique,Sièges inclinables,Silence,Éclairage tamisé,Chauffeur expérimenté",Traveler,Kousseri
4420,Buea,"Espace de rangement,Ambiance chaleureuse,Vue panoramique,Conduite souple,Musique,Animaux acceptés,Boisson gratuite,Ponctualité,Éclairage tamisé,Assistance bagages,Wi-Fi gratuit,Chauffeur expérimenté,Langue parlée,Sport",Traveler,Limbe
4007,Fontem,"Navigation GPS,Silence,Wi-Fi gratuit,Confort,Espace de rangement,Ponctualité,Sièges inclinables,Cuisine,Connectivité",Planner,Kribi
2146,Douala,"Ponctualité,Chauffeur expérimenté,Vue panoramique,Confort,Sièges inclinables,Conversation,Navigation GPS,Espace de rangement,Silence,Animaux acceptés,Musique,Connectivité,Climatisation,Ambiance chaleureuse,Conduite souple,Cuisine",Planner,Messa
4193,Bimbia,Confort,Planner,Dibombari
2280,Bali,Wi-Fi gratuit,Planner,Bali Nyonga
2655,Bonaberi,"Éclairage tamisé,Confort,Animaux acceptés,Langue parlée,Assistance bagages,Ambiance chaleureuse,Ponctualité,Musique,Conduite souple,Sport,Chauffeur expérimenté",Traveler,Mbanga
422,Bimbia,"Conduite souple,Connectivité,Confort,Animaux acceptés,Sièges inclinables,Navigation GPS,Vue panoramique,Wi-Fi gratuit,Sport,Ambiance chaleureuse,Silence,Boisson gratuite,Climatisation,Conversation",Planner,Dibombari
3393,Garoua,"Espace de rangement,Musique,Vue panoramique,Climatisation,Sièges inclinables,Éclairage tamisé,Conduite souple,Sport,Conversation,Ponctualité,Confort",Traveler,Campo
59,Loum,"Musique,Cuisine,Assistance bagages,Ponctualité,Espace de rangement,Climatisation,Éclairage tamisé,Conversation,Chauffeur expérimenté,Langue parlée,Silence,Vue panoramique,Boisson gratuite",Planner,Bali Nyonga
2136,Gazawa,"Silence,Conduite souple,Cuisine,Conversation,Vue panoramique,Confort,Chauffeur expérimenté,Éclairage tamisé,Climatisation,Boisson gratuite,Assistance bagages,Wi-Fi gratuit,Langue parlée,Animaux acceptés,Connectivité,Sport,Navigation GPS,Musique,Sièges inclinables,Espace de rangement,Ambiance chaleureuse,Ponctualité",Traveler,Douala
1648,Bonamoussadi,"Climatisation,Musique,Confort,Boisson gratuite,Vue panoramique,Silence,Cuisine,Navigation GPS,Ponctualité,Assistance bagages,Sièges inclinables,Animaux acceptés,Chauffeur expérimenté,Langue parlée,Wi-Fi gratuit,Éclairage tamisé",Traveler,Gazawa
1581,Beti,"Ambiance chaleureuse,Conduite souple,Connectivité,Navigation GPS,Langue parlée,Ponctualité,Wi-Fi gratuit,Chauffeur expérimenté,Éclairage tamisé,Boisson gratuite,Climatisation,Conversation",Planner,Yaounde
2037,Mbalmayo,"Navigation GPS,Sport,Chauffeur expérimenté,Connectivité,Silence,Ambiance chaleureuse,Ponctualité,Boisson gratuite,Cuisine,Éclairage tamisé,Espace de rangement,Animaux acceptés,Sièges inclinables,Langue parlée,Climatisation,Conversation",Traveler,Melong
3612,Bafia,Ponctualité,Traveler,Kumba
4171,Boutours,"Éclairage tamisé,Sport,Ponctualité,Ambiance chaleureuse,Conduite souple,Espace de rangement,Climatisation,Navigation GPS,Chauffeur expérimenté",Planner,Bertoua
528,Buea,"Musique,Wi-Fi gratuit,Chauffeur expérimenté,Confort,Sièges inclinables,Connectivité,Langue parlée,Conversation,Cuisine,Sport,Espace de rangement,Éclairage tamisé,Conduite souple",Planner,Bali Nyonga
4014,Mutengene,"Conversation,Éclairage tamisé,Boisson gratuite,Confort,Wi-Fi gratuit,Vue panoramique,Silence",Planner,Buea
1633,Bali,"Langue parlée,Conduite souple,Silence,Éclairage tamisé,Sièges inclinables,Navigation GPS,Wi-Fi gratuit,Chauffeur expérimenté,Assistance bagages,Confort,Sport,Climatisation,Boisson gratuite,Ponctualité,Musique",Traveler,Maroua
4471,Messa,"Musique,Conversation,Sièges inclinables,Navigation GPS,Ponctualité,Espace de rangement,Silence,Langue parlée",Planner,Figuif
3380,Bafang,"Ambiance chaleureuse,Langue parlée,Climatisation,Sièges inclinables,Chauffeur expérimenté,Boisson gratuite,Connectivité,Wi-Fi gratuit,Animaux acceptés,Éclairage tamisé,Sport,Espace de rangement,Cuisine,Vue panoramique,Assistance bagages,Conversation,Ponctualité,Confort,Silence,Musique",Traveler,Bandjoun
4411,Guider,"Wi-Fi gratuit,Connectivité,Conduite souple,Sport,Ambiance chaleureuse,Ponctualité,Chauffeur expérimenté,Conversation,Cuisine,Espace de rangement,Silence,Assistance bagages,Confort,Langue parlée",Planner,Edéa
3634,Maroua,"Silence,Conversation,Sport,Conduite souple,Musique,Climatisation,Ponctualité,Cuisine,Wi-Fi gratuit,Espace de rangement,Vue panoramique,Langue parlée,Ambiance chaleureuse,Confort,Éclairage tamisé,Navigation GPS,Sièges inclinables,Chauffeur expérimenté,Assistance bagages,Animaux acceptés,Boisson gratuite",Planner,Mbandjock
3176,Bonaberi,"Silence,Wi-Fi gratuit,Chauffeur expérimenté,Animaux acceptés,Assistance bagages,Sport,Sièges inclinables,Connectivité,Navigation GPS,Boisson gratuite,Musique",Traveler,Bimbia
1064,Kumba,"Animaux acceptés,Navigation GPS,Ponctualité,Silence,Conversation,Boisson gratuite,Confort,Espace de rangement,Wi-Fi gratuit,Cuisine,Connectivité,Vue panoramique",Traveler,Campo
3950,Bali,"Éclairage tamisé,Climatisation,Confort,Musique,Conversation,Chauffeur expérimenté,Navigation GPS,Animaux acceptés,Espace de rangement,Connectivité,Sport,Assistance bagages,Conduite souple,Silence,Cuisine,Ponctualité,Ambiance chaleureuse,Sièges inclinables,Vue panoramique,Langue parlée,Wi-Fi gratuit",Traveler,Bafia
479,Batibo,"Langue parlée,Boisson gratuite,Cuisine",Planner,Buea
4476,Muyuka,"Éclairage tamisé,Chauffeur expérimenté,Assistance bagages,Ambiance chaleureuse,Connectivité,Cuisine,Wi-Fi gratuit,Navigation GPS,Espace de rangement",Planner,Boutours
4262,Muyuka,"Cuisine,Navigation GPS,Connectivité,Sport,Espace de rangement,Sièges inclinables,Silence,Ponctualité,Boisson gratuite,Musique,Éclairage tamisé,Ambiance chaleureuse,Animaux acceptés,Conduite souple,Conversation,Wi-Fi gratuit,Langue parlée,Assistance bagages,Climatisation,Vue panoramique",Traveler,Mutengene
1181,Bonaberi,"Navigation GPS,Langue parlée,Chauffeur expérimenté,Silence,Animaux acceptés,Boisson gratuite,Éclairage tamisé,Sport,Vue panoramique,Connectivité",Traveler,Mokolo
897,Bonakouamouang,"Wi-Fi gratuit,Animaux acceptés,Navigation GPS,Musique,Boisson gratuite,Connectivité,Sièges inclinables,Éclairage tamisé,Confort",Planner,Guider
3458,Muyuka,"Sièges inclinables,Conversation,Conduite souple,Sport,Ambiance chaleureuse,Animaux acceptés,Navigation GPS",Traveler,Bimbia
943,Mbalmayo,"Sport,Connectivité,Vue panoramique,Ponctualité,Espace de rangement,Langue parlée,Éclairage tamisé,Musique,Boisson gratuite,Chauffeur expérimenté,Confort,Silence,Animaux acceptés",Traveler,Bonamoussadi
2658,Bafoussam,"Confort,Langue parlée",Planner,Bandjoun
4064,Bamenda,"Espace de rangement,Vue panoramique,Cuisine",Traveler,Bonamoussadi
4704,Mbouda,"Silence,Cuisine,Sièges inclinables,Éclairage tamisé,Musique,Connectivité,Assistance bagages,Espace de rangement",Planner,Yaounde
1366,Kribi,"Silence,Vue panoramique,Assistance bagages,Langue parlée,Éclairage tamisé,Conduite souple,Confort,Ambiance chaleureuse,Navigation GPS,Sport,Animaux acceptés,Conversation",Traveler,Batibo
996,Guider,"Chauffeur expérimenté,Espace de rangement,Cuisine,Musique,Assistance bagages,Sièges inclinables",Planner,Kousseri
4580,Boutours,"Boisson gratuite,Musique,Wi-Fi gratuit,Conversation,Vue panoramique,Navigation GPS,Langue parlée,Assistance bagages",Planner,Belabo
3355,Mutengene,"Chauffeur expérimenté,Ambiance chaleureuse,Cuisine,Navigation GPS,Sièges inclinables,Assistance bagages,Langue parlée,Vue panoramique,Musique,Animaux acceptés,Espace de rangement,Sport,Conduite souple,Éclairage tamisé,Confort,Silence,Connectivité,Wi-Fi gratuit,Conversation",Traveler,Campo
1572,Essos,"Conduite souple,Ponctualité,Navigation GPS,Wi-Fi gratuit,Ambiance chaleureuse,Conversation,Chauffeur expérimenté,Cuisine,Vue panoramique",Traveler,Mbanga
727,Nkongsamba,"Conduite souple,Silence,Chauffeur expérimenté,Sièges inclinables,Climatisation,Conversation,Éclairage tamisé,Ambiance chaleureuse,Confort,Animaux acceptés,Vue panoramique",Planner,Douala
2469,Melong,"Vue panoramique,Langue parlée,Wi-Fi gratuit,Espace de rangement,Éclairage tamisé,Climatisation,Musique,Sport,Ponctualité,Navigation GPS,Animaux acceptés,Boisson gratuite,Assistance bagages,Confort,Ambiance chaleureuse,Conversation,Cuisine,Conduite souple,Silence,Connectivité",Traveler,Maroua
102,Messa,"Wi-Fi gratuit,Espace de rangement,Musique,Ambiance chaleureuse,Sièges inclinables,Boisson gratuite,Conversation,Chauffeur expérimenté,Ponctualité,Climatisation,Vue panoramique,Animaux acceptés,Silence,Éclairage tamisé,Conduite souple,Cuisine",Traveler,Guider
2550,Loum,"Connectivité,Ponctualité,Ambiance chaleureuse,Assistance bagages,Sièges inclinables,Cuisine,Confort,Éclairage tamisé,Musique,Conversation,Vue panoramique,Langue parlée,Climatisation,Conduite souple,Navigation GPS,Sport",Planner,Dibombari
430,Guider,"Sièges inclinables,Musique,Assistance bagages,Silence,Confort,Climatisation,Vue panoramique",Planner,Fontem
825,Gazawa,"Wi-Fi gratuit,Conduite souple,Connectivité,Chauffeur expérimenté,Boisson gratuite,Confort,Espace de rangement,Ponctualité,Ambiance chaleureuse",Planner,Muyuka
2766,Mutengene,"Vue panoramique,Confort,Assistance bagages,Wi-Fi gratuit,Ponctualité,Musique,Silence,Éclairage tamisé,Conversation,Connectivité,Climatisation,Animaux acceptés,Navigation GPS,Sport,Ambiance chaleureuse,Espace de rangement",Planner,Yagoua
4304,Mora,"Musique,Ponctualité,Cuisine",Traveler,Messa
1247,Beti,"Espace de rangement,Wi-Fi gratuit,Cuisine,Conduite souple,Éclairage tamisé,Assistance bagages,Vue panoramique,Silence,Ambiance chaleureuse,Sport,Navigation GPS,Langue parlée,Musique,Confort,Conversation,Boisson gratuite,Animaux acceptés,Sièges inclinables,Climatisation,Connectivité,Ponctualité,Chauffeur expérimenté",Traveler,Buea
1380,Nkongsamba,"Wi-Fi gratuit,Climatisation,Langue parlée,Éclairage tamisé,Vue panoramique,Sièges inclinables,Musique,Navigation GPS",Planner,Belabo
3670,Melong,"Climatisation,Confort,Assistance bagages,Silence",Traveler,Bandjoun
1610,Gazawa,"Wi-Fi gratuit,Sièges inclinables,Vue panoramique,Ambiance chaleureuse,Cuisine,Conversation,Langue parlée,Éclairage tamisé,Sport,Connectivité,Musique,Confort,Chauffeur expérimenté,Conduite souple",Traveler,Mbandjock
4739,Banga Bakundu,"Conduite souple,Sièges inclinables,Chauffeur expérimenté,Wi-Fi gratuit,Assistance bagages,Musique,Éclairage tamisé,Ambiance chaleureuse,Climatisation,Connectivité,Navigation GPS,Cuisine",Traveler,Figuif
785,Bonaberi,"Animaux acceptés,Connectivité,Boisson gratuite,Cuisine,Assistance bagages,Éclairage tamisé,Conduite souple,Confort,Climatisation,Espace de rangement,Ponctualité,Wi-Fi gratuit,Sport",Traveler,Kousseri
267,Bonamoussadi,"Wi-Fi gratuit,Assistance bagages,Sièges inclinables,Ambiance chaleureuse,Cuisine,Navigation GPS,Connectivité,Langue parlée",Traveler,Beti
4238,Dibombari,"Confort,Boisson gratuite,Conduite souple,Cuisine,Ponctualité,Sport,Chauffeur expérimenté,Conversation,Espace de rangement,Vue panoramique",Traveler,Bimbia
665,Nkongsamba,"Silence,Ponctualité,Assistance bagages,Navigation GPS,Conduite souple,Animaux acceptés,Boisson gratuite,Musique,Éclairage tamisé,Vue panoramique,Sièges inclinables,Cuisine,Sport,Chauffeur expérimenté,Conversation,Wi-Fi gratuit,Climatisation,Ambiance chaleureuse,Confort,Connectivité,Langue parlée,Espace de rangement",Planner,Mora
2660,Bali,"Confort,Musique,Espace de rangement,Ponctualité",Traveler,Garoua
1073,Edéa,"Langue parlée,Sièges inclinables",Traveler,Bogo
2911,Mokolo,"Conduite souple,Chauffeur expérimenté,Boisson gratuite,Wi-Fi gratuit",Planner,Beti
833,Bertoua,"Wi-Fi gratuit,Langue parlée,Cuisine,Chauffeur expérimenté,Musique,Navigation GPS,Vue panoramique,Silence",Traveler,Mora
650,Messa,"Navigation GPS,Vue panoramique,Sport,Climatisation,Conversation",Traveler,Boutours
136,Gazawa,"Silence,Vue panoramique,Navigation GPS,Éclairage tamisé,Cuisine,Climatisation,Espace de rangement,Chauffeur expérimenté,Assistance bagages,Sport,Animaux acceptés,Ponctualité,Conversation,Sièges inclinables,Conduite souple,Confort,Musique,Ambiance chaleureuse",Planner,Figuif
3149,Boutours,"Espace de rangement,Langue parlée,Climatisation,Cuisine,Éclairage tamisé,Navigation GPS,Assistance bagages,Ponctualité,Vue panoramique,Conversation",Planner,Boutours
3725,Meiganga,"Langue parlée,Silence,Éclairage tamisé,Wi-Fi gratuit,Sport,Confort,Connectivité,Animaux acceptés,Espace de rangement,Sièges inclinables,Conversation,Vue panoramique,Boisson gratuite,Chauffeur expérimenté,Musique,Conduite souple,Navigation GPS",Planner,Bertoua
1465,Bonakouamouang,"Conduite souple,Navigation GPS,Silence",Planner,Melong
2592,Bafia,"Ponctualité,Confort,Vue panoramique,Musique,Cuisine,Conversation,Sport,Assistance bagages,Connectivité,Silence,Navigation GPS,Animaux acceptés,Ambiance chaleureuse,Espace de rangement,Climatisation,Chauffeur expérimenté,Éclairage tamisé,Wi-Fi gratuit",Traveler,Nanga-Eboko
4188,Bonanjo,"Conduite souple,Navigation GPS,Cuisine,Langue parlée,Silence,Animaux acceptés,Vue panoramique,Conversation,Espace de rangement,Sport,Éclairage tamisé,Sièges inclinables,Musique,Wi-Fi gratuit,Chauffeur expérimenté,Assistance bagages,Connectivité,Climatisation,Ponctualité,Boisson gratuite,Ambiance chaleureuse",Traveler,Bogo
1182,Essos,Éclairage tamisé,Planner,Mora
1237,Limbe,Confort,Traveler,Mbanga
1622,Figuif,"Assistance bagages,Chauffeur expérimenté,Connectivité,Wi-Fi gratuit",Traveler,Figuif
4166,Mbanga,"Chauffeur expérimenté,Assistance bagages,Boisson gratuite,Sièges inclinables,Cuisine,Éclairage tamisé,Animaux acceptés,Conduite souple,Musique,Navigation GPS,Climatisation,Wi-Fi gratuit,Silence",Planner,Douala
3220,Loum,"Animaux acceptés,Conduite souple,Connectivité,Chauffeur expérimenté",Traveler,Bogo
4562,Bonanjo,"Conversation,Connectivité,Conduite souple,Ambiance chaleureuse,Vue panoramique,Chauffeur expérimenté,Assistance bagages,Musique,Animaux acceptés,Ponctualité,Boisson gratuite,Wi-Fi gratuit,Confort,Sièges inclinables,Cuisine,Éclairage tamisé",Planner,Bafang
4370,Bamenda,"Espace de rangement,Navigation GPS,Ponctualité,Chauffeur expérimenté,Assistance bagages,Sièges inclinables,Silence,Wi-Fi gratuit,Éclairage tamisé,Ambiance chaleureuse,Cuisine,Sport,Vue panoramique,Climatisation,Conversation,Connectivité,Musique,Conduite souple,Animaux acceptés,Boisson gratuite,Confort,Langue parlée",Planner,Essos
4525,Mbandjock,"Silence,Chauffeur expérimenté,Sièges inclinables,Wi-Fi gratuit,Assistance bagages,Navigation GPS,Climatisation,Confort,Conduite souple,Ponctualité,Sport,Cuisine,Vue panoramique,Espace de rangement,Animaux acceptés,Ambiance chaleureuse,Connectivité,Conversation,Éclairage tamisé,Langue parlée,Musique,Boisson gratuite",Planner,Belabo
2578,Fontem,Espace de rangement,Traveler,Bonabéri
4562,Buea,"Conduite souple,Conversation,Wi-Fi gratuit,Ambiance chaleureuse,Assistance bagages,Musique",Traveler,Mora
2776,Guider,"Langue parlée,Connectivité,Ponctualité,Vue panoramique,Sièges inclinables,Conduite souple,Wi-Fi gratuit,Animaux acceptés,Chauffeur expérimenté,Silence,Musique,Ambiance chaleureuse,Confort,Boisson gratuite,Climatisation,Sport,Espace de rangement,Navigation GPS",Planner,Bertoua
321,Bonanjo,"Espace de rangement,Connectivité,Wi-Fi gratuit,Sièges inclinables,Confort,Silence,Sport,Vue panoramique,Ambiance chaleureuse,Éclairage tamisé,Conversation,Chauffeur expérimenté,Cuisine",Traveler,Bertoua
3483,Mora,"Climatisation,Vue panoramique,Wi-Fi gratuit",Traveler,Figuif
3857,Bandjoun,"Ambiance chaleureuse,Climatisation,Langue parlée,Silence,Vue panoramique,Confort",Planner,Mbalmayo
1816,Nanga-Eboko,"Wi-Fi gratuit,Chauffeur expérimenté,Silence,Connectivité,Ambiance chaleureuse,Éclairage tamisé,Ponctualité,Sport,Vue panoramique,Espace de rangement,Sièges inclinables,Boisson gratuite,Navigation GPS,Animaux acceptés,Confort,Assistance bagages,Langue parlée,Cuisine,Conduite souple,Musique,Conversation",Planner,Banga Bakundu
440,Belabo,"Éclairage tamisé,Cuisine,Connectivité,Sport,Animaux acceptés,Espace de rangement,Navigation GPS,Musique,Chauffeur expérimenté,Ponctualité,Wi-Fi gratuit,Langue parlée,Assistance bagages",Traveler,Bertoua
4743,Campo,"Silence,Assistance bagages,Connectivité,Confort,Langue parlée,Vue panoramique,Climatisation,Cuisine,Conversation,Éclairage tamisé,Sièges inclinables,Ponctualité,Boisson gratuite,Espace de rangement,Navigation GPS,Animaux acceptés,Ambiance chaleureuse",Traveler,Meiganga
230,Muyuka,"Conversation,Navigation GPS,Sièges inclinables,Sport,Climatisation,Musique",Traveler,Bafia
3941,Yaounde,"Conduite souple,Ponctualité,Navigation GPS,Cuisine,Langue parlée,Silence,Chauffeur expérimenté",Traveler,Bonakouamouang
2366,Bertoua,"Cuisine,Conversation,Musique,Éclairage tamisé,Vue panoramique,Connectivité,Ponctualité,Conduite souple,Wi-Fi gratuit",Planner,Mbouda
2500,Mbalmayo,"Langue parlée,Connectivité,Ambiance chaleureuse,Wi-Fi gratuit,Climatisation,Éclairage tamisé",Planner,Muyuka
3446,Bimbia,"Boisson gratuite,Animaux acceptés",Planner,Belo
499,Banga Bakundu,"Conduite souple,Espace de rangement,Ponctualité,Animaux acceptés,Silence,Sièges inclinables,Ambiance chaleureuse,Cuisine,Navigation GPS,Musique,Connectivité,Chauffeur expérimenté,Sport,Confort,Wi-Fi gratuit,Conversation,Vue panoramique,Boisson gratuite,Langue parlée,Assistance bagages,Climatisation",Traveler,Banga Bakundu
940,Bertoua,"Boisson gratuite,Conduite souple,Éclairage tamisé,Chauffeur expérimenté,Sièges inclinables,Silence,Espace de rangement,Confort,Ambiance chaleureuse,Animaux acceptés",Traveler,Bafang
3178,Mokolo,"Ambiance chaleureuse,Musique,Sièges inclinables",Planner,Bonakouamouang
3871,Bafoussam,"Langue parlée,Ambiance chaleureuse,Assistance bagages,Wi-Fi gratuit,Musique,Navigation GPS,Ponctualité,Cuisine,Boisson gratuite,Sièges inclinables,Vue panoramique,Silence,Conversation,Animaux acceptés,Espace de rangement,Climatisation,Confort,Connectivité,Conduite souple,Éclairage tamisé,Sport,Chauffeur expérimenté",Traveler,Banga Bakundu
1099,Bonanjo,"Sièges inclinables,Conduite souple,Ambiance chaleureuse,Langue parlée,Conversation,Climatisation,Espace de rangement,Ponctualité,Éclairage tamisé,Musique,Boisson gratuite,Connectivité,Navigation GPS,Wi-Fi gratuit,Confort,Chauffeur expérimenté,Silence,Vue panoramique,Cuisine,Animaux acceptés,Sport,Assistance bagages",Planner,Loum
3906,Bonaberi,Silence,Traveler,Garoua
2226,Mutengene,"Conduite souple,Connectivité,Cuisine,Ambiance chaleureuse,Silence,Sport,Musique,Éclairage tamisé,Sièges inclinables,Wi-Fi gratuit,Vue panoramique,Assistance bagages,Langue parlée,Ponctualité,Espace de rangement,Navigation GPS,Animaux acceptés,Climatisation",Planner,Loum
1995,Loum,"Chauffeur expérimenté,Sièges inclinables,Animaux acceptés,Climatisation,Assistance bagages,Cuisine,Silence,Éclairage tamisé,Espace de rangement,Wi-Fi gratuit,Sport,Connectivité,Ponctualité,Musique,Conversation",Planner,Essos
456,Dibombari,"Conversation,Musique,Silence,Climatisation,Confort,Connectivité,Ponctualité,Boisson gratuite,Navigation GPS,Ambiance chaleureuse,Chauffeur expérimenté,Langue parlée,Sport,Cuisine,Éclairage tamisé,Wi-Fi gratuit,Sièges inclinables,Animaux acceptés,Vue panoramique,Conduite souple,Espace de rangement,Assistance bagages",Traveler,Bonaberi
3940,Meiganga,"Climatisation,Conversation,Espace de rangement,Navigation GPS,Assistance bagages,Connectivité,Chauffeur expérimenté,Sièges inclinables,Boisson gratuite,Éclairage tamisé,Sport,Vue panoramique,Confort,Ponctualité,Musique,Silence,Langue parlée,Animaux acceptés,Ambiance chaleureuse,Wi-Fi gratuit,Cuisine",Planner,Mbanga
870,Bimbia,"Sièges inclinables,Wi-Fi gratuit,Éclairage tamisé,Connectivité,Espace de rangement,Animaux acceptés,Boisson gratuite,Vue panoramique,Climatisation",Traveler,Beti
4242,Nanga-Eboko,"Connectivité,Boisson gratuite,Ponctualité,Wi-Fi gratuit,Sièges inclinables,Espace de rangement,Climatisation,Langue parlée,Sport,Éclairage tamisé,Musique,Conduite souple,Animaux acceptés,Confort,Vue panoramique,Ambiance chaleureuse,Chauffeur expérimenté,Conversation,Cuisine,Assistance bagages,Silence",Planner,Bafia
4286,Bafoussam,Langue parlée,Planner,Bimbia
1217,Belabo,Ponctualité,Traveler,Bali Nyonga
2316,Buea,"Éclairage tamisé,Animaux acceptés,Langue parlée,Conduite souple,Ponctualité,Wi-Fi gratuit,Connectivité,Sièges inclinables,Boisson gratuite,Cuisine,Ambiance chaleureuse,Confort,Conversation,Assistance bagages,Musique,Navigation GPS,Silence",Planner,Dibombari
2826,Bonaberi,"Confort,Conduite souple,Sport,Vue panoramique,Espace de rangement,Langue parlée,Chauffeur expérimenté,Éclairage tamisé,Animaux acceptés,Silence,Musique,Sièges inclinables,Connectivité,Wi-Fi gratuit,Cuisine,Ambiance chaleureuse,Conversation,Ponctualité,Assistance bagages,Navigation GPS,Climatisation,Boisson gratuite",Traveler,Bonamoussadi
1823,Bertoua,"Boisson gratuite,Vue panoramique,Silence,Éclairage tamisé,Cuisine,Confort,Climatisation,Navigation GPS,Chauffeur expérimenté,Wi-Fi gratuit,Ambiance chaleureuse,Langue parlée,Ponctualité,Espace de rangement,Musique,Sport,Sièges inclinables,Conversation,Connectivité,Conduite souple",Planner,Batibo
3225,Yaounde,"Assistance bagages,Silence",Traveler,Meiganga
855,Essos,"Climatisation,Espace de rangement,Musique,Cuisine,Chauffeur expérimenté,Navigation GPS,Ambiance chaleureuse,Sport,Éclairage tamisé,Conduite souple,Silence,Conversation,Vue panoramique,Sièges inclinables,Langue parlée,Wi-Fi gratuit,Assistance bagages,Confort",Traveler,Bandjoun
3178,Bertoua,"Assistance bagages,Ambiance chaleureuse,Navigation GPS,Chauffeur expérimenté,Silence,Ponctualité,Conversation,Sièges inclinables,Connectivité,Musique,Espace de rangement,Confort,Vue panoramique,Climatisation,Boisson gratuite,Sport,Éclairage tamisé,Animaux acceptés,Cuisine,Langue parlée",Traveler,Bali
3731,Bimbia,"Musique,Boisson gratuite,Sport,Assistance bagages,Wi-Fi gratuit,Espace de rangement,Animaux acceptés,Langue parlée,Ponctualité,Cuisine,Navigation GPS,Conversation,Ambiance chaleureuse,Silence,Éclairage tamisé,Connectivité,Chauffeur expérimenté,Conduite souple,Climatisation,Confort",Planner,Bonakouamouang
2574,Kribi,"Vue panoramique,Éclairage tamisé,Musique,Climatisation,Chauffeur expérimenté,Silence,Animaux acceptés,Ponctualité,Boisson gratuite,Confort,Cuisine,Connectivité,Sièges inclinables,Assistance bagages,Langue parlée,Navigation GPS,Wi-Fi gratuit,Sport,Conduite souple,Espace de rangement,Ambiance chaleureuse",Traveler,Boutours
4554,Bertoua,"Confort,Boisson gratuite,Conversation,Sièges inclinables,Cuisine,Assistance bagages,Ponctualité,Conduite souple,Ambiance chaleureuse,Langue parlée,Sport,Vue panoramique,Musique,Éclairage tamisé,Chauffeur expérimenté,Navigation GPS,Connectivité,Espace de rangement,Silence,Animaux acceptés,Wi-Fi gratuit",Traveler,Messa
1132,Buea,"Confort,Sport,Assistance bagages,Climatisation,Ambiance chaleureuse,Silence,Vue panoramique,Ponctualité",Planner,Bonabéri
1962,Mutengene,"Sport,Ponctualité,Langue parlée,Wi-Fi gratuit,Connectivité,Confort,Assistance bagages,Boisson gratuite,Chauffeur expérimenté,Conversation,Animaux acceptés,Sièges inclinables,Éclairage tamisé,Musique,Vue panoramique,Conduite souple,Navigation GPS,Silence",Traveler,Bimbia
3151,Mora,"Climatisation,Cuisine,Langue parlée,Navigation GPS,Confort,Vue panoramique,Sièges inclinables,Musique,Éclairage tamisé,Wi-Fi gratuit",Planner,Bertoua
3953,Mutengene,"Sièges inclinables,Assistance bagages,Animaux acceptés,Silence,Musique,Wi-Fi gratuit,Climatisation,Conversation,Boisson gratuite",Traveler,Limbe
3749,Bonakouamouang,"Ponctualité,Boisson gratuite,Connectivité,Conversation,Musique,Conduite souple,Climatisation,Silence,Ambiance chaleureuse,Sport,Navigation GPS,Assistance bagages,Espace de rangement,Langue parlée,Confort,Chauffeur expérimenté,Éclairage tamisé,Wi-Fi gratuit",Traveler,Bonamoussadi
2091,Bonanjo,"Silence,Wi-Fi gratuit,Musique,Boisson gratuite,Sport,Ambiance chaleureuse,Espace de rangement,Assistance bagages",Traveler,Bimbia
3109,Campo,"Assistance bagages,Climatisation,Chauffeur expérimenté",Planner,Campo
1216,Mbanga,"Éclairage tamisé,Silence,Sièges inclinables,Espace de rangement,Confort,Ambiance chaleureuse,Animaux acceptés,Vue panoramique,Langue parlée,Connectivité,Assistance bagages",Planner,Boutours
4466,Bamenda,"Boisson gratuite,Sport,Vue panoramique,Musique,Silence,Conversation,Conduite souple,Sièges inclinables,Langue parlée",Planner,Belo
157,Nanga-Eboko,"Musique,Connectivité,Climatisation,Boisson gratuite,Langue parlée,Vue panoramique,Conversation,Confort,Navigation GPS,Animaux acceptés,Silence,Cuisine,Ambiance chaleureuse",Traveler,Bonamoussadi
124,Kumba,"Éclairage tamisé,Silence,Assistance bagages,Sièges inclinables,Boisson gratuite,Espace de rangement,Musique,Climatisation,Cuisine,Connectivité,Ponctualité,Vue panoramique,Conversation,Sport,Wi-Fi gratuit",Traveler,Guider
1153,Bonamoussadi,"Sport,Ambiance chaleureuse,Sièges inclinables,Assistance bagages,Silence,Climatisation,Cuisine,Musique,Éclairage tamisé,Conversation,Vue panoramique,Wi-Fi gratuit,Animaux acceptés,Conduite souple,Ponctualité,Espace de rangement,Langue parlée,Boisson gratuite,Confort",Planner,Bertoua
208,Limbe,"Boisson gratuite,Silence,Sièges inclinables,Sport,Vue panoramique,Cuisine,Connectivité,Langue parlée,Animaux acceptés,Climatisation,Espace de rangement,Chauffeur expérimenté,Conversation,Ponctualité",Planner,Muyuka
388,Mora,"Navigation GPS,Musique,Cuisine,Langue parlée,Animaux acceptés,Wi-Fi gratuit,Sport,Ponctualité,Ambiance chaleureuse,Conduite souple,Chauffeur expérimenté,Confort",Planner,Dibombari
2852,Buea,"Vue panoramique,Sport,Confort,Conversation,Sièges inclinables,Silence,Ambiance chaleureuse,Musique,Animaux acceptés,Assistance bagages,Cuisine,Ponctualité,Chauffeur expérimenté,Wi-Fi gratuit,Espace de rangement,Navigation GPS,Éclairage tamisé",Traveler,Beti
3164,Garoua,"Connectivité,Sport,Ambiance chaleureuse,Wi-Fi gratuit,Conversation",Planner,Buea
4651,Mokolo,Espace de rangement,Traveler,Messa
4187,Meiganga,"Vue panoramique,Boisson gratuite,Musique,Conduite souple,Ponctualité,Chauffeur expérimenté,Silence",Traveler,Essos
4799,Mbouda,"Navigation GPS,Cuisine,Ambiance chaleureuse,Sièges inclinables,Vue panoramique,Confort,Musique,Éclairage tamisé,Ponctualité,Espace de rangement,Climatisation,Silence,Langue parlée,Assistance bagages,Conduite souple,Connectivité,Conversation,Wi-Fi gratuit,Boisson gratuite,Chauffeur expérimenté,Animaux acceptés",Planner,Yaounde
3583,Mora,"Conversation,Musique,Sièges inclinables,Vue panoramique,Connectivité,Wi-Fi gratuit,Éclairage tamisé,Navigation GPS,Animaux acceptés,Espace de rangement,Climatisation,Boisson gratuite,Cuisine,Confort,Conduite souple,Chauffeur expérimenté,Ponctualité,Sport,Langue parlée,Silence",Planner,Mbandjock
635,Kribi,"Connectivité,Navigation GPS,Conversation",Traveler,Meiganga
2583,Loum,"Ambiance chaleureuse,Éclairage tamisé,Conversation,Musique,Cuisine,Climatisation,Ponctualité,Boisson gratuite,Chauffeur expérimenté,Wi-Fi gratuit,Langue parlée,Sièges inclinables,Animaux acceptés,Assistance bagages,Vue panoramique,Navigation GPS",Traveler,Bertoua
2822,Dibombari,"Connectivité,Musique,Assistance bagages,Chauffeur expérimenté,Climatisation,Conduite souple,Éclairage tamisé,Boisson gratuite,Espace de rangement,Sport,Ambiance chaleureuse,Cuisine,Confort,Wi-Fi gratuit,Silence,Conversation",Planner,Douala
2738,Mbalmayo,"Silence,Espace de rangement,Ponctualité,Vue panoramique,Cuisine,Climatisation,Assistance bagages,Ambiance chaleureuse,Connectivité,Langue parlée,Wi-Fi gratuit,Conduite souple,Chauffeur expérimenté,Confort,Conversation,Sport,Éclairage tamisé,Boisson gratuite,Musique,Sièges inclinables,Navigation GPS",Traveler,Buea
1344,Bonakouamouang,"Chauffeur expérimenté,Ambiance chaleureuse,Espace de rangement,Conversation,Langue parlée",Traveler,Bogo
250,Mokolo,"Vue panoramique,Chauffeur expérimenté,Ponctualité,Langue parlée,Cuisine,Sièges inclinables,Animaux acceptés,Climatisation,Confort,Éclairage tamisé,Wi-Fi gratuit,Espace de rangement,Boisson gratuite,Conduite souple",Traveler,Buea
3166,Campo,"Climatisation,Éclairage tamisé,Wi-Fi gratuit,Ponctualité,Navigation GPS,Connectivité,Boisson gratuite,Cuisine,Espace de rangement,Langue parlée,Confort",Planner,Beti
2703,Bandjoun,"Espace de rangement,Vue panoramique,Sport,Silence,Conduite souple,Conversation,Ponctualité,Connectivité,Langue parlée,Navigation GPS,Ambiance chaleureuse,Confort",Planner,Messa
746,Gazawa,"Conversation,Musique,Confort,Espace de rangement,Éclairage tamisé,Silence,Climatisation,Navigation GPS",Planner,Beti
3216,Bali Nyonga,"Ponctualité,Vue panoramique,Silence,Conversation,Éclairage tamisé,Wi-Fi gratuit,Musique,Boisson gratuite,Ambiance chaleureuse,Confort,Assistance bagages,Connectivité,Espace de rangement,Navigation GPS,Conduite souple,Langue parlée,Sport,Cuisine",Traveler,Nkongsamba
361,Belabo,"Boisson gratuite,Conduite souple,Ponctualité,Éclairage tamisé,Sport,Musique,Cuisine,Langue parlée,Vue panoramique,Climatisation,Conversation,Chauffeur expérimenté,Ambiance chaleureuse,Assistance bagages,Espace de rangement,Wi-Fi gratuit,Animaux acceptés,Connectivité,Silence,Sièges inclinables,Navigation GPS,Confort",Traveler,Maroua
2934,Batibo,"Conversation,Ponctualité,Ambiance chaleureuse,Vue panoramique,Climatisation,Boisson gratuite,Animaux acceptés,Conduite souple,Navigation GPS,Cuisine,Confort,Musique,Connectivité,Silence,Assistance bagages,Wi-Fi gratuit,Langue parlée,Éclairage tamisé,Chauffeur expérimenté,Sport",Traveler,Bonakouamouang
1508,Bonanjo,"Éclairage tamisé,Musique,Sièges inclinables,Confort,Espace de rangement,Animaux acceptés,Vue panoramique,Silence,Langue parlée,Assistance bagages,Ponctualité,Navigation GPS,Wi-Fi gratuit,Conduite souple,Sport,Climatisation,Cuisine,Ambiance chaleureuse,Chauffeur expérimenté,Boisson gratuite,Conversation,Connectivité",Planner,Douala
2563,Garoua,"Ambiance chaleureuse,Navigation GPS,Sièges inclinables,Confort,Conversation",Planner,Yagoua
3747,Dibombari,"Sport,Wi-Fi gratuit,Langue parlée,Conversation,Ponctualité,Éclairage tamisé,Connectivité,Conduite souple,Sièges inclinables,Silence,Musique,Confort,Vue panoramique,Navigation GPS,Espace de rangement,Assistance bagages,Cuisine,Boisson gratuite,Animaux acceptés",Traveler,Bimbia
538,Kumba,"Sièges inclinables,Conversation,Vue panoramique,Ambiance chaleureuse,Wi-Fi gratuit,Cuisine,Boisson gratuite,Musique",Traveler,Buea
2500,Mbalmayo,"Sport,Espace de rangement,Éclairage tamisé,Boisson gratuite,Navigation GPS",Traveler,Mbalmayo
2288,Garoua,"Sièges inclinables,Connectivité,Navigation GPS,Wi-Fi gratuit,Cuisine,Boisson gratuite,Ambiance chaleureuse,Sport,Climatisation,Conversation",Traveler,Batibo
449,Bamenda,"Sièges inclinables,Vue panoramique,Boisson gratuite,Conduite souple,Wi-Fi gratuit,Ponctualité,Cuisine,Confort,Chauffeur expérimenté,Assistance bagages,Navigation GPS,Éclairage tamisé,Animaux acceptés,Musique",Planner,Nanga-Eboko
5000,Bertoua,"Cuisine,Langue parlée,Chauffeur expérimenté",Planner,Figuif
2529,Dibombari,"Vue panoramique,Sièges inclinables,Assistance bagages,Espace de rangement,Langue parlée,Connectivité,Chauffeur expérimenté,Climatisation,Navigation GPS,Ambiance chaleureuse,Cuisine,Sport,Boisson gratuite",Traveler,Mbandjock
3953,Beti,"Ambiance chaleureuse,Ponctualité,Navigation GPS,Langue parlée,Cuisine,Assistance bagages,Animaux acceptés,Climatisation,Éclairage tamisé,Sièges inclinables,Conversation,Connectivité,Confort,Chauffeur expérimenté,Espace de rangement,Musique,Boisson gratuite,Vue panoramique,Wi-Fi gratuit,Silence,Sport",Traveler,Yaounde
3264,Bertoua,"Musique,Conversation",Planner,Bafia
3495,Bonaberi,"Cuisine,Wi-Fi gratuit,Conduite souple,Sport,Langue parlée,Boisson gratuite,Silence,Chauffeur expérimenté,Assistance bagages",Traveler,Belo
4655,Yagoua,"Ambiance chaleureuse,Wi-Fi gratuit,Langue parlée,Musique,Conduite souple,Silence,Connectivité,Ponctualité,Conversation,Animaux acceptés,Sport,Vue panoramique,Navigation GPS,Chauffeur expérimenté,Éclairage tamisé,Cuisine,Sièges inclinables",Traveler,Figuif
1436,Meiganga,Conversation,Traveler,Bali Nyonga
1844,Mokolo,"Cuisine,Chauffeur expérimenté,Éclairage tamisé,Sport,Boisson gratuite",Traveler,Yagoua
4726,Mokolo,"Assistance bagages,Animaux acceptés,Climatisation,Chauffeur expérimenté,Cuisine",Traveler,Bertoua
2696,Bafoussam,Éclairage tamisé,Traveler,Bimbia
3527,Melong,"Silence,Musique,Connectivité,Boisson gratuite,Éclairage tamisé,Assistance bagages,Wi-Fi gratuit,Sièges inclinables,Conversation,Climatisation,Ponctualité,Animaux acceptés,Ambiance chaleureuse,Langue parlée,Sport,Chauffeur expérimenté,Cuisine,Conduite souple,Confort",Traveler,Campo
758,Fontem,"Espace de rangement,Langue parlée,Sport,Éclairage tamisé,Sièges inclinables,Silence,Assistance bagages,Chauffeur expérimenté,Conversation,Ambiance chaleureuse,Cuisine,Wi-Fi gratuit,Animaux acceptés,Conduite souple,Musique",Planner,Kumba
1863,Muyuka,"Confort,Vue panoramique,Ambiance chaleureuse,Sport,Conduite souple,Animaux acceptés,Sièges inclinables,Navigation GPS,Espace de rangement,Langue parlée,Ponctualité,Boisson gratuite,Wi-Fi gratuit,Climatisation",Traveler,Limbe
1613,Mokolo,"Confort,Chauffeur expérimenté,Silence,Connectivité,Animaux acceptés,Sièges inclinables,Navigation GPS,Cuisine,Espace de rangement,Ponctualité,Vue panoramique,Éclairage tamisé,Musique,Conversation,Langue parlée,Assistance bagages,Sport,Ambiance chaleureuse",Traveler,Guider
404,Bafia,"Conduite souple,Éclairage tamisé,Ponctualité,Wi-Fi gratuit",Planner,Bandjoun
4071,Bafoussam,"Wi-Fi gratuit,Ponctualité,Confort",Planner,Douala
297,Boutours,"Sport,Navigation GPS,Climatisation,Wi-Fi gratuit,Boisson gratuite,Animaux acceptés,Silence,Connectivité,Conversation,Espace de rangement,Langue parlée,Ambiance chaleureuse,Chauffeur expérimenté,Éclairage tamisé,Conduite souple,Musique",Planner,Bonabéri
2291,Bafoussam,"Climatisation,Animaux acceptés,Ponctualité,Éclairage tamisé,Silence,Langue parlée,Chauffeur expérimenté,Confort,Conversation,Espace de rangement,Musique,Sièges inclinables,Assistance bagages,Navigation GPS,Ambiance chaleureuse",Traveler,Buea
4312,Mbanga,"Langue parlée,Connectivité,Boisson gratuite,Espace de rangement,Conduite souple,Sièges inclinables,Silence,Ponctualité,Éclairage tamisé",Traveler,Kumba
1715,Boutours,"Langue parlée,Boisson gratuite,Musique,Connectivité,Climatisation,Assistance bagages,Conversation,Confort,Sport,Sièges inclinables",Planner,Belabo
4530,Belo,"Silence,Conduite souple,Conversation,Espace de rangement,Vue panoramique,Ponctualité,Ambiance chaleureuse,Assistance bagages",Traveler,Bamenda
3604,Bali,"Ambiance chaleureuse,Conduite souple,Animaux acceptés,Espace de rangement,Silence,Confort,Ponctualité,Climatisation,Connectivité,Langue parlée",Traveler,Bertoua
2076,Mbanga,"Langue parlée,Climatisation,Vue panoramique",Traveler,Boutours
413,Mbouda,"Langue parlée,Espace de rangement,Confort",Planner,Guider
1103,Belabo,"Conversation,Climatisation,Connectivité,Conduite souple",Planner,Nkongsamba
1816,Nkongsamba,"Boisson gratuite,Confort,Éclairage tamisé,Cuisine,Conversation,Animaux acceptés,Vue panoramique,Climatisation,Espace de rangement,Musique,Assistance bagages,Connectivité,Wi-Fi gratuit,Navigation GPS,Sport,Ambiance chaleureuse,Langue parlée,Conduite souple,Silence,Chauffeur expérimenté,Sièges inclinables,Ponctualité",Planner,Bimbia
1865,Meiganga,"Connectivité,Vue panoramique,Animaux acceptés,Navigation GPS,Climatisation,Conduite souple,Ponctualité,Sport,Wi-Fi gratuit,Sièges inclinables,Assistance bagages,Espace de rangement,Conversation,Boisson gratuite,Éclairage tamisé,Langue parlée,Confort,Ambiance chaleureuse,Musique",Planner,Limbe
4237,Bafoussam,"Conversation,Sport,Chauffeur expérimenté,Ponctualité,Confort,Ambiance chaleureuse,Conduite souple,Silence,Climatisation",Planner,Kumba
4765,Melong,"Musique,Wi-Fi gratuit,Chauffeur expérimenté,Assistance bagages,Connectivité,Animaux acceptés,Silence,Ponctualité,Boisson gratuite,Confort",Traveler,Dibombari
886,Bafia,"Assistance bagages,Wi-Fi gratuit,Langue parlée,Connectivité,Vue panoramique,Silence,Sport,Ponctualité,Boisson gratuite,Éclairage tamisé,Navigation GPS,Cuisine,Musique",Planner,Boutours
1311,Bonakouamouang,"Vue panoramique,Cuisine,Connectivité,Espace de rangement,Climatisation,Conversation,Confort,Conduite souple,Ponctualité,Ambiance chaleureuse,Assistance bagages,Chauffeur expérimenté,Wi-Fi gratuit,Langue parlée,Boisson gratuite,Silence,Sport,Éclairage tamisé,Navigation GPS,Animaux acceptés",Planner,Buea
4310,Buea,"Ponctualité,Chauffeur expérimenté,Musique,Cuisine,Sièges inclinables,Connectivité,Conduite souple,Éclairage tamisé,Climatisation,Boisson gratuite,Ambiance chaleureuse,Conversation,Vue panoramique,Animaux acceptés,Espace de rangement,Assistance bagages,Confort,Navigation GPS,Sport,Langue parlée",Traveler,Bimbia
3572,Yagoua,Wi-Fi gratuit,Planner,Belabo
2206,Figuif,"Silence,Musique,Climatisation,Ambiance chaleureuse,Navigation GPS,Cuisine",Traveler,Bamenda
4651,Kribi,"Sièges inclinables,Ambiance chaleureuse,Musique,Éclairage tamisé,Silence,Assistance bagages,Cuisine,Boisson gratuite,Climatisation,Navigation GPS,Connectivité,Ponctualité,Sport,Wi-Fi gratuit,Conduite souple,Espace de rangement",Planner,Belabo
3374,Bogo,"Navigation GPS,Ponctualité,Sport,Animaux acceptés,Langue parlée,Vue panoramique,Ambiance chaleureuse,Sièges inclinables,Espace de rangement",Traveler,Bonamoussadi
1483,Kribi,"Langue parlée,Ambiance chaleureuse,Ponctualité",Planner,Essos
1331,Bertoua,"Espace de rangement,Assistance bagages,Sièges inclinables,Navigation GPS,Conduite souple,Éclairage tamisé,Chauffeur expérimenté,Animaux acceptés,Wi-Fi gratuit",Planner,Batibo
2799,Bonakouamouang,"Animaux acceptés,Wi-Fi gratuit,Sièges inclinables,Vue panoramique,Climatisation",Planner,Bonakouamouang
3965,Mbanga,"Boisson gratuite,Éclairage tamisé,Chauffeur expérimenté,Sport,Cuisine,Wi-Fi gratuit,Climatisation,Musique,Confort,Vue panoramique,Animaux acceptés",Traveler,Melong
4642,Essos,"Sièges inclinables,Cuisine,Boisson gratuite,Sport,Ambiance chaleureuse,Musique,Climatisation,Navigation GPS,Ponctualité",Planner,Nanga-Eboko
3215,Melong,"Sièges inclinables,Éclairage tamisé,Musique,Vue panoramique,Confort,Sport,Wi-Fi gratuit,Cuisine,Conduite souple,Ponctualité,Chauffeur expérimenté,Assistance bagages",Traveler,Batibo
4151,Beti,"Animaux acceptés,Navigation GPS,Langue parlée,Ponctualité,Sièges inclinables",Planner,Mbanga
145,Yagoua,"Ponctualité,Langue parlée,Éclairage tamisé,Confort,Assistance bagages,Climatisation,Espace de rangement,Connectivité,Silence,Wi-Fi gratuit,Cuisine",Traveler,Mokolo
1399,Douala,"Boisson gratuite,Ambiance chaleureuse,Langue parlée,Confort,Éclairage tamisé,Climatisation,Navigation GPS,Assistance bagages,Conversation,Sport,Musique,Chauffeur expérimenté,Ponctualité,Espace de rangement,Sièges inclinables",Traveler,Figuif
4265,Bonaberi,"Ponctualité,Navigation GPS,Sièges inclinables,Silence,Wi-Fi gratuit,Confort,Vue panoramique,Connectivité,Ambiance chaleureuse,Éclairage tamisé,Chauffeur expérimenté,Sport,Conversation,Climatisation,Animaux acceptés,Boisson gratuite,Musique,Cuisine",Traveler,Bafoussam
1325,Figuif,"Confort,Animaux acceptés,Sport",Traveler,Banga Bakundu
3184,Beti,"Langue parlée,Climatisation,Ponctualité,Wi-Fi gratuit,Conduite souple,Animaux acceptés,Navigation GPS,Silence,Éclairage tamisé,Cuisine,Connectivité,Conversation,Espace de rangement,Ambiance chaleureuse,Assistance bagages,Confort,Vue panoramique,Sport,Boisson gratuite,Musique,Chauffeur expérimenté,Sièges inclinables",Planner,Bogo
3556,Boutours,"Boisson gratuite,Conversation,Conduite souple,Assistance bagages,Vue panoramique,Animaux acceptés,Sport",Planner,Bafia
3226,Meiganga,"Espace de rangement,Assistance bagages,Climatisation",Planner,Guider
1523,Gazawa,"Sport,Boisson gratuite,Cuisine,Wi-Fi gratuit,Connectivité,Sièges inclinables,Chauffeur expérimenté,Conversation,Confort,Animaux acceptés,Climatisation,Assistance bagages,Éclairage tamisé,Langue parlée,Vue panoramique,Ambiance chaleureuse,Silence,Ponctualité",Traveler,Bafang
2407,Bimbia,"Ambiance chaleureuse,Animaux acceptés,Chauffeur expérimenté,Conduite souple,Vue panoramique,Musique,Climatisation,Wi-Fi gratuit,Cuisine,Confort,Langue parlée,Assistance bagages,Éclairage tamisé,Sièges inclinables,Conversation,Espace de rangement,Connectivité",Planner,Gazawa
3648,Bertoua,"Wi-Fi gratuit,Sièges inclinables,Connectivité,Cuisine,Éclairage tamisé,Musique,Langue parlée",Traveler,Belo
42,Bimbia,"Cuisine,Conversation,Éclairage tamisé,Assistance bagages,Conduite souple,Ambiance chaleureuse,Animaux acceptés,Espace de rangement,Vue panoramique,Ponctualité,Climatisation,Sièges inclinables,Connectivité,Wi-Fi gratuit,Musique,Confort,Navigation GPS,Sport,Boisson gratuite,Silence,Chauffeur expérimenté",Traveler,Bali Nyonga
4922,Bonamoussadi,"Ponctualité,Animaux acceptés,Wi-Fi gratuit,Silence,Chauffeur expérimenté,Cuisine,Confort,Ambiance chaleureuse",Traveler,Bonamoussadi
4507,Mutengene,"Langue parlée,Ambiance chaleureuse,Ponctualité,Connectivité,Animaux acceptés,Conversation,Cuisine,Conduite souple,Éclairage tamisé,Espace de rangement,Wi-Fi gratuit,Musique,Climatisation,Confort,Boisson gratuite,Assistance bagages,Sièges inclinables,Navigation GPS,Chauffeur expérimenté,Silence,Vue panoramique",Traveler,Mokolo
2209,Bali,"Langue parlée,Sièges inclinables,Sport,Conduite souple,Ponctualité,Chauffeur expérimenté,Boisson gratuite,Ambiance chaleureuse",Planner,Mbouda
2670,Kousseri,"Sport,Sièges inclinables,Climatisation,Musique",Traveler,Banga Bakundu
3957,Mbanga,"Musique,Ambiance chaleureuse,Conduite souple,Sport,Confort,Animaux acceptés,Langue parlée,Navigation GPS,Éclairage tamisé",Traveler,Yaounde
4595,Bafang,"Vue panoramique,Ambiance chaleureuse,Ponctualité,Wi-Fi gratuit,Connectivité,Musique,Assistance bagages,Espace de rangement,Silence,Sport",Traveler,Belabo
1689,Mutengene,"Assistance bagages,Navigation GPS,Climatisation,Confort,Wi-Fi gratuit,Ambiance chaleureuse,Sport,Vue panoramique,Cuisine,Langue parlée,Ponctualité,Connectivité,Boisson gratuite,Éclairage tamisé",Traveler,Muyuka
4451,Nanga-Eboko,"Musique,Conduite souple",Traveler,Bonamoussadi
2891,Bertoua,"Climatisation,Boisson gratuite,Sièges inclinables,Musique,Vue panoramique,Navigation GPS,Conversation,Conduite souple,Confort,Ambiance chaleureuse,Langue parlée,Ponctualité,Animaux acceptés,Wi-Fi gratuit,Connectivité,Assistance bagages",Planner,Banga Bakundu
4335,Bafang,Cuisine,Planner,Nanga-Eboko
2915,Mokolo,"Silence,Éclairage tamisé,Assistance bagages,Ponctualité,Animaux acceptés,Ambiance chaleureuse,Sièges inclinables,Connectivité,Langue parlée,Chauffeur expérimenté",Planner,Nanga-Eboko
2813,Bandjoun,"Sièges inclinables,Cuisine,Boisson gratuite,Climatisation,Confort,Connectivité,Assistance bagages,Wi-Fi gratuit,Sport,Éclairage tamisé,Conversation,Espace de rangement,Musique,Ponctualité,Navigation GPS,Chauffeur expérimenté,Ambiance chaleureuse,Langue parlée,Vue panoramique,Conduite souple,Silence",Traveler,Bonanjo
4109,Mbandjock,"Ponctualité,Musique,Chauffeur expérimenté,Animaux acceptés,Conversation,Ambiance chaleureuse,Confort,Cuisine,Vue panoramique",Traveler,Bimbia
4752,Mokolo,"Cuisine,Conduite souple,Sièges inclinables,Navigation GPS,Ponctualité,Connectivité,Espace de rangement,Climatisation,Boisson gratuite,Chauffeur expérimenté,Conversation,Vue panoramique",Traveler,Beti
334,Douala,"Conversation,Boisson gratuite,Confort,Silence,Langue parlée,Climatisation,Animaux acceptés,Chauffeur expérimenté,Musique,Ambiance chaleureuse,Sport",Planner,Mbanga
4991,Boutours,"Sièges inclinables,Chauffeur expérimenté,Musique,Cuisine,Assistance bagages,Connectivité,Langue parlée,Conduite souple,Wi-Fi gratuit,Silence,Conversation,Boisson gratuite,Animaux acceptés,Confort",Traveler,Figuif
1501,Mbalmayo,"Cuisine,Conversation,Espace de rangement,Boisson gratuite,Assistance bagages,Musique,Animaux acceptés,Confort,Climatisation,Connectivité,Navigation GPS",Traveler,Gazawa
2573,Mbandjock,"Sièges inclinables,Assistance bagages,Sport,Chauffeur expérimenté,Wi-Fi gratuit,Vue panoramique,Animaux acceptés,Connectivité,Boisson gratuite,Ponctualité,Ambiance chaleureuse,Éclairage tamisé,Conduite souple,Musique,Langue parlée",Planner,Kribi
4383,Bonabéri,"Éclairage tamisé,Ponctualité,Sièges inclinables,Wi-Fi gratuit,Navigation GPS,Musique,Ambiance chaleureuse,Vue panoramique,Climatisation,Assistance bagages,Sport,Cuisine,Silence",Traveler,Boutours
4218,Bonaberi,"Ambiance chaleureuse,Climatisation,Espace de rangement,Conversation,Langue parlée,Conduite souple,Silence,Ponctualité,Navigation GPS,Connectivité,Cuisine,Sport,Vue panoramique,Boisson gratuite,Musique,Wi-Fi gratuit,Assistance bagages,Animaux acceptés,Confort,Chauffeur expérimenté",Traveler,Bafang
4067,Mbouda,"Langue parlée,Navigation GPS,Musique,Wi-Fi gratuit,Ambiance chaleureuse,Connectivité,Ponctualité,Animaux acceptés,Sport,Silence,Conduite souple,Sièges inclinables,Conversation,Éclairage tamisé,Climatisation,Espace de rangement,Vue panoramique,Cuisine,Boisson gratuite,Assistance bagages",Traveler,Kousseri
1340,Douala,"Vue panoramique,Ponctualité,Conduite souple,Confort,Éclairage tamisé,Espace de rangement,Silence,Climatisation,Boisson gratuite,Cuisine,Connectivité,Navigation GPS,Musique,Ambiance chaleureuse,Wi-Fi gratuit,Chauffeur expérimenté,Langue parlée,Assistance bagages,Sièges inclinables,Animaux acceptés,Conversation",Planner,Bafoussam
4657,Nanga-Eboko,"Conversation,Musique,Langue parlée",Planner,Figuif
4022,Mora,"Espace de rangement,Confort,Silence,Connectivité,Conversation,Boisson gratuite,Sport,Climatisation",Traveler,Garoua
3613,Loum,"Navigation GPS,Confort,Silence,Climatisation,Connectivité,Espace de rangement,Musique,Wi-Fi gratuit,Cuisine,Boisson gratuite,Conversation,Ponctualité,Sièges inclinables,Chauffeur expérimenté,Vue panoramique,Ambiance chaleureuse,Animaux acceptés,Assistance bagages",Traveler,Buea
3138,Campo,"Vue panoramique,Chauffeur expérimenté,Ambiance chaleureuse,Cuisine,Connectivité,Confort,Musique,Conversation,Assistance bagages,Wi-Fi gratuit,Espace de rangement,Navigation GPS",Planner,Figuif
440,Edéa,"Langue parlée,Ponctualité,Boisson gratuite,Confort,Espace de rangement,Sièges inclinables,Musique,Animaux acceptés,Navigation GPS,Sport,Wi-Fi gratuit,Chauffeur expérimenté,Ambiance chaleureuse,Cuisine,Conduite souple,Vue panoramique,Conversation,Éclairage tamisé,Connectivité,Climatisation",Planner,Bafang
633,Bertoua,"Conversation,Conduite souple,Climatisation,Assistance bagages,Chauffeur expérimenté,Cuisine,Boisson gratuite,Confort,Musique,Ambiance chaleureuse,Ponctualité",Traveler,Bimbia
264,Essos,"Animaux acceptés,Langue parlée,Assistance bagages,Navigation GPS,Conduite souple,Conversation,Confort,Cuisine,Vue panoramique,Climatisation,Silence,Espace de rangement,Sièges inclinables,Éclairage tamisé,Ponctualité,Boisson gratuite,Musique",Traveler,Bafia
2903,Muyuka,"Animaux acceptés,Climatisation,Cuisine,Navigation GPS,Assistance bagages,Vue panoramique,Sièges inclinables,Musique",Traveler,Messa
4873,Bonakouamouang,"Wi-Fi gratuit,Conversation,Langue parlée,Silence,Conduite souple,Espace de rangement,Climatisation,Assistance bagages,Confort,Chauffeur expérimenté,Sièges inclinables,Boisson gratuite,Sport,Ponctualité,Cuisine,Animaux acceptés,Navigation GPS,Ambiance chaleureuse,Vue panoramique,Connectivité",Traveler,Campo
533,Bali,"Ponctualité,Éclairage tamisé,Vue panoramique,Animaux acceptés,Musique,Navigation GPS,Assistance bagages,Wi-Fi gratuit,Langue parlée,Ambiance chaleureuse,Conversation,Conduite souple,Chauffeur expérimenté,Sièges inclinables,Cuisine",Traveler,Bafia
4546,Mbalmayo,"Ambiance chaleureuse,Cuisine,Langue parlée,Navigation GPS,Vue panoramique,Éclairage tamisé,Conduite souple,Connectivité",Planner,Guider
3905,Bali,"Navigation GPS,Sport,Wi-Fi gratuit,Sièges inclinables,Musique,Vue panoramique,Langue parlée,Connectivité,Éclairage tamisé,Conduite souple,Silence",Traveler,Gazawa
2428,Loum,"Sièges inclinables,Sport,Connectivité,Silence,Ponctualité,Langue parlée,Conduite souple,Confort,Ambiance chaleureuse",Planner,Mbalmayo
4265,Bafang,"Conversation,Boisson gratuite,Sport,Chauffeur expérimenté,Assistance bagages,Espace de rangement,Sièges inclinables,Cuisine,Musique,Connectivité,Silence,Navigation GPS,Animaux acceptés,Ambiance chaleureuse,Wi-Fi gratuit,Vue panoramique,Confort,Ponctualité,Éclairage tamisé,Climatisation",Planner,Nanga-Eboko
3020,Bandjoun,"Cuisine,Confort,Boisson gratuite,Vue panoramique,Conversation,Assistance bagages,Sièges inclinables,Wi-Fi gratuit,Musique",Traveler,Bafia
4239,Nkongsamba,"Sièges inclinables,Éclairage tamisé,Cuisine,Conduite souple,Connectivité",Planner,Mutengene
2449,Bertoua,"Silence,Conduite souple,Vue panoramique,Ambiance chaleureuse,Chauffeur expérimenté,Wi-Fi gratuit,Musique,Assistance bagages,Langue parlée,Sièges inclinables,Connectivité,Confort,Conversation,Climatisation,Cuisine",Planner,Bafang
3988,Batibo,"Connectivité,Chauffeur expérimenté,Conversation,Langue parlée,Musique,Ambiance chaleureuse,Vue panoramique,Sièges inclinables,Conduite souple,Confort",Traveler,Mbandjock
4881,Belabo,"Conduite souple,Espace de rangement,Assistance bagages,Éclairage tamisé,Sièges inclinables",Traveler,Bandjoun
2744,Bertoua,"Silence,Assistance bagages,Musique,Wi-Fi gratuit,Boisson gratuite,Conversation,Conduite souple,Vue panoramique,Ambiance chaleureuse,Climatisation,Navigation GPS,Animaux acceptés,Confort,Chauffeur expérimenté,Connectivité,Sport,Espace de rangement,Ponctualité,Éclairage tamisé,Langue parlée,Cuisine",Planner,Mutengene
1682,Mbanga,"Éclairage tamisé,Connectivité,Ambiance chaleureuse",Traveler,Mbouda
2017,Muyuka,"Ponctualité,Langue parlée,Sport,Assistance bagages,Sièges inclinables,Silence,Espace de rangement,Éclairage tamisé,Conversation,Conduite souple,Ambiance chaleureuse,Boisson gratuite,Animaux acceptés,Cuisine,Navigation GPS,Confort,Chauffeur expérimenté,Musique",Traveler,Edéa
2277,Bafia,"Navigation GPS,Assistance bagages,Langue parlée,Sport,Ambiance chaleureuse,Animaux acceptés,Connectivité,Cuisine,Conversation,Éclairage tamisé,Wi-Fi gratuit,Musique,Boisson gratuite,Silence,Ponctualité,Sièges inclinables,Climatisation,Confort,Espace de rangement,Vue panoramique,Conduite souple,Chauffeur expérimenté",Traveler,Edéa
3498,Bertoua,"Boisson gratuite,Conversation,Musique,Navigation GPS,Confort,Vue panoramique,Wi-Fi gratuit,Éclairage tamisé,Connectivité,Ponctualité,Silence,Langue parlée,Cuisine,Sièges inclinables,Conduite souple",Planner,Bonaberi
4942,Bimbia,"Conduite souple,Animaux acceptés,Sport,Boisson gratuite,Cuisine,Silence,Langue parlée,Navigation GPS,Éclairage tamisé,Chauffeur expérimenté,Musique,Connectivité,Assistance bagages,Ponctualité,Sièges inclinables",Planner,Boutours
1344,Mbanga,"Langue parlée,Musique",Traveler,Belabo
2040,Limbe,"Connectivité,Confort,Animaux acceptés,Navigation GPS,Espace de rangement,Langue parlée,Climatisation,Sièges inclinables,Chauffeur expérimenté,Assistance bagages,Cuisine,Ambiance chaleureuse,Boisson gratuite,Vue panoramique,Conduite souple,Musique",Planner,Nkongsamba
420,Bali Nyonga,"Conversation,Assistance bagages,Cuisine,Langue parlée,Wi-Fi gratuit,Éclairage tamisé",Traveler,Figuif
22,Fontem,"Vue panoramique,Animaux acceptés,Espace de rangement,Boisson gratuite,Conduite souple,Sport,Musique,Langue parlée,Chauffeur expérimenté,Wi-Fi gratuit,Conversation,Assistance bagages,Ambiance chaleureuse,Navigation GPS,Confort,Éclairage tamisé,Connectivité,Cuisine,Ponctualité",Planner,Bertoua
206,Bertoua,"Conduite souple,Ambiance chaleureuse,Musique,Wi-Fi gratuit,Éclairage tamisé,Langue parlée,Connectivité,Ponctualité,Vue panoramique,Espace de rangement,Sièges inclinables",Planner,Kribi
1254,Mokolo,"Cuisine,Confort,Conduite souple,Musique,Chauffeur expérimenté,Éclairage tamisé,Sport,Wi-Fi gratuit,Conversation",Planner,Bafang
3798,Mokolo,"Conversation,Éclairage tamisé,Espace de rangement,Sièges inclinables,Conduite souple,Musique,Navigation GPS,Wi-Fi gratuit,Ambiance chaleureuse,Assistance bagages,Connectivité",Traveler,Bogo
1625,Mokolo,"Animaux acceptés,Langue parlée,Cuisine",Planner,Mbandjock
592,Melong,"Vue panoramique,Confort,Climatisation,Ambiance chaleureuse,Cuisine",Planner,Kousseri
2302,Bonanjo,"Animaux acceptés,Cuisine,Silence,Conduite souple,Assistance bagages,Wi-Fi gratuit,Éclairage tamisé,Sièges inclinables,Connectivité,Ponctualité,Conversation,Chauffeur expérimenté,Confort,Musique,Langue parlée,Navigation GPS,Sport,Espace de rangement,Climatisation",Planner,Mbandjock
2318,Bamenda,"Wi-Fi gratuit,Navigation GPS,Climatisation,Langue parlée,Connectivité,Assistance bagages,Espace de rangement,Éclairage tamisé",Planner,Messa
4824,Yagoua,"Climatisation,Connectivité,Sport,Espace de rangement,Vue panoramique,Conduite souple,Boisson gratuite,Éclairage tamisé,Langue parlée,Conversation,Assistance bagages,Musique",Traveler,Limbe
259,Bandjoun,"Conduite souple,Éclairage tamisé,Vue panoramique,Ponctualité",Planner,Bafoussam
1469,Kribi,"Silence,Langue parlée,Éclairage tamisé,Musique,Wi-Fi gratuit,Sport,Navigation GPS,Vue panoramique,Chauffeur expérimenté,Espace de rangement,Confort,Connectivité,Assistance bagages,Climatisation,Conduite souple,Animaux acceptés,Ponctualité,Cuisine,Sièges inclinables,Boisson gratuite,Ambiance chaleureuse,Conversation",Planner,Nanga-Eboko
2282,Banga Bakundu,"Cuisine,Musique,Ponctualité,Assistance bagages,Éclairage tamisé,Vue panoramique,Conduite souple,Confort,Boisson gratuite,Conversation,Silence,Langue parlée,Climatisation,Chauffeur expérimenté",Traveler,Bafia
2579,Bimbia,"Climatisation,Conduite souple,Silence,Espace de rangement,Vue panoramique,Assistance bagages,Animaux acceptés,Connectivité,Boisson gratuite,Conversation,Sport,Chauffeur expérimenté,Cuisine,Confort,Éclairage tamisé,Sièges inclinables",Traveler,Meiganga
3371,Essos,"Ponctualité,Conversation,Connectivité,Langue parlée,Silence,Wi-Fi gratuit,Confort,Cuisine,Ambiance chaleureuse,Conduite souple,Éclairage tamisé,Boisson gratuite,Assistance bagages,Navigation GPS,Vue panoramique,Musique,Sièges inclinables",Traveler,Mutengene
2617,Douala,"Silence,Navigation GPS,Musique,Animaux acceptés,Assistance bagages,Climatisation,Cuisine,Vue panoramique,Langue parlée,Chauffeur expérimenté,Éclairage tamisé,Ponctualité",Traveler,Yagoua
4954,Mutengene,"Vue panoramique,Boisson gratuite,Langue parlée,Animaux acceptés,Sport,Silence,Espace de rangement,Ambiance chaleureuse,Sièges inclinables,Confort,Conversation,Climatisation,Conduite souple,Assistance bagages",Traveler,Kousseri
2423,Bali Nyonga,"Sport,Wi-Fi gratuit,Éclairage tamisé,Ponctualité,Ambiance chaleureuse,Musique,Cuisine,Espace de rangement,Sièges inclinables,Connectivité",Traveler,Boutours
3866,Yagoua,"Confort,Conduite souple,Langue parlée,Cuisine,Conversation,Vue panoramique,Wi-Fi gratuit,Connectivité,Ponctualité,Éclairage tamisé,Assistance bagages,Navigation GPS,Climatisation,Silence",Traveler,Bafang
765,Yagoua,"Ponctualité,Confort,Conduite souple,Boisson gratuite,Silence,Éclairage tamisé,Vue panoramique",Traveler,Bali
4359,Belo,"Climatisation,Confort",Traveler,Kumba
661,Mbalmayo,"Musique,Assistance bagages,Climatisation,Vue panoramique,Ponctualité,Animaux acceptés,Boisson gratuite,Langue parlée,Ambiance chaleureuse,Confort",Planner,Mora
2108,Bandjoun,"Langue parlée,Climatisation,Assistance bagages,Musique,Conversation,Confort,Éclairage tamisé,Chauffeur expérimenté,Wi-Fi gratuit",Traveler,Limbe
2617,Nanga-Eboko,"Assistance bagages,Espace de rangement,Ambiance chaleureuse,Conversation,Climatisation,Langue parlée,Musique,Boisson gratuite,Sport,Connectivité,Vue panoramique,Ponctualité",Planner,Edéa
1595,Mbouda,"Cuisine,Silence,Wi-Fi gratuit,Chauffeur expérimenté,Vue panoramique,Espace de rangement,Navigation GPS,Conduite souple,Confort,Connectivité",Traveler,Bonanjo
1580,Garoua,"Silence,Chauffeur expérimenté,Assistance bagages,Espace de rangement,Sièges inclinables,Navigation GPS,Ambiance chaleureuse,Climatisation,Cuisine,Musique,Boisson gratuite,Ponctualité,Conversation,Sport,Wi-Fi gratuit,Vue panoramique,Confort",Traveler,Limbe
511,Kumba,"Ponctualité,Climatisation,Boisson gratuite,Éclairage tamisé,Connectivité,Chauffeur expérimenté,Wi-Fi gratuit,Conversation,Silence,Espace de rangement,Sièges inclinables,Cuisine,Confort,Musique,Conduite souple,Assistance bagages,Ambiance chaleureuse,Sport,Animaux acceptés,Navigation GPS,Vue panoramique,Langue parlée",Planner,Bafang
316,Mora,"Boisson gratuite,Animaux acceptés,Sièges inclinables,Ambiance chaleureuse,Cuisine,Musique,Ponctualité,Éclairage tamisé,Vue panoramique,Connectivité,Assistance bagages,Langue parlée,Navigation GPS,Conduite souple,Conversation,Wi-Fi gratuit,Climatisation,Espace de rangement,Sport,Confort",Planner,Bonamoussadi
2731,Bafang,"Musique,Silence,Conversation,Boisson gratuite,Conduite souple,Sièges inclinables,Sport,Navigation GPS,Animaux acceptés,Éclairage tamisé,Climatisation,Chauffeur expérimenté,Ambiance chaleureuse,Connectivité,Vue panoramique,Langue parlée,Cuisine,Confort,Espace de rangement,Wi-Fi gratuit,Assistance bagages",Traveler,Figuif
4290,Bandjoun,"Cuisine,Animaux acceptés,Assistance bagages,Navigation GPS,Musique,Silence,Espace de rangement,Sport,Confort,Conversation,Vue panoramique,Sièges inclinables,Chauffeur expérimenté,Connectivité,Boisson gratuite,Éclairage tamisé,Ambiance chaleureuse,Ponctualité,Conduite souple,Langue parlée",Planner,Fontem
1695,Dibombari,"Cuisine,Langue parlée,Wi-Fi gratuit,Assistance bagages,Confort,Connectivité,Sport,Chauffeur expérimenté,Ponctualité,Musique,Animaux acceptés,Espace de rangement,Conduite souple,Boisson gratuite,Climatisation,Sièges inclinables,Vue panoramique,Silence,Navigation GPS,Ambiance chaleureuse,Éclairage tamisé,Conversation",Traveler,Messa
275,Mora,"Wi-Fi gratuit,Espace de rangement,Musique,Sport,Animaux acceptés,Confort,Silence,Navigation GPS,Assistance bagages,Vue panoramique,Cuisine,Conversation,Sièges inclinables,Climatisation,Boisson gratuite,Conduite souple,Chauffeur expérimenté,Langue parlée,Éclairage tamisé,Ambiance chaleureuse,Connectivité,Ponctualité",Planner,Douala
2417,Nanga-Eboko,"Langue parlée,Conduite souple,Connectivité,Animaux acceptés,Vue panoramique,Ambiance chaleureuse,Navigation GPS,Conversation,Chauffeur expérimenté,Wi-Fi gratuit,Climatisation,Ponctualité,Espace de rangement,Sièges inclinables,Cuisine,Éclairage tamisé",Planner,Nanga-Eboko
326,Mbandjock,"Wi-Fi gratuit,Ponctualité,Navigation GPS,Ambiance chaleureuse,Sport,Conversation,Vue panoramique,Espace de rangement,Silence",Planner,Meiganga
3557,Maroua,"Assistance bagages,Wi-Fi gratuit,Ambiance chaleureuse,Sport,Silence,Ponctualité,Conduite souple,Cuisine,Confort,Éclairage tamisé,Chauffeur expérimenté,Langue parlée,Animaux acceptés,Espace de rangement,Sièges inclinables,Climatisation,Conversation,Navigation GPS,Musique,Vue panoramique,Connectivité",Planner,Figuif
2019,Bonanjo,"Animaux acceptés,Climatisation,Ponctualité,Silence",Planner,Mutengene
895,Meiganga,"Éclairage tamisé,Silence,Assistance bagages,Langue parlée,Navigation GPS,Chauffeur expérimenté",Traveler,Mbanga
639,Figuif,Musique,Planner,Mbanga
726,Nanga-Eboko,"Éclairage tamisé,Conversation,Confort,Climatisation,Animaux acceptés,Cuisine,Boisson gratuite,Sport,Ponctualité,Connectivité,Navigation GPS,Chauffeur expérimenté,Sièges inclinables,Conduite souple,Ambiance chaleureuse,Silence,Musique,Espace de rangement",Traveler,Meiganga
23,Bandjoun,"Sport,Musique,Espace de rangement,Éclairage tamisé,Cuisine,Boisson gratuite,Assistance bagages,Langue parlée,Ambiance chaleureuse,Conversation,Chauffeur expérimenté",Planner,Meiganga
2887,Belo,"Animaux acceptés,Silence,Langue parlée,Conduite souple,Navigation GPS,Chauffeur expérimenté,Musique,Éclairage tamisé,Confort,Sièges inclinables,Boisson gratuite,Ponctualité,Espace de rangement,Cuisine,Assistance bagages,Wi-Fi gratuit",Planner,Figuif
1174,Nkongsamba,"Assistance bagages,Ambiance chaleureuse,Connectivité,Conversation,Sièges inclinables",Traveler,Melong
4839,Maroua,"Conduite souple,Assistance bagages,Confort,Connectivité,Vue panoramique,Sport,Chauffeur expérimenté,Musique,Sièges inclinables,Animaux acceptés,Ponctualité,Climatisation,Ambiance chaleureuse,Cuisine,Langue parlée,Silence,Wi-Fi gratuit,Navigation GPS",Planner,Garoua
487,Fontem,"Confort,Langue parlée,Connectivité,Sport,Éclairage tamisé,Cuisine,Musique,Wi-Fi gratuit,Ambiance chaleureuse",Planner,Boutours
1462,Yagoua,"Espace de rangement,Vue panoramique,Assistance bagages,Animaux acceptés,Wi-Fi gratuit,Navigation GPS,Ponctualité,Cuisine,Silence,Boisson gratuite,Sièges inclinables,Sport,Chauffeur expérimenté,Climatisation,Conversation,Connectivité,Conduite souple,Éclairage tamisé,Confort,Langue parlée",Traveler,Belabo
4726,Bonabéri,"Animaux acceptés,Cuisine,Sièges inclinables,Wi-Fi gratuit,Éclairage tamisé,Climatisation,Conversation,Vue panoramique,Ponctualité,Musique,Assistance bagages,Connectivité,Boisson gratuite,Navigation GPS,Sport,Silence,Ambiance chaleureuse,Espace de rangement,Confort,Langue parlée,Chauffeur expérimenté",Planner,Mora
3863,Figuif,"Conversation,Sport,Éclairage tamisé,Sièges inclinables,Animaux acceptés,Conduite souple,Vue panoramique,Chauffeur expérimenté,Boisson gratuite,Silence,Wi-Fi gratuit",Traveler,Kumba
4011,Yaounde,"Cuisine,Navigation GPS,Sport,Confort,Éclairage tamisé,Conduite souple,Sièges inclinables,Climatisation,Boisson gratuite,Conversation,Wi-Fi gratuit,Ponctualité,Espace de rangement,Animaux acceptés,Chauffeur expérimenté,Connectivité,Silence,Assistance bagages,Musique,Langue parlée,Ambiance chaleureuse",Planner,Bonanjo
171,Figuif,"Langue parlée,Éclairage tamisé,Vue panoramique,Musique,Animaux acceptés,Ponctualité,Sièges inclinables,Wi-Fi gratuit,Connectivité,Chauffeur expérimenté,Ambiance chaleureuse,Silence,Assistance bagages,Boisson gratuite,Sport",Traveler,Messa
3897,Boutours,"Sièges inclinables,Espace de rangement,Musique,Vue panoramique,Sport,Chauffeur expérimenté,Connectivité,Ponctualité,Conversation,Wi-Fi gratuit,Animaux acceptés,Ambiance chaleureuse,Éclairage tamisé,Boisson gratuite,Navigation GPS,Cuisine,Silence,Langue parlée,Conduite souple,Assistance bagages,Climatisation",Planner,Bafoussam
997,Meiganga,"Animaux acceptés,Cuisine,Navigation GPS,Confort,Sièges inclinables,Connectivité,Silence",Traveler,Kribi
3547,Mbandjock,"Silence,Langue parlée,Animaux acceptés,Climatisation,Ambiance chaleureuse,Assistance bagages,Boisson gratuite,Éclairage tamisé,Sièges inclinables",Planner,Bafoussam
3195,Bonabéri,"Vue panoramique,Connectivité,Conversation,Espace de rangement,Sport,Wi-Fi gratuit,Climatisation",Planner,Limbe
3231,Beti,"Boisson gratuite,Connectivité,Navigation GPS,Climatisation,Langue parlée,Silence,Assistance bagages,Espace de rangement,Confort,Ambiance chaleureuse,Conduite souple,Animaux acceptés,Cuisine,Sport,Chauffeur expérimenté",Planner,Bonaberi
624,Kumba,"Navigation GPS,Conversation,Sport,Assistance bagages,Cuisine,Connectivité,Silence,Ponctualité,Ambiance chaleureuse,Wi-Fi gratuit,Langue parlée,Chauffeur expérimenté,Conduite souple,Vue panoramique,Climatisation,Boisson gratuite,Espace de rangement,Musique,Animaux acceptés",Traveler,Mokolo
3047,Mora,"Conversation,Climatisation,Connectivité,Navigation GPS,Silence,Vue panoramique,Musique,Confort,Assistance bagages,Chauffeur expérimenté,Sport,Sièges inclinables,Wi-Fi gratuit,Animaux acceptés,Ambiance chaleureuse,Langue parlée,Éclairage tamisé,Conduite souple,Ponctualité,Espace de rangement",Planner,Batibo
2555,Gazawa,Animaux acceptés,Traveler,Fontem
2910,Buea,"Chauffeur expérimenté,Espace de rangement,Confort,Sièges inclinables,Navigation GPS,Éclairage tamisé,Conduite souple,Silence,Musique,Ambiance chaleureuse",Traveler,Bogo
715,Bali Nyonga,"Confort,Wi-Fi gratuit,Langue parlée,Vue panoramique,Assistance bagages,Sport,Musique,Conversation,Chauffeur expérimenté,Conduite souple,Ambiance chaleureuse,Animaux acceptés,Espace de rangement,Cuisine,Boisson gratuite,Navigation GPS,Connectivité,Sièges inclinables,Éclairage tamisé,Climatisation,Silence",Planner,Buea
2671,Bali Nyonga,"Confort,Cuisine,Navigation GPS,Connectivité,Animaux acceptés,Chauffeur expérimenté,Boisson gratuite,Assistance bagages,Ponctualité,Conversation,Éclairage tamisé,Sièges inclinables,Climatisation",Planner,Limbe
2688,Fontem,"Musique,Vue panoramique,Wi-Fi gratuit,Animaux acceptés,Boisson gratuite,Climatisation,Connectivité",Traveler,Muyuka
3306,Mora,Musique,Planner,Bonakouamouang
643,Douala,"Climatisation,Connectivité,Éclairage tamisé,Conduite souple,Cuisine",Planner,Bafang
3029,Mbouda,"Ambiance chaleureuse,Ponctualité,Conversation,Animaux acceptés,Langue parlée,Assistance bagages,Silence,Sport,Wi-Fi gratuit,Cuisine,Boisson gratuite,Connectivité,Chauffeur expérimenté,Navigation GPS,Éclairage tamisé,Espace de rangement",Planner,Beti
2667,Edéa,"Vue panoramique,Ambiance chaleureuse,Animaux acceptés,Langue parlée,Ponctualité,Conversation,Conduite souple,Confort,Boisson gratuite,Éclairage tamisé,Espace de rangement,Sièges inclinables,Cuisine,Chauffeur expérimenté,Wi-Fi gratuit",Planner,Douala
4782,Batibo,"Wi-Fi gratuit,Cuisine,Éclairage tamisé,Langue parlée,Climatisation,Sport,Assistance bagages",Traveler,Mutengene
1217,Figuif,"Climatisation,Cuisine,Chauffeur expérimenté",Planner,Maroua
2067,Muyuka,"Boisson gratuite,Climatisation",Traveler,Bafoussam
4264,Banga Bakundu,"Connectivité,Éclairage tamisé,Climatisation,Musique,Sport,Confort,Chauffeur expérimenté,Conversation,Ponctualité,Wi-Fi gratuit,Conduite souple,Boisson gratuite,Animaux acceptés,Silence,Espace de rangement,Cuisine,Assistance bagages,Ambiance chaleureuse",Planner,Buea
1513,Bonabéri,"Silence,Vue panoramique,Chauffeur expérimenté,Éclairage tamisé,Conduite souple,Boisson gratuite,Conversation,Ambiance chaleureuse,Musique,Navigation GPS,Confort,Ponctualité,Wi-Fi gratuit,Assistance bagages,Langue parlée,Sport",Traveler,Bamenda
3165,Melong,"Vue panoramique,Ambiance chaleureuse,Assistance bagages,Connectivité,Climatisation,Sièges inclinables,Conduite souple,Éclairage tamisé,Espace de rangement,Silence,Boisson gratuite,Sport,Conversation,Cuisine,Navigation GPS",Planner,Nkongsamba
382,Limbe,Connectivité,Planner,Dibombari
401,Edéa,"Assistance bagages,Silence,Langue parlée,Conduite souple,Wi-Fi gratuit,Conversation",Planner,Banga Bakundu
3729,Figuif,"Espace de rangement,Conversation,Conduite souple,Silence,Animaux acceptés,Wi-Fi gratuit,Langue parlée,Ponctualité,Boisson gratuite,Vue panoramique,Connectivité,Ambiance chaleureuse,Sièges inclinables,Musique",Traveler,Guider
3775,Fontem,"Chauffeur expérimenté,Climatisation,Langue parlée,Boisson gratuite,Connectivité,Confort,Vue panoramique,Ponctualité,Cuisine,Musique,Navigation GPS,Animaux acceptés,Ambiance chaleureuse,Silence,Wi-Fi gratuit,Éclairage tamisé,Assistance bagages,Espace de rangement,Sièges inclinables,Sport,Conversation,Conduite souple",Traveler,Bertoua
2633,Limbe,"Vue panoramique,Confort,Climatisation,Espace de rangement,Wi-Fi gratuit,Cuisine,Chauffeur expérimenté,Conversation",Planner,Beti
507,Bonaberi,"Langue parlée,Confort,Conversation,Connectivité,Cuisine,Chauffeur expérimenté,Wi-Fi gratuit",Traveler,Guider
3758,Muyuka,"Musique,Éclairage tamisé,Confort,Espace de rangement,Cuisine,Silence,Conversation,Climatisation,Boisson gratuite,Assistance bagages,Navigation GPS,Wi-Fi gratuit,Ambiance chaleureuse,Chauffeur expérimenté,Sièges inclinables,Sport,Connectivité,Animaux acceptés,Conduite souple,Ponctualité",Planner,Mbalmayo
4,Belo,"Espace de rangement,Ponctualité,Sport,Confort,Navigation GPS,Chauffeur expérimenté,Conduite souple,Conversation,Boisson gratuite,Cuisine,Langue parlée,Silence,Sièges inclinables,Assistance bagages,Ambiance chaleureuse,Musique",Traveler,Yaounde
2788,Mora,"Conduite souple,Cuisine,Confort,Éclairage tamisé,Climatisation,Connectivité,Espace de rangement,Langue parlée,Sièges inclinables,Conversation,Navigation GPS,Wi-Fi gratuit,Ambiance chaleureuse,Ponctualité,Animaux acceptés,Vue panoramique,Assistance bagages,Musique,Chauffeur expérimenté",Traveler,Beti
3751,Kousseri,"Éclairage tamisé,Confort,Climatisation,Sièges inclinables,Navigation GPS,Wi-Fi gratuit,Conduite souple,Espace de rangement,Ambiance chaleureuse,Vue panoramique",Traveler,Bonamoussadi
298,Bali Nyonga,"Sport,Espace de rangement,Langue parlée,Vue panoramique,Chauffeur expérimenté,Wi-Fi gratuit,Éclairage tamisé,Sièges inclinables,Cuisine",Planner,Dibombari
4527,Bali Nyonga,"Ponctualité,Wi-Fi gratuit,Vue panoramique,Animaux acceptés,Cuisine,Espace de rangement,Assistance bagages,Conduite souple,Chauffeur expérimenté,Connectivité,Conversation,Silence,Sport,Climatisation,Navigation GPS,Boisson gratuite,Éclairage tamisé,Ambiance chaleureuse",Planner,Mbanga
2310,Bali Nyonga,"Wi-Fi gratuit,Cuisine,Musique,Éclairage tamisé,Silence,Navigation GPS,Boisson gratuite,Conduite souple,Assistance bagages,Connectivité,Vue panoramique,Sièges inclinables,Ambiance chaleureuse,Climatisation,Ponctualité,Confort,Langue parlée,Conversation,Chauffeur expérimenté",Traveler,Mutengene
2295,Buea,"Assistance bagages,Sièges inclinables,Sport,Silence,Éclairage tamisé",Planner,Bonamoussadi
2229,Yagoua,"Silence,Sport,Vue panoramique,Confort,Sièges inclinables,Chauffeur expérimenté,Navigation GPS",Planner,Loum
4113,Bandjoun,"Chauffeur expérimenté,Éclairage tamisé,Cuisine,Langue parlée",Planner,Campo
978,Banga Bakundu,"Chauffeur expérimenté,Climatisation,Sport,Assistance bagages,Ponctualité,Connectivité,Langue parlée,Éclairage tamisé,Boisson gratuite,Musique,Confort,Cuisine",Planner,Melong
3715,Melong,"Sport,Assistance bagages,Confort,Animaux acceptés,Vue panoramique",Planner,Bandjoun
2501,Mbouda,"Sièges inclinables,Conversation,Cuisine,Ponctualité,Sport,Chauffeur expérimenté,Éclairage tamisé,Navigation GPS,Connectivité,Ambiance chaleureuse,Climatisation,Confort,Assistance bagages,Espace de rangement,Wi-Fi gratuit,Boisson gratuite,Conduite souple,Animaux acceptés,Silence,Langue parlée,Vue panoramique",Traveler,Beti
4205,Yaounde,"Conduite souple,Éclairage tamisé,Confort,Assistance bagages,Animaux acceptés,Langue parlée",Planner,Gazawa
3270,Belo,"Sièges inclinables,Espace de rangement,Wi-Fi gratuit,Climatisation,Connectivité,Vue panoramique,Conversation,Ponctualité,Chauffeur expérimenté,Langue parlée,Confort,Assistance bagages,Éclairage tamisé",Planner,Guider
1712,Kousseri,"Conversation,Connectivité,Sièges inclinables,Sport,Espace de rangement,Chauffeur expérimenté,Assistance bagages,Vue panoramique,Langue parlée,Climatisation,Boisson gratuite",Planner,Edéa
1175,Mbanga,"Connectivité,Langue parlée,Ambiance chaleureuse,Wi-Fi gratuit,Cuisine,Sièges inclinables,Chauffeur expérimenté,Navigation GPS,Musique,Confort,Boisson gratuite,Climatisation,Conduite souple,Vue panoramique,Ponctualité,Silence,Espace de rangement,Sport",Traveler,Mutengene
4741,Boutours,"Silence,Ponctualité,Éclairage tamisé,Wi-Fi gratuit,Climatisation,Conversation",Traveler,Kribi
1511,Mbanga,"Chauffeur expérimenté,Éclairage tamisé,Silence,Ponctualité,Navigation GPS,Musique,Wi-Fi gratuit,Connectivité,Sièges inclinables,Cuisine,Vue panoramique,Langue parlée,Conduite souple,Sport,Confort",Traveler,Kumba
2141,Edéa,"Assistance bagages,Animaux acceptés,Cuisine,Musique,Ponctualité,Confort,Sport,Langue parlée,Conversation,Vue panoramique,Conduite souple,Sièges inclinables,Ambiance chaleureuse,Espace de rangement",Planner,Bertoua
2399,Banga Bakundu,"Animaux acceptés,Ambiance chaleureuse,Ponctualité,Climatisation,Sièges inclinables,Conduite souple,Chauffeur expérimenté,Langue parlée,Éclairage tamisé,Wi-Fi gratuit,Boisson gratuite,Connectivité,Espace de rangement,Assistance bagages,Confort",Planner,Mbalmayo
3301,Bamenda,"Sièges inclinables,Chauffeur expérimenté,Conversation,Vue panoramique,Assistance bagages,Confort,Navigation GPS,Ponctualité,Conduite souple,Animaux acceptés,Wi-Fi gratuit,Espace de rangement,Ambiance chaleureuse,Sport,Climatisation",Planner,Buea
4454,Loum,"Cuisine,Wi-Fi gratuit,Conduite souple,Sport,Langue parlée,Confort,Connectivité,Musique,Animaux acceptés,Espace de rangement,Sièges inclinables,Navigation GPS,Climatisation,Boisson gratuite,Silence,Vue panoramique,Ambiance chaleureuse,Assistance bagages,Éclairage tamisé,Conversation",Planner,Batibo
941,Bafia,"Boisson gratuite,Ponctualité,Navigation GPS,Sport,Connectivité,Climatisation,Éclairage tamisé,Conversation,Chauffeur expérimenté,Musique,Sièges inclinables",Traveler,Bogo
3255,Banga Bakundu,"Ambiance chaleureuse,Ponctualité,Animaux acceptés,Musique",Planner,Bafoussam
4230,Dibombari,"Connectivité,Musique,Assistance bagages",Planner,Bimbia
3881,Bamenda,"Conduite souple,Musique,Ambiance chaleureuse,Ponctualité,Confort,Éclairage tamisé,Animaux acceptés,Boisson gratuite",Traveler,Garoua
862,Batibo,"Cuisine,Boisson gratuite,Chauffeur expérimenté,Vue panoramique,Silence,Conversation,Musique",Planner,Boutours
3249,Mbanga,"Cuisine,Silence,Langue parlée,Wi-Fi gratuit,Ambiance chaleureuse,Musique,Confort,Espace de rangement,Boisson gratuite,Animaux acceptés,Navigation GPS,Sport",Planner,Figuif
1726,Gazawa,"Silence,Navigation GPS,Ambiance chaleureuse,Conversation,Assistance bagages,Climatisation,Boisson gratuite,Chauffeur expérimenté,Vue panoramique,Connectivité,Wi-Fi gratuit,Sièges inclinables",Planner,Loum
2517,Nanga-Eboko,"Ambiance chaleureuse,Wi-Fi gratuit,Connectivité,Animaux acceptés,Musique,Climatisation",Traveler,Bogo
3359,Figuif,"Assistance bagages,Conduite souple,Langue parlée,Sport,Chauffeur expérimenté,Conversation,Sièges inclinables,Espace de rangement,Confort,Connectivité,Boisson gratuite,Climatisation,Vue panoramique,Éclairage tamisé,Silence,Ponctualité,Cuisine,Animaux acceptés",Traveler,Bonaberi
2964,Bertoua,"Conduite souple,Connectivité,Silence,Climatisation,Sièges inclinables,Cuisine,Langue parlée,Chauffeur expérimenté,Éclairage tamisé,Wi-Fi gratuit,Vue panoramique,Assistance bagages,Boisson gratuite,Navigation GPS,Ponctualité,Sport",Traveler,Mora
695,Bafang,"Conduite souple,Sport,Connectivité,Vue panoramique,Chauffeur expérimenté",Planner,Bogo
2892,Muyuka,"Boisson gratuite,Ponctualité",Planner,Maroua
2404,Mutengene,"Espace de rangement,Sièges inclinables,Sport,Wi-Fi gratuit,Conduite souple,Climatisation,Animaux acceptés,Musique,Chauffeur expérimenté,Conversation,Boisson gratuite,Langue parlée,Confort,Ambiance chaleureuse,Ponctualité,Silence,Cuisine,Connectivité",Traveler,Nkongsamba
3994,Bafia,"Vue panoramique,Animaux acceptés",Planner,Garoua
1729,Edéa,"Cuisine,Espace de rangement,Sport,Langue parlée,Silence,Wi-Fi gratuit,Musique,Conduite souple",Planner,Figuif
4103,Meiganga,"Assistance bagages,Boisson gratuite,Ambiance chaleureuse,Conversation,Ponctualité,Musique,Vue panoramique,Conduite souple,Animaux acceptés,Espace de rangement,Langue parlée,Sport,Chauffeur expérimenté,Sièges inclinables,Connectivité,Confort,Wi-Fi gratuit,Cuisine,Climatisation,Navigation GPS,Éclairage tamisé,Silence",Planner,Melong
1561,Limbe,"Animaux acceptés,Conversation",Planner,Boutours
4514,Bertoua,"Conversation,Confort",Traveler,Mokolo
2102,Garoua,"Sport,Espace de rangement,Assistance bagages,Conduite souple,Silence,Navigation GPS,Wi-Fi gratuit",Traveler,Bonakouamouang
2886,Campo,"Confort,Cuisine,Animaux acceptés,Vue panoramique,Ponctualité,Boisson gratuite,Connectivité,Langue parlée,Éclairage tamisé,Silence,Espace de rangement,Conduite souple,Climatisation,Chauffeur expérimenté,Conversation,Ambiance chaleureuse,Navigation GPS",Traveler,Bali
2938,Banga Bakundu,"Connectivité,Assistance bagages,Silence,Animaux acceptés,Langue parlée",Traveler,Messa
520,Guider,"Cuisine,Climatisation,Assistance bagages",Planner,Bali Nyonga
4172,Bonanjo,"Assistance bagages,Chauffeur expérimenté,Musique,Ponctualité,Connectivité,Climatisation,Langue parlée,Ambiance chaleureuse,Sport,Navigation GPS,Espace de rangement,Confort,Cuisine,Silence,Wi-Fi gratuit",Planner,Yaounde
4997,Bertoua,"Langue parlée,Espace de rangement,Conduite souple,Vue panoramique,Connectivité,Silence,Confort,Chauffeur expérimenté,Wi-Fi gratuit,Boisson gratuite,Musique,Éclairage tamisé,Sport,Climatisation,Ambiance chaleureuse,Ponctualité,Sièges inclinables,Navigation GPS,Cuisine,Animaux acceptés",Traveler,Bandjoun
4914,Yagoua,"Silence,Navigation GPS,Sièges inclinables,Ambiance chaleureuse,Confort,Vue panoramique,Sport,Espace de rangement",Traveler,Mbalmayo
2642,Essos,"Boisson gratuite,Cuisine,Confort",Planner,Bogo
1212,Bonaberi,"Boisson gratuite,Connectivité,Ambiance chaleureuse,Sport,Vue panoramique,Espace de rangement,Langue parlée,Animaux acceptés",Planner,Mora
2764,Bertoua,"Assistance bagages,Wi-Fi gratuit,Connectivité,Silence,Musique,Cuisine,Langue parlée,Vue panoramique,Confort,Ambiance chaleureuse,Éclairage tamisé,Espace de rangement,Conduite souple",Traveler,Bertoua
1,Loum,"Silence,Assistance bagages,Connectivité,Musique,Sièges inclinables,Langue parlée,Cuisine,Conversation,Climatisation,Wi-Fi gratuit,Confort,Animaux acceptés",Traveler,Bafoussam
3817,Muyuka,"Espace de rangement,Ambiance chaleureuse,Navigation GPS,Boisson gratuite,Musique,Wi-Fi gratuit,Climatisation,Animaux acceptés,Vue panoramique,Assistance bagages,Silence,Conversation",Traveler,Kousseri
1642,Muyuka,"Ponctualité,Éclairage tamisé,Silence,Espace de rangement,Chauffeur expérimenté,Navigation GPS,Ambiance chaleureuse,Climatisation,Confort,Animaux acceptés,Sièges inclinables,Boisson gratuite,Connectivité,Vue panoramique,Conversation,Musique,Conduite souple,Wi-Fi gratuit,Cuisine,Langue parlée",Planner,Buea
3022,Figuif,Assistance bagages,Planner,Bonanjo
1288,Kumba,"Cuisine,Vue panoramique,Assistance bagages,Navigation GPS,Confort,Silence,Conduite souple,Langue parlée,Musique,Sport,Conversation,Climatisation,Éclairage tamisé,Chauffeur expérimenté,Ponctualité,Connectivité,Sièges inclinables",Traveler,Mokolo
3546,Bamenda,"Climatisation,Conversation,Musique,Silence,Boisson gratuite,Chauffeur expérimenté,Sièges inclinables,Animaux acceptés,Connectivité,Navigation GPS,Sport,Assistance bagages,Confort,Ambiance chaleureuse,Vue panoramique,Wi-Fi gratuit,Éclairage tamisé,Cuisine,Langue parlée",Planner,Guider
2267,Campo,"Chauffeur expérimenté,Langue parlée,Conduite souple,Sport,Boisson gratuite,Climatisation,Confort,Animaux acceptés,Éclairage tamisé,Sièges inclinables,Connectivité,Navigation GPS,Assistance bagages,Silence,Espace de rangement",Planner,Melong
2239,Yaounde,"Cuisine,Sièges inclinables,Sport,Chauffeur expérimenté,Climatisation,Assistance bagages,Silence,Langue parlée,Connectivité,Confort,Navigation GPS,Animaux acceptés,Wi-Fi gratuit,Conduite souple,Espace de rangement,Ambiance chaleureuse,Ponctualité,Vue panoramique,Éclairage tamisé,Boisson gratuite",Traveler,Kousseri
483,Kousseri,"Ponctualité,Boisson gratuite,Langue parlée,Conduite souple,Éclairage tamisé,Musique,Ambiance chaleureuse,Cuisine,Conversation,Chauffeur expérimenté,Navigation GPS,Espace de rangement",Traveler,Mbalmayo
641,Garoua,"Assistance bagages,Sport,Confort,Ponctualité,Conversation,Wi-Fi gratuit,Espace de rangement,Ambiance chaleureuse,Langue parlée,Musique,Vue panoramique,Climatisation,Sièges inclinables",Planner,Bonanjo
4181,Bimbia,"Assistance bagages,Sport,Musique,Climatisation,Connectivité,Silence,Animaux acceptés",Traveler,Bertoua
4548,Gazawa,"Cuisine,Langue parlée,Wi-Fi gratuit,Conduite souple,Chauffeur expérimenté,Ambiance chaleureuse,Climatisation,Musique,Confort,Espace de rangement,Assistance bagages,Silence,Connectivité,Navigation GPS,Animaux acceptés,Sport,Conversation,Éclairage tamisé",Traveler,Bandjoun
4473,Douala,"Confort,Éclairage tamisé,Assistance bagages,Sièges inclinables,Wi-Fi gratuit,Climatisation,Navigation GPS,Ambiance chaleureuse,Sport,Musique,Cuisine,Conversation,Vue panoramique,Connectivité",Traveler,Gazawa
1224,Edéa,"Langue parlée,Ambiance chaleureuse,Chauffeur expérimenté,Sport,Connectivité,Musique,Ponctualité,Animaux acceptés,Sièges inclinables,Éclairage tamisé,Conversation,Navigation GPS,Espace de rangement,Assistance bagages,Silence,Vue panoramique,Boisson gratuite",Planner,Boutours
4339,Buea,"Sièges inclinables,Éclairage tamisé,Wi-Fi gratuit,Ambiance chaleureuse,Cuisine,Navigation GPS,Ponctualité",Planner,Belo
2360,Kousseri,"Assistance bagages,Connectivité,Ambiance chaleureuse,Wi-Fi gratuit,Ponctualité,Sport,Conversation",Traveler,Campo
1715,Buea,"Conversation,Conduite souple,Éclairage tamisé,Connectivité,Sport,Musique,Assistance bagages,Espace de rangement,Ambiance chaleureuse,Langue parlée,Vue panoramique,Climatisation,Boisson gratuite,Chauffeur expérimenté,Animaux acceptés,Ponctualité,Wi-Fi gratuit",Traveler,Nanga-Eboko
1736,Bafia,"Conduite souple,Cuisine",Planner,Maroua
2383,Bertoua,"Connectivité,Silence,Ponctualité,Assistance bagages,Chauffeur expérimenté,Boisson gratuite",Planner,Bonaberi
1018,Limbe,Langue parlée,Planner,Kribi
1087,Bertoua,"Assistance bagages,Espace de rangement,Silence,Chauffeur expérimenté,Vue panoramique,Sièges inclinables,Animaux acceptés,Cuisine,Climatisation,Ponctualité,Langue parlée,Confort,Ambiance chaleureuse",Traveler,Essos
4095,Mbanga,"Éclairage tamisé,Assistance bagages,Musique,Silence,Navigation GPS,Boisson gratuite",Traveler,Bonaberi
2757,Mora,"Langue parlée,Sport,Ambiance chaleureuse,Animaux acceptés,Climatisation,Connectivité,Cuisine",Planner,Batibo
888,Bali,"Cuisine,Wi-Fi gratuit,Chauffeur expérimenté,Confort,Éclairage tamisé,Vue panoramique,Espace de rangement,Silence,Assistance bagages,Langue parlée,Sièges inclinables,Conduite souple,Sport",Planner,Mbandjock
4059,Belo,"Connectivité,Ponctualité,Conversation,Animaux acceptés,Climatisation,Assistance bagages,Sièges inclinables,Vue panoramique,Espace de rangement,Confort,Langue parlée,Ambiance chaleureuse,Boisson gratuite,Sport,Navigation GPS,Cuisine,Chauffeur expérimenté,Musique",Planner,Yagoua
496,Bertoua,"Boisson gratuite,Sport,Silence,Navigation GPS,Animaux acceptés,Ambiance chaleureuse,Musique,Connectivité,Espace de rangement",Planner,Banga Bakundu
4396,Mutengene,"Éclairage tamisé,Connectivité,Boisson gratuite",Traveler,Guider
3980,Bafoussam,"Boisson gratuite,Animaux acceptés,Cuisine,Ambiance chaleureuse,Musique,Langue parlée,Assistance bagages",Traveler,Kribi
3538,Bertoua,"Langue parlée,Cuisine,Boisson gratuite,Conversation,Animaux acceptés,Confort,Éclairage tamisé,Ponctualité,Vue panoramique,Assistance bagages,Musique",Traveler,Banga Bakundu
2641,Bonamoussadi,"Wi-Fi gratuit,Connectivité,Ponctualité,Silence",Traveler,Bafoussam
3146,Fontem,"Confort,Chauffeur expérimenté,Boisson gratuite,Musique,Assistance bagages",Planner,Loum
4535,Mbanga,"Sièges inclinables,Climatisation,Cuisine,Navigation GPS,Conduite souple,Sport,Assistance bagages,Musique,Wi-Fi gratuit,Conversation,Silence,Boisson gratuite,Confort,Vue panoramique,Animaux acceptés,Éclairage tamisé,Chauffeur expérimenté,Langue parlée",Planner,Mbalmayo
4524,Melong,"Sièges inclinables,Vue panoramique",Traveler,Nkongsamba
3996,Mutengene,"Chauffeur expérimenté,Silence,Boisson gratuite",Traveler,Bertoua
4599,Batibo,"Assistance bagages,Silence",Planner,Mbouda
4122,Kribi,"Sièges inclinables,Ponctualité,Cuisine,Climatisation,Connectivité,Wi-Fi gratuit,Éclairage tamisé",Planner,Mbandjock
4472,Bafia,"Animaux acceptés,Boisson gratuite,Éclairage tamisé,Ambiance chaleureuse,Espace de rangement,Climatisation,Conduite souple",Planner,Gazawa
315,Bandjoun,"Boisson gratuite,Sièges inclinables,Silence,Confort,Ponctualité,Conversation,Vue panoramique,Connectivité,Navigation GPS,Climatisation,Ambiance chaleureuse",Planner,Bonabéri
843,Figuif,"Sièges inclinables,Éclairage tamisé,Vue panoramique,Conduite souple,Musique,Navigation GPS,Sport,Boisson gratuite,Animaux acceptés",Planner,Campo
2745,Dibombari,"Wi-Fi gratuit,Conduite souple,Espace de rangement,Ambiance chaleureuse,Navigation GPS,Boisson gratuite,Éclairage tamisé,Sport,Animaux acceptés,Sièges inclinables,Conversation,Climatisation,Cuisine,Langue parlée",Planner,Melong
2989,Bonamoussadi,Vue panoramique,Planner,Maroua
3999,Yaounde,"Climatisation,Cuisine,Confort,Musique,Boisson gratuite,Sport,Ponctualité,Animaux acceptés,Langue parlée,Connectivité,Espace de rangement,Conduite souple,Assistance bagages,Conversation,Silence,Vue panoramique,Sièges inclinables,Navigation GPS",Traveler,Garoua
3030,Mora,"Connectivité,Ambiance chaleureuse,Silence,Boisson gratuite,Sièges inclinables,Espace de rangement,Animaux acceptés,Confort,Climatisation,Sport,Éclairage tamisé,Ponctualité,Chauffeur expérimenté,Vue panoramique,Wi-Fi gratuit",Planner,Mutengene
1597,Kousseri,"Silence,Cuisine,Ambiance chaleureuse,Confort,Espace de rangement,Langue parlée,Chauffeur expérimenté,Sièges inclinables,Climatisation,Ponctualité,Sport,Animaux acceptés,Boisson gratuite,Conversation,Navigation GPS,Wi-Fi gratuit,Connectivité,Vue panoramique",Planner,Garoua
4201,Bonanjo,"Navigation GPS,Vue panoramique,Wi-Fi gratuit,Boisson gratuite,Musique,Cuisine,Conduite souple,Éclairage tamisé,Sport,Silence,Espace de rangement",Traveler,Bertoua
3276,Melong,Musique,Planner,Boutours
2645,Bonaberi,"Wi-Fi gratuit,Vue panoramique,Conduite souple,Boisson gratuite,Connectivité,Langue parlée,Éclairage tamisé,Espace de rangement,Confort,Assistance bagages,Chauffeur expérimenté,Silence,Conversation,Cuisine,Ponctualité",Planner,Bandjoun
460,Loum,"Climatisation,Conversation,Éclairage tamisé,Navigation GPS,Wi-Fi gratuit,Silence,Ponctualité,Vue panoramique",Traveler,Beti
2621,Bonaberi,"Espace de rangement,Vue panoramique,Navigation GPS,Conduite souple,Sièges inclinables,Ponctualité,Silence",Planner,Bandjoun
1869,Bonakouamouang,"Ambiance chaleureuse,Sièges inclinables,Connectivité",Traveler,Bali
3295,Mbouda,"Conduite souple,Ambiance chaleureuse,Connectivité,Boisson gratuite,Sport,Vue panoramique,Wi-Fi gratuit,Sièges inclinables,Conversation,Cuisine,Climatisation",Planner,Mutengene
2740,Bali,"Musique,Cuisine,Wi-Fi gratuit,Conversation,Conduite souple,Vue panoramique,Climatisation,Navigation GPS,Sport,Ponctualité,Silence,Sièges inclinables,Langue parlée,Ambiance chaleureuse,Chauffeur expérimenté,Éclairage tamisé",Planner,Nanga-Eboko
326,Fontem,"Éclairage tamisé,Conversation,Ponctualité,Climatisation,Sièges inclinables,Assistance bagages,Espace de rangement,Connectivité,Langue parlée,Wi-Fi gratuit",Traveler,Yaounde
2838,Nkongsamba,"Ambiance chaleureuse,Conduite souple,Espace de rangement,Éclairage tamisé,Boisson gratuite,Silence,Ponctualité,Vue panoramique,Navigation GPS,Wi-Fi gratuit,Sièges inclinables,Climatisation,Chauffeur expérimenté,Confort,Cuisine,Langue parlée",Planner,Messa
497,Bandjoun,"Animaux acceptés,Musique,Confort,Ponctualité,Silence,Wi-Fi gratuit,Navigation GPS",Traveler,Messa
1486,Mbandjock,"Vue panoramique,Musique,Ponctualité,Ambiance chaleureuse,Boisson gratuite,Climatisation,Wi-Fi gratuit,Connectivité,Conversation,Silence,Éclairage tamisé,Sport,Langue parlée,Chauffeur expérimenté,Conduite souple,Animaux acceptés,Cuisine,Sièges inclinables,Confort,Espace de rangement",Traveler,Bonakouamouang
3252,Bonakouamouang,"Chauffeur expérimenté,Silence,Assistance bagages,Confort,Wi-Fi gratuit,Climatisation,Éclairage tamisé,Vue panoramique,Ponctualité",Planner,Bamenda
4554,Messa,"Wi-Fi gratuit,Connectivité,Silence,Cuisine,Musique,Boisson gratuite,Ponctualité",Planner,Campo
2578,Mutengene,"Musique,Silence,Boisson gratuite,Ponctualité,Animaux acceptés,Sport,Navigation GPS,Confort,Ambiance chaleureuse,Éclairage tamisé,Assistance bagages,Vue panoramique,Chauffeur expérimenté,Climatisation,Espace de rangement,Connectivité,Conduite souple",Traveler,Nanga-Eboko
3956,Kumba,"Silence,Conduite souple,Chauffeur expérimenté,Conversation,Sièges inclinables,Confort,Climatisation,Wi-Fi gratuit,Sport,Musique,Langue parlée,Vue panoramique,Ambiance chaleureuse,Éclairage tamisé,Navigation GPS,Connectivité,Ponctualité,Assistance bagages",Planner,Mbandjock
3622,Buea,"Conduite souple,Sièges inclinables,Animaux acceptés,Assistance bagages,Wi-Fi gratuit,Cuisine,Connectivité,Ambiance chaleureuse,Vue panoramique,Conversation,Éclairage tamisé,Espace de rangement,Langue parlée,Confort,Musique",Traveler,Garoua
818,Meiganga,"Conduite souple,Wi-Fi gratuit,Connectivité,Ambiance chaleureuse,Sport,Confort",Planner,Belabo
4624,Bonamoussadi,"Connectivité,Ambiance chaleureuse,Vue panoramique",Planner,Messa
2558,Bonamoussadi,"Wi-Fi gratuit,Boisson gratuite,Conduite souple,Sport,Ponctualité,Ambiance chaleureuse,Musique,Navigation GPS,Cuisine,Animaux acceptés,Vue panoramique,Silence,Chauffeur expérimenté",Planner,Melong
3498,Bertoua,"Sport,Animaux acceptés,Navigation GPS,Silence,Langue parlée,Vue panoramique,Assistance bagages,Boisson gratuite,Ambiance chaleureuse,Chauffeur expérimenté,Wi-Fi gratuit,Musique,Conduite souple,Ponctualité,Connectivité,Éclairage tamisé,Sièges inclinables,Espace de rangement,Cuisine,Climatisation,Confort",Traveler,Buea
4074,Mbouda,"Sièges inclinables,Conversation,Boisson gratuite,Cuisine,Espace de rangement,Musique,Ambiance chaleureuse,Navigation GPS,Ponctualité,Sport",Planner,Bogo
4583,Douala,"Connectivité,Ponctualité,Cuisine,Sport,Confort",Planner,Dibombari
1456,Bogo,"Espace de rangement,Éclairage tamisé,Ponctualité,Connectivité,Conversation,Vue panoramique,Navigation GPS,Sport,Chauffeur expérimenté,Ambiance chaleureuse,Silence,Langue parlée,Boisson gratuite,Wi-Fi gratuit,Musique,Cuisine,Animaux acceptés",Planner,Buea
759,Bali,"Wi-Fi gratuit,Connectivité,Musique,Silence,Sport,Ponctualité,Langue parlée,Navigation GPS,Boisson gratuite,Espace de rangement,Cuisine,Vue panoramique,Sièges inclinables,Animaux acceptés,Climatisation,Confort,Conduite souple,Ambiance chaleureuse,Éclairage tamisé,Assistance bagages,Conversation",Planner,Bonaberi
616,Messa,"Assistance bagages,Conversation,Animaux acceptés,Silence,Espace de rangement,Navigation GPS,Ambiance chaleureuse,Boisson gratuite,Cuisine,Conduite souple,Confort,Éclairage tamisé,Chauffeur expérimenté,Langue parlée,Ponctualité,Sièges inclinables,Sport,Connectivité,Wi-Fi gratuit,Musique,Vue panoramique,Climatisation",Planner,Banga Bakundu
4327,Bali Nyonga,"Wi-Fi gratuit,Ambiance chaleureuse,Vue panoramique,Éclairage tamisé,Assistance bagages,Cuisine,Chauffeur expérimenté,Langue parlée,Silence,Boisson gratuite",Planner,Meiganga
766,Dibombari,"Espace de rangement,Ponctualité,Conduite souple",Traveler,Bamenda
2715,Mbandjock,"Navigation GPS,Éclairage tamisé,Sièges inclinables,Boisson gratuite,Espace de rangement,Assistance bagages,Ponctualité,Chauffeur expérimenté,Musique,Langue parlée,Sport,Climatisation,Conversation",Planner,Banga Bakundu
1080,Bafia,"Sport,Ambiance chaleureuse,Vue panoramique,Cuisine,Langue parlée,Sièges inclinables",Traveler,Gazawa
1584,Mokolo,"Vue panoramique,Silence,Éclairage tamisé,Conversation,Climatisation,Navigation GPS,Assistance bagages,Animaux acceptés,Espace de rangement,Sièges inclinables,Chauffeur expérimenté,Langue parlée,Ponctualité,Wi-Fi gratuit,Musique,Connectivité",Planner,Yaounde
1128,Bertoua,"Ponctualité,Animaux acceptés,Conversation,Ambiance chaleureuse,Conduite souple,Cuisine,Langue parlée,Sport,Chauffeur expérimenté,Wi-Fi gratuit,Assistance bagages,Éclairage tamisé,Sièges inclinables,Connectivité,Silence,Climatisation",Planner,Banga Bakundu
1038,Bertoua,"Ambiance chaleureuse,Connectivité,Ponctualité,Cuisine,Éclairage tamisé,Vue panoramique,Climatisation,Langue parlée,Conversation,Confort,Conduite souple,Espace de rangement,Animaux acceptés,Assistance bagages,Boisson gratuite,Silence",Planner,Gazawa
4265,Bertoua,"Cuisine,Éclairage tamisé,Ambiance chaleureuse,Chauffeur expérimenté,Silence",Traveler,Bafia
1122,Beti,"Conversation,Cuisine,Connectivité,Climatisation,Wi-Fi gratuit,Assistance bagages,Ambiance chaleureuse",Planner,Campo
1318,Kousseri,"Sport,Chauffeur expérimenté,Éclairage tamisé,Wi-Fi gratuit,Espace de rangement,Assistance bagages,Langue parlée,Vue panoramique,Ambiance chaleureuse,Connectivité,Sièges inclinables,Navigation GPS,Cuisine,Silence,Conversation,Ponctualité,Conduite souple",Traveler,Bonamoussadi
1315,Limbe,"Wi-Fi gratuit,Ambiance chaleureuse,Conduite souple,Ponctualité,Navigation GPS,Boisson gratuite,Confort,Sport,Éclairage tamisé,Chauffeur expérimenté",Traveler,Bafang
1508,Fontem,"Conversation,Ambiance chaleureuse,Assistance bagages",Traveler,Campo
3406,Nkongsamba,"Confort,Espace de rangement,Boisson gratuite,Musique,Assistance bagages,Sièges inclinables,Conduite souple,Animaux acceptés,Éclairage tamisé,Silence,Climatisation,Wi-Fi gratuit,Vue panoramique,Ponctualité,Chauffeur expérimenté,Ambiance chaleureuse,Langue parlée,Connectivité,Sport,Conversation,Navigation GPS,Cuisine",Traveler,Banga Bakundu
3014,Bandjoun,"Musique,Silence,Confort,Éclairage tamisé,Conduite souple,Sport,Navigation GPS,Wi-Fi gratuit,Espace de rangement,Climatisation",Traveler,Bandjoun
4574,Bali Nyonga,"Wi-Fi gratuit,Espace de rangement,Ambiance chaleureuse,Sport,Animaux acceptés,Sièges inclinables,Musique,Chauffeur expérimenté,Assistance bagages",Traveler,Edéa
240,Bafang,"Connectivité,Animaux acceptés,Espace de rangement,Silence,Assistance bagages,Chauffeur expérimenté,Confort,Climatisation",Planner,Edéa
100,Douala,"Silence,Vue panoramique,Sport,Langue parlée,Wi-Fi gratuit,Ponctualité,Espace de rangement",Planner,Banga Bakundu
169,Belo,"Ponctualité,Wi-Fi gratuit,Boisson gratuite,Ambiance chaleureuse,Éclairage tamisé,Confort,Conversation,Musique,Sport,Connectivité,Chauffeur expérimenté,Langue parlée,Assistance bagages,Conduite souple",Planner,Yagoua
2230,Essos,"Langue parlée,Silence,Vue panoramique,Climatisation,Éclairage tamisé,Connectivité,Boisson gratuite,Animaux acceptés,Assistance bagages",Traveler,Nkongsamba
4017,Kribi,"Conversation,Silence,Climatisation,Sièges inclinables,Sport,Conduite souple,Boisson gratuite,Langue parlée,Cuisine,Assistance bagages,Animaux acceptés,Ambiance chaleureuse",Traveler,Mbandjock
1078,Bonabéri,"Cuisine,Ponctualité,Sport,Navigation GPS,Climatisation,Assistance bagages,Conversation,Sièges inclinables,Musique,Langue parlée,Boisson gratuite,Espace de rangement,Wi-Fi gratuit,Vue panoramique,Silence,Éclairage tamisé,Ambiance chaleureuse,Confort",Traveler,Garoua
4155,Mokolo,"Espace de rangement,Éclairage tamisé,Ponctualité,Sièges inclinables,Confort,Ambiance chaleureuse",Planner,Nanga-Eboko
2598,Bonamoussadi,"Vue panoramique,Wi-Fi gratuit,Espace de rangement,Musique,Conversation,Confort,Cuisine,Conduite souple,Ambiance chaleureuse,Navigation GPS,Ponctualité,Animaux acceptés,Sport,Éclairage tamisé,Assistance bagages,Boisson gratuite,Silence,Langue parlée,Chauffeur expérimenté,Climatisation,Sièges inclinables",Planner,Kribi
4293,Bogo,"Vue panoramique,Confort,Navigation GPS,Conduite souple,Connectivité,Espace de rangement,Sport,Langue parlée,Éclairage tamisé,Ponctualité,Conversation,Silence,Sièges inclinables",Traveler,Bonabéri
2454,Essos,"Silence,Assistance bagages,Animaux acceptés,Boisson gratuite,Vue panoramique,Cuisine,Ambiance chaleureuse",Planner,Fontem
2621,Banga Bakundu,"Sièges inclinables,Chauffeur expérimenté,Navigation GPS,Conversation,Boisson gratuite,Musique,Éclairage tamisé,Langue parlée,Vue panoramique,Cuisine,Ambiance chaleureuse,Sport,Wi-Fi gratuit,Connectivité,Conduite souple,Ponctualité",Traveler,Yaounde
2400,Bafang,"Sport,Assistance bagages,Boisson gratuite,Ponctualité,Vue panoramique,Connectivité,Cuisine",Traveler,Guider
22,Melong,"Connectivité,Ambiance chaleureuse,Climatisation,Chauffeur expérimenté,Sièges inclinables,Silence,Éclairage tamisé,Boisson gratuite,Espace de rangement,Animaux acceptés,Musique,Assistance bagages,Sport,Confort,Conduite souple",Planner,Nanga-Eboko
836,Bafang,"Silence,Cuisine,Sport,Chauffeur expérimenté,Musique,Assistance bagages,Animaux acceptés,Espace de rangement,Conversation,Climatisation,Navigation GPS,Vue panoramique,Conduite souple",Traveler,Belabo
3163,Maroua,"Ambiance chaleureuse,Conversation,Espace de rangement,Vue panoramique,Chauffeur expérimenté,Sport,Connectivité,Climatisation,Confort,Musique,Animaux acceptés,Sièges inclinables,Langue parlée,Assistance bagages,Cuisine,Conduite souple",Traveler,Guider
3479,Meiganga,"Vue panoramique,Navigation GPS,Ambiance chaleureuse,Connectivité,Ponctualité,Sport,Conduite souple,Climatisation,Silence,Cuisine",Planner,Bonaberi
1777,Melong,"Langue parlée,Chauffeur expérimenté,Ambiance chaleureuse,Wi-Fi gratuit,Silence,Espace de rangement,Navigation GPS,Conduite souple,Confort,Cuisine,Animaux acceptés,Ponctualité,Climatisation",Planner,Mora
2536,Bandjoun,"Conduite souple,Espace de rangement,Ponctualité,Connectivité",Planner,Mokolo
2269,Garoua,"Navigation GPS,Langue parlée,Silence,Cuisine",Planner,Yagoua
3172,Guider,"Connectivité,Musique,Confort,Langue parlée,Wi-Fi gratuit,Espace de rangement,Sport,Sièges inclinables,Boisson gratuite,Navigation GPS,Conduite souple,Chauffeur expérimenté,Ambiance chaleureuse,Assistance bagages,Ponctualité,Animaux acceptés,Silence,Éclairage tamisé,Cuisine",Traveler,Fontem
1442,Bafia,"Boisson gratuite,Assistance bagages,Cuisine,Musique,Connectivité,Confort",Planner,Mbanga
3023,Campo,"Conversation,Sport,Navigation GPS,Climatisation,Wi-Fi gratuit,Silence,Langue parlée,Assistance bagages,Boisson gratuite,Vue panoramique,Sièges inclinables,Espace de rangement,Connectivité,Éclairage tamisé,Conduite souple,Animaux acceptés,Chauffeur expérimenté,Musique,Ponctualité,Confort",Traveler,Belabo
1537,Maroua,"Climatisation,Cuisine,Sièges inclinables,Espace de rangement,Musique,Connectivité,Vue panoramique,Assistance bagages,Boisson gratuite,Conversation,Sport,Chauffeur expérimenté,Confort,Langue parlée,Ambiance chaleureuse,Silence,Animaux acceptés",Planner,Bonamoussadi
2351,Nanga-Eboko,"Éclairage tamisé,Sport,Sièges inclinables,Cuisine,Musique,Animaux acceptés,Wi-Fi gratuit,Boisson gratuite,Navigation GPS,Connectivité,Espace de rangement,Confort,Langue parlée,Conversation",Traveler,Gazawa
1179,Bafoussam,"Conduite souple,Animaux acceptés,Ambiance chaleureuse,Confort,Connectivité,Sièges inclinables,Assistance bagages,Boisson gratuite",Planner,Douala
4675,Mbalmayo,"Musique,Cuisine,Vue panoramique,Climatisation,Espace de rangement,Connectivité,Boisson gratuite",Traveler,Buea
2933,Mbandjock,"Assistance bagages,Boisson gratuite,Navigation GPS,Climatisation,Musique,Animaux acceptés,Silence,Espace de rangement,Langue parlée,Confort,Ponctualité,Chauffeur expérimenté,Connectivité",Planner,Bandjoun
1985,Beti,"Connectivité,Conversation,Ponctualité,Boisson gratuite,Espace de rangement,Langue parlée,Cuisine,Sièges inclinables,Animaux acceptés,Assistance bagages,Confort,Sport,Vue panoramique,Chauffeur expérimenté,Silence,Navigation GPS,Ambiance chaleureuse,Wi-Fi gratuit",Traveler,Mbandjock
4080,Banga Bakundu,"Sièges inclinables,Espace de rangement,Connectivité,Navigation GPS",Traveler,Mora
2148,Melong,"Cuisine,Sièges inclinables,Langue parlée,Espace de rangement,Sport,Confort,Vue panoramique,Chauffeur expérimenté,Animaux acceptés,Éclairage tamisé,Conduite souple,Musique,Silence,Connectivité,Boisson gratuite,Climatisation,Ponctualité,Assistance bagages,Ambiance chaleureuse,Navigation GPS,Conversation",Traveler,Loum
1083,Bonanjo,"Connectivité,Ponctualité,Cuisine,Conduite souple,Vue panoramique,Climatisation,Animaux acceptés",Traveler,Garoua
935,Belabo,"Ponctualité,Navigation GPS,Connectivité",Traveler,Guider
4060,Campo,"Musique,Espace de rangement,Sièges inclinables,Climatisation,Boisson gratuite,Chauffeur expérimenté,Sport,Ponctualité,Vue panoramique",Planner,Boutours
4383,Mora,"Cuisine,Navigation GPS,Connectivité,Espace de rangement,Ambiance chaleureuse",Planner,Kousseri
1747,Bafoussam,"Sièges inclinables,Boisson gratuite,Connectivité,Ambiance chaleureuse,Cuisine,Confort,Langue parlée",Planner,Kribi
2105,Kribi,Confort,Planner,Mbouda
4700,Bonaberi,"Conversation,Connectivité,Ambiance chaleureuse,Langue parlée,Vue panoramique,Sièges inclinables,Assistance bagages,Cuisine",Traveler,Boutours
3993,Bali,"Musique,Sièges inclinables,Ponctualité,Langue parlée,Espace de rangement,Ambiance chaleureuse",Planner,Loum
4440,Kousseri,"Silence,Wi-Fi gratuit,Éclairage tamisé,Connectivité,Ambiance chaleureuse,Ponctualité,Navigation GPS,Boisson gratuite,Confort,Sièges inclinables,Climatisation,Espace de rangement,Conversation,Animaux acceptés,Cuisine,Sport,Vue panoramique,Chauffeur expérimenté",Planner,Gazawa
1637,Kousseri,"Confort,Wi-Fi gratuit,Connectivité,Ambiance chaleureuse,Sport,Cuisine,Boisson gratuite,Silence,Animaux acceptés,Navigation GPS,Éclairage tamisé",Planner,Belo
4747,Gazawa,"Boisson gratuite,Chauffeur expérimenté,Langue parlée,Navigation GPS,Confort,Conduite souple,Sport,Cuisine,Espace de rangement,Ambiance chaleureuse,Wi-Fi gratuit,Connectivité,Silence,Assistance bagages,Éclairage tamisé,Climatisation",Traveler,Mbandjock
3644,Douala,"Confort,Chauffeur expérimenté,Langue parlée,Vue panoramique,Musique,Climatisation,Sport,Conduite souple,Ponctualité,Éclairage tamisé,Boisson gratuite,Conversation,Connectivité,Cuisine,Ambiance chaleureuse,Sièges inclinables,Silence,Navigation GPS,Wi-Fi gratuit",Planner,Campo
4597,Melong,"Conduite souple,Animaux acceptés,Navigation GPS",Planner,Bandjoun
909,Banga Bakundu,"Espace de rangement,Chauffeur expérimenté,Confort,Musique,Ambiance chaleureuse,Assistance bagages,Climatisation,Ponctualité,Vue panoramique,Sport,Éclairage tamisé,Sièges inclinables,Wi-Fi gratuit,Animaux acceptés",Traveler,Bafoussam
2828,Bonaberi,"Éclairage tamisé,Connectivité,Animaux acceptés,Ambiance chaleureuse,Boisson gratuite,Ponctualité,Wi-Fi gratuit,Climatisation,Vue panoramique,Assistance bagages,Sièges inclinables,Silence,Navigation GPS,Sport,Cuisine,Musique,Confort,Conduite souple,Espace de rangement",Planner,Boutours
542,Beti,"Boisson gratuite,Navigation GPS,Ponctualité,Vue panoramique,Confort,Conduite souple,Cuisine,Sièges inclinables,Espace de rangement,Conversation,Wi-Fi gratuit,Connectivité,Éclairage tamisé,Silence,Musique,Langue parlée,Animaux acceptés",Traveler,Mbanga
1337,Batibo,"Vue panoramique,Silence,Confort,Conversation,Cuisine,Conduite souple,Climatisation,Navigation GPS,Sport,Musique,Ponctualité,Animaux acceptés,Langue parlée,Ambiance chaleureuse,Assistance bagages,Chauffeur expérimenté",Planner,Nanga-Eboko
3318,Mbanga,"Musique,Navigation GPS,Conduite souple,Ponctualité,Sièges inclinables,Animaux acceptés,Silence,Sport,Langue parlée,Ambiance chaleureuse",Traveler,Bali Nyonga
4777,Bafoussam,"Sièges inclinables,Assistance bagages,Espace de rangement,Sport,Climatisation,Animaux acceptés,Conversation,Éclairage tamisé,Langue parlée,Confort,Boisson gratuite,Conduite souple,Ambiance chaleureuse,Cuisine,Navigation GPS,Chauffeur expérimenté,Connectivité,Wi-Fi gratuit,Silence",Planner,Mbanga
4527,Buea,"Langue parlée,Conversation,Assistance bagages,Connectivité,Sport,Musique,Confort,Éclairage tamisé,Boisson gratuite,Climatisation,Ambiance chaleureuse,Navigation GPS,Sièges inclinables,Ponctualité,Wi-Fi gratuit,Silence",Traveler,Nanga-Eboko
2125,Mbalmayo,"Langue parlée,Silence,Animaux acceptés,Chauffeur expérimenté,Wi-Fi gratuit,Conduite souple,Navigation GPS,Connectivité,Cuisine,Vue panoramique,Boisson gratuite,Confort,Ambiance chaleureuse,Musique,Conversation,Sport,Éclairage tamisé",Planner,Kribi
3387,Dibombari,"Cuisine,Animaux acceptés,Boisson gratuite,Silence,Langue parlée,Connectivité,Éclairage tamisé,Espace de rangement,Musique,Navigation GPS,Wi-Fi gratuit,Ambiance chaleureuse,Assistance bagages,Confort,Ponctualité",Planner,Mutengene
4696,Kribi,"Conduite souple,Éclairage tamisé,Connectivité,Wi-Fi gratuit,Climatisation",Planner,Essos
3203,Maroua,"Animaux acceptés,Langue parlée,Wi-Fi gratuit,Musique,Sport,Conduite souple,Éclairage tamisé,Ambiance chaleureuse,Silence,Ponctualité,Sièges inclinables,Assistance bagages,Cuisine",Planner,Mutengene
4016,Essos,"Navigation GPS,Connectivité,Espace de rangement,Boisson gratuite,Musique,Conversation,Assistance bagages,Sport,Cuisine,Vue panoramique,Confort,Sièges inclinables,Éclairage tamisé,Silence,Wi-Fi gratuit,Conduite souple,Ambiance chaleureuse,Climatisation,Chauffeur expérimenté,Animaux acceptés",Traveler,Bonanjo
1055,Nkongsamba,"Silence,Espace de rangement,Confort,Sport,Cuisine,Connectivité,Wi-Fi gratuit,Sièges inclinables,Musique,Vue panoramique,Ponctualité,Conduite souple,Conversation,Langue parlée,Chauffeur expérimenté,Ambiance chaleureuse",Traveler,Beti
712,Belo,Confort,Traveler,Bamenda
2363,Bogo,"Navigation GPS,Boisson gratuite,Vue panoramique,Éclairage tamisé,Conversation,Silence,Ambiance chaleureuse,Animaux acceptés,Sièges inclinables,Musique,Ponctualité,Sport,Cuisine,Confort",Planner,Mbouda
2190,Belabo,"Climatisation,Wi-Fi gratuit,Connectivité,Musique",Traveler,Bonaberi
2403,Nanga-Eboko,"Animaux acceptés,Boisson gratuite,Climatisation,Navigation GPS",Planner,Mbanga
3971,Yagoua,"Climatisation,Espace de rangement,Wi-Fi gratuit,Langue parlée,Cuisine,Animaux acceptés,Sport,Musique,Sièges inclinables,Conduite souple,Ambiance chaleureuse,Boisson gratuite,Vue panoramique,Connectivité,Éclairage tamisé,Silence,Confort,Assistance bagages,Navigation GPS,Chauffeur expérimenté",Planner,Kribi
3358,Bamenda,"Sièges inclinables,Éclairage tamisé,Cuisine,Ambiance chaleureuse,Ponctualité,Musique,Espace de rangement,Assistance bagages,Animaux acceptés,Langue parlée,Connectivité,Climatisation,Conversation,Chauffeur expérimenté,Sport,Confort,Vue panoramique,Wi-Fi gratuit,Conduite souple,Silence,Navigation GPS,Boisson gratuite",Planner,Muyuka
4243,Batibo,"Ambiance chaleureuse,Wi-Fi gratuit",Traveler,Mutengene
867,Maroua,"Wi-Fi gratuit,Vue panoramique,Climatisation,Conduite souple,Silence,Musique",Traveler,Bertoua
3678,Buea,"Chauffeur expérimenté,Vue panoramique,Wi-Fi gratuit,Boisson gratuite,Confort,Musique,Espace de rangement,Éclairage tamisé,Connectivité,Sièges inclinables,Langue parlée,Silence,Assistance bagages",Traveler,Bonabéri
4985,Bonakouamouang,"Éclairage tamisé,Conversation,Chauffeur expérimenté,Connectivité,Wi-Fi gratuit,Musique,Vue panoramique,Espace de rangement,Sport,Navigation GPS,Animaux acceptés,Ambiance chaleureuse",Planner,Mbouda
3752,Bafia,"Connectivité,Ponctualité,Confort,Boisson gratuite,Climatisation,Cuisine,Wi-Fi gratuit,Conduite souple,Silence,Espace de rangement,Chauffeur expérimenté,Musique,Conversation",Traveler,Boutours
2136,Bonabéri,"Conversation,Connectivité,Ponctualité,Navigation GPS,Boisson gratuite,Animaux acceptés,Sièges inclinables,Assistance bagages,Ambiance chaleureuse,Sport,Langue parlée,Conduite souple,Espace de rangement,Silence,Musique",Traveler,Mbandjock
757,Mbanga,"Conduite souple,Vue panoramique,Boisson gratuite,Animaux acceptés,Espace de rangement,Assistance bagages,Cuisine",Planner,Kousseri
2673,Douala,"Ambiance chaleureuse,Espace de rangement",Traveler,Buea
222,Bali Nyonga,"Cuisine,Ambiance chaleureuse,Sport,Vue panoramique,Climatisation,Connectivité,Conduite souple,Conversation,Wi-Fi gratuit,Langue parlée,Navigation GPS,Boisson gratuite,Éclairage tamisé,Animaux acceptés",Planner,Figuif
4391,Mora,"Boisson gratuite,Vue panoramique,Connectivité,Ambiance chaleureuse,Cuisine,Climatisation",Traveler,Meiganga
1682,Guider,"Sièges inclinables,Connectivité,Chauffeur expérimenté,Éclairage tamisé,Silence,Climatisation,Boisson gratuite,Assistance bagages,Confort,Sport,Wi-Fi gratuit",Traveler,Bafoussam
682,Gazawa,"Silence,Ponctualité,Navigation GPS,Éclairage tamisé,Vue panoramique,Musique,Conversation,Conduite souple,Animaux acceptés,Sport,Langue parlée,Wi-Fi gratuit,Cuisine,Confort,Assistance bagages,Sièges inclinables,Connectivité,Climatisation,Espace de rangement,Ambiance chaleureuse,Boisson gratuite",Planner,Maroua
4138,Belabo,"Vue panoramique,Ambiance chaleureuse,Conduite souple,Confort,Chauffeur expérimenté,Wi-Fi gratuit,Animaux acceptés,Connectivité,Climatisation,Sport,Éclairage tamisé,Silence,Conversation,Espace de rangement,Cuisine,Sièges inclinables,Langue parlée,Ponctualité,Boisson gratuite",Planner,Fontem
1305,Bogo,"Ambiance chaleureuse,Climatisation,Connectivité,Boisson gratuite,Conversation,Musique,Silence,Conduite souple,Assistance bagages,Chauffeur expérimenté,Espace de rangement,Cuisine,Wi-Fi gratuit",Traveler,Bamenda
1186,Kumba,"Vue panoramique,Navigation GPS,Ponctualité,Animaux acceptés,Sport,Boisson gratuite,Ambiance chaleureuse,Assistance bagages,Espace de rangement,Conduite souple,Musique,Connectivité,Cuisine,Confort,Éclairage tamisé",Planner,Bonakouamouang
4210,Beti,"Chauffeur expérimenté,Éclairage tamisé,Assistance bagages,Ponctualité",Traveler,Bonakouamouang
2530,Kumba,"Animaux acceptés,Sièges inclinables,Langue parlée,Silence,Navigation GPS,Conversation,Espace de rangement",Traveler,Loum
212,Mbalmayo,"Conversation,Chauffeur expérimenté,Vue panoramique,Animaux acceptés,Assistance bagages,Confort,Sièges inclinables,Cuisine,Ponctualité,Wi-Fi gratuit,Sport,Silence,Espace de rangement,Boisson gratuite",Planner,Batibo
3493,Bali,"Ponctualité,Chauffeur expérimenté,Espace de rangement,Langue parlée,Connectivité,Confort,Ambiance chaleureuse,Boisson gratuite",Planner,Melong
935,Campo,"Assistance bagages,Sièges inclinables,Conversation,Sport,Ponctualité,Ambiance chaleureuse,Conduite souple,Wi-Fi gratuit,Silence,Chauffeur expérimenté,Animaux acceptés,Climatisation,Navigation GPS,Vue panoramique",Traveler,Campo
3720,Mokolo,"Conduite souple,Assistance bagages,Conversation,Navigation GPS,Ponctualité,Chauffeur expérimenté,Sièges inclinables,Climatisation,Éclairage tamisé,Ambiance chaleureuse,Animaux acceptés,Confort,Musique",Traveler,Bogo
1009,Dibombari,"Confort,Silence,Ponctualité,Wi-Fi gratuit,Éclairage tamisé,Chauffeur expérimenté,Navigation GPS,Sport,Conversation,Musique,Animaux acceptés,Conduite souple",Planner,Nkongsamba
2107,Limbe,"Ponctualité,Vue panoramique,Éclairage tamisé,Climatisation,Espace de rangement,Confort,Assistance bagages,Sport,Cuisine,Langue parlée,Animaux acceptés,Silence,Navigation GPS,Sièges inclinables",Traveler,Mbandjock
3044,Mutengene,"Cuisine,Conversation,Animaux acceptés,Boisson gratuite,Navigation GPS,Wi-Fi gratuit,Confort,Ponctualité,Musique,Ambiance chaleureuse,Sièges inclinables,Assistance bagages,Éclairage tamisé,Espace de rangement,Silence,Chauffeur expérimenté,Sport,Langue parlée",Planner,Maroua
1640,Fontem,"Sièges inclinables,Musique,Conduite souple,Sport",Traveler,Bafia
3240,Kousseri,"Espace de rangement,Confort,Wi-Fi gratuit,Animaux acceptés,Éclairage tamisé,Cuisine,Ponctualité,Langue parlée",Planner,Bonanjo
4957,Boutours,"Langue parlée,Musique,Conversation,Conduite souple,Animaux acceptés,Vue panoramique,Navigation GPS,Silence,Boisson gratuite,Chauffeur expérimenté,Connectivité,Assistance bagages,Climatisation,Espace de rangement,Cuisine,Ponctualité,Sièges inclinables,Éclairage tamisé,Confort",Traveler,Kribi
4012,Bamenda,"Espace de rangement,Navigation GPS,Conduite souple,Wi-Fi gratuit,Animaux acceptés,Conversation",Planner,Essos
3862,Fontem,"Espace de rangement,Climatisation,Boisson gratuite,Éclairage tamisé,Vue panoramique,Chauffeur expérimenté,Sport,Musique,Langue parlée,Animaux acceptés,Sièges inclinables,Assistance bagages,Cuisine,Ambiance chaleureuse,Conversation,Ponctualité,Confort,Conduite souple,Navigation GPS",Traveler,Boutours
2981,Kumba,"Chauffeur expérimenté,Conduite souple,Ponctualité,Animaux acceptés,Musique,Confort,Boisson gratuite,Vue panoramique,Sièges inclinables,Silence,Ambiance chaleureuse,Connectivité,Climatisation,Wi-Fi gratuit,Éclairage tamisé,Assistance bagages,Langue parlée",Planner,Messa
1939,Belabo,"Boisson gratuite,Vue panoramique",Planner,Buea
1755,Bertoua,"Vue panoramique,Navigation GPS,Connectivité,Espace de rangement,Assistance bagages,Ambiance chaleureuse,Animaux acceptés,Conversation,Confort",Planner,Boutours
1641,Belabo,"Musique,Climatisation,Éclairage tamisé,Animaux acceptés,Ambiance chaleureuse,Vue panoramique,Sièges inclinables,Sport,Espace de rangement,Cuisine,Confort,Conduite souple,Ponctualité,Navigation GPS,Conversation,Langue parlée,Silence",Planner,Bonanjo
2396,Mora,"Conversation,Climatisation,Ambiance chaleureuse,Silence,Confort,Musique,Chauffeur expérimenté,Cuisine,Langue parlée,Éclairage tamisé,Sièges inclinables,Conduite souple,Ponctualité,Vue panoramique,Espace de rangement,Animaux acceptés,Connectivité,Sport,Assistance bagages",Planner,Meiganga
2517,Batibo,"Chauffeur expérimenté,Sport,Confort,Boisson gratuite,Connectivité,Animaux acceptés",Planner,Gazawa
174,Kousseri,"Silence,Chauffeur expérimenté,Wi-Fi gratuit,Sport,Vue panoramique,Langue parlée,Animaux acceptés,Climatisation,Éclairage tamisé,Conversation,Confort,Boisson gratuite,Conduite souple,Assistance bagages,Cuisine,Ambiance chaleureuse,Espace de rangement,Musique,Navigation GPS,Ponctualité,Sièges inclinables,Connectivité",Planner,Campo
985,Bertoua,"Conduite souple,Ambiance chaleureuse,Ponctualité,Navigation GPS",Traveler,Bonamoussadi
2924,Belabo,"Confort,Ponctualité,Musique,Sièges inclinables,Espace de rangement,Vue panoramique,Animaux acceptés,Climatisation,Boisson gratuite",Traveler,Guider
2321,Banga Bakundu,"Animaux acceptés,Cuisine,Chauffeur expérimenté,Boisson gratuite,Espace de rangement,Navigation GPS,Éclairage tamisé,Ponctualité,Vue panoramique,Langue parlée,Silence,Wi-Fi gratuit,Musique,Confort,Conduite souple,Assistance bagages,Ambiance chaleureuse,Sport",Traveler,Bali
4286,Mora,"Vue panoramique,Langue parlée,Ponctualité,Cuisine,Climatisation",Traveler,Mutengene
4412,Boutours,"Climatisation,Conduite souple,Silence,Connectivité,Sièges inclinables,Musique,Vue panoramique",Traveler,Mutengene
2122,Muyuka,"Sport,Conversation,Éclairage tamisé,Confort,Ponctualité",Planner,Mbouda
2405,Yagoua,"Conduite souple,Wi-Fi gratuit,Sièges inclinables,Ponctualité,Connectivité,Navigation GPS,Sport,Confort,Silence,Espace de rangement",Traveler,Bafia
4143,Batibo,"Wi-Fi gratuit,Sport,Confort,Sièges inclinables,Éclairage tamisé,Chauffeur expérimenté,Espace de rangement,Connectivité",Planner,Bonakouamouang
1210,Bimbia,"Chauffeur expérimenté,Vue panoramique,Animaux acceptés,Conduite souple,Confort,Conversation,Cuisine,Ambiance chaleureuse,Ponctualité,Silence,Espace de rangement,Sport,Assistance bagages,Navigation GPS,Connectivité,Boisson gratuite,Éclairage tamisé",Planner,Bonabéri
1052,Yagoua,"Silence,Sièges inclinables,Navigation GPS,Sport,Chauffeur expérimenté,Animaux acceptés,Ambiance chaleureuse,Conversation,Musique,Éclairage tamisé,Boisson gratuite,Connectivité,Espace de rangement,Wi-Fi gratuit,Ponctualité,Langue parlée,Cuisine,Climatisation",Traveler,Kribi
440,Bonakouamouang,"Assistance bagages,Confort,Boisson gratuite,Connectivité,Animaux acceptés,Musique,Ponctualité,Silence",Traveler,Dibombari
166,Mbandjock,"Sièges inclinables,Ambiance chaleureuse,Vue panoramique",Traveler,Boutours
219,Melong,"Éclairage tamisé,Assistance bagages,Conversation,Espace de rangement,Navigation GPS,Silence,Ambiance chaleureuse,Sport,Chauffeur expérimenté,Climatisation",Planner,Bertoua
2433,Meiganga,"Conduite souple,Confort,Ponctualité,Vue panoramique,Climatisation",Traveler,Banga Bakundu
4533,Bonabéri,"Ambiance chaleureuse,Conduite souple,Boisson gratuite,Animaux acceptés,Langue parlée,Wi-Fi gratuit,Cuisine,Éclairage tamisé,Vue panoramique,Assistance bagages,Navigation GPS,Sièges inclinables,Conversation",Traveler,Bonakouamouang
835,Mora,"Climatisation,Navigation GPS,Silence,Éclairage tamisé,Chauffeur expérimenté,Connectivité,Ponctualité,Cuisine,Conversation,Ambiance chaleureuse,Vue panoramique,Langue parlée,Sièges inclinables",Planner,Garoua
1536,Mokolo,"Wi-Fi gratuit,Ambiance chaleureuse,Boisson gratuite,Espace de rangement,Éclairage tamisé,Conversation,Navigation GPS,Vue panoramique,Chauffeur expérimenté,Langue parlée,Silence",Planner,Mbouda
2243,Kousseri,Vue panoramique,Traveler,Gazawa
4120,Bandjoun,"Connectivité,Ponctualité,Assistance bagages,Navigation GPS,Conversation,Silence",Traveler,Bafoussam
21,Edéa,"Cuisine,Animaux acceptés,Vue panoramique,Navigation GPS,Boisson gratuite",Planner,Bonamoussadi
4436,Mutengene,"Assistance bagages,Cuisine,Boisson gratuite,Ponctualité,Conversation,Ambiance chaleureuse,Animaux acceptés,Silence,Confort,Sport,Vue panoramique,Sièges inclinables,Connectivité,Langue parlée,Wi-Fi gratuit,Éclairage tamisé,Musique,Espace de rangement,Climatisation",Planner,Bonanjo
573,Loum,"Connectivité,Ponctualité,Wi-Fi gratuit,Sièges inclinables,Langue parlée,Musique,Vue panoramique,Assistance bagages,Boisson gratuite,Sport,Conduite souple,Conversation,Climatisation,Espace de rangement,Confort,Animaux acceptés,Éclairage tamisé,Cuisine",Traveler,Muyuka
2163,Yagoua,"Éclairage tamisé,Navigation GPS,Silence,Climatisation,Sièges inclinables,Chauffeur expérimenté,Ambiance chaleureuse,Sport,Conduite souple,Ponctualité,Boisson gratuite,Musique,Conversation",Planner,Bonanjo
2436,Belo,"Éclairage tamisé,Climatisation",Traveler,Bonabéri
4941,Mbanga,"Musique,Wi-Fi gratuit,Langue parlée,Conduite souple,Animaux acceptés,Silence,Confort,Sport,Sièges inclinables,Connectivité,Assistance bagages,Éclairage tamisé,Ponctualité,Ambiance chaleureuse,Navigation GPS,Cuisine,Climatisation,Chauffeur expérimenté,Boisson gratuite,Conversation,Espace de rangement,Vue panoramique",Traveler,Mbandjock
3991,Maroua,"Vue panoramique,Espace de rangement,Confort,Wi-Fi gratuit,Navigation GPS,Ambiance chaleureuse,Connectivité,Ponctualité,Conversation,Climatisation,Silence,Animaux acceptés,Conduite souple,Boisson gratuite,Sièges inclinables",Planner,Garoua
2158,Beti,"Animaux acceptés,Espace de rangement,Ambiance chaleureuse,Vue panoramique",Planner,Mokolo
3200,Bonabéri,"Musique,Animaux acceptés,Wi-Fi gratuit,Ponctualité,Confort,Climatisation,Langue parlée,Conversation,Silence,Connectivité,Éclairage tamisé,Vue panoramique,Navigation GPS,Boisson gratuite,Cuisine,Ambiance chaleureuse,Chauffeur expérimenté,Assistance bagages,Espace de rangement,Sport,Sièges inclinables,Conduite souple",Traveler,Nanga-Eboko
4423,Guider,"Sport,Éclairage tamisé,Assistance bagages,Confort,Cuisine,Connectivité",Traveler,Kribi
3985,Maroua,"Langue parlée,Cuisine,Conduite souple,Wi-Fi gratuit,Musique,Ponctualité,Silence,Conversation,Éclairage tamisé",Traveler,Beti
3514,Mbalmayo,"Wi-Fi gratuit,Ponctualité,Animaux acceptés,Climatisation,Vue panoramique,Sièges inclinables,Assistance bagages",Planner,Yagoua
2806,Buea,"Conversation,Chauffeur expérimenté,Connectivité,Silence,Ambiance chaleureuse,Ponctualité,Espace de rangement,Langue parlée,Musique,Wi-Fi gratuit,Sièges inclinables,Cuisine,Conduite souple,Navigation GPS,Assistance bagages,Vue panoramique,Boisson gratuite,Confort,Animaux acceptés,Climatisation,Sport,Éclairage tamisé",Traveler,Mbalmayo
4382,Douala,"Conduite souple,Navigation GPS,Chauffeur expérimenté,Connectivité,Wi-Fi gratuit,Climatisation,Musique,Conversation,Boisson gratuite,Sport,Espace de rangement,Silence,Assistance bagages,Langue parlée,Animaux acceptés,Éclairage tamisé,Cuisine,Sièges inclinables,Confort",Planner,Bogo
1020,Mbanga,"Langue parlée,Sport,Musique,Ambiance chaleureuse,Silence,Vue panoramique,Ponctualité,Espace de rangement,Navigation GPS,Climatisation,Wi-Fi gratuit,Conversation,Sièges inclinables",Traveler,Fontem
636,Buea,"Silence,Boisson gratuite,Confort,Éclairage tamisé,Musique,Wi-Fi gratuit,Animaux acceptés,Assistance bagages,Sport,Espace de rangement,Navigation GPS,Cuisine,Ponctualité",Planner,Bafia
1828,Banga Bakundu,"Navigation GPS,Espace de rangement,Silence,Ambiance chaleureuse,Sport,Animaux acceptés,Connectivité,Chauffeur expérimenté,Assistance bagages",Traveler,Batibo
1381,Edéa,"Confort,Assistance bagages,Éclairage tamisé,Chauffeur expérimenté,Vue panoramique,Sport,Connectivité,Sièges inclinables,Conduite souple,Ponctualité,Boisson gratuite,Espace de rangement,Cuisine,Silence,Musique,Animaux acceptés,Conversation,Wi-Fi gratuit,Navigation GPS,Langue parlée",Traveler,Mbouda
4097,Nanga-Eboko,"Assistance bagages,Confort,Animaux acceptés",Traveler,Kousseri
3679,Dibombari,"Wi-Fi gratuit,Espace de rangement,Sport,Assistance bagages,Cuisine,Confort,Sièges inclinables,Connectivité,Conversation,Navigation GPS,Climatisation,Silence,Musique,Chauffeur expérimenté,Vue panoramique,Conduite souple,Ambiance chaleureuse",Traveler,Bonaberi
3021,Buea,"Éclairage tamisé,Boisson gratuite,Vue panoramique,Connectivité,Ambiance chaleureuse,Confort,Conduite souple,Sport,Conversation,Sièges inclinables,Climatisation,Musique,Cuisine,Espace de rangement,Assistance bagages,Silence,Chauffeur expérimenté,Langue parlée,Navigation GPS,Animaux acceptés,Ponctualité,Wi-Fi gratuit",Traveler,Bertoua
2878,Kumba,"Navigation GPS,Chauffeur expérimenté,Boisson gratuite,Ambiance chaleureuse,Wi-Fi gratuit,Confort,Animaux acceptés,Éclairage tamisé,Cuisine,Conduite souple,Ponctualité,Musique,Espace de rangement",Planner,Edéa
1435,Nkongsamba,"Climatisation,Conduite souple,Assistance bagages,Conversation,Ambiance chaleureuse,Silence,Connectivité,Boisson gratuite,Musique",Traveler,Kumba
122,Belo,"Wi-Fi gratuit,Sièges inclinables,Éclairage tamisé,Navigation GPS,Conduite souple,Cuisine,Ponctualité,Assistance bagages,Chauffeur expérimenté,Boisson gratuite,Animaux acceptés,Espace de rangement,Musique,Connectivité,Silence,Sport,Climatisation,Conversation,Vue panoramique,Ambiance chaleureuse,Confort",Planner,Bogo
4783,Bafoussam,"Boisson gratuite,Connectivité,Climatisation,Cuisine,Vue panoramique,Éclairage tamisé,Espace de rangement,Wi-Fi gratuit,Ponctualité,Ambiance chaleureuse,Confort,Sièges inclinables,Animaux acceptés,Sport,Navigation GPS,Musique,Langue parlée,Assistance bagages",Planner,Bafia
1154,Bertoua,Conduite souple,Traveler,Gazawa
4757,Boutours,Langue parlée,Planner,Gazawa
507,Mbouda,"Espace de rangement,Conversation,Silence,Sport,Ambiance chaleureuse,Vue panoramique,Éclairage tamisé,Confort,Navigation GPS,Connectivité,Chauffeur expérimenté,Climatisation,Langue parlée,Animaux acceptés,Boisson gratuite,Cuisine",Planner,Batibo
1539,Nkongsamba,"Langue parlée,Vue panoramique,Animaux acceptés,Silence,Assistance bagages,Ponctualité,Musique,Confort,Conversation,Sièges inclinables,Sport,Climatisation,Éclairage tamisé,Connectivité,Ambiance chaleureuse,Navigation GPS,Espace de rangement,Chauffeur expérimenté,Boisson gratuite,Cuisine",Planner,Batibo
468,Fontem,"Ponctualité,Cuisine,Éclairage tamisé,Assistance bagages,Chauffeur expérimenté,Silence,Musique,Wi-Fi gratuit,Langue parlée,Boisson gratuite,Animaux acceptés,Ambiance chaleureuse,Vue panoramique",Planner,Kumba
1997,Loum,"Éclairage tamisé,Sport,Animaux acceptés,Boisson gratuite,Conversation,Ponctualité,Espace de rangement,Silence,Climatisation,Navigation GPS,Musique,Ambiance chaleureuse,Assistance bagages,Sièges inclinables,Confort,Wi-Fi gratuit,Cuisine",Planner,Beti
1767,Limbe,"Ambiance chaleureuse,Connectivité,Espace de rangement,Éclairage tamisé,Boisson gratuite,Conduite souple,Navigation GPS,Ponctualité,Vue panoramique,Sport",Traveler,Banga Bakundu
1326,Dibombari,"Boisson gratuite,Connectivité,Conversation,Sport,Wi-Fi gratuit,Ponctualité,Assistance bagages,Musique,Ambiance chaleureuse,Animaux acceptés,Silence,Sièges inclinables,Conduite souple,Confort,Cuisine,Chauffeur expérimenté,Climatisation,Éclairage tamisé,Navigation GPS,Vue panoramique,Langue parlée,Espace de rangement",Planner,Batibo
2224,Kumba,"Éclairage tamisé,Assistance bagages,Langue parlée,Sièges inclinables,Silence,Ambiance chaleureuse,Cuisine,Animaux acceptés,Ponctualité,Conversation,Espace de rangement,Wi-Fi gratuit,Boisson gratuite,Vue panoramique",Planner,Guider
455,Dibombari,"Sport,Cuisine,Assistance bagages,Langue parlée,Espace de rangement,Silence,Animaux acceptés,Vue panoramique,Confort,Climatisation,Navigation GPS,Wi-Fi gratuit,Musique,Ponctualité,Chauffeur expérimenté,Conversation,Conduite souple,Connectivité,Sièges inclinables,Ambiance chaleureuse,Éclairage tamisé",Planner,Bonamoussadi
4148,Bimbia,"Conversation,Sport,Silence,Chauffeur expérimenté",Traveler,Bertoua
3762,Mokolo,"Boisson gratuite,Ponctualité,Wi-Fi gratuit,Vue panoramique,Confort,Conversation,Chauffeur expérimenté,Ambiance chaleureuse,Cuisine,Sièges inclinables,Animaux acceptés,Climatisation,Éclairage tamisé,Silence,Connectivité",Planner,Dibombari
968,Bonakouamouang,"Sport,Wi-Fi gratuit,Climatisation,Éclairage tamisé,Conversation,Animaux acceptés,Espace de rangement,Connectivité,Cuisine",Traveler,Boutours
1191,Meiganga,"Navigation GPS,Langue parlée,Ambiance chaleureuse,Conversation,Silence,Assistance bagages,Vue panoramique,Climatisation,Chauffeur expérimenté,Musique,Sport,Sièges inclinables,Animaux acceptés,Éclairage tamisé,Cuisine,Wi-Fi gratuit",Planner,Mbalmayo
4818,Mutengene,"Conversation,Ponctualité,Confort,Connectivité,Ambiance chaleureuse,Cuisine,Navigation GPS,Sièges inclinables,Climatisation,Animaux acceptés,Conduite souple,Sport,Vue panoramique,Espace de rangement,Silence",Traveler,Guider
2371,Kousseri,"Wi-Fi gratuit,Assistance bagages,Conduite souple,Cuisine,Langue parlée,Sièges inclinables,Éclairage tamisé,Animaux acceptés,Sport,Ambiance chaleureuse",Planner,Bafang
1880,Buea,"Animaux acceptés,Sport",Traveler,Boutours
2134,Dibombari,"Ponctualité,Conduite souple",Traveler,Mbalmayo
4960,Mokolo,"Chauffeur expérimenté,Espace de rangement,Silence,Assistance bagages,Langue parlée,Cuisine,Wi-Fi gratuit,Confort,Ambiance chaleureuse,Boisson gratuite,Éclairage tamisé,Vue panoramique,Navigation GPS,Ponctualité,Conversation,Conduite souple,Sièges inclinables,Musique",Traveler,Garoua
2718,Yaounde,"Confort,Sièges inclinables,Animaux acceptés,Vue panoramique,Cuisine,Boisson gratuite,Navigation GPS,Espace de rangement,Éclairage tamisé,Wi-Fi gratuit,Connectivité,Langue parlée,Climatisation,Assistance bagages,Chauffeur expérimenté,Musique,Ambiance chaleureuse,Sport,Ponctualité",Planner,Bogo
868,Essos,"Ambiance chaleureuse,Connectivité,Conversation,Wi-Fi gratuit,Assistance bagages,Sièges inclinables,Silence,Confort,Langue parlée,Cuisine,Musique,Climatisation,Ponctualité,Animaux acceptés,Navigation GPS,Sport,Boisson gratuite,Chauffeur expérimenté,Éclairage tamisé",Planner,Fontem
778,Belabo,"Espace de rangement,Sport,Ambiance chaleureuse,Éclairage tamisé,Cuisine,Vue panoramique,Navigation GPS,Silence,Conversation,Ponctualité,Conduite souple,Climatisation",Traveler,Dibombari
2631,Nkongsamba,"Conversation,Boisson gratuite",Traveler,Maroua
1560,Guider,"Espace de rangement,Vue panoramique,Wi-Fi gratuit,Ambiance chaleureuse,Animaux acceptés,Conduite souple,Ponctualité",Planner,Essos
821,Garoua,"Climatisation,Vue panoramique,Conduite souple,Navigation GPS,Éclairage tamisé,Connectivité,Animaux acceptés,Boisson gratuite,Cuisine",Planner,Bertoua
48,Mbalmayo,"Vue panoramique,Cuisine,Langue parlée,Navigation GPS,Sport,Assistance bagages,Ambiance chaleureuse,Wi-Fi gratuit,Climatisation,Silence,Espace de rangement,Confort,Boisson gratuite,Conversation,Conduite souple,Chauffeur expérimenté,Musique,Ponctualité,Connectivité,Animaux acceptés,Sièges inclinables,Éclairage tamisé",Planner,Kumba
2059,Bonabéri,"Boisson gratuite,Conversation,Espace de rangement,Climatisation,Ambiance chaleureuse,Animaux acceptés,Confort",Planner,Muyuka
4013,Edéa,"Silence,Sièges inclinables,Cuisine,Ponctualité,Conduite souple,Musique,Climatisation,Sport,Assistance bagages,Animaux acceptés,Espace de rangement,Ambiance chaleureuse,Éclairage tamisé",Traveler,Campo
1374,Belabo,"Espace de rangement,Connectivité,Musique,Chauffeur expérimenté,Wi-Fi gratuit,Ambiance chaleureuse,Confort,Navigation GPS,Conversation,Conduite souple,Vue panoramique,Langue parlée,Silence,Climatisation,Cuisine,Assistance bagages,Boisson gratuite,Sport,Animaux acceptés,Éclairage tamisé,Sièges inclinables",Planner,Mokolo
2098,Banga Bakundu,"Wi-Fi gratuit,Connectivité,Musique,Éclairage tamisé,Assistance bagages",Planner,Boutours
3775,Guider,"Langue parlée,Connectivité,Animaux acceptés,Navigation GPS,Ambiance chaleureuse,Espace de rangement,Musique,Sièges inclinables,Ponctualité,Éclairage tamisé,Climatisation,Cuisine,Assistance bagages,Conversation",Traveler,Bali
2786,Buea,"Wi-Fi gratuit,Vue panoramique,Chauffeur expérimenté,Éclairage tamisé,Langue parlée,Espace de rangement,Musique,Boisson gratuite,Climatisation,Assistance bagages,Ponctualité,Silence,Animaux acceptés,Ambiance chaleureuse,Cuisine,Confort,Connectivité,Sièges inclinables,Conversation,Conduite souple,Navigation GPS",Traveler,Limbe
3368,Bafoussam,"Climatisation,Boisson gratuite,Espace de rangement,Confort,Connectivité,Conversation,Sièges inclinables,Conduite souple,Vue panoramique,Silence,Langue parlée",Traveler,Kribi
4551,Campo,Vue panoramique,Traveler,Mbanga
4348,Gazawa,"Espace de rangement,Confort,Cuisine,Sport,Animaux acceptés,Silence,Sièges inclinables,Langue parlée,Chauffeur expérimenté,Éclairage tamisé,Connectivité,Navigation GPS,Wi-Fi gratuit,Ambiance chaleureuse,Conduite souple,Boisson gratuite",Traveler,Gazawa
4474,Essos,"Boisson gratuite,Ponctualité,Confort,Climatisation,Ambiance chaleureuse,Conduite souple,Conversation,Assistance bagages,Connectivité,Navigation GPS,Silence,Sièges inclinables,Animaux acceptés,Musique,Sport,Langue parlée,Wi-Fi gratuit,Chauffeur expérimenté,Espace de rangement",Planner,Bali Nyonga
1710,Mokolo,"Boisson gratuite,Wi-Fi gratuit,Climatisation,Cuisine,Chauffeur expérimenté,Conversation,Vue panoramique,Langue parlée,Confort",Traveler,Bonakouamouang
3649,Bertoua,"Ambiance chaleureuse,Conversation,Climatisation,Éclairage tamisé,Sport,Animaux acceptés,Langue parlée,Wi-Fi gratuit,Conduite souple,Sièges inclinables,Connectivité,Espace de rangement,Confort,Silence,Vue panoramique,Boisson gratuite,Cuisine,Musique,Assistance bagages,Ponctualité,Navigation GPS,Chauffeur expérimenté",Traveler,Bamenda
1079,Mbanga,"Connectivité,Espace de rangement,Chauffeur expérimenté,Navigation GPS,Climatisation,Éclairage tamisé,Vue panoramique",Planner,Belo
1787,Loum,"Sièges inclinables,Connectivité,Assistance bagages,Boisson gratuite,Ambiance chaleureuse,Musique,Wi-Fi gratuit,Espace de rangement,Navigation GPS,Éclairage tamisé,Cuisine,Confort,Vue panoramique,Climatisation,Animaux acceptés,Sport,Chauffeur expérimenté",Traveler,Bandjoun
124,Muyuka,"Animaux acceptés,Climatisation,Conversation,Sport,Confort,Ambiance chaleureuse,Ponctualité,Espace de rangement,Chauffeur expérimenté,Sièges inclinables,Silence,Musique,Assistance bagages,Éclairage tamisé,Boisson gratuite",Traveler,Kumba
4952,Fontem,"Silence,Confort,Assistance bagages,Boisson gratuite,Sport,Chauffeur expérimenté,Langue parlée,Conduite souple,Vue panoramique,Animaux acceptés,Musique,Cuisine,Espace de rangement,Sièges inclinables,Navigation GPS,Ponctualité,Wi-Fi gratuit,Éclairage tamisé,Ambiance chaleureuse,Conversation,Climatisation,Connectivité",Planner,Guider
4707,Bertoua,"Wi-Fi gratuit,Conversation,Animaux acceptés,Ambiance chaleureuse,Sport,Ponctualité,Chauffeur expérimenté",Traveler,Bimbia
944,Buea,"Sport,Connectivité,Ponctualité,Ambiance chaleureuse,Conversation,Navigation GPS,Conduite souple,Cuisine,Espace de rangement,Éclairage tamisé,Animaux acceptés,Musique,Climatisation,Assistance bagages,Boisson gratuite,Silence,Langue parlée,Chauffeur expérimenté,Confort",Planner,Essos
3390,Dibombari,Conversation,Traveler,Bali
1883,Bafia,"Assistance bagages,Langue parlée,Conversation",Planner,Bogo
1814,Dibombari,"Confort,Connectivité,Assistance bagages,Silence,Animaux acceptés,Boisson gratuite,Sport,Espace de rangement,Navigation GPS,Climatisation,Ponctualité,Conduite souple,Cuisine,Chauffeur expérimenté,Conversation,Musique,Wi-Fi gratuit,Sièges inclinables",Traveler,Bali Nyonga
3178,Bali Nyonga,"Sport,Climatisation,Vue panoramique,Langue parlée,Conversation,Assistance bagages,Cuisine,Connectivité,Wi-Fi gratuit,Sièges inclinables,Ponctualité,Boisson gratuite,Navigation GPS",Planner,Batibo
370,Boutours,"Ponctualité,Navigation GPS,Assistance bagages,Conversation,Connectivité,Climatisation,Animaux acceptés,Boisson gratuite,Sièges inclinables,Éclairage tamisé,Chauffeur expérimenté,Vue panoramique,Confort,Espace de rangement,Silence,Langue parlée,Ambiance chaleureuse,Musique,Conduite souple,Wi-Fi gratuit",Traveler,Edéa
4103,Belo,"Navigation GPS,Sièges inclinables,Silence",Traveler,Bonamoussadi
7,Loum,"Langue parlée,Navigation GPS,Silence,Ponctualité,Sport,Espace de rangement,Wi-Fi gratuit,Conversation,Ambiance chaleureuse,Vue panoramique,Musique,Connectivité",Planner,Yaounde
2683,Bonabéri,"Assistance bagages,Conversation,Boisson gratuite,Sièges inclinables,Ambiance chaleureuse,Connectivité",Traveler,Fontem
2694,Bali,"Musique,Vue panoramique,Conversation,Animaux acceptés,Wi-Fi gratuit,Sport,Conduite souple,Sièges inclinables,Éclairage tamisé,Navigation GPS,Langue parlée",Traveler,Kribi
440,Bonanjo,"Langue parlée,Éclairage tamisé,Vue panoramique,Ponctualité,Assistance bagages,Sièges inclinables,Espace de rangement,Conduite souple,Wi-Fi gratuit,Silence",Planner,Loum
2796,Melong,"Cuisine,Ambiance chaleureuse",Planner,Boutours
2990,Edéa,"Wi-Fi gratuit,Espace de rangement,Navigation GPS,Sièges inclinables,Boisson gratuite,Confort,Chauffeur expérimenté,Silence,Musique,Sport,Climatisation,Ambiance chaleureuse",Planner,Essos
3391,Messa,"Ponctualité,Conduite souple,Espace de rangement,Éclairage tamisé,Conversation,Langue parlée,Sièges inclinables,Chauffeur expérimenté,Animaux acceptés",Traveler,Kumba
2611,Maroua,"Connectivité,Assistance bagages,Langue parlée",Planner,Fontem
3138,Yaounde,"Langue parlée,Conduite souple,Navigation GPS,Assistance bagages,Animaux acceptés,Conversation,Sport,Chauffeur expérimenté,Sièges inclinables,Éclairage tamisé,Musique,Connectivité,Vue panoramique,Confort,Espace de rangement,Cuisine,Climatisation,Boisson gratuite,Ponctualité",Planner,Yaounde
2885,Bonakouamouang,"Animaux acceptés,Boisson gratuite,Cuisine,Ponctualité",Planner,Yaounde
409,Nanga-Eboko,"Connectivité,Animaux acceptés,Cuisine,Chauffeur expérimenté,Climatisation,Conduite souple,Silence,Assistance bagages,Conversation,Sièges inclinables,Navigation GPS,Musique,Wi-Fi gratuit,Ponctualité,Langue parlée,Ambiance chaleureuse,Éclairage tamisé,Boisson gratuite,Vue panoramique,Sport,Espace de rangement,Confort",Planner,Bonamoussadi
4431,Gazawa,"Sièges inclinables,Climatisation,Conversation,Confort,Navigation GPS,Vue panoramique,Cuisine,Musique,Animaux acceptés,Chauffeur expérimenté,Ponctualité,Silence,Connectivité,Wi-Fi gratuit,Ambiance chaleureuse,Conduite souple,Assistance bagages,Éclairage tamisé,Espace de rangement,Langue parlée",Traveler,Garoua
1158,Buea,"Conversation,Espace de rangement,Navigation GPS,Conduite souple,Animaux acceptés,Climatisation,Assistance bagages,Cuisine,Confort,Ambiance chaleureuse,Boisson gratuite,Vue panoramique,Langue parlée,Wi-Fi gratuit,Sport,Éclairage tamisé,Silence,Connectivité",Planner,Bamenda
59,Mutengene,"Cuisine,Espace de rangement,Confort,Climatisation,Langue parlée",Planner,Yagoua
1802,Mbanga,"Connectivité,Ponctualité,Sièges inclinables,Sport,Vue panoramique,Boisson gratuite,Silence,Cuisine,Chauffeur expérimenté,Wi-Fi gratuit,Ambiance chaleureuse,Musique,Espace de rangement,Animaux acceptés,Navigation GPS,Éclairage tamisé,Conduite souple,Confort,Langue parlée,Conversation",Planner,Bertoua
4396,Boutours,"Espace de rangement,Animaux acceptés,Connectivité,Conduite souple,Ambiance chaleureuse,Navigation GPS,Boisson gratuite,Assistance bagages,Climatisation,Sport,Conversation,Silence,Ponctualité,Musique",Planner,Muyuka
1361,Mora,"Chauffeur expérimenté,Connectivité,Espace de rangement,Confort,Conversation",Traveler,Banga Bakundu
888,Bafoussam,"Connectivité,Wi-Fi gratuit,Éclairage tamisé,Climatisation,Sièges inclinables,Espace de rangement,Conversation,Conduite souple,Confort,Langue parlée,Silence,Ponctualité,Musique,Vue panoramique,Chauffeur expérimenté,Cuisine,Sport,Navigation GPS,Assistance bagages",Traveler,Nkongsamba
545,Figuif,"Boisson gratuite,Chauffeur expérimenté,Conduite souple,Musique,Confort,Conversation,Climatisation,Ambiance chaleureuse,Animaux acceptés,Ponctualité",Planner,Belo
1749,Mbouda,"Musique,Ambiance chaleureuse",Traveler,Meiganga
2292,Gazawa,"Langue parlée,Assistance bagages,Sièges inclinables,Conversation,Wi-Fi gratuit",Planner,Bogo
4786,Yaounde,"Éclairage tamisé,Cuisine,Ambiance chaleureuse,Espace de rangement,Connectivité,Chauffeur expérimenté,Assistance bagages,Langue parlée,Navigation GPS,Climatisation,Musique,Conversation",Traveler,Mbanga
1419,Bertoua,"Conduite souple,Climatisation,Langue parlée,Navigation GPS,Vue panoramique,Confort,Wi-Fi gratuit,Connectivité,Cuisine,Ambiance chaleureuse,Musique,Boisson gratuite,Ponctualité,Animaux acceptés,Assistance bagages,Conversation,Chauffeur expérimenté,Sport,Sièges inclinables",Planner,Edéa
4651,Kumba,"Confort,Navigation GPS,Sièges inclinables,Chauffeur expérimenté,Langue parlée",Traveler,Nanga-Eboko
1879,Yagoua,"Cuisine,Chauffeur expérimenté,Connectivité,Ponctualité,Animaux acceptés,Silence,Langue parlée,Conduite souple,Navigation GPS",Traveler,Mutengene
3381,Mora,"Navigation GPS,Sport,Ponctualité,Cuisine,Éclairage tamisé,Vue panoramique,Confort,Conduite souple,Conversation,Boisson gratuite,Musique,Wi-Fi gratuit,Ambiance chaleureuse",Planner,Bonanjo
2659,Bandjoun,"Navigation GPS,Confort,Ambiance chaleureuse,Éclairage tamisé,Silence,Connectivité,Climatisation,Musique,Assistance bagages,Langue parlée,Espace de rangement,Animaux acceptés,Sièges inclinables,Cuisine,Ponctualité,Boisson gratuite,Conversation,Chauffeur expérimenté,Vue panoramique,Conduite souple",Planner,Belo
1064,Garoua,"Sièges inclinables,Conversation,Sport,Vue panoramique,Ambiance chaleureuse,Boisson gratuite,Animaux acceptés,Cuisine,Confort,Musique,Chauffeur expérimenté,Langue parlée,Espace de rangement,Climatisation,Silence,Éclairage tamisé,Connectivité",Planner,Muyuka
2279,Batibo,"Connectivité,Boisson gratuite,Éclairage tamisé,Sport,Confort,Climatisation,Conversation,Navigation GPS,Cuisine",Traveler,Batibo
4104,Guider,"Boisson gratuite,Silence,Conduite souple,Assistance bagages,Conversation,Espace de rangement,Ambiance chaleureuse,Sièges inclinables,Wi-Fi gratuit,Chauffeur expérimenté,Ponctualité,Animaux acceptés,Musique,Climatisation,Éclairage tamisé,Navigation GPS,Cuisine,Confort",Planner,Bertoua
422,Fontem,"Vue panoramique,Langue parlée,Espace de rangement,Ponctualité,Silence,Confort,Sport,Assistance bagages",Planner,Belabo
804,Mora,"Ambiance chaleureuse,Silence,Climatisation",Traveler,Batibo
823,Bafoussam,"Ponctualité,Musique",Planner,Maroua
3696,Bimbia,"Navigation GPS,Vue panoramique,Wi-Fi gratuit,Confort,Éclairage tamisé,Boisson gratuite,Cuisine,Animaux acceptés,Ponctualité,Ambiance chaleureuse,Conduite souple,Musique,Espace de rangement,Chauffeur expérimenté",Planner,Batibo
973,Buea,"Musique,Boisson gratuite,Climatisation,Conversation",Planner,Mokolo
831,Maroua,"Connectivité,Ambiance chaleureuse,Wi-Fi gratuit,Confort,Sièges inclinables,Conversation,Éclairage tamisé,Animaux acceptés,Boisson gratuite,Cuisine,Ponctualité,Chauffeur expérimenté,Langue parlée,Navigation GPS,Vue panoramique",Traveler,Kousseri
1163,Bali Nyonga,"Langue parlée,Navigation GPS,Chauffeur expérimenté,Silence,Confort,Climatisation,Ponctualité,Cuisine,Ambiance chaleureuse,Espace de rangement,Vue panoramique,Sièges inclinables,Conversation,Assistance bagages,Éclairage tamisé,Boisson gratuite,Musique,Connectivité,Conduite souple,Animaux acceptés",Planner,Beti
768,Mokolo,"Confort,Conduite souple,Chauffeur expérimenté,Climatisation,Musique,Conversation,Wi-Fi gratuit,Cuisine,Silence,Vue panoramique,Langue parlée,Connectivité,Animaux acceptés,Ponctualité,Sièges inclinables,Ambiance chaleureuse,Espace de rangement,Sport,Assistance bagages,Éclairage tamisé",Planner,Messa
3707,Bonanjo,"Musique,Ambiance chaleureuse,Sport",Traveler,Mokolo
2128,Bonanjo,"Sièges inclinables,Cuisine,Animaux acceptés,Assistance bagages,Boisson gratuite,Conversation,Connectivité,Sport,Climatisation,Conduite souple,Ponctualité,Chauffeur expérimenté,Navigation GPS,Ambiance chaleureuse",Planner,Bertoua
4829,Kribi,"Connectivité,Navigation GPS,Sport,Silence,Langue parlée,Éclairage tamisé,Climatisation,Confort,Animaux acceptés,Wi-Fi gratuit,Boisson gratuite,Chauffeur expérimenté,Vue panoramique,Sièges inclinables,Musique,Ambiance chaleureuse,Conversation,Ponctualité,Espace de rangement,Assistance bagages,Cuisine,Conduite souple",Planner,Gazawa
3700,Loum,"Vue panoramique,Ambiance chaleureuse,Ponctualité,Navigation GPS",Planner,Beti
513,Bonabéri,"Cuisine,Sièges inclinables,Navigation GPS,Confort,Animaux acceptés,Boisson gratuite,Assistance bagages,Langue parlée,Silence,Wi-Fi gratuit",Traveler,Mbandjock
582,Essos,"Confort,Langue parlée,Climatisation,Assistance bagages",Planner,Bonakouamouang
2703,Edéa,"Espace de rangement,Musique,Vue panoramique,Boisson gratuite",Planner,Bonakouamouang
871,Bali Nyonga,"Éclairage tamisé,Wi-Fi gratuit,Chauffeur expérimenté,Connectivité,Confort,Sport,Conduite souple,Sièges inclinables",Traveler,Essos
4306,Belo,"Ambiance chaleureuse,Wi-Fi gratuit,Connectivité,Vue panoramique,Confort,Animaux acceptés,Silence,Espace de rangement,Sièges inclinables,Assistance bagages,Navigation GPS,Climatisation,Chauffeur expérimenté,Sport,Ponctualité,Musique,Conduite souple,Langue parlée,Éclairage tamisé",Planner,Nkongsamba
4840,Loum,"Silence,Sièges inclinables,Ponctualité,Éclairage tamisé,Boisson gratuite,Confort,Sport,Espace de rangement,Cuisine,Vue panoramique,Chauffeur expérimenté,Ambiance chaleureuse,Conduite souple,Conversation,Animaux acceptés,Assistance bagages,Connectivité",Traveler,Bogo
4905,Bonanjo,"Conduite souple,Cuisine,Animaux acceptés,Confort,Chauffeur expérimenté,Sièges inclinables,Conversation",Traveler,Gazawa
1725,Fontem,"Boisson gratuite,Sièges inclinables,Ambiance chaleureuse,Musique,Chauffeur expérimenté,Sport,Cuisine,Climatisation,Conversation,Wi-Fi gratuit,Éclairage tamisé,Animaux acceptés,Connectivité,Conduite souple,Espace de rangement,Assistance bagages,Confort,Silence,Ponctualité,Langue parlée",Planner,Edéa
4343,Nanga-Eboko,"Climatisation,Animaux acceptés,Wi-Fi gratuit,Conduite souple,Navigation GPS,Sièges inclinables",Traveler,Yagoua
2122,Bertoua,"Ponctualité,Musique,Espace de rangement,Wi-Fi gratuit,Éclairage tamisé,Cuisine,Silence,Animaux acceptés,Boisson gratuite,Conversation,Climatisation,Navigation GPS,Vue panoramique,Langue parlée,Chauffeur expérimenté,Assistance bagages,Confort,Sport,Ambiance chaleureuse,Connectivité,Sièges inclinables,Conduite souple",Traveler,Loum
1812,Figuif,"Ambiance chaleureuse,Assistance bagages,Vue panoramique,Animaux acceptés,Silence,Langue parlée,Climatisation,Sièges inclinables,Musique,Conversation,Chauffeur expérimenté,Sport,Conduite souple",Planner,Bogo
282,Figuif,"Wi-Fi gratuit,Cuisine,Confort,Ponctualité,Navigation GPS,Sièges inclinables",Traveler,Bimbia
2591,Dibombari,Silence,Planner,Meiganga
2157,Mutengene,"Sport,Langue parlée,Ambiance chaleureuse,Chauffeur expérimenté,Ponctualité,Silence,Confort,Éclairage tamisé,Wi-Fi gratuit,Assistance bagages,Conversation,Cuisine,Espace de rangement,Animaux acceptés,Musique,Boisson gratuite,Sièges inclinables,Conduite souple,Climatisation,Navigation GPS",Traveler,Mbouda
4997,Banga Bakundu,"Boisson gratuite,Langue parlée,Ponctualité,Connectivité,Confort,Conduite souple,Éclairage tamisé,Chauffeur expérimenté,Wi-Fi gratuit,Musique,Vue panoramique,Sport,Animaux acceptés,Silence",Traveler,Limbe
99,Maroua,"Silence,Musique,Éclairage tamisé,Langue parlée",Traveler,Bonanjo
2260,Nanga-Eboko,"Boisson gratuite,Assistance bagages,Wi-Fi gratuit,Ponctualité,Sièges inclinables,Conduite souple,Espace de rangement,Sport,Ambiance chaleureuse,Climatisation,Navigation GPS,Musique,Confort,Chauffeur expérimenté,Éclairage tamisé,Langue parlée",Planner,Nkongsamba
734,Boutours,"Wi-Fi gratuit,Climatisation,Sport,Espace de rangement,Connectivité,Conversation,Cuisine,Chauffeur expérimenté,Assistance bagages,Boisson gratuite,Conduite souple,Musique,Ponctualité,Animaux acceptés,Ambiance chaleureuse,Éclairage tamisé,Sièges inclinables",Traveler,Messa
1032,Bonaberi,"Conversation,Ponctualité,Boisson gratuite,Confort,Sièges inclinables,Conduite souple,Sport,Ambiance chaleureuse,Chauffeur expérimenté,Wi-Fi gratuit,Assistance bagages,Langue parlée,Cuisine",Traveler,Mbouda
270,Mbandjock,"Espace de rangement,Wi-Fi gratuit,Musique,Éclairage tamisé,Sport,Vue panoramique,Climatisation,Conversation,Boisson gratuite,Connectivité,Conduite souple,Langue parlée,Ponctualité,Chauffeur expérimenté,Navigation GPS,Confort,Cuisine,Assistance bagages",Traveler,Mbalmayo
389,Yaounde,"Navigation GPS,Ponctualité,Confort,Silence,Cuisine,Wi-Fi gratuit,Connectivité,Éclairage tamisé,Espace de rangement,Conduite souple,Sport,Climatisation,Musique,Sièges inclinables,Ambiance chaleureuse,Assistance bagages,Conversation",Planner,Mutengene
392,Kumba,"Sport,Espace de rangement,Langue parlée",Planner,Bonaberi
3143,Yaounde,"Animaux acceptés,Assistance bagages,Boisson gratuite",Traveler,Mbalmayo
3995,Maroua,"Confort,Assistance bagages,Climatisation,Éclairage tamisé,Connectivité,Vue panoramique,Musique,Sport,Boisson gratuite",Traveler,Belo
2865,Bandjoun,"Sièges inclinables,Animaux acceptés,Boisson gratuite,Sport,Silence,Connectivité,Chauffeur expérimenté,Wi-Fi gratuit,Éclairage tamisé,Ponctualité,Climatisation,Langue parlée,Conduite souple,Musique,Confort,Cuisine,Vue panoramique,Assistance bagages,Conversation",Traveler,Bandjoun
4812,Dibombari,"Chauffeur expérimenté,Navigation GPS,Silence,Cuisine,Conversation,Animaux acceptés,Confort,Conduite souple,Boisson gratuite,Climatisation",Planner,Boutours
2887,Kumba,"Animaux acceptés,Éclairage tamisé,Boisson gratuite,Ponctualité,Climatisation,Navigation GPS,Wi-Fi gratuit,Connectivité,Confort,Sièges inclinables,Musique,Espace de rangement,Vue panoramique,Silence,Conduite souple,Chauffeur expérimenté,Assistance bagages,Cuisine",Planner,Bonanjo
435,Beti,"Conduite souple,Langue parlée,Musique,Sport,Navigation GPS,Assistance bagages,Boisson gratuite,Connectivité,Vue panoramique,Confort,Espace de rangement,Wi-Fi gratuit",Traveler,Bafang
2813,Mutengene,"Conduite souple,Climatisation,Chauffeur expérimenté,Vue panoramique,Boisson gratuite,Confort,Wi-Fi gratuit,Navigation GPS,Sièges inclinables,Ambiance chaleureuse,Espace de rangement,Silence,Conversation,Assistance bagages,Animaux acceptés,Musique,Langue parlée,Sport,Ponctualité",Planner,Mbandjock
3480,Bali,"Silence,Musique,Vue panoramique,Chauffeur expérimenté,Conduite souple,Éclairage tamisé,Navigation GPS,Espace de rangement,Ponctualité,Boisson gratuite,Assistance bagages,Conversation,Animaux acceptés,Wi-Fi gratuit",Planner,Bimbia
946,Belabo,"Conversation,Ponctualité,Ambiance chaleureuse,Climatisation,Sièges inclinables,Chauffeur expérimenté,Animaux acceptés,Confort,Espace de rangement,Assistance bagages,Wi-Fi gratuit,Sport,Conduite souple",Planner,Meiganga
1011,Limbe,"Silence,Espace de rangement,Langue parlée,Assistance bagages,Confort,Ambiance chaleureuse,Vue panoramique,Boisson gratuite,Wi-Fi gratuit,Ponctualité,Sport,Musique,Connectivité,Sièges inclinables,Cuisine,Conduite souple,Chauffeur expérimenté,Animaux acceptés,Conversation",Traveler,Yaounde
4514,Campo,"Connectivité,Wi-Fi gratuit,Silence,Conversation,Langue parlée,Cuisine,Éclairage tamisé,Boisson gratuite,Sport,Espace de rangement,Ponctualité,Chauffeur expérimenté,Ambiance chaleureuse",Planner,Mutengene
788,Mbandjock,"Chauffeur expérimenté,Ambiance chaleureuse,Animaux acceptés,Langue parlée,Assistance bagages,Connectivité,Cuisine,Sport,Sièges inclinables,Boisson gratuite,Silence,Confort,Ponctualité,Conduite souple,Vue panoramique,Climatisation,Espace de rangement,Conversation,Navigation GPS,Éclairage tamisé",Planner,Maroua
4083,Campo,"Climatisation,Wi-Fi gratuit,Musique,Éclairage tamisé,Vue panoramique,Ambiance chaleureuse,Conduite souple,Espace de rangement,Animaux acceptés,Conversation,Ponctualité,Sport,Langue parlée",Planner,Bafang
4462,Loum,"Assistance bagages,Sièges inclinables,Navigation GPS,Silence,Animaux acceptés,Boisson gratuite,Confort",Planner,Bonabéri
3722,Mutengene,"Conversation,Wi-Fi gratuit,Ambiance chaleureuse",Traveler,Bandjoun
4644,Meiganga,"Ponctualité,Sport,Conversation,Langue parlée,Ambiance chaleureuse,Climatisation,Vue panoramique,Éclairage tamisé,Connectivité,Assistance bagages,Cuisine,Musique,Chauffeur expérimenté,Espace de rangement",Planner,Edéa
1605,Gazawa,"Sport,Chauffeur expérimenté,Éclairage tamisé,Assistance bagages,Boisson gratuite,Sièges inclinables",Planner,Beti
4260,Bafoussam,Chauffeur expérimenté,Planner,Bafia
1997,Dibombari,"Éclairage tamisé,Assistance bagages,Silence,Langue parlée,Climatisation,Conduite souple",Traveler,Guider
2648,Bertoua,"Conversation,Langue parlée",Planner,Bertoua
4735,Douala,"Navigation GPS,Assistance bagages,Musique,Ambiance chaleureuse,Sport,Vue panoramique,Connectivité,Sièges inclinables,Wi-Fi gratuit,Boisson gratuite,Éclairage tamisé",Planner,Bonaberi
3013,Banga Bakundu,"Animaux acceptés,Ambiance chaleureuse,Musique",Planner,Bandjoun
3298,Bandjoun,"Assistance bagages,Espace de rangement,Wi-Fi gratuit,Climatisation,Vue panoramique,Ponctualité,Langue parlée,Navigation GPS,Conduite souple,Silence,Chauffeur expérimenté,Sièges inclinables",Traveler,Bonamoussadi
1813,Buea,"Navigation GPS,Assistance bagages,Conduite souple,Ponctualité,Langue parlée,Silence,Sièges inclinables,Sport,Éclairage tamisé,Climatisation,Conversation,Wi-Fi gratuit,Musique",Planner,Mora
3660,Buea,"Animaux acceptés,Langue parlée,Chauffeur expérimenté,Sport,Musique,Boisson gratuite,Ponctualité,Assistance bagages,Connectivité",Planner,Figuif
4595,Bali Nyonga,"Conversation,Animaux acceptés,Boisson gratuite,Confort,Wi-Fi gratuit,Conduite souple,Sièges inclinables,Assistance bagages,Chauffeur expérimenté,Langue parlée,Cuisine,Ambiance chaleureuse",Traveler,Mbouda
288,Beti,"Climatisation,Silence,Navigation GPS,Confort",Traveler,Dibombari
1662,Nkongsamba,"Sport,Silence,Chauffeur expérimenté,Assistance bagages,Conduite souple,Wi-Fi gratuit,Musique,Ambiance chaleureuse,Ponctualité,Langue parlée,Vue panoramique,Conversation,Espace de rangement,Confort,Éclairage tamisé",Planner,Mora
4453,Bandjoun,"Langue parlée,Conduite souple,Chauffeur expérimenté,Espace de rangement,Navigation GPS",Planner,Kribi
3961,Mbandjock,"Connectivité,Langue parlée,Confort,Musique,Conduite souple,Boisson gratuite",Planner,Bonamoussadi
108,Yaounde,"Assistance bagages,Animaux acceptés,Boisson gratuite,Silence,Confort,Wi-Fi gratuit,Éclairage tamisé",Traveler,Maroua
3701,Bimbia,"Sport,Vue panoramique,Animaux acceptés,Assistance bagages,Boisson gratuite,Wi-Fi gratuit,Confort,Silence",Traveler,Beti
4706,Limbe,"Sièges inclinables,Musique,Chauffeur expérimenté,Wi-Fi gratuit,Espace de rangement,Langue parlée,Ambiance chaleureuse,Conversation,Navigation GPS,Ponctualité,Silence,Boisson gratuite,Animaux acceptés,Cuisine,Connectivité,Sport,Vue panoramique,Climatisation,Assistance bagages",Traveler,Muyuka
2599,Mutengene,"Animaux acceptés,Sport,Assistance bagages,Navigation GPS",Planner,Mbandjock
2467,Bali Nyonga,"Assistance bagages,Boisson gratuite,Ponctualité,Espace de rangement,Ambiance chaleureuse,Chauffeur expérimenté,Sièges inclinables,Langue parlée,Climatisation,Éclairage tamisé,Sport,Silence,Conversation",Traveler,Nkongsamba
1338,Yaounde,"Langue parlée,Sièges inclinables,Boisson gratuite,Vue panoramique,Chauffeur expérimenté,Ponctualité,Silence,Espace de rangement,Climatisation,Cuisine,Animaux acceptés,Conduite souple,Ambiance chaleureuse,Connectivité,Musique,Wi-Fi gratuit,Assistance bagages,Éclairage tamisé,Sport",Planner,Mbanga
1098,Bimbia,"Espace de rangement,Sport,Ponctualité,Conduite souple,Silence,Confort,Conversation,Cuisine,Navigation GPS,Musique,Éclairage tamisé",Planner,Mbouda
3550,Bertoua,Chauffeur expérimenté,Traveler,Mora
2351,Yaounde,"Conduite souple,Wi-Fi gratuit,Ponctualité,Connectivité,Musique,Sièges inclinables,Éclairage tamisé,Boisson gratuite,Climatisation,Chauffeur expérimenté,Vue panoramique,Cuisine,Conversation,Espace de rangement,Assistance bagages,Sport,Navigation GPS,Animaux acceptés,Langue parlée,Confort,Silence,Ambiance chaleureuse",Planner,Buea
1596,Bandjoun,"Silence,Ambiance chaleureuse,Assistance bagages",Planner,Bonabéri
1189,Garoua,"Vue panoramique,Sièges inclinables,Assistance bagages,Chauffeur expérimenté,Ambiance chaleureuse,Musique,Conduite souple,Wi-Fi gratuit,Animaux acceptés,Langue parlée,Boisson gratuite",Traveler,Nkongsamba
4403,Muyuka,"Climatisation,Langue parlée,Musique",Planner,Figuif
2188,Guider,"Animaux acceptés,Éclairage tamisé,Assistance bagages,Sièges inclinables,Climatisation,Conduite souple,Ambiance chaleureuse,Cuisine,Espace de rangement,Chauffeur expérimenté,Boisson gratuite,Sport,Conversation,Wi-Fi gratuit",Planner,Bonakouamouang
1631,Yagoua,"Animaux acceptés,Sièges inclinables,Climatisation,Navigation GPS,Vue panoramique,Confort",Planner,Boutours
2945,Muyuka,"Cuisine,Navigation GPS,Conversation,Assistance bagages,Conduite souple,Sport,Espace de rangement,Silence,Wi-Fi gratuit,Climatisation,Ambiance chaleureuse,Confort,Sièges inclinables,Musique,Ponctualité,Éclairage tamisé,Animaux acceptés,Connectivité,Langue parlée,Vue panoramique,Chauffeur expérimenté",Planner,Bonamoussadi
1472,Bonaberi,"Cuisine,Langue parlée,Navigation GPS,Ponctualité,Conversation,Boisson gratuite,Animaux acceptés,Ambiance chaleureuse,Silence,Éclairage tamisé",Traveler,Kribi
3753,Buea,"Connectivité,Musique,Confort,Conversation,Chauffeur expérimenté,Sport,Espace de rangement,Boisson gratuite,Ponctualité,Cuisine,Sièges inclinables,Éclairage tamisé",Planner,Figuif
2709,Bali Nyonga,"Musique,Navigation GPS,Assistance bagages,Conduite souple,Connectivité,Boisson gratuite,Sièges inclinables",Planner,Boutours
2945,Messa,"Vue panoramique,Espace de rangement,Ambiance chaleureuse,Boisson gratuite,Conversation,Navigation GPS,Animaux acceptés,Conduite souple,Climatisation,Wi-Fi gratuit,Confort",Planner,Batibo
1765,Bertoua,"Éclairage tamisé,Sièges inclinables,Ambiance chaleureuse,Silence",Planner,Nanga-Eboko
3505,Belo,"Langue parlée,Espace de rangement,Musique,Wi-Fi gratuit,Navigation GPS,Sièges inclinables,Ambiance chaleureuse,Connectivité,Assistance bagages,Confort,Animaux acceptés,Silence,Conversation",Planner,Buea
109,Belabo,Conduite souple,Traveler,Mokolo
4962,Melong,Sport,Traveler,Belabo
1839,Belo,"Wi-Fi gratuit,Connectivité,Sièges inclinables,Langue parlée,Conduite souple,Cuisine,Confort,Conversation,Espace de rangement,Navigation GPS,Boisson gratuite,Animaux acceptés",Traveler,Douala
4575,Yagoua,"Chauffeur expérimenté,Animaux acceptés",Traveler,Messa
4231,Dibombari,"Chauffeur expérimenté,Cuisine,Musique,Vue panoramique,Silence,Sièges inclinables,Animaux acceptés,Langue parlée,Éclairage tamisé,Connectivité,Conversation,Climatisation,Boisson gratuite,Navigation GPS,Sport,Espace de rangement,Ambiance chaleureuse,Conduite souple,Wi-Fi gratuit,Assistance bagages,Ponctualité",Planner,Bandjoun
1484,Buea,"Ponctualité,Ambiance chaleureuse,Animaux acceptés,Wi-Fi gratuit,Climatisation,Assistance bagages,Navigation GPS,Silence,Conduite souple,Vue panoramique,Espace de rangement,Boisson gratuite,Sièges inclinables",Traveler,Messa
3466,Boutours,"Cuisine,Ambiance chaleureuse,Sport,Assistance bagages,Éclairage tamisé,Wi-Fi gratuit,Sièges inclinables,Silence,Animaux acceptés,Conversation",Traveler,Nanga-Eboko
2619,Mbandjock,"Musique,Confort,Conversation,Assistance bagages,Langue parlée,Sport,Animaux acceptés,Ambiance chaleureuse,Wi-Fi gratuit,Navigation GPS,Éclairage tamisé,Vue panoramique,Sièges inclinables,Silence",Planner,Bamenda
4462,Buea,"Vue panoramique,Navigation GPS,Langue parlée,Boisson gratuite,Assistance bagages,Ambiance chaleureuse,Musique,Sport,Conversation,Animaux acceptés,Éclairage tamisé,Connectivité,Wi-Fi gratuit,Conduite souple,Ponctualité,Espace de rangement,Sièges inclinables,Cuisine",Traveler,Banga Bakundu
4537,Muyuka,"Ambiance chaleureuse,Boisson gratuite,Wi-Fi gratuit,Assistance bagages,Animaux acceptés,Connectivité,Cuisine,Sport,Conversation,Vue panoramique,Silence,Ponctualité,Confort,Chauffeur expérimenté",Traveler,Bonaberi
1710,Melong,"Chauffeur expérimenté,Musique,Animaux acceptés",Traveler,Muyuka
100,Buea,Ponctualité,Planner,Edéa
4272,Mora,"Connectivité,Animaux acceptés",Traveler,Edéa
2498,Mbanga,"Chauffeur expérimenté,Éclairage tamisé,Animaux acceptés,Conversation,Sièges inclinables,Ambiance chaleureuse,Climatisation,Sport,Confort,Assistance bagages,Cuisine,Espace de rangement",Traveler,Kribi
2706,Loum,"Navigation GPS,Confort,Langue parlée,Musique,Assistance bagages,Conversation",Traveler,Bonakouamouang
3165,Bertoua,"Langue parlée,Silence,Cuisine",Planner,Nanga-Eboko
981,Figuif,"Sièges inclinables,Conversation,Confort,Vue panoramique,Conduite souple,Silence,Navigation GPS,Musique,Wi-Fi gratuit,Sport,Assistance bagages,Cuisine,Animaux acceptés,Éclairage tamisé,Boisson gratuite,Ambiance chaleureuse,Espace de rangement,Connectivité,Climatisation,Langue parlée",Traveler,Fontem
3868,Campo,"Conduite souple,Espace de rangement,Vue panoramique,Langue parlée,Assistance bagages,Ponctualité,Boisson gratuite,Chauffeur expérimenté,Ambiance chaleureuse,Animaux acceptés,Cuisine,Sport,Conversation,Confort,Climatisation,Sièges inclinables,Wi-Fi gratuit,Éclairage tamisé,Connectivité",Planner,Bandjoun
2176,Bandjoun,"Boisson gratuite,Ponctualité,Animaux acceptés,Langue parlée,Climatisation,Espace de rangement,Assistance bagages,Sièges inclinables,Sport,Vue panoramique,Wi-Fi gratuit,Éclairage tamisé,Connectivité,Chauffeur expérimenté,Confort,Silence,Cuisine,Conversation,Ambiance chaleureuse",Planner,Buea
847,Bonanjo,"Vue panoramique,Ponctualité,Ambiance chaleureuse,Musique,Wi-Fi gratuit,Animaux acceptés,Conduite souple,Connectivité,Navigation GPS,Silence,Cuisine",Planner,Beti
2304,Kumba,"Silence,Ponctualité,Cuisine,Conduite souple,Connectivité,Assistance bagages,Sièges inclinables,Animaux acceptés,Sport,Langue parlée,Conversation,Éclairage tamisé",Traveler,Bertoua
2277,Belabo,"Silence,Cuisine,Sport,Conversation,Navigation GPS,Musique,Ponctualité",Traveler,Guider
1254,Bafang,"Sièges inclinables,Navigation GPS,Conduite souple,Langue parlée",Planner,Maroua
4164,Melong,"Confort,Animaux acceptés,Ponctualité,Cuisine,Climatisation,Espace de rangement,Éclairage tamisé,Navigation GPS,Connectivité,Chauffeur expérimenté,Conduite souple,Assistance bagages,Wi-Fi gratuit,Vue panoramique,Sièges inclinables",Planner,Bafia
3428,Bali Nyonga,"Conduite souple,Ponctualité,Navigation GPS,Silence,Assistance bagages,Langue parlée,Sièges inclinables,Boisson gratuite,Ambiance chaleureuse,Cuisine,Climatisation,Sport,Animaux acceptés,Conversation,Vue panoramique",Traveler,Bonamoussadi
999,Bonanjo,"Boisson gratuite,Assistance bagages,Wi-Fi gratuit,Conversation,Silence,Espace de rangement,Musique,Sport,Langue parlée,Navigation GPS,Sièges inclinables,Ambiance chaleureuse,Cuisine,Conduite souple,Chauffeur expérimenté,Connectivité",Traveler,Bonamoussadi
680,Bertoua,"Silence,Cuisine,Conversation,Espace de rangement,Langue parlée,Conduite souple,Vue panoramique,Animaux acceptés,Chauffeur expérimenté,Climatisation,Ambiance chaleureuse,Confort,Assistance bagages",Planner,Bafia
3798,Bali,"Éclairage tamisé,Espace de rangement,Conduite souple,Boisson gratuite,Climatisation,Musique,Vue panoramique,Sport,Ponctualité,Connectivité,Silence,Conversation,Ambiance chaleureuse,Sièges inclinables,Assistance bagages",Planner,Mbalmayo
4752,Kribi,"Chauffeur expérimenté,Climatisation,Cuisine,Confort,Musique,Navigation GPS,Sièges inclinables,Ambiance chaleureuse,Connectivité",Traveler,Bonamoussadi
1664,Bafang,"Assistance bagages,Conduite souple,Vue panoramique,Confort,Cuisine,Ambiance chaleureuse,Espace de rangement,Ponctualité,Animaux acceptés,Sièges inclinables,Éclairage tamisé,Boisson gratuite,Navigation GPS,Langue parlée,Sport,Silence,Climatisation,Conversation,Wi-Fi gratuit",Planner,Kousseri
1014,Bali,"Animaux acceptés,Sport,Assistance bagages,Langue parlée,Climatisation,Connectivité,Conversation,Chauffeur expérimenté,Vue panoramique,Espace de rangement,Sièges inclinables,Éclairage tamisé,Boisson gratuite,Ponctualité,Confort,Cuisine,Ambiance chaleureuse",Planner,Figuif
702,Edéa,"Conduite souple,Climatisation,Wi-Fi gratuit,Cuisine,Vue panoramique,Ponctualité,Éclairage tamisé,Conversation,Silence,Musique,Espace de rangement",Traveler,Belo
1107,Bali,"Sport,Conduite souple,Confort,Langue parlée,Ambiance chaleureuse,Animaux acceptés,Navigation GPS,Boisson gratuite,Climatisation",Planner,Boutours
2853,Bonakouamouang,"Ponctualité,Conversation,Cuisine,Chauffeur expérimenté,Boisson gratuite,Silence,Sièges inclinables,Vue panoramique,Ambiance chaleureuse,Assistance bagages,Espace de rangement,Musique,Sport,Connectivité,Animaux acceptés,Conduite souple,Wi-Fi gratuit,Langue parlée",Traveler,Essos
3238,Bonabéri,"Wi-Fi gratuit,Animaux acceptés,Ambiance chaleureuse,Éclairage tamisé,Chauffeur expérimenté,Connectivité,Musique,Confort,Ponctualité,Assistance bagages,Navigation GPS,Cuisine,Conduite souple,Langue parlée",Traveler,Gazawa
3575,Bali Nyonga,"Sièges inclinables,Ponctualité,Boisson gratuite,Espace de rangement,Éclairage tamisé,Animaux acceptés,Conduite souple,Conversation,Connectivité,Sport,Navigation GPS",Planner,Bonaberi
1158,Muyuka,"Ponctualité,Sport",Planner,Edéa
223,Yagoua,"Ambiance chaleureuse,Vue panoramique,Connectivité,Navigation GPS,Sièges inclinables,Musique,Espace de rangement,Éclairage tamisé,Cuisine,Ponctualité,Langue parlée,Chauffeur expérimenté,Silence,Conduite souple,Conversation,Confort,Sport",Planner,Beti
4596,Bali Nyonga,"Conduite souple,Animaux acceptés,Navigation GPS,Cuisine,Vue panoramique,Wi-Fi gratuit,Sièges inclinables,Connectivité,Musique,Ponctualité,Éclairage tamisé,Sport,Chauffeur expérimenté,Climatisation,Conversation,Boisson gratuite,Silence",Planner,Melong
4798,Bonakouamouang,"Chauffeur expérimenté,Langue parlée,Sport,Confort,Silence,Espace de rangement,Conduite souple,Ambiance chaleureuse,Wi-Fi gratuit,Animaux acceptés,Climatisation",Traveler,Batibo
1690,Kumba,"Éclairage tamisé,Conversation,Chauffeur expérimenté,Navigation GPS,Langue parlée,Wi-Fi gratuit,Silence,Animaux acceptés,Connectivité,Vue panoramique,Ponctualité,Confort,Cuisine,Assistance bagages",Traveler,Guider
666,Edéa,"Éclairage tamisé,Musique,Vue panoramique,Sièges inclinables,Connectivité,Ambiance chaleureuse,Conduite souple,Navigation GPS,Cuisine,Langue parlée,Conversation,Ponctualité,Wi-Fi gratuit,Animaux acceptés,Climatisation,Silence",Traveler,Melong
1178,Boutours,"Connectivité,Sport,Espace de rangement,Wi-Fi gratuit,Ponctualité",Planner,Bandjoun
3168,Messa,"Ambiance chaleureuse,Conversation",Traveler,Yagoua
2279,Kousseri,"Animaux acceptés,Climatisation,Ambiance chaleureuse,Vue panoramique,Espace de rangement,Cuisine,Silence,Sièges inclinables,Musique,Éclairage tamisé,Confort,Langue parlée",Planner,Maroua
2308,Mbanga,"Sport,Connectivité,Wi-Fi gratuit,Boisson gratuite",Planner,Bonaberi
3644,Bonakouamouang,"Conduite souple,Musique,Chauffeur expérimenté,Confort,Sièges inclinables,Navigation GPS,Éclairage tamisé,Wi-Fi gratuit",Planner,Garoua
4693,Edéa,"Espace de rangement,Conversation,Langue parlée,Sièges inclinables,Sport,Chauffeur expérimenté,Navigation GPS,Conduite souple,Boisson gratuite",Traveler,Boutours
4613,Belabo,"Ponctualité,Sport,Éclairage tamisé,Silence,Cuisine,Conversation,Wi-Fi gratuit,Musique,Ambiance chaleureuse,Vue panoramique,Espace de rangement,Assistance bagages,Navigation GPS,Connectivité,Animaux acceptés,Chauffeur expérimenté,Confort,Boisson gratuite,Sièges inclinables,Conduite souple,Climatisation",Planner,Melong
3392,Kousseri,"Conduite souple,Sièges inclinables",Traveler,Bafoussam
995,Bafia,"Ambiance chaleureuse,Cuisine,Vue panoramique,Assistance bagages,Ponctualité,Wi-Fi gratuit,Chauffeur expérimenté,Connectivité,Animaux acceptés,Confort,Silence,Espace de rangement,Langue parlée,Boisson gratuite,Conversation,Musique,Éclairage tamisé,Conduite souple,Sport,Sièges inclinables,Navigation GPS",Planner,Bertoua
1406,Beti,"Cuisine,Sièges inclinables,Navigation GPS,Chauffeur expérimenté,Assistance bagages,Espace de rangement,Confort,Sport,Boisson gratuite,Wi-Fi gratuit",Planner,Nanga-Eboko
750,Bafoussam,"Confort,Cuisine,Espace de rangement,Sièges inclinables,Ponctualité,Ambiance chaleureuse,Connectivité,Assistance bagages,Conversation,Langue parlée,Éclairage tamisé,Vue panoramique,Chauffeur expérimenté,Wi-Fi gratuit,Navigation GPS,Musique,Silence,Conduite souple,Sport",Traveler,Bamenda
558,Dibombari,"Wi-Fi gratuit,Navigation GPS,Boisson gratuite,Espace de rangement,Vue panoramique,Sièges inclinables,Conversation,Éclairage tamisé,Ambiance chaleureuse,Animaux acceptés,Chauffeur expérimenté,Silence,Sport,Assistance bagages,Cuisine,Climatisation",Traveler,Bafang
3914,Loum,"Conversation,Assistance bagages,Wi-Fi gratuit,Connectivité",Planner,Figuif
3717,Maroua,"Navigation GPS,Éclairage tamisé,Vue panoramique,Climatisation,Sport,Ambiance chaleureuse,Espace de rangement,Sièges inclinables,Wi-Fi gratuit,Animaux acceptés,Chauffeur expérimenté",Planner,Messa
3866,Bandjoun,"Ponctualité,Musique,Conversation,Éclairage tamisé,Vue panoramique,Langue parlée,Silence,Chauffeur expérimenté,Navigation GPS,Boisson gratuite",Planner,Bonamoussadi
2353,Mora,"Sièges inclinables,Confort,Vue panoramique,Climatisation,Éclairage tamisé,Connectivité,Silence,Cuisine,Ponctualité,Conversation",Planner,Essos
21,Yagoua,"Sièges inclinables,Espace de rangement,Sport,Éclairage tamisé,Musique,Silence,Chauffeur expérimenté,Wi-Fi gratuit,Cuisine,Connectivité,Climatisation,Ambiance chaleureuse",Planner,Buea
4617,Kousseri,"Silence,Sièges inclinables,Conduite souple,Espace de rangement,Musique,Éclairage tamisé,Climatisation,Animaux acceptés,Cuisine",Planner,Guider
845,Mokolo,"Sièges inclinables,Assistance bagages,Espace de rangement,Musique,Connectivité,Confort,Sport,Climatisation,Ambiance chaleureuse,Ponctualité,Animaux acceptés,Conversation,Cuisine,Éclairage tamisé,Langue parlée,Silence,Chauffeur expérimenté,Boisson gratuite,Vue panoramique,Conduite souple,Wi-Fi gratuit,Navigation GPS",Planner,Mutengene
1288,Mora,"Ponctualité,Espace de rangement,Climatisation",Planner,Bonabéri
3099,Campo,"Ambiance chaleureuse,Navigation GPS,Vue panoramique,Espace de rangement,Ponctualité,Musique,Conduite souple,Chauffeur expérimenté,Wi-Fi gratuit,Cuisine,Confort,Langue parlée,Climatisation,Boisson gratuite,Connectivité,Silence,Sport,Sièges inclinables,Éclairage tamisé,Assistance bagages",Planner,Figuif
1428,Mora,"Assistance bagages,Conduite souple,Boisson gratuite,Vue panoramique,Conversation,Animaux acceptés,Chauffeur expérimenté,Wi-Fi gratuit,Langue parlée,Sièges inclinables,Ambiance chaleureuse,Éclairage tamisé,Espace de rangement,Climatisation,Confort,Musique",Planner,Dibombari
3817,Belabo,"Silence,Ambiance chaleureuse,Espace de rangement,Animaux acceptés,Assistance bagages,Wi-Fi gratuit,Conduite souple,Boisson gratuite,Conversation,Climatisation,Chauffeur expérimenté,Connectivité,Musique,Sièges inclinables,Sport,Navigation GPS,Ponctualité,Confort,Vue panoramique",Traveler,Nanga-Eboko
909,Boutours,"Sport,Climatisation,Sièges inclinables",Planner,Campo
3235,Meiganga,"Cuisine,Langue parlée,Sport,Silence,Éclairage tamisé,Climatisation,Confort,Chauffeur expérimenté,Espace de rangement,Animaux acceptés",Planner,Bafia
2918,Batibo,"Éclairage tamisé,Sièges inclinables,Langue parlée,Musique,Sport,Connectivité,Silence,Boisson gratuite,Confort,Vue panoramique,Cuisine,Climatisation,Ponctualité,Animaux acceptés",Planner,Buea
4345,Bertoua,"Assistance bagages,Navigation GPS,Sport,Conversation,Ambiance chaleureuse,Vue panoramique,Silence,Éclairage tamisé,Langue parlée,Chauffeur expérimenté,Animaux acceptés,Boisson gratuite,Ponctualité,Conduite souple,Climatisation,Musique,Connectivité,Espace de rangement,Sièges inclinables,Cuisine,Wi-Fi gratuit,Confort",Planner,Boutours
4003,Dibombari,"Ponctualité,Wi-Fi gratuit,Musique,Cuisine,Assistance bagages,Conduite souple",Planner,Garoua
542,Bonanjo,"Conversation,Animaux acceptés,Conduite souple,Ambiance chaleureuse,Ponctualité,Silence,Climatisation,Vue panoramique,Éclairage tamisé,Sport,Confort,Langue parlée,Espace de rangement,Boisson gratuite,Sièges inclinables,Connectivité,Cuisine,Navigation GPS,Assistance bagages,Musique,Wi-Fi gratuit,Chauffeur expérimenté",Planner,Nanga-Eboko
351,Nanga-Eboko,"Langue parlée,Animaux acceptés,Sièges inclinables",Traveler,Bonaberi
3089,Bonaberi,"Sport,Ponctualité,Musique,Conduite souple,Connectivité,Ambiance chaleureuse,Silence,Confort,Vue panoramique,Animaux acceptés,Langue parlée,Navigation GPS,Conversation,Climatisation,Chauffeur expérimenté,Boisson gratuite,Éclairage tamisé,Wi-Fi gratuit,Espace de rangement,Assistance bagages,Cuisine,Sièges inclinables",Planner,Douala
740,Figuif,"Cuisine,Sièges inclinables,Navigation GPS,Musique,Sport,Animaux acceptés",Traveler,Bonanjo
2019,Mbalmayo,"Espace de rangement,Climatisation,Conduite souple,Assistance bagages,Sièges inclinables,Silence,Connectivité,Ambiance chaleureuse",Planner,Batibo
3498,Kumba,"Langue parlée,Conduite souple,Sièges inclinables,Sport,Conversation,Chauffeur expérimenté,Animaux acceptés,Connectivité,Vue panoramique,Musique,Climatisation,Confort,Navigation GPS,Boisson gratuite,Silence,Espace de rangement,Wi-Fi gratuit,Ambiance chaleureuse,Assistance bagages,Ponctualité",Traveler,Bonanjo
3698,Figuif,"Confort,Navigation GPS,Langue parlée,Sièges inclinables,Cuisine,Boisson gratuite",Traveler,Bali Nyonga
3275,Bonanjo,"Sport,Conversation,Espace de rangement,Ambiance chaleureuse,Boisson gratuite,Connectivité,Cuisine,Éclairage tamisé,Musique,Vue panoramique,Conduite souple,Langue parlée,Animaux acceptés,Wi-Fi gratuit",Planner,Belabo
913,Essos,"Langue parlée,Boisson gratuite,Ambiance chaleureuse,Espace de rangement,Assistance bagages,Climatisation,Cuisine,Animaux acceptés,Confort,Silence,Connectivité,Navigation GPS,Conversation,Wi-Fi gratuit,Conduite souple",Planner,Yagoua
1076,Bertoua,"Sport,Langue parlée,Navigation GPS,Ponctualité,Silence,Connectivité,Conversation,Ambiance chaleureuse,Vue panoramique,Chauffeur expérimenté,Climatisation,Wi-Fi gratuit,Cuisine,Musique,Espace de rangement,Éclairage tamisé,Conduite souple,Sièges inclinables,Assistance bagages,Animaux acceptés,Boisson gratuite",Traveler,Guider
2327,Bimbia,"Animaux acceptés,Silence,Assistance bagages,Confort,Éclairage tamisé,Connectivité,Boisson gratuite,Sport,Vue panoramique",Planner,Meiganga
3734,Kribi,"Conduite souple,Animaux acceptés",Planner,Mbandjock
4816,Mokolo,"Ponctualité,Chauffeur expérimenté,Climatisation,Sièges inclinables,Connectivité,Cuisine,Wi-Fi gratuit,Navigation GPS,Langue parlée",Planner,Bamenda
4472,Nanga-Eboko,"Conversation,Conduite souple,Connectivité,Navigation GPS,Espace de rangement,Boisson gratuite,Confort,Cuisine,Musique,Animaux acceptés,Silence,Ponctualité,Éclairage tamisé,Chauffeur expérimenté,Ambiance chaleureuse,Sport,Climatisation,Vue panoramique,Sièges inclinables,Wi-Fi gratuit",Traveler,Bogo
1910,Loum,"Vue panoramique,Connectivité,Ambiance chaleureuse,Espace de rangement,Cuisine,Navigation GPS,Conduite souple,Chauffeur expérimenté,Animaux acceptés,Assistance bagages,Silence,Éclairage tamisé,Boisson gratuite,Climatisation,Musique,Confort,Wi-Fi gratuit,Sièges inclinables,Langue parlée,Conversation",Planner,Bafia
1716,Essos,"Conversation,Navigation GPS,Silence,Sièges inclinables,Confort,Ponctualité,Chauffeur expérimenté,Éclairage tamisé,Espace de rangement,Cuisine,Conduite souple,Connectivité,Boisson gratuite,Climatisation,Assistance bagages,Wi-Fi gratuit,Vue panoramique,Animaux acceptés,Sport,Ambiance chaleureuse",Traveler,Meiganga
1916,Kousseri,"Silence,Musique,Wi-Fi gratuit,Ambiance chaleureuse,Sièges inclinables,Conversation,Sport,Vue panoramique,Confort,Boisson gratuite,Animaux acceptés,Langue parlée,Assistance bagages,Chauffeur expérimenté,Ponctualité,Climatisation,Navigation GPS,Cuisine,Espace de rangement,Conduite souple,Éclairage tamisé,Connectivité",Planner,Muyuka
3591,Beti,"Éclairage tamisé,Ambiance chaleureuse,Connectivité,Espace de rangement,Wi-Fi gratuit,Chauffeur expérimenté,Musique,Vue panoramique,Navigation GPS,Confort,Assistance bagages,Silence,Langue parlée,Conduite souple,Boisson gratuite",Traveler,Bali Nyonga
1738,Kribi,"Cuisine,Conduite souple,Confort,Climatisation,Connectivité,Wi-Fi gratuit,Chauffeur expérimenté",Planner,Bimbia
3820,Mbalmayo,"Musique,Sport,Connectivité,Wi-Fi gratuit,Ambiance chaleureuse,Vue panoramique,Boisson gratuite,Climatisation,Espace de rangement,Langue parlée",Planner,Kumba
2845,Guider,"Musique,Sport,Animaux acceptés,Conduite souple,Conversation,Wi-Fi gratuit,Confort,Espace de rangement,Langue parlée,Sièges inclinables",Planner,Fontem
4162,Buea,"Conduite souple,Confort,Assistance bagages,Animaux acceptés,Sport,Éclairage tamisé,Navigation GPS,Sièges inclinables,Espace de rangement,Vue panoramique",Planner,Bimbia
1210,Yagoua,"Animaux acceptés,Langue parlée,Navigation GPS,Boisson gratuite,Vue panoramique",Traveler,Mutengene
719,Bertoua,"Connectivité,Wi-Fi gratuit,Boisson gratuite,Langue parlée,Navigation GPS,Chauffeur expérimenté,Ponctualité,Sport,Animaux acceptés,Ambiance chaleureuse,Vue panoramique,Silence,Confort",Traveler,Mbandjock
2070,Bonanjo,"Éclairage tamisé,Confort,Ponctualité,Chauffeur expérimenté,Ambiance chaleureuse,Sièges inclinables,Boisson gratuite,Navigation GPS,Connectivité,Langue parlée,Silence,Conversation,Musique,Sport,Wi-Fi gratuit,Animaux acceptés,Conduite souple,Assistance bagages,Climatisation,Cuisine,Vue panoramique,Espace de rangement",Planner,Bimbia
3790,Loum,"Ambiance chaleureuse,Vue panoramique,Sièges inclinables,Chauffeur expérimenté,Navigation GPS,Conduite souple,Connectivité,Boisson gratuite,Éclairage tamisé,Musique,Wi-Fi gratuit,Confort",Planner,Melong
3877,Bonamoussadi,"Éclairage tamisé,Cuisine,Boisson gratuite,Langue parlée,Musique,Ambiance chaleureuse,Sport,Conversation,Climatisation,Silence,Assistance bagages,Connectivité,Chauffeur expérimenté,Conduite souple,Wi-Fi gratuit,Navigation GPS,Animaux acceptés,Espace de rangement",Traveler,Bonakouamouang
4381,Bafoussam,"Ambiance chaleureuse,Chauffeur expérimenté,Musique,Vue panoramique,Conversation,Silence,Cuisine,Boisson gratuite,Espace de rangement,Connectivité,Langue parlée,Animaux acceptés,Sièges inclinables,Ponctualité,Wi-Fi gratuit,Navigation GPS,Confort,Sport",Planner,Garoua
1898,Bonabéri,"Cuisine,Animaux acceptés,Silence,Sièges inclinables,Éclairage tamisé,Confort,Wi-Fi gratuit,Sport,Langue parlée,Chauffeur expérimenté",Traveler,Mbalmayo
219,Nanga-Eboko,"Wi-Fi gratuit,Ambiance chaleureuse,Connectivité,Vue panoramique,Musique,Ponctualité,Conduite souple,Chauffeur expérimenté,Langue parlée",Traveler,Nkongsamba
4534,Kribi,"Éclairage tamisé,Chauffeur expérimenté",Traveler,Muyuka
509,Bonakouamouang,"Boisson gratuite,Ponctualité,Assistance bagages,Langue parlée,Conversation,Navigation GPS,Éclairage tamisé,Connectivité,Vue panoramique,Confort,Conduite souple,Chauffeur expérimenté,Silence,Sièges inclinables,Ambiance chaleureuse,Espace de rangement,Musique,Cuisine",Traveler,Batibo
1456,Bamenda,"Climatisation,Boisson gratuite,Conduite souple,Navigation GPS,Connectivité,Espace de rangement,Sport,Animaux acceptés,Musique,Chauffeur expérimenté,Vue panoramique,Conversation,Ambiance chaleureuse,Wi-Fi gratuit,Éclairage tamisé,Ponctualité,Sièges inclinables,Langue parlée,Confort,Assistance bagages",Planner,Mbouda
3905,Muyuka,"Ambiance chaleureuse,Animaux acceptés,Wi-Fi gratuit,Navigation GPS,Cuisine,Chauffeur expérimenté,Musique,Vue panoramique,Climatisation,Connectivité",Planner,Mutengene
2131,Messa,"Conversation,Vue panoramique,Assistance bagages,Conduite souple,Espace de rangement,Chauffeur expérimenté,Navigation GPS,Éclairage tamisé,Sièges inclinables,Connectivité,Boisson gratuite,Climatisation,Musique,Confort,Ambiance chaleureuse,Langue parlée,Wi-Fi gratuit,Cuisine,Sport,Silence",Traveler,Dibombari
913,Guider,"Musique,Sièges inclinables",Traveler,Mora
4495,Messa,"Connectivité,Ambiance chaleureuse,Chauffeur expérimenté,Espace de rangement,Sport,Langue parlée,Éclairage tamisé,Musique,Assistance bagages,Animaux acceptés,Conduite souple,Sièges inclinables,Boisson gratuite,Confort,Ponctualité,Vue panoramique,Wi-Fi gratuit,Conversation",Planner,Bafang
2443,Buea,"Animaux acceptés,Boisson gratuite",Traveler,Messa
3545,Buea,"Cuisine,Ponctualité,Connectivité,Espace de rangement,Assistance bagages,Chauffeur expérimenté,Climatisation,Navigation GPS,Silence,Ambiance chaleureuse,Animaux acceptés,Wi-Fi gratuit,Musique,Vue panoramique,Conduite souple,Boisson gratuite,Éclairage tamisé,Conversation,Confort,Langue parlée",Traveler,Maroua
734,Gazawa,"Espace de rangement,Wi-Fi gratuit,Assistance bagages,Animaux acceptés,Éclairage tamisé,Langue parlée,Confort,Sport,Chauffeur expérimenté,Cuisine,Climatisation,Conversation,Sièges inclinables,Vue panoramique,Ponctualité,Conduite souple,Ambiance chaleureuse",Planner,Bafoussam
2005,Guider,"Ambiance chaleureuse,Confort,Navigation GPS,Conduite souple",Traveler,Mbandjock
1595,Bertoua,"Confort,Navigation GPS,Musique,Langue parlée,Animaux acceptés,Chauffeur expérimenté,Assistance bagages,Boisson gratuite,Éclairage tamisé,Connectivité,Vue panoramique,Climatisation,Silence,Sport,Ambiance chaleureuse,Conversation,Conduite souple,Cuisine,Sièges inclinables",Planner,Bimbia
213,Yaounde,"Connectivité,Musique,Boisson gratuite,Confort,Navigation GPS,Ambiance chaleureuse,Wi-Fi gratuit,Cuisine,Silence,Ponctualité,Animaux acceptés,Conduite souple,Conversation,Éclairage tamisé,Vue panoramique,Assistance bagages,Sport,Climatisation,Sièges inclinables,Chauffeur expérimenté,Espace de rangement,Langue parlée",Planner,Yagoua
1906,Mbanga,"Climatisation,Musique,Animaux acceptés,Assistance bagages,Boisson gratuite,Vue panoramique,Silence,Connectivité,Sport,Conduite souple,Confort,Conversation,Chauffeur expérimenté,Cuisine,Wi-Fi gratuit,Ambiance chaleureuse,Navigation GPS,Ponctualité,Espace de rangement,Langue parlée",Planner,Guider
2338,Edéa,"Connectivité,Navigation GPS,Climatisation,Wi-Fi gratuit,Animaux acceptés,Éclairage tamisé,Sport,Musique,Sièges inclinables,Cuisine,Assistance bagages,Vue panoramique,Silence,Langue parlée",Traveler,Mbalmayo
2902,Bonanjo,"Sièges inclinables,Silence,Conduite souple,Cuisine,Espace de rangement,Vue panoramique,Langue parlée,Chauffeur expérimenté,Climatisation,Boisson gratuite,Navigation GPS,Sport,Conversation,Éclairage tamisé,Musique",Traveler,Gazawa
1132,Bamenda,"Vue panoramique,Langue parlée,Confort,Assistance bagages,Sport,Navigation GPS,Climatisation,Animaux acceptés,Boisson gratuite,Ponctualité,Musique,Conversation,Silence,Wi-Fi gratuit,Ambiance chaleureuse,Connectivité,Éclairage tamisé,Chauffeur expérimenté,Sièges inclinables",Traveler,Bonakouamouang
984,Limbe,"Climatisation,Sièges inclinables,Espace de rangement,Confort,Vue panoramique,Langue parlée,Ponctualité,Silence,Conversation,Sport,Boisson gratuite,Wi-Fi gratuit,Éclairage tamisé,Assistance bagages,Conduite souple,Ambiance chaleureuse,Chauffeur expérimenté,Cuisine,Navigation GPS",Traveler,Bafoussam
725,Essos,"Ponctualité,Vue panoramique,Connectivité,Éclairage tamisé,Confort,Animaux acceptés,Espace de rangement,Ambiance chaleureuse,Sport",Traveler,Dibombari
1328,Boutours,"Conduite souple,Conversation,Assistance bagages,Navigation GPS,Chauffeur expérimenté,Boisson gratuite,Climatisation,Wi-Fi gratuit",Traveler,Buea
527,Bafoussam,"Connectivité,Éclairage tamisé,Cuisine,Sport",Traveler,Belo
2569,Loum,"Conversation,Connectivité,Animaux acceptés,Vue panoramique,Ponctualité,Musique,Confort,Ambiance chaleureuse,Wi-Fi gratuit,Sièges inclinables",Planner,Kousseri
3255,Fontem,"Navigation GPS,Silence,Sièges inclinables,Connectivité,Éclairage tamisé,Wi-Fi gratuit",Traveler,Mbouda
3851,Douala,"Ponctualité,Conversation,Sport,Confort,Navigation GPS,Connectivité,Silence",Traveler,Bonaberi
1713,Bonaberi,"Éclairage tamisé,Confort,Silence,Cuisine,Espace de rangement,Boisson gratuite,Ambiance chaleureuse",Planner,Beti
580,Buea,"Cuisine,Animaux acceptés",Traveler,Yaounde
3074,Bonabéri,"Sièges inclinables,Conduite souple",Traveler,Buea
1829,Garoua,"Assistance bagages,Éclairage tamisé,Wi-Fi gratuit,Confort,Vue panoramique,Musique,Ambiance chaleureuse,Espace de rangement",Planner,Mokolo
4638,Kousseri,"Silence,Langue parlée,Cuisine,Vue panoramique,Assistance bagages,Chauffeur expérimenté,Musique,Espace de rangement,Navigation GPS,Conduite souple,Éclairage tamisé,Sièges inclinables,Sport,Wi-Fi gratuit,Animaux acceptés,Ponctualité",Traveler,Belabo
1922,Banga Bakundu,"Wi-Fi gratuit,Conversation,Langue parlée,Sièges inclinables,Conduite souple",Traveler,Edéa
1019,Bonaberi,"Assistance bagages,Wi-Fi gratuit,Conversation,Cuisine,Boisson gratuite,Musique,Chauffeur expérimenté,Confort,Vue panoramique,Sport",Traveler,Yaounde
4952,Bamenda,"Confort,Cuisine,Ponctualité,Animaux acceptés",Traveler,Edéa
3565,Mbanga,"Animaux acceptés,Chauffeur expérimenté,Espace de rangement,Musique",Traveler,Gazawa
2408,Bertoua,"Animaux acceptés,Espace de rangement,Sport,Musique,Cuisine,Silence",Planner,Bogo
2164,Belabo,"Assistance bagages,Animaux acceptés,Chauffeur expérimenté,Sport,Climatisation,Conduite souple,Connectivité,Confort,Conversation,Sièges inclinables,Ponctualité,Silence,Boisson gratuite",Planner,Bonakouamouang
4358,Mbalmayo,"Connectivité,Silence,Assistance bagages,Sièges inclinables,Éclairage tamisé,Sport,Vue panoramique,Musique,Cuisine,Navigation GPS,Wi-Fi gratuit,Confort,Ponctualité,Animaux acceptés,Chauffeur expérimenté,Boisson gratuite,Conduite souple,Langue parlée,Ambiance chaleureuse,Espace de rangement,Conversation,Climatisation",Planner,Bonanjo
842,Bimbia,"Navigation GPS,Confort,Cuisine,Ponctualité,Musique,Sièges inclinables,Wi-Fi gratuit,Animaux acceptés,Conversation,Assistance bagages,Climatisation,Boisson gratuite,Langue parlée,Conduite souple,Chauffeur expérimenté,Éclairage tamisé",Planner,Gazawa
3094,Yagoua,"Vue panoramique,Chauffeur expérimenté,Conduite souple,Conversation,Climatisation,Silence,Espace de rangement,Wi-Fi gratuit,Cuisine",Planner,Belo
3237,Buea,"Boisson gratuite,Chauffeur expérimenté,Wi-Fi gratuit,Vue panoramique,Ponctualité,Sièges inclinables,Connectivité,Navigation GPS,Climatisation,Animaux acceptés,Musique,Éclairage tamisé,Conduite souple,Confort,Espace de rangement",Traveler,Mutengene
339,Limbe,"Espace de rangement,Conduite souple,Boisson gratuite,Éclairage tamisé,Sièges inclinables,Silence,Wi-Fi gratuit,Langue parlée,Cuisine,Conversation",Traveler,Edéa
1371,Edéa,"Animaux acceptés,Musique,Langue parlée,Sièges inclinables,Assistance bagages,Ambiance chaleureuse,Navigation GPS",Traveler,Beti
1476,Yagoua,"Sport,Vue panoramique,Confort,Éclairage tamisé,Silence,Conduite souple,Cuisine,Animaux acceptés,Wi-Fi gratuit",Traveler,Bali Nyonga
4589,Batibo,"Conduite souple,Climatisation,Wi-Fi gratuit,Sport,Langue parlée,Connectivité,Conversation,Assistance bagages",Traveler,Beti
581,Mbouda,"Silence,Conduite souple,Wi-Fi gratuit,Ambiance chaleureuse,Confort,Langue parlée,Conversation,Connectivité,Climatisation,Ponctualité,Animaux acceptés",Traveler,Buea
3024,Essos,"Conduite souple,Éclairage tamisé,Animaux acceptés,Cuisine,Boisson gratuite",Traveler,Buea
1436,Mutengene,"Éclairage tamisé,Silence,Vue panoramique,Sièges inclinables,Langue parlée,Assistance bagages,Cuisine,Boisson gratuite,Ponctualité,Conversation,Musique,Espace de rangement",Planner,Edéa
456,Belo,"Cuisine,Chauffeur expérimenté,Confort,Sport,Climatisation,Wi-Fi gratuit,Ponctualité,Éclairage tamisé,Boisson gratuite,Conduite souple,Silence",Planner,Bonanjo
2672,Bali,"Conduite souple,Sport,Silence,Chauffeur expérimenté,Climatisation,Vue panoramique,Connectivité,Ponctualité,Confort,Éclairage tamisé,Navigation GPS,Assistance bagages,Boisson gratuite,Espace de rangement,Cuisine,Langue parlée,Ambiance chaleureuse",Traveler,Kribi
3960,Yaounde,"Navigation GPS,Connectivité,Conduite souple,Animaux acceptés",Traveler,Bimbia
2415,Nkongsamba,"Connectivité,Assistance bagages,Navigation GPS,Boisson gratuite,Silence,Espace de rangement,Ambiance chaleureuse,Vue panoramique,Sièges inclinables,Wi-Fi gratuit,Sport,Chauffeur expérimenté,Cuisine,Conduite souple,Animaux acceptés,Musique,Climatisation,Conversation,Confort,Éclairage tamisé",Planner,Batibo
2601,Dibombari,"Silence,Confort,Espace de rangement,Ponctualité,Navigation GPS,Chauffeur expérimenté,Climatisation,Conversation,Cuisine,Animaux acceptés,Langue parlée,Conduite souple,Éclairage tamisé,Musique,Connectivité,Wi-Fi gratuit,Boisson gratuite,Sièges inclinables,Sport",Traveler,Douala
2066,Campo,"Musique,Assistance bagages,Navigation GPS,Confort,Ponctualité,Langue parlée,Cuisine,Chauffeur expérimenté,Conversation",Traveler,Bafoussam
4003,Meiganga,"Éclairage tamisé,Assistance bagages,Espace de rangement,Langue parlée",Planner,Bonakouamouang
1010,Buea,"Boisson gratuite,Animaux acceptés,Musique,Cuisine,Ambiance chaleureuse",Traveler,Bamenda
4810,Boutours,"Conversation,Conduite souple,Éclairage tamisé,Chauffeur expérimenté,Espace de rangement,Confort,Wi-Fi gratuit,Vue panoramique,Sport,Navigation GPS,Connectivité,Climatisation,Cuisine,Animaux acceptés,Assistance bagages,Ambiance chaleureuse,Ponctualité,Musique,Sièges inclinables",Traveler,Bandjoun
1705,Bali Nyonga,"Langue parlée,Confort,Navigation GPS,Boisson gratuite,Ambiance chaleureuse,Éclairage tamisé",Traveler,Mutengene
4734,Kribi,"Sport,Climatisation,Langue parlée,Vue panoramique",Traveler,Kribi
787,Buea,"Silence,Éclairage tamisé,Musique,Boisson gratuite,Navigation GPS,Cuisine,Chauffeur expérimenté,Wi-Fi gratuit,Confort,Sport,Conversation,Connectivité,Climatisation,Ambiance chaleureuse",Planner,Bamenda
3528,Bafia,"Navigation GPS,Conduite souple,Boisson gratuite,Ponctualité,Chauffeur expérimenté,Animaux acceptés,Silence,Vue panoramique,Cuisine,Langue parlée,Connectivité,Climatisation,Confort,Assistance bagages,Conversation",Planner,Yaounde
1841,Belabo,"Ambiance chaleureuse,Climatisation,Chauffeur expérimenté,Animaux acceptés,Éclairage tamisé,Sièges inclinables,Cuisine,Ponctualité,Silence,Wi-Fi gratuit,Confort,Navigation GPS,Conversation,Espace de rangement,Conduite souple,Connectivité",Traveler,Kribi
4280,Mokolo,"Espace de rangement,Musique,Wi-Fi gratuit,Confort,Navigation GPS,Animaux acceptés,Sport,Chauffeur expérimenté,Ponctualité,Cuisine,Boisson gratuite,Conversation,Sièges inclinables,Langue parlée,Climatisation,Vue panoramique,Éclairage tamisé,Silence,Assistance bagages",Planner,Melong
630,Bimbia,"Navigation GPS,Connectivité,Ambiance chaleureuse,Éclairage tamisé",Traveler,Meiganga
1230,Garoua,"Musique,Sièges inclinables,Espace de rangement,Vue panoramique,Connectivité,Wi-Fi gratuit,Silence",Traveler,Guider
1946,Messa,"Vue panoramique,Confort,Éclairage tamisé,Conduite souple,Boisson gratuite,Langue parlée,Sport,Navigation GPS,Espace de rangement,Sièges inclinables,Ambiance chaleureuse,Assistance bagages,Conversation,Silence,Wi-Fi gratuit,Connectivité,Musique,Climatisation,Animaux acceptés,Ponctualité,Cuisine",Traveler,Muyuka
3559,Boutours,"Animaux acceptés,Silence,Langue parlée,Connectivité,Conversation,Sièges inclinables,Chauffeur expérimenté,Cuisine,Vue panoramique,Musique,Confort,Sport,Boisson gratuite,Navigation GPS,Climatisation",Planner,Kumba
2719,Douala,"Wi-Fi gratuit,Sport,Ponctualité,Musique,Boisson gratuite,Éclairage tamisé,Vue panoramique,Espace de rangement,Chauffeur expérimenté",Traveler,Mokolo
248,Bonakouamouang,"Silence,Connectivité,Conduite souple,Assistance bagages,Musique",Traveler,Bonakouamouang
13,Messa,"Cuisine,Assistance bagages,Espace de rangement,Climatisation,Musique,Sièges inclinables,Boisson gratuite,Vue panoramique,Langue parlée,Conversation,Navigation GPS,Éclairage tamisé,Animaux acceptés,Ponctualité,Conduite souple,Connectivité,Chauffeur expérimenté",Traveler,Kumba
2816,Bogo,"Ponctualité,Wi-Fi gratuit,Animaux acceptés,Navigation GPS,Vue panoramique,Langue parlée,Confort,Conversation,Connectivité,Chauffeur expérimenté,Sport,Boisson gratuite,Sièges inclinables,Éclairage tamisé,Assistance bagages,Conduite souple,Espace de rangement",Traveler,Boutours
4499,Garoua,"Assistance bagages,Wi-Fi gratuit",Planner,Beti
900,Belo,"Langue parlée,Chauffeur expérimenté",Traveler,Edéa
518,Yaounde,Sièges inclinables,Planner,Bali
877,Douala,"Climatisation,Ambiance chaleureuse,Sport,Cuisine,Conversation,Chauffeur expérimenté,Connectivité,Espace de rangement,Wi-Fi gratuit,Assistance bagages,Animaux acceptés,Langue parlée,Silence",Planner,Gazawa
918,Kumba,Musique,Traveler,Kumba
2880,Mora,"Navigation GPS,Ambiance chaleureuse,Confort,Sport,Vue panoramique,Conversation,Conduite souple,Éclairage tamisé,Boisson gratuite,Climatisation,Sièges inclinables,Espace de rangement,Chauffeur expérimenté,Langue parlée,Connectivité,Silence,Cuisine",Traveler,Bamenda
4182,Kumba,"Connectivité,Sport",Traveler,Limbe
3860,Bafia,"Confort,Conduite souple,Silence,Vue panoramique,Musique,Climatisation,Ambiance chaleureuse,Sport,Connectivité,Navigation GPS",Traveler,Maroua
3306,Garoua,"Éclairage tamisé,Assistance bagages,Climatisation,Sièges inclinables,Sport,Conduite souple,Musique,Connectivité,Boisson gratuite,Confort,Chauffeur expérimenté,Navigation GPS,Espace de rangement,Wi-Fi gratuit,Conversation,Animaux acceptés,Vue panoramique,Ponctualité,Cuisine",Planner,Maroua
2681,Nkongsamba,"Chauffeur expérimenté,Assistance bagages,Sport,Vue panoramique,Silence,Boisson gratuite,Conversation,Cuisine,Confort,Wi-Fi gratuit,Ambiance chaleureuse,Éclairage tamisé,Conduite souple,Animaux acceptés,Connectivité,Musique,Navigation GPS,Climatisation,Sièges inclinables",Traveler,Campo
874,Loum,"Sport,Espace de rangement,Éclairage tamisé,Navigation GPS,Cuisine,Assistance bagages,Sièges inclinables,Vue panoramique,Conduite souple,Climatisation,Wi-Fi gratuit,Animaux acceptés,Musique",Planner,Guider
1721,Meiganga,"Ponctualité,Sièges inclinables,Éclairage tamisé,Boisson gratuite,Sport,Climatisation,Cuisine,Vue panoramique",Traveler,Guider
3985,Bonaberi,"Langue parlée,Cuisine,Connectivité,Confort",Traveler,Nkongsamba
579,Guider,"Sport,Confort,Boisson gratuite,Silence,Sièges inclinables,Chauffeur expérimenté,Vue panoramique,Assistance bagages,Conversation,Éclairage tamisé,Connectivité",Planner,Maroua
2598,Douala,"Espace de rangement,Sport,Confort,Sièges inclinables,Éclairage tamisé,Wi-Fi gratuit,Conversation,Connectivité,Musique,Navigation GPS,Chauffeur expérimenté,Vue panoramique,Assistance bagages,Silence,Conduite souple,Boisson gratuite,Ambiance chaleureuse,Langue parlée,Animaux acceptés,Ponctualité,Cuisine",Traveler,Edéa
905,Banga Bakundu,"Confort,Animaux acceptés,Ponctualité,Vue panoramique,Silence,Connectivité,Cuisine,Climatisation,Ambiance chaleureuse,Espace de rangement,Assistance bagages,Sport,Conversation,Musique,Langue parlée,Boisson gratuite,Wi-Fi gratuit,Conduite souple,Chauffeur expérimenté,Éclairage tamisé",Planner,Bogo
661,Mbanga,"Éclairage tamisé,Wi-Fi gratuit,Cuisine,Conduite souple,Chauffeur expérimenté,Navigation GPS,Vue panoramique",Traveler,Mbouda
1470,Yagoua,"Ambiance chaleureuse,Langue parlée,Connectivité,Musique,Silence,Vue panoramique,Sport",Traveler,Bonakouamouang
2875,Nanga-Eboko,"Sport,Connectivité,Climatisation,Silence,Navigation GPS,Conduite souple,Conversation,Confort,Musique,Animaux acceptés,Éclairage tamisé",Traveler,Loum
4611,Bertoua,"Langue parlée,Navigation GPS,Climatisation,Animaux acceptés,Wi-Fi gratuit,Conversation,Vue panoramique,Ambiance chaleureuse,Sport,Conduite souple,Connectivité,Confort,Sièges inclinables,Cuisine,Ponctualité,Silence,Boisson gratuite,Éclairage tamisé,Musique,Espace de rangement",Traveler,Banga Bakundu
504,Mokolo,"Vue panoramique,Wi-Fi gratuit,Musique,Langue parlée,Boisson gratuite,Cuisine,Chauffeur expérimenté,Navigation GPS,Climatisation,Ponctualité,Sièges inclinables,Confort,Silence,Assistance bagages,Sport,Conversation,Ambiance chaleureuse,Animaux acceptés,Espace de rangement",Planner,Belo
2408,Mbalmayo,"Animaux acceptés,Wi-Fi gratuit,Conduite souple,Musique",Traveler,Limbe
4022,Beti,"Espace de rangement,Musique,Conversation,Wi-Fi gratuit,Confort,Climatisation,Connectivité,Conduite souple,Cuisine,Animaux acceptés,Sièges inclinables,Langue parlée,Éclairage tamisé,Boisson gratuite,Ponctualité,Vue panoramique,Ambiance chaleureuse,Sport,Silence,Assistance bagages",Traveler,Kribi
2204,Campo,"Confort,Vue panoramique,Wi-Fi gratuit,Connectivité,Climatisation,Animaux acceptés,Conversation,Sièges inclinables,Silence,Ambiance chaleureuse,Assistance bagages,Conduite souple,Langue parlée,Navigation GPS,Ponctualité,Boisson gratuite,Sport,Cuisine,Éclairage tamisé,Musique",Traveler,Kumba
726,Banga Bakundu,"Wi-Fi gratuit,Ponctualité,Confort,Ambiance chaleureuse,Sport,Silence,Navigation GPS,Animaux acceptés,Langue parlée",Planner,Bonamoussadi
703,Bafia,"Ambiance chaleureuse,Animaux acceptés,Assistance bagages,Conversation,Silence,Vue panoramique,Sièges inclinables,Espace de rangement,Chauffeur expérimenté,Confort,Musique,Navigation GPS,Connectivité,Cuisine",Traveler,Maroua
2833,Bali,"Éclairage tamisé,Silence,Ambiance chaleureuse,Conduite souple,Connectivité,Ponctualité,Espace de rangement,Sport,Conversation,Confort,Cuisine,Langue parlée,Climatisation",Traveler,Kribi
3242,Bonabéri,"Musique,Éclairage tamisé,Sièges inclinables,Climatisation,Conversation,Ambiance chaleureuse,Sport,Wi-Fi gratuit,Boisson gratuite,Espace de rangement,Navigation GPS,Assistance bagages",Traveler,Bamenda
2135,Bogo,"Climatisation,Connectivité,Langue parlée,Assistance bagages,Wi-Fi gratuit,Ponctualité,Musique,Vue panoramique,Ambiance chaleureuse,Espace de rangement,Cuisine,Sièges inclinables,Boisson gratuite,Chauffeur expérimenté,Conversation,Confort",Traveler,Buea
1093,Mbanga,"Silence,Connectivité,Musique,Sièges inclinables,Vue panoramique,Ambiance chaleureuse,Wi-Fi gratuit,Conduite souple,Conversation,Climatisation,Langue parlée,Espace de rangement,Assistance bagages,Confort,Cuisine,Animaux acceptés,Navigation GPS,Ponctualité,Chauffeur expérimenté,Éclairage tamisé,Sport",Traveler,Meiganga
1139,Belabo,"Éclairage tamisé,Climatisation,Assistance bagages,Sport,Musique,Cuisine,Espace de rangement,Conversation,Connectivité,Boisson gratuite,Silence,Conduite souple,Chauffeur expérimenté",Traveler,Campo
3661,Bamenda,"Silence,Sièges inclinables,Ponctualité,Climatisation,Langue parlée,Ambiance chaleureuse,Chauffeur expérimenté,Musique,Animaux acceptés,Connectivité,Conversation,Conduite souple",Planner,Bafang
1053,Buea,"Espace de rangement,Confort",Traveler,Bonanjo
3090,Bonabéri,"Confort,Espace de rangement,Boisson gratuite",Planner,Kumba
3537,Belo,"Climatisation,Musique,Conversation,Boisson gratuite,Navigation GPS,Wi-Fi gratuit,Sport,Espace de rangement,Silence,Animaux acceptés,Sièges inclinables,Connectivité,Assistance bagages",Traveler,Bertoua
1303,Meiganga,"Assistance bagages,Confort,Chauffeur expérimenté,Ponctualité,Connectivité,Animaux acceptés,Boisson gratuite,Sport,Langue parlée,Éclairage tamisé,Navigation GPS,Silence,Conduite souple,Cuisine,Ambiance chaleureuse,Vue panoramique,Musique,Climatisation,Conversation,Espace de rangement",Planner,Bafang
301,Bonaberi,"Langue parlée,Conduite souple,Confort,Sièges inclinables,Ponctualité",Planner,Campo
3263,Batibo,"Navigation GPS,Assistance bagages",Traveler,Edéa
2344,Buea,"Musique,Sièges inclinables,Chauffeur expérimenté,Espace de rangement,Connectivité,Vue panoramique,Navigation GPS,Confort,Conversation,Cuisine,Éclairage tamisé,Conduite souple,Animaux acceptés,Boisson gratuite,Climatisation,Sport,Langue parlée",Traveler,Banga Bakundu
2781,Banga Bakundu,"Musique,Connectivité,Langue parlée,Espace de rangement,Cuisine,Conduite souple,Animaux acceptés,Chauffeur expérimenté,Assistance bagages,Climatisation,Wi-Fi gratuit,Vue panoramique,Éclairage tamisé,Sièges inclinables,Navigation GPS",Traveler,Mbanga
2327,Bandjoun,"Vue panoramique,Silence,Wi-Fi gratuit",Planner,Nanga-Eboko
3202,Buea,"Climatisation,Éclairage tamisé,Wi-Fi gratuit,Conversation,Cuisine,Assistance bagages,Chauffeur expérimenté,Navigation GPS,Musique,Ambiance chaleureuse,Boisson gratuite,Ponctualité,Connectivité,Silence,Langue parlée,Espace de rangement,Sièges inclinables,Vue panoramique,Animaux acceptés,Confort,Sport,Conduite souple",Planner,Meiganga
1950,Edéa,"Éclairage tamisé,Silence,Cuisine,Sport,Animaux acceptés,Wi-Fi gratuit,Boisson gratuite,Confort,Navigation GPS,Langue parlée,Climatisation",Traveler,Loum
1254,Belo,"Conduite souple,Langue parlée,Navigation GPS,Ambiance chaleureuse,Éclairage tamisé,Wi-Fi gratuit,Cuisine,Sièges inclinables,Chauffeur expérimenté,Silence,Sport,Connectivité,Conversation,Climatisation,Confort,Espace de rangement,Animaux acceptés,Assistance bagages,Boisson gratuite,Musique,Ponctualité,Vue panoramique",Planner,Bafang
2373,Banga Bakundu,"Sièges inclinables,Assistance bagages,Ponctualité,Cuisine,Conversation,Ambiance chaleureuse,Sport,Wi-Fi gratuit,Boisson gratuite,Chauffeur expérimenté,Espace de rangement",Planner,Mbalmayo
963,Bonaberi,"Confort,Navigation GPS,Connectivité,Chauffeur expérimenté,Sièges inclinables,Espace de rangement,Animaux acceptés,Vue panoramique,Assistance bagages,Conversation,Sport,Boisson gratuite,Silence,Éclairage tamisé,Ambiance chaleureuse,Climatisation,Wi-Fi gratuit,Musique,Ponctualité,Cuisine,Langue parlée",Planner,Belabo
3293,Buea,"Chauffeur expérimenté,Éclairage tamisé,Cuisine,Ambiance chaleureuse,Langue parlée,Confort,Musique,Espace de rangement,Connectivité",Planner,Bafoussam
3566,Melong,"Animaux acceptés,Cuisine,Connectivité,Musique,Ponctualité,Chauffeur expérimenté,Confort,Éclairage tamisé,Wi-Fi gratuit,Vue panoramique,Espace de rangement,Ambiance chaleureuse,Climatisation,Silence,Navigation GPS,Sièges inclinables,Assistance bagages,Boisson gratuite",Planner,Boutours
729,Douala,"Musique,Vue panoramique,Sport,Animaux acceptés,Espace de rangement,Assistance bagages,Chauffeur expérimenté,Connectivité,Conduite souple,Climatisation,Confort,Éclairage tamisé,Silence,Wi-Fi gratuit,Langue parlée,Sièges inclinables,Ponctualité",Planner,Kribi
1728,Bertoua,"Silence,Ponctualité,Sièges inclinables,Conversation,Climatisation,Boisson gratuite,Ambiance chaleureuse,Chauffeur expérimenté,Wi-Fi gratuit,Langue parlée,Assistance bagages,Navigation GPS",Planner,Bertoua
1374,Loum,"Animaux acceptés,Éclairage tamisé,Boisson gratuite,Connectivité,Vue panoramique,Cuisine,Wi-Fi gratuit,Navigation GPS,Climatisation",Planner,Kousseri
779,Dibombari,"Langue parlée,Assistance bagages,Ambiance chaleureuse,Wi-Fi gratuit,Silence,Conversation,Animaux acceptés,Musique,Cuisine,Confort,Sièges inclinables,Boisson gratuite,Navigation GPS,Conduite souple,Espace de rangement,Climatisation,Sport,Connectivité,Éclairage tamisé,Ponctualité",Planner,Melong
553,Guider,"Musique,Animaux acceptés,Connectivité,Ponctualité,Chauffeur expérimenté,Silence,Cuisine,Éclairage tamisé,Confort,Conduite souple,Climatisation,Boisson gratuite,Langue parlée,Assistance bagages,Sièges inclinables,Sport,Navigation GPS,Ambiance chaleureuse,Conversation,Vue panoramique,Espace de rangement",Traveler,Mokolo
4126,Essos,"Cuisine,Assistance bagages,Sport,Conduite souple,Wi-Fi gratuit,Boisson gratuite,Animaux acceptés,Sièges inclinables,Silence,Espace de rangement",Planner,Bali Nyonga
2896,Maroua,Connectivité,Traveler,Mora
2352,Bali Nyonga,"Ponctualité,Animaux acceptés,Chauffeur expérimenté,Assistance bagages,Ambiance chaleureuse,Cuisine,Sport,Boisson gratuite,Vue panoramique,Confort,Navigation GPS",Traveler,Yagoua
2880,Melong,"Chauffeur expérimenté,Ambiance chaleureuse,Assistance bagages",Traveler,Mora
165,Bonamoussadi,"Cuisine,Boisson gratuite,Climatisation,Chauffeur expérimenté,Assistance bagages,Conversation,Sport,Ambiance chaleureuse,Animaux acceptés,Musique,Conduite souple",Planner,Yagoua
636,Mbanga,"Vue panoramique,Ambiance chaleureuse,Éclairage tamisé,Espace de rangement,Climatisation,Navigation GPS,Animaux acceptés",Traveler,Loum
3945,Belabo,"Musique,Éclairage tamisé,Conversation,Climatisation,Cuisine",Traveler,Bogo
2399,Mbalmayo,"Connectivité,Chauffeur expérimenté,Boisson gratuite,Ponctualité,Confort,Conversation,Vue panoramique,Animaux acceptés,Wi-Fi gratuit,Navigation GPS,Sièges inclinables,Conduite souple,Langue parlée,Éclairage tamisé,Silence,Espace de rangement,Cuisine,Ambiance chaleureuse",Planner,Mbandjock
2483,Mutengene,"Boisson gratuite,Sport,Espace de rangement,Wi-Fi gratuit,Chauffeur expérimenté,Climatisation,Éclairage tamisé,Cuisine,Musique,Vue panoramique",Traveler,Bonamoussadi
1996,Buea,"Animaux acceptés,Ponctualité,Cuisine,Musique,Ambiance chaleureuse,Assistance bagages,Silence,Connectivité,Éclairage tamisé,Espace de rangement,Sièges inclinables,Sport,Navigation GPS,Confort,Chauffeur expérimenté,Climatisation,Langue parlée,Vue panoramique,Conversation",Planner,Buea
501,Kribi,"Cuisine,Musique,Éclairage tamisé,Langue parlée,Espace de rangement,Boisson gratuite,Wi-Fi gratuit,Conduite souple,Vue panoramique,Silence,Connectivité,Sport,Assistance bagages,Conversation,Climatisation,Sièges inclinables,Navigation GPS,Chauffeur expérimenté,Confort,Ponctualité",Planner,Kribi
2563,Edéa,Conversation,Planner,Buea
4234,Kousseri,"Conduite souple,Wi-Fi gratuit,Assistance bagages,Climatisation,Confort,Éclairage tamisé,Connectivité,Espace de rangement,Ponctualité,Silence,Sport,Boisson gratuite,Sièges inclinables,Animaux acceptés,Chauffeur expérimenté,Cuisine,Vue panoramique,Ambiance chaleureuse,Conversation,Musique",Planner,Nkongsamba
2724,Banga Bakundu,"Boisson gratuite,Ambiance chaleureuse,Wi-Fi gratuit,Confort,Silence,Sièges inclinables,Animaux acceptés",Planner,Bogo
3088,Mbanga,"Wi-Fi gratuit,Chauffeur expérimenté,Conduite souple,Silence,Boisson gratuite,Conversation,Connectivité,Espace de rangement",Planner,Bali
4487,Bogo,"Chauffeur expérimenté,Cuisine",Traveler,Yagoua
2629,Bonanjo,"Boisson gratuite,Sièges inclinables,Chauffeur expérimenté,Conduite souple,Éclairage tamisé,Connectivité",Planner,Mbouda
4946,Bonabéri,"Langue parlée,Confort,Silence,Musique,Sport,Animaux acceptés,Vue panoramique,Assistance bagages,Boisson gratuite,Ambiance chaleureuse,Sièges inclinables,Cuisine",Traveler,Boutours
3839,Melong,"Confort,Chauffeur expérimenté,Connectivité,Espace de rangement,Musique",Planner,Dibombari
4716,Bafang,"Assistance bagages,Ponctualité,Éclairage tamisé,Boisson gratuite,Espace de rangement,Silence,Chauffeur expérimenté,Connectivité,Vue panoramique,Langue parlée,Animaux acceptés,Sièges inclinables,Confort,Conduite souple,Climatisation,Conversation,Wi-Fi gratuit,Cuisine,Sport,Navigation GPS,Musique",Planner,Essos
2809,Mora,"Espace de rangement,Wi-Fi gratuit,Conduite souple,Conversation,Confort,Boisson gratuite,Éclairage tamisé,Chauffeur expérimenté",Traveler,Mutengene
2227,Bertoua,"Ponctualité,Conversation,Wi-Fi gratuit,Ambiance chaleureuse,Sport,Navigation GPS,Musique,Chauffeur expérimenté,Confort,Animaux acceptés,Sièges inclinables,Silence,Langue parlée,Conduite souple,Espace de rangement,Éclairage tamisé,Boisson gratuite,Vue panoramique,Climatisation,Assistance bagages,Cuisine,Connectivité",Traveler,Bonamoussadi
2721,Mbouda,"Boisson gratuite,Wi-Fi gratuit,Assistance bagages,Cuisine",Planner,Kribi
3852,Banga Bakundu,"Animaux acceptés,Silence,Sport,Navigation GPS,Musique,Boisson gratuite,Ambiance chaleureuse,Cuisine,Éclairage tamisé,Conversation,Wi-Fi gratuit,Assistance bagages,Connectivité,Ponctualité,Conduite souple,Sièges inclinables",Planner,Messa
2374,Nanga-Eboko,"Climatisation,Conduite souple,Vue panoramique,Espace de rangement,Boisson gratuite,Chauffeur expérimenté",Traveler,Yaounde
1822,Guider,"Assistance bagages,Ambiance chaleureuse,Sport,Silence,Confort,Climatisation,Connectivité,Boisson gratuite,Conduite souple,Wi-Fi gratuit,Espace de rangement,Vue panoramique,Animaux acceptés,Musique,Chauffeur expérimenté,Éclairage tamisé,Conversation",Planner,Kribi
3928,Bonamoussadi,"Cuisine,Éclairage tamisé,Musique,Boisson gratuite,Conversation,Conduite souple,Climatisation,Sport,Wi-Fi gratuit,Ponctualité,Silence,Navigation GPS,Animaux acceptés",Traveler,Guider
1858,Bimbia,Connectivité,Traveler,Bertoua
1088,Gazawa,"Confort,Musique,Navigation GPS,Éclairage tamisé,Assistance bagages,Sport,Climatisation,Animaux acceptés,Conduite souple,Connectivité,Vue panoramique",Traveler,Bertoua
3681,Bertoua,"Climatisation,Sport,Cuisine,Conversation,Ponctualité,Animaux acceptés,Wi-Fi gratuit,Assistance bagages,Ambiance chaleureuse,Navigation GPS",Planner,Buea
2215,Bertoua,"Boisson gratuite,Musique,Connectivité,Vue panoramique,Climatisation,Animaux acceptés,Langue parlée,Navigation GPS,Chauffeur expérimenté,Conversation,Wi-Fi gratuit,Sport,Sièges inclinables",Traveler,Buea
2890,Dibombari,"Éclairage tamisé,Sport,Cuisine",Traveler,Yagoua
646,Essos,"Vue panoramique,Ponctualité,Animaux acceptés,Connectivité,Confort,Sièges inclinables,Espace de rangement,Navigation GPS,Conduite souple,Éclairage tamisé,Chauffeur expérimenté,Assistance bagages,Conversation,Langue parlée,Wi-Fi gratuit,Boisson gratuite,Climatisation,Musique,Sport,Cuisine,Silence,Ambiance chaleureuse",Traveler,Messa
1570,Bafang,"Climatisation,Langue parlée,Confort,Assistance bagages,Animaux acceptés,Wi-Fi gratuit,Silence,Conduite souple",Planner,Mutengene
768,Edéa,Assistance bagages,Traveler,Gazawa
2066,Belabo,"Conduite souple,Espace de rangement,Confort,Ponctualité,Assistance bagages,Musique,Éclairage tamisé,Conversation,Sièges inclinables,Navigation GPS,Sport,Connectivité,Silence,Climatisation,Cuisine",Planner,Buea
4898,Edéa,"Navigation GPS,Ponctualité,Vue panoramique,Ambiance chaleureuse,Chauffeur expérimenté,Boisson gratuite",Traveler,Belo
251,Bonaberi,"Musique,Silence,Espace de rangement,Vue panoramique,Wi-Fi gratuit,Navigation GPS,Chauffeur expérimenté,Ambiance chaleureuse,Confort,Langue parlée,Conversation",Traveler,Bali Nyonga
3070,Mora,"Sport,Assistance bagages,Sièges inclinables,Climatisation,Boisson gratuite,Conversation,Conduite souple,Silence,Vue panoramique,Animaux acceptés,Ponctualité,Navigation GPS,Cuisine",Traveler,Loum
4555,Kousseri,"Silence,Assistance bagages,Sport,Ponctualité,Climatisation,Éclairage tamisé,Conversation,Vue panoramique,Animaux acceptés",Traveler,Bonaberi
4094,Bonaberi,"Éclairage tamisé,Boisson gratuite,Connectivité,Assistance bagages,Confort,Climatisation,Sport,Langue parlée,Espace de rangement,Navigation GPS",Planner,Meiganga
970,Bertoua,"Musique,Conversation,Ponctualité,Langue parlée,Espace de rangement",Traveler,Meiganga
2168,Bonamoussadi,"Boisson gratuite,Animaux acceptés,Chauffeur expérimenté",Traveler,Limbe
4025,Douala,"Langue parlée,Conversation,Espace de rangement,Animaux acceptés",Planner,Muyuka
3410,Garoua,"Animaux acceptés,Assistance bagages,Silence,Connectivité,Espace de rangement,Éclairage tamisé,Cuisine",Traveler,Mbandjock
1387,Guider,"Sièges inclinables,Climatisation,Éclairage tamisé,Musique,Wi-Fi gratuit,Chauffeur expérimenté,Langue parlée,Connectivité,Sport,Ambiance chaleureuse,Navigation GPS,Conversation,Conduite souple",Traveler,Figuif
1980,Batibo,"Espace de rangement,Vue panoramique,Conversation,Boisson gratuite,Conduite souple,Animaux acceptés",Traveler,Kousseri
3701,Bonabéri,"Climatisation,Confort,Assistance bagages,Conduite souple,Boisson gratuite,Connectivité,Éclairage tamisé,Wi-Fi gratuit,Conversation,Ponctualité,Animaux acceptés,Espace de rangement,Silence,Musique,Sièges inclinables,Navigation GPS",Planner,Mbalmayo
4277,Loum,"Ambiance chaleureuse,Climatisation,Conduite souple,Vue panoramique",Planner,Belo
1450,Gazawa,"Connectivité,Ambiance chaleureuse,Navigation GPS,Animaux acceptés,Langue parlée,Sièges inclinables,Vue panoramique,Conduite souple,Assistance bagages,Confort,Chauffeur expérimenté,Conversation,Wi-Fi gratuit,Boisson gratuite,Silence,Espace de rangement,Éclairage tamisé",Traveler,Beti
4644,Bonanjo,"Conversation,Sièges inclinables,Wi-Fi gratuit,Ambiance chaleureuse,Navigation GPS,Silence,Éclairage tamisé,Boisson gratuite,Confort,Connectivité,Vue panoramique,Animaux acceptés,Conduite souple,Langue parlée,Ponctualité,Assistance bagages,Cuisine,Chauffeur expérimenté,Musique",Planner,Melong
3657,Bandjoun,"Espace de rangement,Chauffeur expérimenté,Navigation GPS,Assistance bagages,Ponctualité,Sport,Vue panoramique,Confort,Connectivité",Traveler,Buea
4092,Douala,"Conversation,Éclairage tamisé,Assistance bagages,Espace de rangement,Conduite souple,Musique,Sport,Wi-Fi gratuit,Navigation GPS,Sièges inclinables,Ambiance chaleureuse,Vue panoramique,Silence,Confort,Chauffeur expérimenté",Planner,Douala
1411,Fontem,"Conduite souple,Éclairage tamisé,Cuisine,Connectivité",Traveler,Bamenda
1421,Bonaberi,"Musique,Animaux acceptés,Conduite souple,Langue parlée,Boisson gratuite,Vue panoramique,Navigation GPS,Conversation,Confort,Ambiance chaleureuse,Cuisine,Sièges inclinables,Assistance bagages,Climatisation,Ponctualité,Silence",Traveler,Maroua
2028,Bertoua,"Éclairage tamisé,Vue panoramique,Assistance bagages,Ponctualité,Cuisine,Boisson gratuite,Musique,Wi-Fi gratuit,Conversation,Climatisation,Chauffeur expérimenté,Navigation GPS,Sièges inclinables,Ambiance chaleureuse,Langue parlée",Traveler,Essos
2985,Kousseri,"Sièges inclinables,Ponctualité,Sport,Chauffeur expérimenté,Connectivité,Animaux acceptés,Climatisation,Navigation GPS",Planner,Boutours
875,Fontem,"Langue parlée,Musique,Sièges inclinables,Ambiance chaleureuse,Cuisine,Conduite souple,Ponctualité,Conversation",Planner,Belabo
2068,Melong,"Navigation GPS,Animaux acceptés,Conversation,Espace de rangement,Silence,Chauffeur expérimenté,Ponctualité,Éclairage tamisé,Climatisation,Musique,Vue panoramique,Wi-Fi gratuit,Langue parlée,Sport,Confort,Cuisine,Conduite souple,Sièges inclinables,Assistance bagages,Connectivité,Boisson gratuite,Ambiance chaleureuse",Planner,Bafang
3448,Messa,"Sièges inclinables,Conduite souple,Animaux acceptés,Cuisine,Climatisation,Confort,Conversation,Vue panoramique,Musique,Ambiance chaleureuse,Ponctualité,Espace de rangement,Wi-Fi gratuit,Boisson gratuite,Sport,Éclairage tamisé,Connectivité,Assistance bagages",Traveler,Bonamoussadi
4849,Gazawa,"Conduite souple,Wi-Fi gratuit,Vue panoramique,Langue parlée,Espace de rangement,Cuisine,Chauffeur expérimenté,Assistance bagages,Animaux acceptés,Climatisation,Connectivité,Ambiance chaleureuse,Silence,Sièges inclinables,Sport",Planner,Bandjoun
2854,Edéa,Cuisine,Planner,Bonabéri
3138,Mokolo,"Assistance bagages,Conversation",Traveler,Bandjoun
1513,Dibombari,"Vue panoramique,Navigation GPS,Assistance bagages,Espace de rangement,Langue parlée,Ambiance chaleureuse,Musique,Wi-Fi gratuit,Ponctualité,Éclairage tamisé,Boisson gratuite",Planner,Bali Nyonga
1946,Bandjoun,"Conversation,Vue panoramique,Conduite souple,Sport,Assistance bagages,Ambiance chaleureuse,Wi-Fi gratuit,Confort,Climatisation,Ponctualité,Silence,Animaux acceptés,Espace de rangement,Sièges inclinables,Langue parlée,Chauffeur expérimenté,Cuisine,Connectivité",Traveler,Bafia
2477,Edéa,"Cuisine,Silence,Wi-Fi gratuit,Assistance bagages,Chauffeur expérimenté,Éclairage tamisé,Conduite souple,Conversation",Planner,Bafoussam
4621,Nanga-Eboko,"Silence,Espace de rangement,Sport,Boisson gratuite,Conversation,Vue panoramique,Chauffeur expérimenté,Ambiance chaleureuse,Musique,Assistance bagages,Langue parlée,Wi-Fi gratuit,Cuisine,Confort,Connectivité,Ponctualité",Traveler,Bertoua
4633,Bonamoussadi,"Sièges inclinables,Conduite souple",Traveler,Bonamoussadi
894,Bonabéri,"Boisson gratuite,Assistance bagages,Ponctualité,Chauffeur expérimenté,Navigation GPS,Vue panoramique,Animaux acceptés,Musique,Ambiance chaleureuse,Conversation,Langue parlée,Éclairage tamisé,Connectivité,Confort,Sièges inclinables,Wi-Fi gratuit,Conduite souple",Planner,Dibombari
2535,Boutours,"Climatisation,Connectivité,Assistance bagages,Chauffeur expérimenté,Musique,Animaux acceptés",Traveler,Belo
4864,Bamenda,"Éclairage tamisé,Conduite souple,Cuisine,Navigation GPS,Espace de rangement,Assistance bagages,Connectivité",Planner,Mokolo
922,Meiganga,"Espace de rangement,Silence,Ambiance chaleureuse,Animaux acceptés,Chauffeur expérimenté,Conduite souple,Sièges inclinables,Confort,Ponctualité,Éclairage tamisé",Planner,Yagoua
4265,Banga Bakundu,"Animaux acceptés,Ambiance chaleureuse,Musique,Conversation,Sport,Assistance bagages,Langue parlée,Sièges inclinables,Connectivité,Cuisine,Boisson gratuite,Ponctualité,Espace de rangement,Climatisation,Navigation GPS,Vue panoramique,Conduite souple",Planner,Mbandjock
4507,Douala,"Langue parlée,Chauffeur expérimenté,Navigation GPS,Ponctualité,Assistance bagages,Confort,Vue panoramique,Ambiance chaleureuse,Conduite souple,Connectivité,Éclairage tamisé,Sièges inclinables,Silence,Cuisine,Animaux acceptés,Climatisation,Boisson gratuite,Conversation,Espace de rangement,Wi-Fi gratuit,Sport,Musique",Traveler,Bimbia
1564,Bogo,"Climatisation,Espace de rangement,Ponctualité,Chauffeur expérimenté,Sièges inclinables,Confort,Cuisine,Musique,Silence,Animaux acceptés,Langue parlée,Ambiance chaleureuse,Éclairage tamisé",Traveler,Buea
1709,Bertoua,"Confort,Éclairage tamisé,Wi-Fi gratuit,Climatisation,Conversation,Conduite souple,Sport,Ambiance chaleureuse,Assistance bagages",Traveler,Gazawa
1919,Meiganga,"Navigation GPS,Cuisine,Musique,Boisson gratuite,Climatisation,Confort,Silence,Ambiance chaleureuse,Espace de rangement,Sport,Conversation,Animaux acceptés,Sièges inclinables,Langue parlée,Vue panoramique,Conduite souple,Connectivité,Wi-Fi gratuit,Ponctualité",Planner,Batibo
2143,Kousseri,Vue panoramique,Traveler,Bafia
3820,Kribi,"Ponctualité,Connectivité,Conduite souple,Confort,Animaux acceptés,Silence,Cuisine,Langue parlée,Climatisation,Chauffeur expérimenté,Conversation,Éclairage tamisé,Boisson gratuite,Assistance bagages,Ambiance chaleureuse,Sièges inclinables,Espace de rangement,Navigation GPS,Wi-Fi gratuit,Sport,Musique,Vue panoramique",Traveler,Beti
4787,Bonanjo,"Ponctualité,Langue parlée,Conversation,Vue panoramique",Traveler,Dibombari
3786,Dibombari,"Sport,Conversation,Silence,Conduite souple,Chauffeur expérimenté,Confort,Espace de rangement,Boisson gratuite,Sièges inclinables,Vue panoramique,Langue parlée,Éclairage tamisé,Musique,Ambiance chaleureuse,Animaux acceptés",Traveler,Essos
3094,Bamenda,"Confort,Boisson gratuite,Silence,Chauffeur expérimenté,Wi-Fi gratuit,Ambiance chaleureuse,Musique,Espace de rangement,Animaux acceptés,Cuisine,Connectivité,Climatisation,Assistance bagages,Éclairage tamisé,Conduite souple,Conversation,Sièges inclinables,Sport,Ponctualité",Traveler,Loum
2504,Meiganga,"Langue parlée,Sport,Éclairage tamisé,Navigation GPS,Cuisine,Sièges inclinables,Confort,Ponctualité",Traveler,Muyuka
2935,Messa,"Connectivité,Climatisation,Sport,Vue panoramique,Musique,Sièges inclinables,Éclairage tamisé,Animaux acceptés,Ambiance chaleureuse,Confort,Ponctualité,Wi-Fi gratuit",Planner,Beti
2661,Bonanjo,Espace de rangement,Traveler,Dibombari
3778,Mbouda,"Assistance bagages,Musique,Chauffeur expérimenté,Sièges inclinables,Animaux acceptés,Ponctualité,Vue panoramique,Wi-Fi gratuit,Espace de rangement,Éclairage tamisé,Sport,Connectivité,Confort,Navigation GPS,Cuisine,Ambiance chaleureuse,Conduite souple,Silence,Climatisation,Langue parlée,Conversation,Boisson gratuite",Planner,Mbandjock
37,Mora,"Navigation GPS,Climatisation,Wi-Fi gratuit,Ponctualité,Vue panoramique,Silence,Connectivité,Ambiance chaleureuse,Conduite souple,Sièges inclinables,Boisson gratuite,Langue parlée,Confort,Conversation,Assistance bagages,Éclairage tamisé,Espace de rangement,Cuisine,Chauffeur expérimenté,Musique,Sport,Animaux acceptés",Planner,Bonanjo
4601,Mutengene,"Confort,Boisson gratuite,Conduite souple,Sport,Ambiance chaleureuse,Sièges inclinables,Assistance bagages,Vue panoramique,Langue parlée,Wi-Fi gratuit",Planner,Bimbia
4658,Bimbia,"Wi-Fi gratuit,Navigation GPS,Ambiance chaleureuse,Espace de rangement,Musique,Conversation,Éclairage tamisé,Cuisine,Sièges inclinables,Animaux acceptés,Conduite souple,Langue parlée,Ponctualité,Confort",Planner,Muyuka
4086,Fontem,"Espace de rangement,Silence,Cuisine",Planner,Mokolo
3059,Bamenda,"Conversation,Silence,Wi-Fi gratuit,Confort,Conduite souple,Espace de rangement,Musique,Connectivité,Ambiance chaleureuse,Chauffeur expérimenté,Climatisation,Sport,Cuisine",Planner,Bimbia
2960,Yaounde,"Navigation GPS,Langue parlée,Ponctualité,Confort,Conversation,Éclairage tamisé,Assistance bagages,Silence,Musique,Espace de rangement,Connectivité",Planner,Gazawa
3372,Bonabéri,"Silence,Cuisine,Ponctualité,Conduite souple,Espace de rangement,Musique,Climatisation,Sport,Vue panoramique,Sièges inclinables,Animaux acceptés,Wi-Fi gratuit,Connectivité,Langue parlée,Confort,Assistance bagages,Éclairage tamisé,Ambiance chaleureuse,Conversation",Traveler,Banga Bakundu
4342,Bertoua,"Connectivité,Conversation,Musique,Conduite souple,Navigation GPS,Éclairage tamisé,Animaux acceptés,Boisson gratuite,Sport,Wi-Fi gratuit,Climatisation",Planner,Mora
4378,Bertoua,Confort,Traveler,Bonabéri
2446,Bamenda,"Ambiance chaleureuse,Chauffeur expérimenté,Assistance bagages,Ponctualité",Planner,Boutours
2111,Bafia,"Conduite souple,Cuisine,Conversation,Assistance bagages,Éclairage tamisé,Espace de rangement,Vue panoramique,Silence,Navigation GPS,Langue parlée,Confort,Ambiance chaleureuse,Ponctualité,Sièges inclinables,Boisson gratuite,Climatisation,Sport,Wi-Fi gratuit",Traveler,Bafia
2286,Bonanjo,"Vue panoramique,Cuisine,Wi-Fi gratuit,Ponctualité,Sièges inclinables,Climatisation,Musique,Langue parlée,Conversation,Connectivité,Boisson gratuite,Éclairage tamisé,Navigation GPS,Conduite souple,Ambiance chaleureuse,Animaux acceptés,Confort",Planner,Batibo
2456,Buea,"Climatisation,Animaux acceptés,Chauffeur expérimenté,Conduite souple,Ambiance chaleureuse",Planner,Meiganga
51,Fontem,"Langue parlée,Animaux acceptés",Planner,Yaounde
3747,Bonaberi,Musique,Traveler,Gazawa
1274,Fontem,"Musique,Climatisation,Confort,Vue panoramique,Cuisine,Animaux acceptés,Connectivité,Boisson gratuite,Langue parlée,Silence,Conduite souple,Chauffeur expérimenté,Sport,Ambiance chaleureuse,Ponctualité,Éclairage tamisé,Wi-Fi gratuit,Sièges inclinables,Espace de rangement,Assistance bagages",Planner,Mokolo
1065,Bafoussam,"Sièges inclinables,Sport,Navigation GPS,Wi-Fi gratuit,Ambiance chaleureuse,Conversation,Ponctualité,Espace de rangement,Langue parlée,Éclairage tamisé,Musique,Silence,Connectivité,Confort,Climatisation,Boisson gratuite,Conduite souple,Assistance bagages,Animaux acceptés,Cuisine,Chauffeur expérimenté,Vue panoramique",Planner,Edéa
248,Maroua,"Silence,Ponctualité,Animaux acceptés,Sièges inclinables,Wi-Fi gratuit,Cuisine,Éclairage tamisé,Conversation,Navigation GPS,Boisson gratuite,Connectivité,Espace de rangement,Sport,Confort,Climatisation,Vue panoramique",Traveler,Loum
3892,Edéa,"Silence,Langue parlée,Sièges inclinables,Wi-Fi gratuit,Boisson gratuite,Climatisation,Vue panoramique,Ponctualité,Assistance bagages,Confort,Animaux acceptés,Chauffeur expérimenté,Conversation,Navigation GPS,Ambiance chaleureuse,Conduite souple,Sport,Cuisine,Connectivité,Musique,Éclairage tamisé",Planner,Bonabéri
2798,Bafoussam,"Boisson gratuite,Espace de rangement,Conduite souple,Ambiance chaleureuse,Sièges inclinables,Ponctualité,Silence,Sport,Assistance bagages,Confort,Conversation,Cuisine,Langue parlée,Navigation GPS,Éclairage tamisé,Animaux acceptés,Chauffeur expérimenté,Connectivité,Musique,Wi-Fi gratuit,Climatisation,Vue panoramique",Traveler,Edéa
3628,Belo,"Confort,Ambiance chaleureuse",Traveler,Bafia
2535,Mbanga,"Boisson gratuite,Musique,Espace de rangement,Conversation,Ambiance chaleureuse,Climatisation,Connectivité,Éclairage tamisé,Animaux acceptés,Confort,Ponctualité,Silence,Cuisine,Sport,Sièges inclinables,Conduite souple,Navigation GPS",Traveler,Buea
4808,Bimbia,"Navigation GPS,Ambiance chaleureuse,Climatisation,Sport,Espace de rangement,Musique,Langue parlée,Conversation,Animaux acceptés,Conduite souple,Sièges inclinables,Boisson gratuite",Traveler,Mora
4723,Kousseri,"Conversation,Climatisation,Vue panoramique,Wi-Fi gratuit,Animaux acceptés,Sport",Planner,Mbalmayo
2693,Kousseri,"Sièges inclinables,Conversation,Cuisine,Connectivité,Éclairage tamisé,Wi-Fi gratuit,Musique,Sport,Navigation GPS,Chauffeur expérimenté,Boisson gratuite,Conduite souple,Espace de rangement,Silence,Ambiance chaleureuse",Planner,Limbe
2823,Banga Bakundu,"Confort,Ponctualité,Connectivité,Wi-Fi gratuit,Sport,Boisson gratuite,Silence,Assistance bagages,Vue panoramique,Musique,Espace de rangement,Climatisation,Conduite souple,Langue parlée,Ambiance chaleureuse,Animaux acceptés,Sièges inclinables,Éclairage tamisé,Cuisine,Navigation GPS,Chauffeur expérimenté",Traveler,Bamenda
3785,Mora,"Musique,Éclairage tamisé,Sièges inclinables",Planner,Kumba
2659,Figuif,"Espace de rangement,Wi-Fi gratuit,Navigation GPS,Confort,Ambiance chaleureuse,Sièges inclinables,Ponctualité,Langue parlée,Climatisation,Vue panoramique,Conduite souple,Connectivité,Musique,Cuisine,Boisson gratuite,Sport,Animaux acceptés,Chauffeur expérimenté",Planner,Mbanga
1756,Fontem,"Vue panoramique,Confort,Ambiance chaleureuse,Animaux acceptés,Boisson gratuite,Climatisation,Chauffeur expérimenté,Sport,Cuisine,Éclairage tamisé,Conduite souple,Conversation,Connectivité,Espace de rangement,Assistance bagages,Sièges inclinables,Musique,Navigation GPS,Ponctualité",Traveler,Limbe
547,Campo,"Musique,Wi-Fi gratuit,Langue parlée,Navigation GPS,Assistance bagages,Confort,Cuisine,Sièges inclinables",Traveler,Figuif
1764,Loum,"Ambiance chaleureuse,Chauffeur expérimenté,Sport,Animaux acceptés,Ponctualité,Cuisine,Éclairage tamisé,Vue panoramique,Musique,Sièges inclinables,Assistance bagages,Conversation,Confort,Langue parlée,Navigation GPS,Climatisation,Silence,Connectivité,Boisson gratuite,Espace de rangement",Planner,Mbanga
1435,Bamenda,"Climatisation,Ponctualité,Éclairage tamisé,Connectivité,Animaux acceptés,Assistance bagages,Boisson gratuite,Chauffeur expérimenté,Navigation GPS,Sièges inclinables",Planner,Gazawa
4125,Mora,"Conversation,Musique,Ambiance chaleureuse,Éclairage tamisé,Navigation GPS,Ponctualité,Langue parlée,Animaux acceptés,Conduite souple,Cuisine,Confort,Connectivité,Boisson gratuite,Assistance bagages,Sièges inclinables,Espace de rangement,Chauffeur expérimenté,Climatisation,Silence,Vue panoramique",Planner,Kousseri
797,Messa,"Ambiance chaleureuse,Assistance bagages",Planner,Bafoussam
4595,Belo,"Navigation GPS,Boisson gratuite,Assistance bagages,Langue parlée,Vue panoramique,Musique,Animaux acceptés",Traveler,Dibombari
4275,Beti,"Éclairage tamisé,Ambiance chaleureuse,Assistance bagages,Chauffeur expérimenté,Wi-Fi gratuit,Vue panoramique,Connectivité,Silence,Sièges inclinables,Conversation,Sport,Animaux acceptés,Langue parlée",Traveler,Belabo
3547,Bertoua,"Wi-Fi gratuit,Vue panoramique,Connectivité",Planner,Mbandjock
3320,Limbe,"Éclairage tamisé,Ponctualité,Espace de rangement,Conduite souple,Boisson gratuite,Ambiance chaleureuse,Wi-Fi gratuit,Assistance bagages,Sport,Connectivité,Confort,Navigation GPS,Climatisation,Silence,Animaux acceptés,Langue parlée,Sièges inclinables,Vue panoramique,Conversation",Traveler,Banga Bakundu
2024,Mokolo,"Ponctualité,Confort,Animaux acceptés,Espace de rangement,Chauffeur expérimenté,Ambiance chaleureuse,Éclairage tamisé,Assistance bagages,Vue panoramique,Silence,Climatisation,Connectivité,Langue parlée,Navigation GPS,Boisson gratuite,Conduite souple,Sièges inclinables,Musique",Traveler,Bonamoussadi
2018,Bonakouamouang,"Éclairage tamisé,Chauffeur expérimenté,Sport,Conversation,Navigation GPS,Wi-Fi gratuit,Silence,Conduite souple,Ambiance chaleureuse,Cuisine,Confort",Traveler,Messa
277,Essos,"Vue panoramique,Musique,Climatisation,Conduite souple",Planner,Mbandjock
4439,Belabo,"Conduite souple,Musique,Sport,Cuisine,Chauffeur expérimenté,Boisson gratuite,Sièges inclinables,Ambiance chaleureuse,Éclairage tamisé,Silence,Ponctualité",Traveler,Messa
1771,Mbalmayo,"Confort,Ambiance chaleureuse,Climatisation",Traveler,Bandjoun
2139,Yaounde,"Ponctualité,Wi-Fi gratuit,Navigation GPS,Boisson gratuite,Langue parlée,Confort,Éclairage tamisé,Silence,Musique",Planner,Bonanjo
4709,Bonakouamouang,"Conversation,Sièges inclinables,Ambiance chaleureuse,Espace de rangement,Vue panoramique",Planner,Mora
734,Edéa,"Ambiance chaleureuse,Confort,Wi-Fi gratuit",Traveler,Guider
3268,Meiganga,"Assistance bagages,Navigation GPS,Conversation,Climatisation,Sièges inclinables,Silence,Connectivité,Ambiance chaleureuse,Éclairage tamisé,Chauffeur expérimenté",Traveler,Belo
2,Yagoua,"Confort,Assistance bagages,Conduite souple,Langue parlée,Éclairage tamisé,Vue panoramique,Sport,Climatisation,Cuisine",Traveler,Kribi
2131,Bali,"Espace de rangement,Conversation,Sièges inclinables,Ambiance chaleureuse,Confort,Langue parlée,Musique,Conduite souple,Wi-Fi gratuit,Chauffeur expérimenté,Climatisation,Éclairage tamisé,Boisson gratuite,Vue panoramique,Connectivité,Sport,Animaux acceptés",Planner,Bonanjo
1660,Batibo,"Confort,Boisson gratuite,Ponctualité,Connectivité,Wi-Fi gratuit,Navigation GPS,Cuisine,Climatisation,Éclairage tamisé",Traveler,Belabo
3524,Garoua,"Éclairage tamisé,Vue panoramique,Espace de rangement,Navigation GPS,Wi-Fi gratuit,Sièges inclinables,Langue parlée,Assistance bagages,Silence,Chauffeur expérimenté",Planner,Bertoua
2186,Mokolo,Ambiance chaleureuse,Traveler,Bonanjo
3120,Bafoussam,"Conduite souple,Sièges inclinables,Musique,Wi-Fi gratuit,Ponctualité,Cuisine,Chauffeur expérimenté,Animaux acceptés,Ambiance chaleureuse,Espace de rangement,Silence,Conversation,Vue panoramique,Assistance bagages,Éclairage tamisé",Traveler,Essos
1789,Bertoua,"Assistance bagages,Navigation GPS,Langue parlée,Cuisine,Vue panoramique,Boisson gratuite,Climatisation,Wi-Fi gratuit,Chauffeur expérimenté,Ambiance chaleureuse,Sièges inclinables",Traveler,Edéa
1957,Bertoua,"Conduite souple,Connectivité,Chauffeur expérimenté,Ponctualité,Wi-Fi gratuit,Silence,Animaux acceptés,Sport",Planner,Garoua
2631,Bamenda,"Wi-Fi gratuit,Espace de rangement,Chauffeur expérimenté,Ponctualité,Vue panoramique,Ambiance chaleureuse,Assistance bagages,Connectivité,Musique,Confort,Langue parlée,Sport,Animaux acceptés,Boisson gratuite,Sièges inclinables,Conversation,Silence,Cuisine",Planner,Banga Bakundu
4806,Bafoussam,"Boisson gratuite,Assistance bagages,Ambiance chaleureuse,Sport,Musique,Vue panoramique,Éclairage tamisé,Silence,Conversation,Climatisation,Chauffeur expérimenté,Sièges inclinables,Conduite souple,Ponctualité,Connectivité,Langue parlée,Confort,Animaux acceptés,Cuisine,Espace de rangement,Navigation GPS",Planner,Figuif
1271,Nkongsamba,"Vue panoramique,Conversation,Boisson gratuite,Sport,Espace de rangement,Wi-Fi gratuit,Animaux acceptés,Cuisine,Éclairage tamisé,Chauffeur expérimenté,Sièges inclinables,Assistance bagages,Conduite souple,Climatisation,Langue parlée,Ambiance chaleureuse,Confort,Connectivité,Ponctualité,Musique,Navigation GPS",Traveler,Mbalmayo
2394,Loum,"Éclairage tamisé,Sport,Navigation GPS,Vue panoramique",Planner,Limbe
1573,Figuif,"Conversation,Éclairage tamisé,Ponctualité,Ambiance chaleureuse,Chauffeur expérimenté,Climatisation,Animaux acceptés,Musique,Silence,Wi-Fi gratuit,Langue parlée,Assistance bagages,Connectivité,Sièges inclinables,Navigation GPS,Cuisine",Traveler,Mora
4181,Kribi,"Navigation GPS,Espace de rangement,Chauffeur expérimenté,Ponctualité,Conduite souple,Animaux acceptés",Traveler,Muyuka
3821,Meiganga,"Cuisine,Langue parlée,Ambiance chaleureuse,Musique,Espace de rangement,Navigation GPS,Assistance bagages,Boisson gratuite,Sièges inclinables,Conduite souple,Ponctualité,Animaux acceptés",Traveler,Bertoua
424,Meiganga,"Musique,Sport",Planner,Fontem
2721,Bafia,"Musique,Espace de rangement,Animaux acceptés,Ambiance chaleureuse,Éclairage tamisé",Planner,Essos
1048,Bonakouamouang,"Cuisine,Musique,Confort,Ponctualité,Ambiance chaleureuse,Animaux acceptés,Conduite souple,Connectivité,Navigation GPS,Vue panoramique,Conversation,Sport,Langue parlée,Climatisation,Assistance bagages,Éclairage tamisé",Traveler,Mbanga
1620,Nkongsamba,"Cuisine,Connectivité,Wi-Fi gratuit,Boisson gratuite,Sièges inclinables,Climatisation,Assistance bagages,Conduite souple,Espace de rangement,Vue panoramique,Chauffeur expérimenté",Planner,Buea
1933,Mbouda,"Ponctualité,Wi-Fi gratuit,Boisson gratuite,Vue panoramique,Connectivité,Musique,Animaux acceptés,Sport,Ambiance chaleureuse,Conversation,Sièges inclinables,Confort,Climatisation,Silence,Cuisine,Éclairage tamisé,Chauffeur expérimenté,Conduite souple,Assistance bagages,Langue parlée",Planner,Edéa
4340,Kumba,"Espace de rangement,Navigation GPS,Assistance bagages,Climatisation,Chauffeur expérimenté,Musique,Wi-Fi gratuit,Langue parlée,Confort,Ambiance chaleureuse,Conduite souple",Planner,Beti
2117,Muyuka,"Conversation,Climatisation,Sièges inclinables,Boisson gratuite,Sport,Chauffeur expérimenté,Navigation GPS,Espace de rangement,Assistance bagages,Éclairage tamisé,Musique",Planner,Bonanjo
581,Edéa,"Conduite souple,Ambiance chaleureuse,Espace de rangement,Navigation GPS",Planner,Bertoua
857,Bandjoun,"Ponctualité,Musique,Espace de rangement,Navigation GPS,Vue panoramique,Connectivité,Ambiance chaleureuse,Sport,Conduite souple,Chauffeur expérimenté,Éclairage tamisé",Traveler,Belo
1013,Buea,"Silence,Langue parlée,Climatisation,Cuisine,Conversation,Connectivité,Wi-Fi gratuit,Espace de rangement,Chauffeur expérimenté,Confort,Conduite souple,Assistance bagages,Boisson gratuite,Navigation GPS,Ponctualité,Vue panoramique,Éclairage tamisé,Animaux acceptés,Ambiance chaleureuse,Sièges inclinables,Sport,Musique",Traveler,Yagoua
2868,Garoua,"Cuisine,Langue parlée,Boisson gratuite,Sport,Conversation,Ambiance chaleureuse,Ponctualité,Wi-Fi gratuit,Climatisation,Musique",Traveler,Mbalmayo
2149,Beti,"Navigation GPS,Confort,Sièges inclinables,Assistance bagages,Boisson gratuite,Musique,Espace de rangement,Sport,Vue panoramique,Wi-Fi gratuit,Conversation,Ponctualité,Animaux acceptés,Éclairage tamisé,Chauffeur expérimenté,Cuisine,Ambiance chaleureuse,Connectivité,Conduite souple,Langue parlée",Planner,Dibombari
301,Bogo,"Ponctualité,Éclairage tamisé,Assistance bagages,Chauffeur expérimenté,Navigation GPS,Conduite souple,Espace de rangement,Vue panoramique,Ambiance chaleureuse,Cuisine,Conversation,Wi-Fi gratuit,Musique,Animaux acceptés,Boisson gratuite,Langue parlée,Sport,Connectivité,Silence,Sièges inclinables,Confort,Climatisation",Traveler,Nkongsamba
2324,Boutours,Sport,Planner,Guider
220,Bonabéri,"Ponctualité,Climatisation,Wi-Fi gratuit,Animaux acceptés,Vue panoramique,Langue parlée,Sièges inclinables,Conduite souple,Ambiance chaleureuse,Éclairage tamisé,Assistance bagages",Planner,Bali
2847,Mutengene,"Silence,Animaux acceptés,Connectivité,Sport,Climatisation,Confort,Sièges inclinables,Ambiance chaleureuse,Cuisine,Espace de rangement,Langue parlée,Navigation GPS,Ponctualité,Musique,Assistance bagages,Boisson gratuite,Vue panoramique,Éclairage tamisé,Conversation,Conduite souple,Wi-Fi gratuit,Chauffeur expérimenté",Traveler,Fontem
1971,Maroua,"Confort,Animaux acceptés,Espace de rangement,Silence,Chauffeur expérimenté,Connectivité,Ambiance chaleureuse,Langue parlée",Planner,Belo
3468,Muyuka,"Navigation GPS,Espace de rangement,Confort,Animaux acceptés,Langue parlée",Traveler,Bali
3371,Bonanjo,"Boisson gratuite,Connectivité,Navigation GPS,Climatisation,Assistance bagages,Animaux acceptés,Sièges inclinables,Conduite souple,Wi-Fi gratuit,Chauffeur expérimenté,Musique,Conversation,Silence,Sport,Confort,Ponctualité,Éclairage tamisé,Cuisine,Vue panoramique,Espace de rangement,Ambiance chaleureuse,Langue parlée",Traveler,Dibombari
238,Limbe,"Ambiance chaleureuse,Langue parlée,Animaux acceptés,Wi-Fi gratuit,Espace de rangement,Sport,Cuisine,Ponctualité,Assistance bagages,Sièges inclinables,Climatisation,Chauffeur expérimenté,Éclairage tamisé,Vue panoramique,Connectivité,Musique,Confort,Boisson gratuite,Navigation GPS,Conduite souple,Silence",Planner,Muyuka
3925,Muyuka,"Espace de rangement,Cuisine,Boisson gratuite,Sièges inclinables,Conduite souple,Vue panoramique,Animaux acceptés,Conversation,Ambiance chaleureuse,Confort,Ponctualité,Connectivité,Navigation GPS,Musique,Wi-Fi gratuit,Sport,Assistance bagages",Planner,Muyuka
4614,Nkongsamba,"Climatisation,Sport,Confort,Connectivité,Assistance bagages,Éclairage tamisé,Conduite souple,Cuisine,Wi-Fi gratuit,Musique,Ponctualité,Chauffeur expérimenté,Vue panoramique,Silence,Conversation,Espace de rangement,Langue parlée,Sièges inclinables,Boisson gratuite,Animaux acceptés",Traveler,Bonanjo
1242,Bonaberi,"Navigation GPS,Conduite souple,Ambiance chaleureuse,Chauffeur expérimenté,Confort,Ponctualité,Climatisation,Wi-Fi gratuit,Cuisine,Silence,Espace de rangement,Éclairage tamisé,Connectivité,Assistance bagages",Planner,Campo
367,Messa,"Chauffeur expérimenté,Conduite souple,Animaux acceptés",Traveler,Mbouda
402,Bogo,"Ambiance chaleureuse,Espace de rangement,Navigation GPS",Traveler,Belo
4459,Buea,"Wi-Fi gratuit,Assistance bagages,Vue panoramique,Sport,Climatisation,Boisson gratuite,Sièges inclinables,Navigation GPS,Connectivité,Chauffeur expérimenté,Espace de rangement,Conversation,Silence,Confort,Éclairage tamisé,Ponctualité,Ambiance chaleureuse,Cuisine",Planner,Belo
2155,Figuif,"Musique,Ambiance chaleureuse,Vue panoramique,Silence,Navigation GPS,Chauffeur expérimenté,Éclairage tamisé,Sport,Climatisation,Connectivité",Traveler,Nanga-Eboko
3314,Fontem,"Confort,Éclairage tamisé,Chauffeur expérimenté,Conversation,Vue panoramique,Cuisine,Assistance bagages,Langue parlée,Climatisation,Boisson gratuite,Sièges inclinables,Connectivité,Wi-Fi gratuit,Ambiance chaleureuse,Ponctualité,Sport",Planner,Bimbia
1977,Edéa,"Silence,Ambiance chaleureuse,Musique,Sport,Climatisation,Vue panoramique,Chauffeur expérimenté,Boisson gratuite,Conversation,Sièges inclinables,Cuisine,Wi-Fi gratuit,Navigation GPS,Espace de rangement,Confort,Ponctualité,Assistance bagages,Connectivité",Planner,Garoua
3232,Essos,"Chauffeur expérimenté,Animaux acceptés,Confort,Conversation,Vue panoramique,Silence,Langue parlée,Sièges inclinables,Connectivité,Navigation GPS,Ponctualité,Sport,Musique,Climatisation,Espace de rangement,Ambiance chaleureuse,Cuisine",Planner,Maroua
4610,Bafang,"Ponctualité,Animaux acceptés,Musique,Espace de rangement,Éclairage tamisé,Conduite souple,Climatisation,Confort,Sièges inclinables,Vue panoramique",Planner,Bertoua
3705,Kousseri,"Cuisine,Navigation GPS,Sièges inclinables,Conversation,Sport,Ponctualité,Boisson gratuite,Espace de rangement,Wi-Fi gratuit,Conduite souple,Langue parlée,Silence,Ambiance chaleureuse,Éclairage tamisé,Assistance bagages,Chauffeur expérimenté,Animaux acceptés,Connectivité,Confort,Musique",Planner,Buea
2299,Bamenda,"Cuisine,Espace de rangement,Boisson gratuite,Musique,Animaux acceptés,Wi-Fi gratuit,Éclairage tamisé,Langue parlée,Silence,Sièges inclinables,Assistance bagages,Ponctualité,Chauffeur expérimenté,Connectivité,Conversation,Vue panoramique,Confort,Navigation GPS,Climatisation,Ambiance chaleureuse",Traveler,Bonamoussadi
1284,Bafoussam,"Silence,Confort,Sièges inclinables,Wi-Fi gratuit,Conversation,Boisson gratuite,Connectivité,Espace de rangement,Animaux acceptés,Sport,Langue parlée,Musique,Ponctualité,Navigation GPS,Conduite souple,Chauffeur expérimenté",Traveler,Meiganga
2727,Bandjoun,"Silence,Chauffeur expérimenté,Navigation GPS,Sièges inclinables,Éclairage tamisé,Climatisation,Langue parlée,Conversation,Musique,Cuisine,Sport,Ambiance chaleureuse,Animaux acceptés,Espace de rangement,Assistance bagages,Connectivité,Ponctualité,Vue panoramique,Confort,Wi-Fi gratuit",Traveler,Figuif
3254,Bonanjo,"Connectivité,Vue panoramique",Planner,Kousseri
3209,Nanga-Eboko,"Espace de rangement,Sport,Ambiance chaleureuse,Navigation GPS,Ponctualité,Éclairage tamisé,Conversation,Animaux acceptés,Langue parlée,Wi-Fi gratuit,Chauffeur expérimenté,Climatisation,Sièges inclinables,Assistance bagages,Confort,Cuisine,Connectivité,Conduite souple,Vue panoramique,Silence",Planner,Bali Nyonga
4614,Beti,"Vue panoramique,Assistance bagages,Confort,Conversation,Cuisine,Wi-Fi gratuit,Navigation GPS,Chauffeur expérimenté,Espace de rangement,Climatisation,Conduite souple,Connectivité,Musique",Planner,Bafia
3734,Loum,"Éclairage tamisé,Connectivité,Wi-Fi gratuit,Conduite souple,Espace de rangement,Silence,Vue panoramique,Ambiance chaleureuse,Ponctualité,Sport,Sièges inclinables,Climatisation,Navigation GPS,Conversation,Langue parlée,Musique,Animaux acceptés,Assistance bagages,Boisson gratuite,Cuisine,Chauffeur expérimenté,Confort",Traveler,Mokolo
955,Belo,"Ponctualité,Cuisine,Conduite souple,Langue parlée",Traveler,Yaounde
122,Bertoua,"Musique,Silence,Ponctualité,Langue parlée,Conduite souple,Animaux acceptés,Cuisine,Boisson gratuite,Sport,Confort,Connectivité,Conversation,Éclairage tamisé",Planner,Bafia
1585,Bimbia,"Silence,Musique,Sièges inclinables,Animaux acceptés,Sport,Boisson gratuite,Climatisation,Langue parlée,Wi-Fi gratuit,Ambiance chaleureuse,Conduite souple,Assistance bagages,Navigation GPS,Cuisine,Chauffeur expérimenté,Espace de rangement,Vue panoramique,Connectivité,Conversation,Éclairage tamisé,Confort,Ponctualité",Planner,Meiganga
3795,Nanga-Eboko,"Éclairage tamisé,Chauffeur expérimenté,Confort,Connectivité,Conduite souple,Boisson gratuite,Conversation,Cuisine,Langue parlée,Wi-Fi gratuit,Ponctualité,Vue panoramique",Traveler,Bafang
977,Boutours,"Animaux acceptés,Connectivité,Conduite souple,Sport,Confort,Langue parlée,Boisson gratuite,Sièges inclinables,Cuisine",Planner,Mbanga
212,Mbanga,"Navigation GPS,Climatisation,Boisson gratuite,Assistance bagages,Musique,Sièges inclinables,Vue panoramique,Conversation,Sport,Animaux acceptés,Langue parlée,Espace de rangement,Conduite souple,Ambiance chaleureuse,Ponctualité,Éclairage tamisé,Connectivité,Chauffeur expérimenté",Traveler,Bertoua
1891,Bamenda,Sport,Planner,Gazawa
1369,Bonaberi,"Wi-Fi gratuit,Connectivité",Traveler,Bafoussam
114,Boutours,"Vue panoramique,Chauffeur expérimenté,Connectivité,Sièges inclinables,Conversation,Climatisation,Conduite souple,Silence,Confort,Langue parlée,Navigation GPS,Musique,Assistance bagages,Ambiance chaleureuse,Wi-Fi gratuit,Espace de rangement,Ponctualité,Éclairage tamisé,Boisson gratuite,Sport,Cuisine",Traveler,Beti
4554,Mora,"Espace de rangement,Boisson gratuite,Animaux acceptés,Éclairage tamisé,Musique",Planner,Bonaberi
1674,Bafang,"Assistance bagages,Boisson gratuite,Espace de rangement,Musique,Animaux acceptés,Cuisine,Langue parlée,Ambiance chaleureuse,Conduite souple,Silence",Planner,Mutengene
3981,Bonabéri,"Conduite souple,Wi-Fi gratuit,Climatisation,Cuisine,Silence,Connectivité,Animaux acceptés,Navigation GPS,Espace de rangement,Assistance bagages,Confort,Musique,Conversation,Boisson gratuite,Ambiance chaleureuse,Sport,Chauffeur expérimenté,Sièges inclinables,Éclairage tamisé,Vue panoramique,Langue parlée,Ponctualité",Planner,Douala
1009,Bogo,"Chauffeur expérimenté,Wi-Fi gratuit,Éclairage tamisé,Langue parlée,Silence,Conduite souple,Climatisation,Musique,Sport,Conversation,Connectivité,Ambiance chaleureuse,Navigation GPS,Sièges inclinables,Boisson gratuite,Animaux acceptés,Vue panoramique",Planner,Yagoua
1693,Mokolo,"Conversation,Animaux acceptés,Silence,Langue parlée,Vue panoramique,Assistance bagages,Sport,Chauffeur expérimenté,Ambiance chaleureuse,Sièges inclinables,Connectivité,Wi-Fi gratuit,Éclairage tamisé,Boisson gratuite,Conduite souple,Cuisine,Climatisation,Confort,Navigation GPS",Planner,Yaounde
2880,Messa,"Vue panoramique,Assistance bagages,Cuisine,Chauffeur expérimenté,Sport,Confort,Conduite souple,Wi-Fi gratuit,Sièges inclinables,Climatisation,Navigation GPS,Ambiance chaleureuse,Boisson gratuite,Éclairage tamisé,Conversation,Connectivité,Espace de rangement,Langue parlée,Ponctualité",Traveler,Yagoua
2630,Belo,"Climatisation,Navigation GPS,Langue parlée",Planner,Bogo
3586,Bonanjo,"Musique,Sièges inclinables,Conversation,Vue panoramique,Wi-Fi gratuit,Cuisine,Sport,Ambiance chaleureuse,Climatisation,Éclairage tamisé,Chauffeur expérimenté,Langue parlée,Confort,Navigation GPS,Connectivité,Assistance bagages,Conduite souple,Ponctualité,Silence,Boisson gratuite",Planner,Mbanga
3501,Essos,"Éclairage tamisé,Climatisation,Musique,Wi-Fi gratuit,Animaux acceptés,Cuisine,Ambiance chaleureuse,Navigation GPS,Conversation,Sièges inclinables,Vue panoramique,Espace de rangement,Conduite souple,Sport,Connectivité,Assistance bagages,Langue parlée,Boisson gratuite,Confort",Planner,Bonakouamouang
2525,Muyuka,"Chauffeur expérimenté,Wi-Fi gratuit,Conduite souple,Connectivité,Éclairage tamisé,Cuisine,Silence,Musique,Climatisation,Vue panoramique,Langue parlée,Navigation GPS,Sport,Espace de rangement,Boisson gratuite,Sièges inclinables,Assistance bagages,Confort,Animaux acceptés",Planner,Mokolo
3231,Figuif,"Conduite souple,Climatisation,Espace de rangement,Boisson gratuite,Conversation,Connectivité,Vue panoramique,Silence,Assistance bagages",Planner,Gazawa
4204,Bonabéri,"Éclairage tamisé,Wi-Fi gratuit,Chauffeur expérimenté,Climatisation,Ambiance chaleureuse,Conduite souple,Sport,Conversation,Navigation GPS,Langue parlée,Espace de rangement,Silence",Traveler,Bertoua
764,Bonakouamouang,"Conversation,Langue parlée,Navigation GPS,Sièges inclinables,Chauffeur expérimenté,Éclairage tamisé,Cuisine,Musique,Espace de rangement,Animaux acceptés,Confort,Connectivité,Conduite souple,Boisson gratuite,Vue panoramique,Sport,Ponctualité",Planner,Douala
890,Belabo,"Chauffeur expérimenté,Wi-Fi gratuit,Espace de rangement,Boisson gratuite,Cuisine,Ambiance chaleureuse,Navigation GPS,Sport,Animaux acceptés",Planner,Kribi
629,Yaounde,"Sport,Assistance bagages,Boisson gratuite,Cuisine,Éclairage tamisé,Connectivité,Conduite souple,Sièges inclinables,Ambiance chaleureuse,Vue panoramique,Silence,Navigation GPS,Wi-Fi gratuit,Conversation,Espace de rangement,Musique,Langue parlée,Ponctualité,Chauffeur expérimenté",Planner,Belo
2866,Batibo,"Langue parlée,Confort,Animaux acceptés,Musique,Wi-Fi gratuit,Cuisine,Éclairage tamisé,Conduite souple,Ambiance chaleureuse,Assistance bagages,Climatisation",Traveler,Fontem
4827,Bonabéri,"Ponctualité,Chauffeur expérimenté,Vue panoramique",Planner,Bafang
162,Meiganga,"Conversation,Sport,Éclairage tamisé,Navigation GPS,Vue panoramique,Silence,Wi-Fi gratuit,Langue parlée,Climatisation,Ponctualité,Espace de rangement,Assistance bagages,Boisson gratuite",Planner,Maroua
722,Garoua,"Espace de rangement,Confort,Boisson gratuite,Conduite souple,Wi-Fi gratuit,Assistance bagages,Connectivité",Traveler,Mbanga
911,Bonaberi,"Wi-Fi gratuit,Assistance bagages,Conversation,Ponctualité,Cuisine,Espace de rangement,Connectivité,Navigation GPS",Planner,Limbe
1467,Bafoussam,"Animaux acceptés,Boisson gratuite,Navigation GPS,Vue panoramique,Espace de rangement,Conduite souple,Sport,Climatisation,Ponctualité,Confort,Langue parlée,Connectivité,Assistance bagages,Wi-Fi gratuit,Chauffeur expérimenté,Ambiance chaleureuse,Silence,Éclairage tamisé",Traveler,Kribi
1804,Messa,"Silence,Conduite souple,Sport,Navigation GPS,Sièges inclinables",Traveler,Bogo
1335,Nkongsamba,"Conduite souple,Assistance bagages,Confort,Éclairage tamisé,Vue panoramique,Boisson gratuite",Traveler,Boutours
2246,Boutours,"Sièges inclinables,Éclairage tamisé,Animaux acceptés,Vue panoramique",Planner,Bali
1694,Figuif,"Langue parlée,Cuisine,Éclairage tamisé,Chauffeur expérimenté,Conduite souple,Sport,Silence,Wi-Fi gratuit,Connectivité,Animaux acceptés,Conversation",Traveler,Mbanga
3805,Bafia,"Sièges inclinables,Animaux acceptés,Vue panoramique,Wi-Fi gratuit,Musique,Conduite souple,Langue parlée,Navigation GPS,Assistance bagages,Confort,Climatisation,Boisson gratuite,Ponctualité,Chauffeur expérimenté,Silence,Sport",Planner,Bafia
4109,Messa,"Conversation,Vue panoramique,Connectivité,Langue parlée,Espace de rangement,Sièges inclinables,Éclairage tamisé,Cuisine",Planner,Limbe
1300,Douala,"Wi-Fi gratuit,Assistance bagages,Sièges inclinables,Langue parlée,Boisson gratuite,Éclairage tamisé,Confort,Sport,Espace de rangement,Cuisine,Conversation",Traveler,Bali Nyonga
56,Yagoua,"Ponctualité,Assistance bagages,Chauffeur expérimenté,Ambiance chaleureuse,Cuisine,Confort,Sport,Conversation,Silence,Climatisation,Espace de rangement,Animaux acceptés,Musique",Planner,Figuif
4861,Messa,"Langue parlée,Animaux acceptés,Musique,Ambiance chaleureuse,Boisson gratuite,Connectivité,Assistance bagages,Éclairage tamisé,Cuisine,Silence,Chauffeur expérimenté,Confort,Sièges inclinables",Planner,Bandjoun
3700,Muyuka,"Sièges inclinables,Espace de rangement,Silence,Boisson gratuite,Ponctualité,Éclairage tamisé,Conversation,Navigation GPS,Cuisine,Climatisation,Chauffeur expérimenté",Planner,Douala
4272,Gazawa,"Cuisine,Sport,Sièges inclinables,Connectivité,Assistance bagages,Espace de rangement,Animaux acceptés,Silence,Boisson gratuite,Éclairage tamisé,Ponctualité,Vue panoramique,Confort,Musique,Langue parlée,Conversation,Ambiance chaleureuse,Navigation GPS,Conduite souple,Chauffeur expérimenté",Traveler,Bonakouamouang
3537,Mokolo,Animaux acceptés,Planner,Bamenda
14,Edéa,"Animaux acceptés,Conversation,Espace de rangement,Navigation GPS,Confort,Sièges inclinables,Musique,Cuisine,Conduite souple,Éclairage tamisé,Connectivité,Boisson gratuite,Wi-Fi gratuit,Chauffeur expérimenté,Climatisation,Assistance bagages,Ponctualité,Sport,Langue parlée,Vue panoramique,Ambiance chaleureuse,Silence",Traveler,Guider
1571,Bimbia,"Confort,Navigation GPS,Silence,Conversation,Musique",Traveler,Loum
1450,Mokolo,"Sport,Conduite souple,Confort,Connectivité,Assistance bagages,Ambiance chaleureuse",Planner,Muyuka
1965,Messa,"Wi-Fi gratuit,Conversation,Confort,Assistance bagages,Silence,Ponctualité,Boisson gratuite,Langue parlée",Planner,Bonakouamouang
2233,Bimbia,"Sièges inclinables,Espace de rangement,Conduite souple,Chauffeur expérimenté,Confort,Musique",Planner,Douala
1747,Garoua,"Éclairage tamisé,Boisson gratuite,Animaux acceptés",Traveler,Banga Bakundu
653,Bertoua,Chauffeur expérimenté,Planner,Bimbia
4165,Loum,"Climatisation,Conversation,Sport,Sièges inclinables,Animaux acceptés,Confort,Vue panoramique,Boisson gratuite,Ponctualité,Ambiance chaleureuse,Cuisine,Assistance bagages,Musique,Wi-Fi gratuit",Traveler,Bafang
4863,Douala,"Conversation,Confort,Vue panoramique,Ambiance chaleureuse,Conduite souple,Sièges inclinables,Éclairage tamisé",Traveler,Mutengene
4863,Mora,"Wi-Fi gratuit,Animaux acceptés,Ambiance chaleureuse,Assistance bagages,Espace de rangement,Chauffeur expérimenté,Conduite souple,Éclairage tamisé,Sièges inclinables,Conversation",Planner,Maroua
4981,Belo,"Espace de rangement,Ponctualité,Ambiance chaleureuse,Navigation GPS,Chauffeur expérimenté,Sport,Conduite souple,Sièges inclinables,Assistance bagages,Climatisation,Silence,Conversation,Cuisine,Confort,Animaux acceptés,Vue panoramique,Connectivité",Traveler,Loum
416,Bafoussam,"Langue parlée,Animaux acceptés,Wi-Fi gratuit,Vue panoramique,Cuisine,Espace de rangement,Ponctualité,Chauffeur expérimenté,Silence,Éclairage tamisé,Conduite souple,Climatisation,Musique,Sièges inclinables",Planner,Kousseri
2509,Fontem,"Assistance bagages,Musique,Navigation GPS,Vue panoramique,Silence,Conduite souple,Connectivité,Ambiance chaleureuse,Sièges inclinables,Cuisine,Espace de rangement,Ponctualité,Climatisation,Animaux acceptés,Confort,Boisson gratuite,Conversation,Chauffeur expérimenté,Wi-Fi gratuit,Sport,Langue parlée",Planner,Yagoua
110,Belabo,"Silence,Wi-Fi gratuit,Boisson gratuite,Conduite souple,Navigation GPS,Espace de rangement,Connectivité,Cuisine,Chauffeur expérimenté,Langue parlée,Climatisation,Confort,Sièges inclinables,Musique,Ponctualité,Ambiance chaleureuse,Vue panoramique,Conversation,Sport",Traveler,Limbe
1354,Guider,"Navigation GPS,Cuisine,Connectivité,Confort,Ambiance chaleureuse,Assistance bagages",Planner,Nkongsamba
4060,Kribi,"Éclairage tamisé,Conversation,Ambiance chaleureuse,Boisson gratuite,Confort,Langue parlée,Espace de rangement,Sièges inclinables,Sport,Navigation GPS,Wi-Fi gratuit,Vue panoramique,Assistance bagages",Planner,Bertoua
4861,Messa,Confort,Traveler,Muyuka
249,Mbanga,"Éclairage tamisé,Vue panoramique,Sport,Animaux acceptés,Musique,Wi-Fi gratuit,Climatisation,Boisson gratuite,Conduite souple,Ambiance chaleureuse,Espace de rangement,Connectivité",Planner,Muyuka
2546,Campo,"Ponctualité,Sport,Langue parlée,Espace de rangement,Assistance bagages,Confort,Animaux acceptés,Connectivité,Navigation GPS,Cuisine,Musique,Boisson gratuite,Ambiance chaleureuse,Vue panoramique,Conversation,Silence,Climatisation,Wi-Fi gratuit,Sièges inclinables,Conduite souple,Chauffeur expérimenté,Éclairage tamisé",Traveler,Campo
1199,Bertoua,"Ponctualité,Sièges inclinables,Cuisine,Wi-Fi gratuit,Boisson gratuite,Silence,Espace de rangement,Éclairage tamisé,Conduite souple,Vue panoramique,Musique,Climatisation,Animaux acceptés,Sport,Confort,Ambiance chaleureuse,Conversation,Langue parlée,Navigation GPS",Planner,Bertoua
4728,Kousseri,"Cuisine,Climatisation,Conduite souple,Chauffeur expérimenté",Planner,Buea
3447,Boutours,"Climatisation,Navigation GPS,Ambiance chaleureuse,Confort,Sport,Langue parlée,Conduite souple,Ponctualité,Chauffeur expérimenté,Musique",Traveler,Maroua
1718,Boutours,"Sport,Cuisine,Animaux acceptés,Musique,Wi-Fi gratuit,Connectivité,Navigation GPS,Confort",Planner,Bali Nyonga
4274,Batibo,"Climatisation,Wi-Fi gratuit,Musique,Conversation,Vue panoramique,Boisson gratuite,Chauffeur expérimenté,Espace de rangement,Animaux acceptés",Planner,Bafang
1701,Buea,"Ponctualité,Confort,Silence,Conversation,Wi-Fi gratuit,Cuisine,Espace de rangement,Climatisation,Chauffeur expérimenté,Vue panoramique,Conduite souple,Ambiance chaleureuse,Animaux acceptés,Langue parlée,Éclairage tamisé,Navigation GPS,Boisson gratuite,Musique,Sport,Assistance bagages",Traveler,Mbouda
4137,Fontem,"Vue panoramique,Confort,Conduite souple,Climatisation,Sièges inclinables,Chauffeur expérimenté,Ponctualité,Langue parlée,Assistance bagages,Boisson gratuite,Conversation,Animaux acceptés",Traveler,Bali Nyonga
2503,Messa,"Conversation,Conduite souple,Assistance bagages,Sport,Chauffeur expérimenté,Éclairage tamisé,Cuisine,Ambiance chaleureuse,Musique,Confort,Ponctualité,Vue panoramique,Boisson gratuite,Navigation GPS",Planner,Kribi
4982,Bonabéri,"Boisson gratuite,Connectivité,Ambiance chaleureuse,Cuisine,Espace de rangement,Éclairage tamisé,Conversation,Vue panoramique,Silence,Navigation GPS,Wi-Fi gratuit,Animaux acceptés,Sport,Assistance bagages,Ponctualité",Traveler,Belabo
1704,Mora,"Espace de rangement,Animaux acceptés,Langue parlée,Silence,Ambiance chaleureuse,Vue panoramique,Ponctualité,Boisson gratuite,Conduite souple,Éclairage tamisé,Navigation GPS,Sport,Conversation,Assistance bagages,Confort,Wi-Fi gratuit",Traveler,Loum
2889,Messa,"Éclairage tamisé,Ambiance chaleureuse,Musique,Navigation GPS,Espace de rangement,Sport,Silence,Vue panoramique,Conduite souple,Animaux acceptés,Boisson gratuite,Cuisine,Assistance bagages,Confort,Climatisation",Planner,Muyuka
876,Bafia,"Ponctualité,Ambiance chaleureuse,Musique,Navigation GPS,Assistance bagages,Sièges inclinables,Animaux acceptés,Espace de rangement,Boisson gratuite,Climatisation,Wi-Fi gratuit,Langue parlée,Conduite souple,Éclairage tamisé,Vue panoramique,Cuisine",Traveler,Melong
2869,Meiganga,"Vue panoramique,Ambiance chaleureuse,Éclairage tamisé,Cuisine,Navigation GPS,Climatisation,Espace de rangement,Ponctualité,Musique,Chauffeur expérimenté,Animaux acceptés,Conduite souple,Sport,Assistance bagages,Sièges inclinables,Silence,Wi-Fi gratuit,Boisson gratuite,Langue parlée,Conversation,Confort,Connectivité",Planner,Bonaberi
4135,Guider,"Espace de rangement,Ponctualité,Chauffeur expérimenté,Silence,Conduite souple,Climatisation,Cuisine,Boisson gratuite",Traveler,Gazawa
4023,Bandjoun,"Conversation,Espace de rangement,Climatisation,Chauffeur expérimenté,Wi-Fi gratuit,Assistance bagages,Silence,Éclairage tamisé,Boisson gratuite,Vue panoramique,Cuisine,Sport,Langue parlée",Planner,Bimbia
1952,Mbanga,"Connectivité,Animaux acceptés,Ambiance chaleureuse,Confort,Climatisation",Planner,Bamenda
4740,Mbouda,"Musique,Langue parlée,Vue panoramique,Éclairage tamisé,Silence,Sport,Ponctualité,Cuisine,Animaux acceptés,Chauffeur expérimenté,Connectivité,Conversation,Navigation GPS,Assistance bagages,Ambiance chaleureuse,Boisson gratuite,Sièges inclinables,Climatisation,Confort,Conduite souple",Planner,Bonakouamouang
4536,Buea,"Climatisation,Sport,Chauffeur expérimenté",Planner,Bandjoun
3035,Mbandjock,"Navigation GPS,Assistance bagages,Éclairage tamisé,Langue parlée,Conversation,Ambiance chaleureuse,Confort,Espace de rangement,Cuisine,Ponctualité,Wi-Fi gratuit,Sport,Conduite souple,Chauffeur expérimenté,Silence,Sièges inclinables,Climatisation,Animaux acceptés,Boisson gratuite,Connectivité,Musique",Planner,Garoua
3580,Loum,"Climatisation,Sport,Animaux acceptés,Ponctualité,Langue parlée,Confort,Espace de rangement,Navigation GPS,Connectivité,Conversation,Cuisine,Chauffeur expérimenté,Musique,Éclairage tamisé,Assistance bagages,Vue panoramique,Wi-Fi gratuit,Conduite souple",Traveler,Garoua
3448,Buea,"Assistance bagages,Langue parlée,Animaux acceptés,Navigation GPS,Wi-Fi gratuit,Conversation,Connectivité,Silence,Espace de rangement,Sport,Éclairage tamisé",Traveler,Mora
4963,Bali Nyonga,"Vue panoramique,Langue parlée,Climatisation,Boisson gratuite,Espace de rangement,Musique,Chauffeur expérimenté,Confort,Animaux acceptés",Traveler,Boutours
2575,Bertoua,"Espace de rangement,Silence,Navigation GPS,Chauffeur expérimenté,Ponctualité,Cuisine,Assistance bagages,Ambiance chaleureuse",Planner,Buea
3457,Mora,"Langue parlée,Vue panoramique,Chauffeur expérimenté,Boisson gratuite",Traveler,Guider
2246,Guider,"Espace de rangement,Assistance bagages,Conversation,Langue parlée,Silence,Boisson gratuite,Climatisation",Traveler,Edéa
193,Kousseri,"Ponctualité,Sièges inclinables,Langue parlée,Vue panoramique,Connectivité,Confort,Cuisine,Boisson gratuite,Espace de rangement,Musique",Planner,Guider
4516,Guider,"Langue parlée,Ambiance chaleureuse,Éclairage tamisé,Vue panoramique,Sièges inclinables,Chauffeur expérimenté,Silence,Conversation,Boisson gratuite,Navigation GPS,Espace de rangement,Musique",Planner,Meiganga
3052,Buea,"Navigation GPS,Assistance bagages,Langue parlée,Ambiance chaleureuse,Sport,Chauffeur expérimenté,Ponctualité,Silence,Wi-Fi gratuit,Vue panoramique,Musique,Sièges inclinables,Cuisine,Espace de rangement,Conversation,Confort,Climatisation",Planner,Bonanjo
4782,Kribi,"Connectivité,Assistance bagages,Ponctualité,Animaux acceptés,Conversation,Espace de rangement,Conduite souple",Traveler,Nkongsamba
2502,Garoua,"Navigation GPS,Assistance bagages,Wi-Fi gratuit,Silence,Éclairage tamisé,Espace de rangement,Confort,Animaux acceptés,Sport,Connectivité,Conduite souple,Langue parlée,Climatisation,Cuisine,Chauffeur expérimenté,Conversation,Vue panoramique,Boisson gratuite",Planner,Bonabéri
2545,Bonaberi,"Ponctualité,Éclairage tamisé,Wi-Fi gratuit,Climatisation,Sport,Musique,Espace de rangement,Vue panoramique,Silence,Cuisine,Connectivité,Langue parlée,Chauffeur expérimenté,Boisson gratuite,Assistance bagages,Conversation,Navigation GPS,Conduite souple,Animaux acceptés,Ambiance chaleureuse",Traveler,Figuif
4057,Bertoua,"Connectivité,Chauffeur expérimenté,Navigation GPS,Conversation,Ambiance chaleureuse",Traveler,Maroua
2757,Buea,"Ponctualité,Sport,Vue panoramique,Silence,Connectivité,Navigation GPS,Éclairage tamisé,Wi-Fi gratuit,Animaux acceptés,Langue parlée,Climatisation,Conversation,Sièges inclinables,Espace de rangement,Musique,Ambiance chaleureuse,Cuisine,Boisson gratuite,Chauffeur expérimenté,Confort,Assistance bagages,Conduite souple",Planner,Meiganga
820,Bali Nyonga,"Connectivité,Confort,Langue parlée,Wi-Fi gratuit,Silence,Cuisine,Espace de rangement,Boisson gratuite",Planner,Buea
1869,Guider,"Boisson gratuite,Ponctualité,Wi-Fi gratuit,Sièges inclinables,Conversation,Animaux acceptés,Éclairage tamisé,Connectivité,Ambiance chaleureuse,Chauffeur expérimenté,Confort,Conduite souple,Langue parlée,Assistance bagages,Vue panoramique,Silence,Cuisine,Sport,Navigation GPS,Musique,Espace de rangement,Climatisation",Traveler,Bafoussam
1151,Bimbia,"Navigation GPS,Boisson gratuite,Chauffeur expérimenté,Confort,Éclairage tamisé,Animaux acceptés,Sièges inclinables,Assistance bagages,Musique,Conversation,Ponctualité,Silence,Wi-Fi gratuit,Connectivité,Ambiance chaleureuse,Climatisation,Conduite souple",Planner,Mbanga
1570,Messa,"Animaux acceptés,Langue parlée,Navigation GPS,Conversation,Boisson gratuite,Ambiance chaleureuse,Musique,Wi-Fi gratuit,Vue panoramique,Climatisation,Sièges inclinables",Planner,Yaounde
3935,Boutours,"Cuisine,Conduite souple,Silence,Ambiance chaleureuse,Conversation,Langue parlée,Wi-Fi gratuit,Sport",Traveler,Buea
1572,Mbandjock,"Climatisation,Conversation,Assistance bagages,Confort,Langue parlée,Boisson gratuite,Conduite souple,Ponctualité,Sport,Musique,Wi-Fi gratuit,Connectivité,Ambiance chaleureuse,Éclairage tamisé",Traveler,Nkongsamba
1346,Maroua,"Navigation GPS,Silence,Confort,Vue panoramique,Connectivité,Espace de rangement,Conduite souple,Ponctualité,Éclairage tamisé,Wi-Fi gratuit,Sièges inclinables,Climatisation,Boisson gratuite,Langue parlée,Sport,Musique,Cuisine,Chauffeur expérimenté,Animaux acceptés,Ambiance chaleureuse,Assistance bagages",Traveler,Bali
3134,Buea,"Silence,Conversation,Éclairage tamisé,Assistance bagages,Chauffeur expérimenté",Planner,Yaounde
2233,Maroua,"Sport,Confort,Wi-Fi gratuit,Langue parlée,Navigation GPS,Ponctualité,Espace de rangement,Musique,Connectivité,Assistance bagages,Conduite souple,Éclairage tamisé,Climatisation,Animaux acceptés,Silence,Ambiance chaleureuse,Chauffeur expérimenté,Sièges inclinables,Conversation",Traveler,Bonanjo
3654,Campo,"Chauffeur expérimenté,Conduite souple,Cuisine,Assistance bagages,Conversation,Vue panoramique,Animaux acceptés,Langue parlée,Ambiance chaleureuse,Climatisation,Boisson gratuite,Connectivité,Sport,Musique,Confort,Navigation GPS,Sièges inclinables,Wi-Fi gratuit",Planner,Kribi
4115,Belabo,"Wi-Fi gratuit,Langue parlée,Boisson gratuite,Climatisation,Ambiance chaleureuse,Chauffeur expérimenté,Animaux acceptés,Assistance bagages,Espace de rangement,Conduite souple,Ponctualité,Éclairage tamisé,Musique,Sièges inclinables,Vue panoramique,Connectivité,Cuisine,Confort,Navigation GPS,Conversation,Sport",Planner,Boutours
4538,Yaounde,"Boisson gratuite,Confort,Chauffeur expérimenté,Espace de rangement,Climatisation,Musique,Sport,Conversation,Navigation GPS,Silence,Sièges inclinables,Animaux acceptés,Cuisine,Connectivité,Ambiance chaleureuse,Langue parlée,Conduite souple,Vue panoramique,Wi-Fi gratuit",Traveler,Figuif
2860,Garoua,"Conversation,Climatisation,Vue panoramique,Animaux acceptés,Boisson gratuite,Ponctualité,Langue parlée,Chauffeur expérimenté,Confort,Assistance bagages,Espace de rangement,Conduite souple,Sport,Cuisine,Wi-Fi gratuit",Planner,Bafang
576,Banga Bakundu,"Ponctualité,Chauffeur expérimenté,Sport,Espace de rangement,Vue panoramique,Musique,Conduite souple,Sièges inclinables,Éclairage tamisé,Navigation GPS,Climatisation,Silence,Wi-Fi gratuit,Confort,Conversation,Connectivité",Traveler,Essos
2689,Yagoua,"Espace de rangement,Ambiance chaleureuse,Animaux acceptés,Musique,Climatisation,Éclairage tamisé,Boisson gratuite,Navigation GPS,Langue parlée,Conduite souple,Conversation,Cuisine,Ponctualité,Connectivité,Sport,Chauffeur expérimenté,Assistance bagages,Confort,Wi-Fi gratuit,Sièges inclinables,Vue panoramique,Silence",Planner,Garoua
1291,Dibombari,"Assistance bagages,Conduite souple,Ponctualité,Espace de rangement,Éclairage tamisé,Wi-Fi gratuit,Chauffeur expérimenté,Sport",Planner,Bonaberi
4872,Bafoussam,"Musique,Ponctualité,Climatisation,Sport,Conversation,Confort,Chauffeur expérimenté,Vue panoramique,Cuisine,Boisson gratuite,Éclairage tamisé,Ambiance chaleureuse,Connectivité,Sièges inclinables,Animaux acceptés,Assistance bagages,Conduite souple",Planner,Boutours
1115,Yaounde,"Silence,Éclairage tamisé,Navigation GPS,Espace de rangement,Climatisation,Langue parlée,Ambiance chaleureuse,Sièges inclinables,Musique,Conversation,Confort,Ponctualité,Connectivité",Planner,Meiganga
2746,Douala,"Espace de rangement,Ponctualité",Planner,Mutengene
4764,Bogo,"Animaux acceptés,Silence,Wi-Fi gratuit,Connectivité,Chauffeur expérimenté,Musique,Langue parlée,Conversation,Cuisine,Confort,Conduite souple,Éclairage tamisé,Espace de rangement,Ambiance chaleureuse,Climatisation,Navigation GPS,Boisson gratuite,Ponctualité,Sièges inclinables,Assistance bagages",Planner,Bandjoun
2058,Gazawa,"Chauffeur expérimenté,Conduite souple",Traveler,Mbanga
4187,Bali,"Wi-Fi gratuit,Sport,Sièges inclinables,Conversation,Animaux acceptés,Chauffeur expérimenté,Conduite souple,Boisson gratuite,Musique,Confort,Ambiance chaleureuse,Vue panoramique,Cuisine,Espace de rangement,Connectivité,Assistance bagages,Climatisation,Silence,Ponctualité,Navigation GPS",Traveler,Kumba
2162,Buea,"Chauffeur expérimenté,Connectivité,Animaux acceptés,Vue panoramique,Cuisine,Navigation GPS,Espace de rangement,Wi-Fi gratuit,Musique,Sièges inclinables,Confort,Sport,Silence,Conduite souple,Langue parlée,Ponctualité,Ambiance chaleureuse,Climatisation,Boisson gratuite,Conversation,Éclairage tamisé,Assistance bagages",Traveler,Mbalmayo
1737,Messa,"Chauffeur expérimenté,Espace de rangement,Navigation GPS,Conversation,Vue panoramique,Éclairage tamisé,Ambiance chaleureuse",Traveler,Bamenda
4637,Batibo,"Chauffeur expérimenté,Vue panoramique,Animaux acceptés",Planner,Garoua
2889,Belabo,"Confort,Navigation GPS,Musique,Sièges inclinables,Vue panoramique,Chauffeur expérimenté,Climatisation,Espace de rangement,Silence,Ambiance chaleureuse,Wi-Fi gratuit,Conversation,Animaux acceptés,Langue parlée,Boisson gratuite,Éclairage tamisé,Connectivité,Cuisine,Assistance bagages,Conduite souple,Sport",Traveler,Bimbia
1381,Bali,"Sièges inclinables,Éclairage tamisé,Ponctualité,Chauffeur expérimenté,Assistance bagages,Langue parlée,Vue panoramique,Confort,Wi-Fi gratuit,Conduite souple,Connectivité,Navigation GPS,Espace de rangement,Conversation,Climatisation,Ambiance chaleureuse,Musique,Boisson gratuite,Silence,Sport",Planner,Limbe
2836,Figuif,"Espace de rangement,Silence,Langue parlée,Climatisation,Sport,Chauffeur expérimenté,Boisson gratuite,Confort,Cuisine",Planner,Essos
787,Bafia,"Langue parlée,Espace de rangement,Vue panoramique,Silence,Ponctualité",Traveler,Gazawa
3548,Bandjoun,"Vue panoramique,Musique,Sport,Sièges inclinables,Éclairage tamisé,Wi-Fi gratuit,Conversation,Navigation GPS,Chauffeur expérimenté,Boisson gratuite,Ambiance chaleureuse,Climatisation,Conduite souple,Cuisine",Planner,Bertoua
2641,Batibo,"Vue panoramique,Conduite souple,Assistance bagages,Musique,Langue parlée,Silence,Confort,Wi-Fi gratuit,Espace de rangement,Boisson gratuite,Cuisine,Sport,Sièges inclinables,Ponctualité,Ambiance chaleureuse,Éclairage tamisé",Planner,Edéa
3609,Meiganga,"Animaux acceptés,Conduite souple,Assistance bagages,Espace de rangement,Confort,Ponctualité,Silence,Musique,Connectivité,Boisson gratuite,Conversation",Planner,Fontem
1067,Maroua,"Sièges inclinables,Boisson gratuite,Musique,Connectivité,Silence,Ponctualité,Climatisation,Chauffeur expérimenté,Navigation GPS,Assistance bagages",Traveler,Mbouda
2745,Gazawa,"Conversation,Sièges inclinables,Sport,Wi-Fi gratuit,Vue panoramique,Ambiance chaleureuse,Conduite souple,Navigation GPS,Climatisation,Chauffeur expérimenté,Langue parlée",Planner,Loum
519,Melong,"Connectivité,Musique,Ponctualité,Assistance bagages,Confort,Chauffeur expérimenté,Cuisine,Espace de rangement,Animaux acceptés,Vue panoramique,Conduite souple,Boisson gratuite,Sport,Wi-Fi gratuit,Conversation,Silence,Ambiance chaleureuse,Climatisation,Langue parlée,Éclairage tamisé,Sièges inclinables",Traveler,Mutengene
3285,Maroua,"Sport,Boisson gratuite,Climatisation,Confort,Conduite souple,Chauffeur expérimenté,Sièges inclinables,Wi-Fi gratuit,Silence,Langue parlée,Éclairage tamisé",Traveler,Mbandjock
3370,Figuif,"Boisson gratuite,Conduite souple,Cuisine,Éclairage tamisé,Conversation,Animaux acceptés,Vue panoramique,Musique,Navigation GPS,Wi-Fi gratuit,Confort,Assistance bagages,Ambiance chaleureuse",Traveler,Mbanga
1276,Figuif,"Espace de rangement,Ponctualité,Navigation GPS,Ambiance chaleureuse,Chauffeur expérimenté",Traveler,Mbandjock
1158,Mbandjock,"Sièges inclinables,Animaux acceptés,Ponctualité,Ambiance chaleureuse,Climatisation,Vue panoramique,Assistance bagages,Boisson gratuite,Langue parlée,Musique,Silence,Chauffeur expérimenté,Connectivité,Sport,Cuisine,Éclairage tamisé,Conversation,Navigation GPS",Planner,Mutengene
4422,Bonanjo,"Climatisation,Conversation,Wi-Fi gratuit,Assistance bagages,Silence,Sport,Navigation GPS,Sièges inclinables,Animaux acceptés,Connectivité,Conduite souple,Espace de rangement,Ambiance chaleureuse,Vue panoramique,Cuisine,Langue parlée,Musique,Éclairage tamisé,Boisson gratuite",Traveler,Bali Nyonga
2854,Bonabéri,"Assistance bagages,Langue parlée",Traveler,Mbanga
2906,Bafia,"Musique,Chauffeur expérimenté,Animaux acceptés,Vue panoramique,Assistance bagages,Ambiance chaleureuse,Confort,Connectivité,Éclairage tamisé,Espace de rangement,Ponctualité",Planner,Bandjoun
1840,Kumba,"Animaux acceptés,Éclairage tamisé,Wi-Fi gratuit,Climatisation,Ambiance chaleureuse,Assistance bagages,Connectivité,Cuisine,Sport,Musique,Vue panoramique,Navigation GPS,Confort,Ponctualité,Boisson gratuite,Silence",Planner,Loum
4874,Bali,"Boisson gratuite,Confort,Éclairage tamisé,Wi-Fi gratuit,Animaux acceptés,Climatisation,Langue parlée,Silence,Sièges inclinables,Musique,Ponctualité,Cuisine,Chauffeur expérimenté,Vue panoramique",Traveler,Nkongsamba
3848,Fontem,"Ponctualité,Conduite souple",Traveler,Bafang
443,Mbalmayo,"Sport,Boisson gratuite,Climatisation,Musique,Silence",Planner,Buea
3780,Campo,Navigation GPS,Traveler,Douala
823,Guider,"Sport,Conversation,Éclairage tamisé,Espace de rangement,Conduite souple,Connectivité,Ambiance chaleureuse",Traveler,Bogo
3785,Bimbia,"Connectivité,Confort,Ambiance chaleureuse,Boisson gratuite,Conduite souple,Chauffeur expérimenté,Navigation GPS,Cuisine,Assistance bagages,Sièges inclinables,Éclairage tamisé,Musique,Espace de rangement,Sport,Vue panoramique",Planner,Mokolo
1639,Belo,"Animaux acceptés,Musique,Chauffeur expérimenté,Climatisation,Confort,Langue parlée,Connectivité,Assistance bagages,Conversation,Cuisine,Ponctualité,Boisson gratuite,Conduite souple,Éclairage tamisé,Sièges inclinables,Navigation GPS,Wi-Fi gratuit,Silence,Vue panoramique,Ambiance chaleureuse,Espace de rangement",Planner,Muyuka
1734,Guider,"Conversation,Langue parlée,Assistance bagages,Silence,Cuisine,Confort,Sièges inclinables,Boisson gratuite,Navigation GPS,Conduite souple,Sport,Éclairage tamisé,Musique,Animaux acceptés,Connectivité,Vue panoramique,Wi-Fi gratuit,Ambiance chaleureuse,Ponctualité,Espace de rangement",Planner,Bonaberi
2873,Boutours,"Espace de rangement,Ponctualité,Cuisine,Vue panoramique,Sièges inclinables,Navigation GPS,Musique,Animaux acceptés,Chauffeur expérimenté,Assistance bagages,Sport,Conversation,Conduite souple,Connectivité,Langue parlée,Éclairage tamisé,Wi-Fi gratuit,Silence,Ambiance chaleureuse,Climatisation,Confort",Planner,Meiganga
4894,Meiganga,"Connectivité,Sport,Éclairage tamisé,Chauffeur expérimenté,Assistance bagages,Conduite souple,Silence,Animaux acceptés,Wi-Fi gratuit,Ponctualité,Espace de rangement,Musique",Traveler,Mbouda
3645,Bertoua,"Assistance bagages,Conduite souple,Ambiance chaleureuse,Musique,Ponctualité,Animaux acceptés,Confort,Boisson gratuite,Wi-Fi gratuit,Éclairage tamisé,Sport,Vue panoramique,Sièges inclinables,Langue parlée",Planner,Banga Bakundu
2907,Yaounde,Connectivité,Planner,Bali Nyonga
1396,Bonanjo,"Climatisation,Navigation GPS,Assistance bagages,Wi-Fi gratuit,Sport,Conversation,Boisson gratuite,Chauffeur expérimenté,Animaux acceptés,Langue parlée,Vue panoramique,Ponctualité",Planner,Bandjoun
2754,Nanga-Eboko,"Ambiance chaleureuse,Assistance bagages,Connectivité,Vue panoramique,Animaux acceptés,Cuisine,Langue parlée,Musique,Wi-Fi gratuit,Sport,Boisson gratuite,Éclairage tamisé,Navigation GPS,Climatisation,Conversation",Traveler,Bogo
3015,Mbanga,"Cuisine,Navigation GPS,Wi-Fi gratuit,Boisson gratuite,Éclairage tamisé,Sport,Sièges inclinables,Connectivité,Ambiance chaleureuse,Espace de rangement",Planner,Nanga-Eboko
3113,Mbandjock,"Ambiance chaleureuse,Éclairage tamisé,Wi-Fi gratuit,Confort,Animaux acceptés,Musique,Climatisation,Langue parlée,Vue panoramique,Chauffeur expérimenté,Boisson gratuite,Cuisine,Silence,Conduite souple,Sièges inclinables,Connectivité,Espace de rangement",Traveler,Batibo
994,Yaounde,"Assistance bagages,Sport,Sièges inclinables,Musique,Boisson gratuite,Navigation GPS,Espace de rangement,Cuisine,Climatisation",Planner,Nanga-Eboko
2743,Fontem,"Connectivité,Langue parlée,Chauffeur expérimenté,Assistance bagages,Vue panoramique,Boisson gratuite",Planner,Buea
2117,Guider,"Langue parlée,Conduite souple,Boisson gratuite,Conversation,Climatisation,Ambiance chaleureuse,Éclairage tamisé,Vue panoramique,Sport,Animaux acceptés,Musique,Sièges inclinables,Ponctualité",Planner,Bonakouamouang
998,Maroua,"Silence,Connectivité,Conversation,Musique,Boisson gratuite,Cuisine,Confort",Planner,Batibo
2461,Bonakouamouang,"Langue parlée,Ponctualité,Vue panoramique,Wi-Fi gratuit,Connectivité,Conversation,Espace de rangement,Ambiance chaleureuse,Boisson gratuite",Planner,Gazawa
968,Fontem,"Chauffeur expérimenté,Cuisine,Sport,Boisson gratuite,Climatisation,Sièges inclinables,Conduite souple,Espace de rangement",Traveler,Kribi
4783,Bonamoussadi,"Silence,Langue parlée,Ambiance chaleureuse,Animaux acceptés,Boisson gratuite,Conversation,Confort,Assistance bagages,Chauffeur expérimenté,Climatisation,Conduite souple,Sièges inclinables,Éclairage tamisé,Espace de rangement,Ponctualité,Connectivité",Traveler,Mbouda
3541,Nkongsamba,"Connectivité,Conversation,Wi-Fi gratuit,Sièges inclinables,Langue parlée,Ambiance chaleureuse,Climatisation,Ponctualité,Assistance bagages,Navigation GPS,Animaux acceptés,Cuisine,Boisson gratuite,Confort,Musique,Chauffeur expérimenté,Silence,Espace de rangement,Conduite souple,Vue panoramique,Éclairage tamisé",Planner,Maroua
4874,Loum,"Conduite souple,Confort,Wi-Fi gratuit,Sièges inclinables,Connectivité,Vue panoramique,Chauffeur expérimenté,Éclairage tamisé,Animaux acceptés,Silence,Navigation GPS,Langue parlée,Boisson gratuite,Musique",Traveler,Loum
3572,Douala,"Animaux acceptés,Silence,Climatisation,Musique,Langue parlée,Sport,Cuisine,Wi-Fi gratuit,Conduite souple,Ambiance chaleureuse,Assistance bagages,Espace de rangement,Ponctualité,Chauffeur expérimenté,Éclairage tamisé,Vue panoramique,Boisson gratuite,Conversation,Sièges inclinables,Confort,Connectivité,Navigation GPS",Planner,Bali
858,Boutours,"Ambiance chaleureuse,Sièges inclinables,Connectivité,Chauffeur expérimenté,Conduite souple",Planner,Bonanjo
315,Bonamoussadi,"Langue parlée,Musique,Cuisine,Climatisation,Ponctualité,Sièges inclinables,Sport,Confort,Boisson gratuite,Espace de rangement,Silence,Navigation GPS,Wi-Fi gratuit,Assistance bagages,Conversation,Connectivité,Vue panoramique,Chauffeur expérimenté,Animaux acceptés",Traveler,Loum
1675,Kumba,"Ambiance chaleureuse,Conduite souple,Silence,Animaux acceptés,Ponctualité,Connectivité,Navigation GPS,Sièges inclinables,Chauffeur expérimenté,Assistance bagages,Éclairage tamisé,Cuisine,Climatisation,Vue panoramique,Conversation,Boisson gratuite,Confort,Espace de rangement,Wi-Fi gratuit,Langue parlée,Sport,Musique",Planner,Bogo
4065,Bonabéri,Wi-Fi gratuit,Traveler,Buea
3873,Essos,"Vue panoramique,Conduite souple,Conversation,Navigation GPS,Confort,Cuisine,Musique,Ponctualité,Langue parlée,Connectivité,Éclairage tamisé,Sièges inclinables,Ambiance chaleureuse,Sport",Traveler,Bafang
3983,Loum,"Sièges inclinables,Ambiance chaleureuse,Confort,Sport,Langue parlée,Éclairage tamisé,Vue panoramique,Boisson gratuite,Conversation,Espace de rangement,Chauffeur expérimenté,Navigation GPS,Cuisine,Musique,Assistance bagages,Conduite souple",Traveler,Bonanjo
2008,Bertoua,"Espace de rangement,Assistance bagages,Animaux acceptés,Conversation,Connectivité,Chauffeur expérimenté,Conduite souple,Silence,Musique,Vue panoramique,Éclairage tamisé,Langue parlée,Cuisine,Ambiance chaleureuse,Sport,Climatisation,Sièges inclinables,Navigation GPS,Ponctualité,Confort",Planner,Garoua
2841,Kribi,"Assistance bagages,Navigation GPS,Conversation,Chauffeur expérimenté,Éclairage tamisé,Confort,Animaux acceptés,Wi-Fi gratuit,Ambiance chaleureuse,Climatisation,Boisson gratuite,Cuisine,Langue parlée,Espace de rangement,Vue panoramique,Musique,Sièges inclinables,Sport,Conduite souple,Silence",Planner,Buea
302,Kousseri,"Éclairage tamisé,Ponctualité,Animaux acceptés,Assistance bagages,Chauffeur expérimenté,Sièges inclinables",Planner,Mutengene
1337,Bonakouamouang,"Cuisine,Wi-Fi gratuit,Vue panoramique,Sièges inclinables",Traveler,Mbouda
1689,Mbalmayo,"Langue parlée,Wi-Fi gratuit,Assistance bagages,Cuisine,Climatisation,Vue panoramique,Connectivité,Confort,Sièges inclinables,Boisson gratuite,Sport,Espace de rangement,Ponctualité,Navigation GPS,Chauffeur expérimenté,Conversation,Éclairage tamisé,Conduite souple",Planner,Kumba
2840,Bonanjo,"Navigation GPS,Silence,Chauffeur expérimenté,Animaux acceptés,Musique,Sièges inclinables,Ambiance chaleureuse,Assistance bagages,Conversation,Espace de rangement,Sport,Vue panoramique,Ponctualité,Connectivité,Langue parlée,Boisson gratuite,Conduite souple,Wi-Fi gratuit,Cuisine",Planner,Bonanjo
219,Bamenda,"Chauffeur expérimenté,Assistance bagages,Confort,Climatisation,Ponctualité,Vue panoramique,Cuisine,Conduite souple,Sport,Langue parlée,Navigation GPS,Boisson gratuite,Musique,Connectivité,Wi-Fi gratuit",Traveler,Bandjoun
2341,Mbalmayo,"Boisson gratuite,Musique,Navigation GPS,Sport,Éclairage tamisé,Ambiance chaleureuse,Wi-Fi gratuit,Cuisine,Vue panoramique,Ponctualité,Conversation",Planner,Mutengene
1843,Figuif,"Espace de rangement,Conversation,Confort,Musique,Assistance bagages,Boisson gratuite,Cuisine,Connectivité,Sièges inclinables,Langue parlée,Vue panoramique,Animaux acceptés,Éclairage tamisé,Climatisation,Ambiance chaleureuse",Traveler,Bonaberi
3324,Kumba,"Sport,Sièges inclinables,Conversation,Connectivité,Climatisation,Assistance bagages,Conduite souple,Vue panoramique,Silence,Boisson gratuite,Confort,Navigation GPS,Chauffeur expérimenté,Espace de rangement,Ponctualité,Cuisine,Langue parlée,Musique,Éclairage tamisé,Ambiance chaleureuse,Wi-Fi gratuit",Traveler,Mokolo
4141,Campo,"Espace de rangement,Vue panoramique,Ambiance chaleureuse,Musique,Cuisine,Climatisation,Éclairage tamisé,Langue parlée,Boisson gratuite,Conduite souple,Sport,Chauffeur expérimenté,Sièges inclinables,Wi-Fi gratuit,Assistance bagages,Confort,Animaux acceptés,Navigation GPS,Silence,Conversation,Connectivité",Planner,Mbandjock
1184,Mora,"Conversation,Animaux acceptés,Conduite souple,Boisson gratuite,Chauffeur expérimenté,Silence,Langue parlée,Musique,Espace de rangement",Traveler,Bogo
3482,Mbouda,"Confort,Éclairage tamisé,Vue panoramique,Ambiance chaleureuse",Planner,Garoua
2949,Limbe,"Espace de rangement,Navigation GPS,Chauffeur expérimenté,Vue panoramique,Wi-Fi gratuit,Conduite souple,Confort",Planner,Mutengene
1395,Messa,"Assistance bagages,Sièges inclinables,Animaux acceptés,Vue panoramique,Conduite souple,Langue parlée,Ponctualité,Navigation GPS,Climatisation,Cuisine,Connectivité,Ambiance chaleureuse,Sport,Chauffeur expérimenté,Silence,Boisson gratuite,Musique,Wi-Fi gratuit,Conversation,Espace de rangement,Confort,Éclairage tamisé",Planner,Nkongsamba
3124,Gazawa,"Musique,Espace de rangement,Chauffeur expérimenté,Climatisation,Ponctualité,Ambiance chaleureuse,Animaux acceptés,Confort,Connectivité,Assistance bagages,Éclairage tamisé,Sièges inclinables,Silence,Vue panoramique,Wi-Fi gratuit,Sport,Conversation,Boisson gratuite",Traveler,Edéa
2947,Kribi,"Chauffeur expérimenté,Climatisation,Conversation,Silence,Musique,Conduite souple,Vue panoramique,Sport,Cuisine,Wi-Fi gratuit,Ambiance chaleureuse,Langue parlée,Navigation GPS,Animaux acceptés,Boisson gratuite,Confort",Planner,Mbandjock
1799,Fontem,"Ambiance chaleureuse,Espace de rangement,Langue parlée,Conduite souple,Wi-Fi gratuit,Boisson gratuite,Vue panoramique,Connectivité,Assistance bagages,Musique,Éclairage tamisé,Sièges inclinables,Animaux acceptés",Traveler,Douala
4066,Mbalmayo,"Cuisine,Wi-Fi gratuit,Assistance bagages,Connectivité,Ambiance chaleureuse,Sport,Éclairage tamisé,Espace de rangement,Climatisation,Animaux acceptés,Vue panoramique",Traveler,Figuif
157,Douala,"Espace de rangement,Confort",Planner,Beti
216,Buea,"Assistance bagages,Silence,Espace de rangement,Conversation,Musique,Langue parlée,Ambiance chaleureuse,Chauffeur expérimenté,Vue panoramique,Sièges inclinables,Confort,Connectivité,Navigation GPS,Ponctualité",Planner,Melong
1232,Kribi,"Espace de rangement,Conduite souple,Conversation,Musique,Éclairage tamisé,Connectivité,Sièges inclinables,Chauffeur expérimenté,Wi-Fi gratuit,Sport,Confort,Animaux acceptés,Ambiance chaleureuse,Langue parlée,Cuisine,Boisson gratuite,Silence,Ponctualité",Traveler,Campo
37,Bali,"Langue parlée,Cuisine,Animaux acceptés,Sport,Ponctualité,Espace de rangement,Sièges inclinables,Conversation,Ambiance chaleureuse,Climatisation,Wi-Fi gratuit",Traveler,Limbe
818,Melong,"Sièges inclinables,Assistance bagages,Sport,Confort,Conversation,Ambiance chaleureuse,Langue parlée,Éclairage tamisé,Boisson gratuite,Connectivité,Espace de rangement,Chauffeur expérimenté",Planner,Mbouda
4325,Messa,"Confort,Espace de rangement,Éclairage tamisé,Connectivité,Cuisine,Ponctualité,Langue parlée,Sport,Vue panoramique,Boisson gratuite,Conversation,Chauffeur expérimenté,Conduite souple,Assistance bagages,Wi-Fi gratuit,Silence,Animaux acceptés,Sièges inclinables",Planner,Mbouda
346,Belabo,Éclairage tamisé,Traveler,Belabo
4177,Melong,"Assistance bagages,Sport,Sièges inclinables,Vue panoramique,Navigation GPS,Ponctualité,Connectivité",Traveler,Bertoua
2111,Banga Bakundu,"Climatisation,Cuisine,Sièges inclinables,Assistance bagages,Silence,Boisson gratuite,Navigation GPS,Conversation,Langue parlée,Wi-Fi gratuit,Ambiance chaleureuse,Espace de rangement,Vue panoramique,Connectivité,Sport,Ponctualité,Musique,Animaux acceptés",Traveler,Yagoua
3347,Yagoua,"Langue parlée,Sport,Sièges inclinables,Espace de rangement,Climatisation,Conversation,Cuisine,Ambiance chaleureuse,Animaux acceptés,Connectivité,Conduite souple,Chauffeur expérimenté,Ponctualité,Navigation GPS,Vue panoramique,Assistance bagages,Éclairage tamisé,Silence,Wi-Fi gratuit",Traveler,Bandjoun
4194,Bonanjo,"Sport,Ambiance chaleureuse,Boisson gratuite,Musique,Éclairage tamisé,Wi-Fi gratuit,Conduite souple,Navigation GPS,Silence,Conversation,Langue parlée",Traveler,Messa
1605,Dibombari,"Conversation,Animaux acceptés,Climatisation,Connectivité",Traveler,Bafia
537,Bonanjo,"Wi-Fi gratuit,Silence",Planner,Yaounde
1825,Dibombari,"Ponctualité,Conversation",Planner,Maroua
3897,Bonabéri,"Espace de rangement,Silence,Musique,Boisson gratuite,Conversation,Éclairage tamisé,Ponctualité,Conduite souple,Sièges inclinables,Connectivité,Vue panoramique,Navigation GPS,Animaux acceptés,Ambiance chaleureuse,Climatisation,Wi-Fi gratuit,Sport,Chauffeur expérimenté,Cuisine,Confort,Assistance bagages,Langue parlée",Traveler,Edéa
1885,Meiganga,"Connectivité,Sièges inclinables,Wi-Fi gratuit,Chauffeur expérimenté,Confort,Vue panoramique,Espace de rangement,Musique,Boisson gratuite,Ambiance chaleureuse,Langue parlée,Assistance bagages",Traveler,Loum
2309,Nanga-Eboko,"Ambiance chaleureuse,Climatisation,Navigation GPS,Conduite souple,Vue panoramique,Conversation,Cuisine,Langue parlée,Espace de rangement",Traveler,Bertoua
3553,Mbandjock,"Sport,Connectivité,Langue parlée,Climatisation,Conversation,Assistance bagages",Traveler,Boutours
1311,Muyuka,"Assistance bagages,Conduite souple,Navigation GPS,Connectivité,Sport,Boisson gratuite,Langue parlée,Sièges inclinables,Musique,Ambiance chaleureuse,Cuisine,Climatisation,Vue panoramique",Traveler,Batibo
4891,Buea,"Silence,Connectivité,Cuisine,Vue panoramique,Assistance bagages,Boisson gratuite,Musique,Conversation,Langue parlée,Climatisation,Wi-Fi gratuit,Navigation GPS,Chauffeur expérimenté,Animaux acceptés,Sport,Éclairage tamisé,Espace de rangement,Sièges inclinables,Ambiance chaleureuse",Traveler,Banga Bakundu
2014,Mokolo,"Musique,Langue parlée,Ambiance chaleureuse,Animaux acceptés,Sièges inclinables,Wi-Fi gratuit,Confort,Cuisine,Silence,Navigation GPS,Chauffeur expérimenté,Boisson gratuite,Ponctualité,Assistance bagages,Espace de rangement,Climatisation,Vue panoramique",Traveler,Limbe
4062,Bali,"Vue panoramique,Sièges inclinables,Connectivité,Ponctualité,Silence,Cuisine,Musique,Assistance bagages,Éclairage tamisé,Climatisation,Chauffeur expérimenté,Langue parlée",Planner,Kribi
3067,Campo,"Connectivité,Éclairage tamisé,Ambiance chaleureuse,Confort,Animaux acceptés,Climatisation,Musique,Silence,Wi-Fi gratuit,Cuisine,Boisson gratuite",Planner,Belabo
4481,Yagoua,"Éclairage tamisé,Conduite souple,Vue panoramique,Sport,Climatisation,Boisson gratuite,Espace de rangement,Conversation,Animaux acceptés,Wi-Fi gratuit,Confort,Ponctualité,Connectivité,Ambiance chaleureuse,Assistance bagages,Langue parlée,Navigation GPS",Planner,Buea
3050,Bertoua,"Vue panoramique,Sport,Connectivité,Sièges inclinables,Conduite souple,Langue parlée,Navigation GPS,Boisson gratuite,Conversation,Musique,Assistance bagages,Cuisine,Ponctualité,Wi-Fi gratuit,Ambiance chaleureuse,Climatisation",Planner,Buea
1470,Mokolo,"Éclairage tamisé,Vue panoramique,Espace de rangement,Chauffeur expérimenté,Confort",Traveler,Belabo
1962,Bali Nyonga,"Musique,Connectivité,Climatisation,Ponctualité,Conduite souple,Espace de rangement,Sport,Vue panoramique,Silence,Conversation,Cuisine,Chauffeur expérimenté,Ambiance chaleureuse,Animaux acceptés,Boisson gratuite,Confort,Sièges inclinables,Wi-Fi gratuit",Traveler,Bonanjo
3117,Bafia,Animaux acceptés,Planner,Bonanjo
1959,Bogo,"Conduite souple,Climatisation,Navigation GPS,Langue parlée,Sport,Espace de rangement,Confort,Silence,Chauffeur expérimenté,Sièges inclinables,Ambiance chaleureuse,Vue panoramique",Traveler,Campo
4466,Mbouda,"Éclairage tamisé,Ponctualité,Espace de rangement,Musique,Ambiance chaleureuse,Climatisation",Traveler,Yaounde
2981,Mbanga,"Confort,Ponctualité,Conduite souple",Traveler,Garoua
791,Buea,"Assistance bagages,Animaux acceptés,Vue panoramique,Conduite souple,Boisson gratuite,Éclairage tamisé",Planner,Yagoua
2341,Buea,"Silence,Sport,Climatisation,Cuisine,Ponctualité,Animaux acceptés,Conversation,Wi-Fi gratuit,Navigation GPS,Chauffeur expérimenté,Assistance bagages,Langue parlée,Connectivité,Conduite souple,Espace de rangement,Vue panoramique,Ambiance chaleureuse,Sièges inclinables,Éclairage tamisé,Musique,Boisson gratuite",Planner,Bafoussam
206,Nkongsamba,"Wi-Fi gratuit,Sièges inclinables,Connectivité,Conduite souple,Éclairage tamisé,Vue panoramique,Chauffeur expérimenté,Musique,Animaux acceptés,Conversation",Planner,Edéa
4126,Bali,"Chauffeur expérimenté,Espace de rangement,Langue parlée,Conversation,Ponctualité,Assistance bagages,Climatisation,Confort,Sport",Planner,Mora
1098,Bonanjo,"Chauffeur expérimenté,Confort",Traveler,Bonabéri
4066,Buea,"Navigation GPS,Cuisine,Espace de rangement,Musique,Chauffeur expérimenté,Wi-Fi gratuit,Conversation,Climatisation,Sport,Assistance bagages",Planner,Nanga-Eboko
1343,Bertoua,"Musique,Silence,Conversation,Animaux acceptés,Boisson gratuite,Éclairage tamisé,Confort,Conduite souple,Ambiance chaleureuse,Assistance bagages,Espace de rangement,Chauffeur expérimenté,Connectivité,Sièges inclinables,Ponctualité,Langue parlée,Navigation GPS",Traveler,Bonanjo
1077,Bamenda,"Assistance bagages,Chauffeur expérimenté,Espace de rangement,Silence,Navigation GPS,Ambiance chaleureuse,Ponctualité,Conduite souple,Sport,Sièges inclinables,Vue panoramique,Cuisine,Éclairage tamisé,Animaux acceptés,Climatisation,Confort,Langue parlée",Planner,Boutours
4059,Bafoussam,"Silence,Wi-Fi gratuit,Assistance bagages,Ambiance chaleureuse,Cuisine,Confort,Vue panoramique,Sièges inclinables,Chauffeur expérimenté,Musique,Langue parlée,Espace de rangement,Navigation GPS,Boisson gratuite,Conversation,Climatisation,Ponctualité,Éclairage tamisé,Conduite souple,Connectivité",Traveler,Mbanga
2524,Belabo,Wi-Fi gratuit,Traveler,Mbandjock
275,Belo,"Ambiance chaleureuse,Boisson gratuite,Assistance bagages,Chauffeur expérimenté",Planner,Bonakouamouang
761,Nkongsamba,"Langue parlée,Connectivité,Espace de rangement,Sport,Cuisine,Assistance bagages,Conversation,Éclairage tamisé,Navigation GPS,Wi-Fi gratuit,Animaux acceptés,Confort,Ambiance chaleureuse,Boisson gratuite",Traveler,Mbalmayo
3812,Meiganga,"Boisson gratuite,Musique,Vue panoramique,Ponctualité",Planner,Guider
2548,Bonanjo,"Boisson gratuite,Connectivité,Cuisine,Sport,Navigation GPS,Animaux acceptés,Sièges inclinables,Langue parlée,Éclairage tamisé,Conversation,Confort,Conduite souple,Ponctualité,Wi-Fi gratuit,Climatisation,Chauffeur expérimenté",Traveler,Bogo
2170,Garoua,"Vue panoramique,Assistance bagages,Sport,Wi-Fi gratuit,Boisson gratuite",Planner,Mutengene
3127,Bamenda,"Langue parlée,Silence,Boisson gratuite,Éclairage tamisé,Animaux acceptés,Connectivité,Musique,Conduite souple,Sièges inclinables,Ponctualité,Conversation,Assistance bagages,Vue panoramique",Planner,Bonanjo
1446,Douala,"Cuisine,Sport,Sièges inclinables,Chauffeur expérimenté,Langue parlée,Assistance bagages,Climatisation,Conversation,Navigation GPS,Wi-Fi gratuit,Espace de rangement,Confort,Ambiance chaleureuse,Ponctualité,Silence,Connectivité,Vue panoramique,Animaux acceptés,Boisson gratuite,Éclairage tamisé,Conduite souple,Musique",Planner,Mbandjock
1828,Mbalmayo,"Éclairage tamisé,Chauffeur expérimenté,Sièges inclinables,Ponctualité,Musique,Vue panoramique,Sport,Langue parlée,Cuisine,Wi-Fi gratuit,Conduite souple,Ambiance chaleureuse,Silence,Climatisation",Traveler,Nkongsamba
2797,Meiganga,"Langue parlée,Sport,Musique,Chauffeur expérimenté,Conversation,Silence,Espace de rangement,Navigation GPS,Wi-Fi gratuit,Conduite souple,Ambiance chaleureuse,Sièges inclinables,Climatisation,Ponctualité",Traveler,Mutengene
2347,Muyuka,"Vue panoramique,Éclairage tamisé,Sport,Animaux acceptés,Ponctualité,Cuisine",Planner,Belabo
1606,Campo,"Animaux acceptés,Wi-Fi gratuit,Confort,Navigation GPS,Musique,Conversation",Planner,Bandjoun
2299,Bandjoun,Confort,Planner,Edéa
360,Melong,"Navigation GPS,Assistance bagages,Cuisine,Langue parlée,Confort,Chauffeur expérimenté,Ambiance chaleureuse,Wi-Fi gratuit,Climatisation,Animaux acceptés,Espace de rangement",Traveler,Bonanjo
2413,Belabo,"Cuisine,Ponctualité,Confort,Connectivité,Boisson gratuite,Éclairage tamisé",Planner,Yagoua
3783,Bali Nyonga,"Connectivité,Sport,Navigation GPS,Vue panoramique,Langue parlée,Espace de rangement,Silence,Ambiance chaleureuse,Cuisine,Conversation,Confort,Musique,Chauffeur expérimenté,Assistance bagages,Ponctualité,Boisson gratuite,Animaux acceptés,Wi-Fi gratuit",Traveler,Kribi
2371,Bimbia,"Conduite souple,Climatisation,Wi-Fi gratuit,Éclairage tamisé,Assistance bagages,Ambiance chaleureuse,Navigation GPS,Musique,Vue panoramique,Animaux acceptés,Sièges inclinables",Planner,Buea
1469,Bafia,"Climatisation,Vue panoramique,Musique,Chauffeur expérimenté,Cuisine,Langue parlée,Espace de rangement,Sport,Conversation,Éclairage tamisé,Ponctualité,Animaux acceptés,Wi-Fi gratuit,Navigation GPS,Assistance bagages,Confort",Traveler,Bogo
2237,Belo,"Wi-Fi gratuit,Vue panoramique,Confort,Boisson gratuite,Ponctualité,Espace de rangement,Assistance bagages,Cuisine,Silence,Éclairage tamisé,Navigation GPS,Animaux acceptés,Langue parlée,Sièges inclinables,Sport,Conversation,Climatisation,Chauffeur expérimenté,Connectivité,Conduite souple,Musique,Ambiance chaleureuse",Traveler,Bali Nyonga
303,Mokolo,"Éclairage tamisé,Boisson gratuite,Connectivité,Climatisation,Sièges inclinables,Conduite souple,Conversation,Espace de rangement,Assistance bagages,Silence,Ponctualité,Ambiance chaleureuse,Chauffeur expérimenté,Cuisine,Musique,Vue panoramique,Navigation GPS,Sport",Traveler,Belabo
3815,Nanga-Eboko,"Wi-Fi gratuit,Vue panoramique,Cuisine,Espace de rangement,Ponctualité",Traveler,Bonakouamouang
918,Bafia,"Assistance bagages,Sport,Cuisine,Animaux acceptés,Conduite souple,Musique,Ambiance chaleureuse,Espace de rangement,Éclairage tamisé",Traveler,Buea
1761,Meiganga,"Connectivité,Climatisation,Ambiance chaleureuse,Conversation",Planner,Kumba
1636,Bertoua,"Assistance bagages,Sport,Vue panoramique,Ponctualité,Climatisation,Animaux acceptés,Espace de rangement,Navigation GPS,Chauffeur expérimenté,Boisson gratuite,Langue parlée,Silence,Musique,Wi-Fi gratuit,Confort,Conversation",Traveler,Edéa
1183,Bali Nyonga,"Musique,Cuisine,Confort,Animaux acceptés,Sport,Ponctualité,Espace de rangement,Assistance bagages,Chauffeur expérimenté,Langue parlée,Éclairage tamisé,Conduite souple,Connectivité,Conversation,Wi-Fi gratuit,Vue panoramique,Sièges inclinables,Climatisation,Ambiance chaleureuse",Planner,Yagoua
578,Belabo,Climatisation,Traveler,Gazawa
4986,Banga Bakundu,"Animaux acceptés,Ambiance chaleureuse,Ponctualité,Musique,Langue parlée,Navigation GPS,Cuisine,Conduite souple,Chauffeur expérimenté,Connectivité,Espace de rangement",Traveler,Mokolo
1493,Maroua,"Sport,Connectivité,Éclairage tamisé,Sièges inclinables,Vue panoramique,Conversation,Confort,Silence,Assistance bagages,Boisson gratuite,Chauffeur expérimenté,Cuisine,Wi-Fi gratuit,Ambiance chaleureuse,Navigation GPS,Ponctualité",Planner,Mutengene
3625,Yagoua,"Ponctualité,Éclairage tamisé,Ambiance chaleureuse,Cuisine,Silence,Conversation,Assistance bagages,Confort,Chauffeur expérimenté,Espace de rangement,Vue panoramique,Sièges inclinables",Traveler,Mbalmayo
213,Mbandjock,"Musique,Navigation GPS,Éclairage tamisé,Assistance bagages,Langue parlée,Silence,Confort,Ponctualité,Connectivité,Climatisation,Conduite souple,Espace de rangement,Boisson gratuite,Wi-Fi gratuit,Sièges inclinables,Chauffeur expérimenté,Sport,Ambiance chaleureuse,Conversation,Cuisine,Vue panoramique",Planner,Meiganga
653,Edéa,"Climatisation,Sièges inclinables,Animaux acceptés,Boisson gratuite,Silence,Ambiance chaleureuse,Espace de rangement,Ponctualité,Cuisine,Conversation,Wi-Fi gratuit,Assistance bagages",Planner,Messa
2349,Bafang,"Wi-Fi gratuit,Silence,Musique,Conversation,Sièges inclinables",Planner,Maroua
3423,Muyuka,"Navigation GPS,Sport,Chauffeur expérimenté,Éclairage tamisé,Ponctualité,Vue panoramique,Climatisation,Animaux acceptés,Wi-Fi gratuit,Ambiance chaleureuse,Connectivité,Cuisine,Confort,Assistance bagages,Boisson gratuite,Conversation,Conduite souple,Musique,Sièges inclinables",Traveler,Buea
495,Meiganga,"Animaux acceptés,Ponctualité,Éclairage tamisé,Musique,Chauffeur expérimenté,Sport,Espace de rangement,Assistance bagages,Langue parlée,Cuisine,Connectivité,Sièges inclinables,Vue panoramique,Climatisation,Conduite souple,Ambiance chaleureuse",Traveler,Bafoussam
552,Mokolo,"Ponctualité,Navigation GPS",Traveler,Meiganga
3732,Garoua,"Confort,Chauffeur expérimenté,Animaux acceptés,Espace de rangement,Conduite souple,Wi-Fi gratuit,Connectivité,Sièges inclinables",Planner,Kousseri
4963,Guider,"Sièges inclinables,Animaux acceptés,Navigation GPS",Planner,Bonamoussadi
4361,Bafang,"Ambiance chaleureuse,Langue parlée,Éclairage tamisé,Musique,Conduite souple,Silence,Animaux acceptés,Confort,Cuisine,Ponctualité,Sièges inclinables,Boisson gratuite,Espace de rangement,Climatisation,Conversation,Chauffeur expérimenté,Connectivité,Vue panoramique,Wi-Fi gratuit,Sport",Traveler,Batibo
58,Kousseri,"Conduite souple,Animaux acceptés,Vue panoramique",Traveler,Meiganga
775,Mbalmayo,"Sièges inclinables,Navigation GPS,Éclairage tamisé,Ponctualité,Silence,Langue parlée",Planner,Mbouda
3081,Bogo,"Conduite souple,Boisson gratuite,Sièges inclinables,Vue panoramique,Langue parlée,Animaux acceptés,Musique,Ambiance chaleureuse,Silence,Éclairage tamisé,Assistance bagages,Ponctualité,Chauffeur expérimenté,Wi-Fi gratuit,Confort,Conversation,Cuisine",Planner,Banga Bakundu
2479,Banga Bakundu,"Musique,Conversation,Espace de rangement,Confort,Climatisation,Éclairage tamisé,Animaux acceptés",Planner,Buea
868,Boutours,"Conversation,Musique,Chauffeur expérimenté,Éclairage tamisé,Navigation GPS,Espace de rangement,Assistance bagages,Boisson gratuite,Climatisation,Ponctualité,Cuisine,Langue parlée,Silence,Vue panoramique,Wi-Fi gratuit,Sièges inclinables,Ambiance chaleureuse,Connectivité,Confort,Conduite souple",Traveler,Melong
1946,Yagoua,"Navigation GPS,Sport,Ambiance chaleureuse,Conduite souple,Wi-Fi gratuit,Assistance bagages,Conversation,Confort,Chauffeur expérimenté,Vue panoramique,Animaux acceptés,Langue parlée,Climatisation,Espace de rangement,Sièges inclinables,Musique,Boisson gratuite,Silence,Éclairage tamisé",Traveler,Kumba
4535,Bali,"Wi-Fi gratuit,Climatisation,Conduite souple",Planner,Bertoua
178,Maroua,"Vue panoramique,Boisson gratuite,Assistance bagages,Chauffeur expérimenté,Silence,Wi-Fi gratuit,Animaux acceptés,Ponctualité,Musique,Éclairage tamisé,Ambiance chaleureuse",Traveler,Meiganga
3300,Bali,"Musique,Animaux acceptés,Silence,Sièges inclinables,Ambiance chaleureuse,Boisson gratuite,Vue panoramique,Chauffeur expérimenté,Sport,Éclairage tamisé",Traveler,Nanga-Eboko
2412,Figuif,"Conduite souple,Chauffeur expérimenté,Sport,Confort,Climatisation,Silence,Boisson gratuite,Connectivité,Musique,Éclairage tamisé",Traveler,Bonabéri
414,Limbe,"Sièges inclinables,Éclairage tamisé,Boisson gratuite,Navigation GPS,Assistance bagages,Conduite souple,Ambiance chaleureuse,Cuisine,Climatisation,Vue panoramique,Silence,Conversation,Chauffeur expérimenté,Ponctualité,Musique,Espace de rangement,Sport,Animaux acceptés,Connectivité",Planner,Messa
3400,Bamenda,"Confort,Musique,Espace de rangement,Wi-Fi gratuit,Climatisation,Assistance bagages,Animaux acceptés",Traveler,Buea
1922,Nanga-Eboko,"Conversation,Navigation GPS",Planner,Batibo
1673,Bali,"Connectivité,Musique,Éclairage tamisé,Chauffeur expérimenté,Sièges inclinables,Conversation,Sport,Ponctualité,Silence,Boisson gratuite,Confort,Climatisation,Wi-Fi gratuit,Ambiance chaleureuse,Langue parlée,Navigation GPS,Cuisine,Assistance bagages,Vue panoramique",Traveler,Beti
4463,Nkongsamba,"Ambiance chaleureuse,Boisson gratuite,Chauffeur expérimenté,Conversation,Espace de rangement,Animaux acceptés,Sport,Ponctualité,Vue panoramique,Éclairage tamisé,Navigation GPS,Langue parlée,Assistance bagages,Conduite souple,Connectivité,Climatisation,Musique,Silence,Wi-Fi gratuit,Confort",Traveler,Bonanjo
740,Mokolo,"Sièges inclinables,Conversation,Sport,Navigation GPS,Climatisation,Boisson gratuite,Confort,Espace de rangement,Cuisine,Musique,Vue panoramique,Langue parlée,Silence,Ponctualité,Animaux acceptés,Assistance bagages",Traveler,Beti
265,Mbalmayo,"Assistance bagages,Navigation GPS,Cuisine,Sièges inclinables,Espace de rangement,Ponctualité,Vue panoramique,Conversation,Wi-Fi gratuit,Sport,Connectivité",Planner,Campo
2925,Batibo,"Conversation,Sièges inclinables,Ponctualité,Climatisation,Musique,Chauffeur expérimenté,Assistance bagages,Espace de rangement",Traveler,Batibo
1695,Maroua,"Conversation,Navigation GPS,Ambiance chaleureuse,Langue parlée,Vue panoramique,Assistance bagages,Cuisine,Connectivité,Ponctualité,Climatisation,Confort,Animaux acceptés,Éclairage tamisé,Sièges inclinables,Conduite souple,Silence,Sport,Boisson gratuite",Traveler,Nanga-Eboko
1852,Bertoua,"Vue panoramique,Musique,Confort,Éclairage tamisé,Silence,Chauffeur expérimenté,Boisson gratuite,Ponctualité,Climatisation,Langue parlée,Navigation GPS,Animaux acceptés,Conduite souple,Sièges inclinables,Cuisine,Ambiance chaleureuse,Sport,Espace de rangement,Conversation",Planner,Bamenda
4207,Bimbia,"Musique,Confort",Planner,Melong
1471,Bonamoussadi,"Silence,Cuisine,Langue parlée,Climatisation,Animaux acceptés,Musique,Sport,Espace de rangement,Éclairage tamisé",Traveler,Banga Bakundu
1247,Bandjoun,"Vue panoramique,Conversation,Ambiance chaleureuse,Animaux acceptés,Musique,Connectivité,Cuisine,Climatisation,Assistance bagages,Sport,Conduite souple,Boisson gratuite,Éclairage tamisé,Navigation GPS,Sièges inclinables,Confort,Chauffeur expérimenté,Wi-Fi gratuit,Ponctualité",Traveler,Figuif
1929,Bertoua,"Ponctualité,Ambiance chaleureuse,Sport,Confort,Espace de rangement,Conduite souple,Connectivité,Animaux acceptés,Wi-Fi gratuit,Sièges inclinables,Langue parlée",Planner,Buea
2154,Mutengene,"Sport,Silence,Chauffeur expérimenté,Langue parlée,Confort,Connectivité",Traveler,Meiganga
169,Bali Nyonga,"Sport,Boisson gratuite,Langue parlée,Climatisation,Conversation,Musique,Animaux acceptés",Planner,Mutengene
4811,Essos,"Assistance bagages,Éclairage tamisé,Conversation,Sport,Silence,Chauffeur expérimenté,Sièges inclinables,Confort,Cuisine,Ponctualité,Espace de rangement,Animaux acceptés,Langue parlée,Connectivité,Boisson gratuite,Climatisation,Conduite souple,Vue panoramique",Planner,Mutengene
4347,Bonakouamouang,"Chauffeur expérimenté,Vue panoramique,Animaux acceptés,Langue parlée",Traveler,Bonamoussadi
3643,Bafoussam,"Wi-Fi gratuit,Animaux acceptés,Cuisine,Climatisation,Confort,Boisson gratuite,Conduite souple,Conversation,Éclairage tamisé,Ponctualité,Connectivité,Vue panoramique,Assistance bagages,Silence,Espace de rangement,Sport,Langue parlée,Chauffeur expérimenté,Sièges inclinables,Ambiance chaleureuse,Navigation GPS,Musique",Planner,Mbandjock
365,Bertoua,"Animaux acceptés,Climatisation,Boisson gratuite,Connectivité,Éclairage tamisé,Conduite souple,Musique,Confort,Navigation GPS,Ponctualité,Wi-Fi gratuit,Langue parlée,Vue panoramique,Sièges inclinables,Ambiance chaleureuse,Chauffeur expérimenté,Sport,Conversation",Traveler,Bonanjo
4947,Belo,"Chauffeur expérimenté,Navigation GPS,Langue parlée,Animaux acceptés,Silence,Éclairage tamisé,Confort,Conversation,Sièges inclinables,Wi-Fi gratuit",Traveler,Mora
3413,Buea,"Ambiance chaleureuse,Éclairage tamisé,Boisson gratuite,Conversation",Planner,Bertoua
388,Bonaberi,"Ambiance chaleureuse,Éclairage tamisé,Animaux acceptés,Conversation,Conduite souple,Boisson gratuite,Climatisation,Langue parlée,Navigation GPS,Assistance bagages,Confort,Sièges inclinables",Planner,Kousseri
1135,Figuif,"Wi-Fi gratuit,Cuisine,Espace de rangement,Ponctualité,Sport,Climatisation,Conversation,Conduite souple,Assistance bagages,Connectivité,Sièges inclinables,Langue parlée,Éclairage tamisé,Silence,Navigation GPS,Boisson gratuite,Animaux acceptés,Musique,Chauffeur expérimenté,Confort",Planner,Yaounde
2876,Mbalmayo,"Ponctualité,Boisson gratuite,Sport,Musique,Climatisation,Connectivité,Conversation,Sièges inclinables,Conduite souple,Éclairage tamisé,Ambiance chaleureuse,Silence,Langue parlée,Wi-Fi gratuit,Cuisine",Planner,Bandjoun
729,Mbouda,"Éclairage tamisé,Langue parlée,Navigation GPS,Vue panoramique,Sport,Ponctualité",Planner,Boutours
3798,Mbalmayo,"Langue parlée,Confort,Conversation,Sport,Ambiance chaleureuse,Navigation GPS,Éclairage tamisé,Musique,Connectivité,Wi-Fi gratuit,Boisson gratuite,Assistance bagages",Planner,Batibo
1101,Edéa,"Langue parlée,Vue panoramique,Chauffeur expérimenté,Sport,Espace de rangement,Assistance bagages,Conduite souple,Cuisine,Silence,Conversation,Ambiance chaleureuse,Climatisation,Navigation GPS,Ponctualité,Boisson gratuite,Musique,Wi-Fi gratuit",Traveler,Kousseri
4073,Bafoussam,"Cuisine,Musique,Sièges inclinables,Ponctualité,Vue panoramique,Éclairage tamisé,Wi-Fi gratuit,Silence,Assistance bagages,Espace de rangement,Ambiance chaleureuse,Boisson gratuite,Climatisation,Conversation,Conduite souple,Navigation GPS,Sport,Animaux acceptés,Chauffeur expérimenté,Connectivité,Langue parlée,Confort",Planner,Maroua
4827,Mbalmayo,"Assistance bagages,Cuisine,Sièges inclinables,Langue parlée,Silence,Boisson gratuite,Climatisation,Confort,Wi-Fi gratuit",Traveler,Buea
946,Loum,"Éclairage tamisé,Connectivité,Sièges inclinables,Musique,Ponctualité,Conversation,Espace de rangement,Wi-Fi gratuit,Boisson gratuite,Langue parlée",Traveler,Kumba
4502,Fontem,"Conversation,Silence,Connectivité,Climatisation,Ponctualité,Boisson gratuite",Planner,Melong
1062,Bonanjo,"Langue parlée,Animaux acceptés,Sport,Assistance bagages,Confort,Conversation,Conduite souple,Connectivité,Boisson gratuite,Vue panoramique,Ponctualité,Ambiance chaleureuse,Climatisation,Wi-Fi gratuit,Silence,Sièges inclinables,Navigation GPS,Éclairage tamisé,Chauffeur expérimenté,Cuisine,Espace de rangement",Planner,Meiganga
3488,Kousseri,"Cuisine,Conduite souple,Wi-Fi gratuit,Sport,Connectivité,Ponctualité,Espace de rangement,Musique,Sièges inclinables,Chauffeur expérimenté,Ambiance chaleureuse,Animaux acceptés,Éclairage tamisé,Conversation,Confort,Boisson gratuite,Assistance bagages,Climatisation,Vue panoramique,Silence,Navigation GPS",Traveler,Bertoua
3139,Mbanga,"Éclairage tamisé,Assistance bagages,Connectivité,Sport,Ponctualité,Silence,Vue panoramique,Espace de rangement,Climatisation,Navigation GPS,Conduite souple,Conversation,Ambiance chaleureuse,Musique,Confort,Chauffeur expérimenté,Wi-Fi gratuit",Traveler,Bogo
3660,Nkongsamba,"Animaux acceptés,Conduite souple,Conversation,Sièges inclinables,Vue panoramique,Cuisine,Boisson gratuite,Silence,Éclairage tamisé,Ambiance chaleureuse,Assistance bagages,Sport,Musique,Confort,Ponctualité,Connectivité,Chauffeur expérimenté,Wi-Fi gratuit,Langue parlée,Climatisation,Espace de rangement,Navigation GPS",Planner,Bandjoun
713,Bonanjo,"Wi-Fi gratuit,Langue parlée,Cuisine,Boisson gratuite,Espace de rangement,Ambiance chaleureuse,Animaux acceptés,Musique,Sièges inclinables,Silence,Sport,Climatisation,Ponctualité,Conduite souple,Navigation GPS,Connectivité,Chauffeur expérimenté,Confort",Traveler,Melong
4254,Meiganga,"Confort,Connectivité,Ambiance chaleureuse,Silence,Navigation GPS,Assistance bagages,Wi-Fi gratuit,Éclairage tamisé,Vue panoramique,Climatisation,Sport,Espace de rangement",Traveler,Figuif
3169,Kribi,Ambiance chaleureuse,Planner,Limbe
1823,Messa,"Sièges inclinables,Chauffeur expérimenté,Musique,Vue panoramique,Assistance bagages,Conduite souple,Conversation,Animaux acceptés,Éclairage tamisé,Boisson gratuite,Navigation GPS,Climatisation,Sport,Cuisine,Ambiance chaleureuse,Wi-Fi gratuit,Connectivité,Langue parlée,Silence,Espace de rangement",Traveler,Mokolo
2294,Nanga-Eboko,"Navigation GPS,Espace de rangement,Éclairage tamisé,Climatisation,Cuisine,Connectivité,Animaux acceptés,Conversation,Ambiance chaleureuse,Conduite souple",Planner,Mokolo
1045,Bonamoussadi,"Wi-Fi gratuit,Chauffeur expérimenté,Sièges inclinables,Éclairage tamisé,Espace de rangement,Musique,Climatisation,Conversation,Langue parlée,Conduite souple,Cuisine,Confort,Connectivité,Vue panoramique,Navigation GPS,Assistance bagages,Animaux acceptés,Sport,Ambiance chaleureuse,Ponctualité,Boisson gratuite,Silence",Planner,Limbe
56,Limbe,"Boisson gratuite,Animaux acceptés,Conversation,Confort,Chauffeur expérimenté,Sport,Silence,Musique,Assistance bagages,Climatisation",Planner,Boutours
2595,Buea,"Navigation GPS,Conduite souple,Silence,Assistance bagages",Traveler,Limbe
1815,Muyuka,Langue parlée,Planner,Muyuka
3747,Mbandjock,"Sport,Éclairage tamisé",Traveler,Belo
4437,Messa,"Ponctualité,Confort,Connectivité,Cuisine,Conduite souple,Ambiance chaleureuse,Wi-Fi gratuit,Éclairage tamisé,Vue panoramique,Assistance bagages,Animaux acceptés,Navigation GPS,Sport,Climatisation,Conversation,Espace de rangement,Silence",Traveler,Edéa
1782,Bertoua,"Sport,Assistance bagages,Chauffeur expérimenté,Animaux acceptés",Planner,Bonabéri
1917,Buea,"Musique,Cuisine,Sport,Langue parlée,Chauffeur expérimenté,Wi-Fi gratuit,Ambiance chaleureuse,Éclairage tamisé",Planner,Bafoussam
3517,Messa,"Sièges inclinables,Conversation,Langue parlée,Climatisation,Connectivité,Wi-Fi gratuit,Espace de rangement",Traveler,Mokolo
2696,Bimbia,"Silence,Conversation,Conduite souple,Boisson gratuite,Climatisation,Assistance bagages",Planner,Messa
1207,Bogo,"Ambiance chaleureuse,Connectivité,Climatisation,Vue panoramique,Sport",Traveler,Bafang
1716,Bali Nyonga,"Langue parlée,Conversation,Ambiance chaleureuse,Climatisation,Vue panoramique,Boisson gratuite,Éclairage tamisé,Conduite souple,Confort,Silence,Navigation GPS,Animaux acceptés,Musique",Planner,Mbouda
4650,Batibo,"Assistance bagages,Silence,Climatisation,Espace de rangement,Confort,Cuisine,Conduite souple,Langue parlée,Vue panoramique,Animaux acceptés,Connectivité,Éclairage tamisé,Wi-Fi gratuit,Navigation GPS,Sièges inclinables,Conversation,Sport,Chauffeur expérimenté,Ambiance chaleureuse,Ponctualité,Musique,Boisson gratuite",Traveler,Bafia
3760,Fontem,"Connectivité,Ambiance chaleureuse,Navigation GPS,Éclairage tamisé,Langue parlée,Sièges inclinables,Cuisine,Conversation,Vue panoramique,Confort,Animaux acceptés,Conduite souple,Assistance bagages,Chauffeur expérimenté",Traveler,Bali
909,Mutengene,Navigation GPS,Planner,Bogo
3453,Kribi,"Navigation GPS,Ambiance chaleureuse,Cuisine,Silence,Confort,Vue panoramique,Éclairage tamisé,Chauffeur expérimenté,Wi-Fi gratuit,Sport,Musique",Traveler,Dibombari
2285,Campo,"Wi-Fi gratuit,Ponctualité,Conduite souple,Silence,Vue panoramique,Boisson gratuite,Confort,Espace de rangement,Assistance bagages,Chauffeur expérimenté,Sièges inclinables,Animaux acceptés,Climatisation,Éclairage tamisé,Conversation,Navigation GPS,Musique,Langue parlée,Ambiance chaleureuse,Sport,Connectivité",Planner,Mbandjock
4637,Bogo,"Vue panoramique,Cuisine,Sport,Confort,Chauffeur expérimenté,Conduite souple,Boisson gratuite,Langue parlée,Wi-Fi gratuit",Traveler,Bandjoun
4205,Bimbia,Chauffeur expérimenté,Traveler,Beti
4487,Bonanjo,"Vue panoramique,Sièges inclinables,Silence,Ponctualité,Cuisine,Confort,Musique,Climatisation,Conduite souple,Connectivité,Animaux acceptés",Planner,Bonaberi
2730,Batibo,"Assistance bagages,Confort,Éclairage tamisé,Conversation,Ponctualité,Boisson gratuite",Traveler,Gazawa
954,Gazawa,"Conversation,Conduite souple,Navigation GPS,Wi-Fi gratuit,Langue parlée,Cuisine,Climatisation,Animaux acceptés,Espace de rangement,Vue panoramique,Assistance bagages,Boisson gratuite,Silence,Ponctualité,Éclairage tamisé,Sièges inclinables,Sport,Chauffeur expérimenté,Musique,Ambiance chaleureuse,Connectivité,Confort",Traveler,Kousseri
4584,Mbalmayo,"Espace de rangement,Langue parlée,Ambiance chaleureuse,Musique,Climatisation,Conduite souple,Sièges inclinables,Connectivité,Assistance bagages,Confort,Boisson gratuite,Navigation GPS,Cuisine,Éclairage tamisé,Animaux acceptés,Ponctualité,Chauffeur expérimenté,Silence,Sport,Wi-Fi gratuit,Conversation",Planner,Maroua
2834,Bonaberi,"Climatisation,Vue panoramique,Wi-Fi gratuit,Langue parlée,Confort,Sport,Silence,Musique,Espace de rangement,Connectivité",Traveler,Guider
1600,Kousseri,"Chauffeur expérimenté,Confort,Ponctualité,Boisson gratuite,Musique,Vue panoramique,Sport,Cuisine,Assistance bagages,Wi-Fi gratuit,Navigation GPS",Traveler,Mbalmayo
4718,Belo,"Climatisation,Ponctualité,Sièges inclinables,Boisson gratuite,Conversation,Musique,Sport,Confort",Planner,Mora
1513,Yagoua,"Musique,Boisson gratuite,Sport,Animaux acceptés,Navigation GPS,Vue panoramique,Langue parlée,Ponctualité,Éclairage tamisé,Espace de rangement,Silence,Wi-Fi gratuit,Climatisation,Ambiance chaleureuse,Cuisine,Confort,Sièges inclinables,Conversation,Chauffeur expérimenté,Connectivité",Planner,Belo
3268,Bonaberi,"Connectivité,Langue parlée,Musique,Ponctualité,Espace de rangement,Ambiance chaleureuse,Boisson gratuite,Cuisine,Navigation GPS,Wi-Fi gratuit,Sièges inclinables,Éclairage tamisé,Confort,Animaux acceptés,Silence,Conduite souple,Chauffeur expérimenté",Traveler,Bafang
4183,Kumba,"Ponctualité,Sport,Espace de rangement,Assistance bagages,Conversation,Boisson gratuite,Chauffeur expérimenté",Traveler,Buea
692,Belo,"Langue parlée,Sport,Ponctualité,Navigation GPS,Vue panoramique,Climatisation",Planner,Melong
2166,Mbandjock,"Ambiance chaleureuse,Silence,Éclairage tamisé,Cuisine,Chauffeur expérimenté,Animaux acceptés,Assistance bagages,Sport,Musique,Langue parlée,Espace de rangement,Conversation,Wi-Fi gratuit,Vue panoramique,Connectivité,Boisson gratuite,Climatisation,Confort,Sièges inclinables,Navigation GPS,Conduite souple",Planner,Bonakouamouang
4413,Garoua,"Animaux acceptés,Vue panoramique,Langue parlée,Wi-Fi gratuit,Chauffeur expérimenté,Conversation,Conduite souple,Silence,Sport,Éclairage tamisé,Assistance bagages,Ponctualité,Climatisation,Connectivité,Ambiance chaleureuse,Confort,Cuisine,Sièges inclinables,Navigation GPS,Espace de rangement",Planner,Melong
924,Bimbia,"Silence,Ambiance chaleureuse,Musique,Animaux acceptés,Confort,Climatisation,Assistance bagages,Boisson gratuite,Conduite souple,Wi-Fi gratuit,Langue parlée,Conversation,Connectivité,Sport,Cuisine,Vue panoramique,Ponctualité,Éclairage tamisé",Traveler,Mora
4027,Gazawa,"Confort,Connectivité,Cuisine,Sport,Silence,Ambiance chaleureuse,Boisson gratuite,Climatisation,Langue parlée,Navigation GPS,Sièges inclinables",Traveler,Boutours
3403,Douala,"Éclairage tamisé,Ambiance chaleureuse,Silence,Chauffeur expérimenté,Navigation GPS,Sport,Connectivité,Cuisine,Confort",Traveler,Limbe
2406,Bertoua,"Conduite souple,Assistance bagages,Vue panoramique",Planner,Maroua
3892,Mokolo,"Animaux acceptés,Ambiance chaleureuse,Langue parlée,Ponctualité,Musique,Sport,Chauffeur expérimenté,Conversation,Assistance bagages,Navigation GPS,Sièges inclinables,Connectivité,Climatisation,Espace de rangement,Vue panoramique,Éclairage tamisé,Wi-Fi gratuit,Cuisine,Boisson gratuite,Conduite souple",Planner,Bafia
1816,Douala,"Chauffeur expérimenté,Conversation,Connectivité,Sièges inclinables,Animaux acceptés,Éclairage tamisé,Assistance bagages,Langue parlée,Conduite souple,Sport,Ambiance chaleureuse,Navigation GPS,Vue panoramique,Cuisine,Confort,Musique,Silence,Espace de rangement,Ponctualité",Traveler,Bertoua
3061,Douala,"Cuisine,Assistance bagages,Sport,Langue parlée,Navigation GPS,Vue panoramique,Climatisation,Ponctualité,Espace de rangement,Silence",Traveler,Bertoua
2198,Bafoussam,"Espace de rangement,Conduite souple,Éclairage tamisé",Planner,Figuif
4083,Mokolo,"Boisson gratuite,Ponctualité,Connectivité,Confort,Chauffeur expérimenté,Animaux acceptés,Sport,Conduite souple,Vue panoramique,Assistance bagages,Sièges inclinables,Éclairage tamisé,Wi-Fi gratuit,Climatisation,Langue parlée,Ambiance chaleureuse,Silence,Conversation,Musique,Navigation GPS",Planner,Douala
4408,Loum,"Conduite souple,Ponctualité,Navigation GPS,Connectivité,Espace de rangement,Confort,Sport,Musique,Cuisine,Langue parlée,Assistance bagages,Climatisation,Conversation,Silence,Animaux acceptés,Vue panoramique,Boisson gratuite,Wi-Fi gratuit,Sièges inclinables,Chauffeur expérimenté,Ambiance chaleureuse",Planner,Buea
1847,Mokolo,"Confort,Vue panoramique,Langue parlée,Chauffeur expérimenté,Cuisine,Climatisation,Conduite souple,Musique,Wi-Fi gratuit",Planner,Boutours
3086,Belo,"Conduite souple,Silence,Navigation GPS,Sport,Vue panoramique,Wi-Fi gratuit,Assistance bagages,Ambiance chaleureuse,Musique,Animaux acceptés,Chauffeur expérimenté,Boisson gratuite",Traveler,Melong
1555,Bonakouamouang,"Espace de rangement,Ponctualité,Musique,Confort,Sport,Éclairage tamisé,Climatisation,Animaux acceptés,Navigation GPS,Sièges inclinables,Langue parlée,Assistance bagages,Vue panoramique,Boisson gratuite",Traveler,Edéa
4587,Beti,"Animaux acceptés,Conversation,Vue panoramique",Planner,Kumba
196,Bafoussam,"Wi-Fi gratuit,Ambiance chaleureuse,Cuisine",Planner,Boutours
4304,Banga Bakundu,"Langue parlée,Assistance bagages,Musique,Navigation GPS,Animaux acceptés,Sport,Conduite souple,Conversation,Wi-Fi gratuit,Espace de rangement,Éclairage tamisé",Planner,Kumba
4234,Bafang,"Musique,Climatisation,Conduite souple,Espace de rangement,Conversation,Assistance bagages,Confort,Wi-Fi gratuit,Navigation GPS,Animaux acceptés,Connectivité,Vue panoramique,Ambiance chaleureuse,Boisson gratuite,Silence,Sport,Éclairage tamisé,Ponctualité,Sièges inclinables,Chauffeur expérimenté",Traveler,Mutengene
4977,Gazawa,"Climatisation,Espace de rangement",Traveler,Edéa
1591,Essos,"Espace de rangement,Sport,Cuisine,Connectivité,Animaux acceptés,Musique,Vue panoramique,Climatisation,Confort,Sièges inclinables,Conduite souple,Conversation,Ambiance chaleureuse,Éclairage tamisé,Silence,Ponctualité,Assistance bagages,Langue parlée",Traveler,Bimbia
3727,Bonanjo,"Sièges inclinables,Ambiance chaleureuse,Sport,Wi-Fi gratuit,Climatisation,Langue parlée,Musique,Confort,Boisson gratuite,Assistance bagages,Éclairage tamisé",Traveler,Gazawa
2977,Campo,"Sièges inclinables,Ponctualité,Cuisine,Animaux acceptés,Silence,Éclairage tamisé,Connectivité,Conduite souple,Boisson gratuite,Confort,Wi-Fi gratuit,Navigation GPS,Climatisation,Ambiance chaleureuse",Traveler,Limbe
1301,Mora,"Boisson gratuite,Connectivité,Ambiance chaleureuse,Wi-Fi gratuit,Espace de rangement,Navigation GPS,Ponctualité,Confort,Sport,Climatisation,Conversation,Langue parlée,Sièges inclinables,Conduite souple,Silence,Chauffeur expérimenté,Cuisine",Planner,Buea
3637,Muyuka,"Animaux acceptés,Vue panoramique,Confort,Espace de rangement,Navigation GPS,Conduite souple,Wi-Fi gratuit",Planner,Nanga-Eboko
1317,Mora,"Boisson gratuite,Chauffeur expérimenté,Vue panoramique,Animaux acceptés,Connectivité,Silence",Traveler,Mokolo
1958,Bafang,"Boisson gratuite,Espace de rangement,Navigation GPS,Confort,Vue panoramique,Ponctualité,Musique,Chauffeur expérimenté,Ambiance chaleureuse,Wi-Fi gratuit,Langue parlée,Silence,Conduite souple,Connectivité,Assistance bagages,Cuisine,Climatisation,Sièges inclinables,Animaux acceptés,Conversation,Sport",Planner,Banga Bakundu
282,Beti,"Vue panoramique,Navigation GPS,Ambiance chaleureuse,Conversation,Sport,Cuisine",Planner,Belabo
3049,Nanga-Eboko,Musique,Planner,Kousseri
1713,Bali,"Confort,Silence,Vue panoramique,Animaux acceptés,Sièges inclinables,Connectivité,Climatisation,Conduite souple,Conversation,Éclairage tamisé,Ambiance chaleureuse",Planner,Buea
1109,Mbalmayo,"Boisson gratuite,Musique,Éclairage tamisé,Animaux acceptés",Planner,Bimbia
4448,Mbanga,"Conduite souple,Éclairage tamisé,Confort,Wi-Fi gratuit,Langue parlée,Ponctualité,Animaux acceptés",Traveler,Gazawa
710,Nanga-Eboko,"Éclairage tamisé,Sièges inclinables,Conduite souple,Ambiance chaleureuse,Connectivité,Confort,Conversation,Boisson gratuite,Animaux acceptés,Vue panoramique,Silence,Cuisine",Planner,Bafoussam
2232,Garoua,"Ponctualité,Connectivité,Silence,Conduite souple,Vue panoramique,Sièges inclinables,Espace de rangement",Traveler,Bafia
4628,Kumba,"Conduite souple,Wi-Fi gratuit,Chauffeur expérimenté,Musique,Cuisine,Langue parlée,Éclairage tamisé,Sièges inclinables,Connectivité,Conversation",Planner,Belabo
4761,Nanga-Eboko,"Conduite souple,Navigation GPS,Éclairage tamisé,Sièges inclinables,Espace de rangement,Assistance bagages,Musique,Ambiance chaleureuse,Confort,Sport,Silence,Ponctualité,Langue parlée,Boisson gratuite,Animaux acceptés,Chauffeur expérimenté",Traveler,Meiganga
1601,Meiganga,"Musique,Navigation GPS",Planner,Essos
1659,Bali,"Animaux acceptés,Navigation GPS,Éclairage tamisé,Ambiance chaleureuse,Chauffeur expérimenté,Musique,Conduite souple,Sièges inclinables,Assistance bagages,Espace de rangement,Silence,Confort,Boisson gratuite,Vue panoramique,Wi-Fi gratuit,Connectivité,Cuisine,Conversation,Langue parlée,Sport,Climatisation",Planner,Nkongsamba
2327,Boutours,"Musique,Climatisation,Navigation GPS,Animaux acceptés,Boisson gratuite,Espace de rangement,Ponctualité,Wi-Fi gratuit,Langue parlée,Sport",Planner,Bogo
138,Buea,"Musique,Conversation,Cuisine,Wi-Fi gratuit,Sièges inclinables,Chauffeur expérimenté,Éclairage tamisé,Ambiance chaleureuse,Ponctualité,Sport,Espace de rangement,Langue parlée",Traveler,Nkongsamba
2664,Belabo,"Conversation,Sièges inclinables,Sport,Climatisation,Conduite souple,Assistance bagages,Animaux acceptés,Éclairage tamisé,Confort,Boisson gratuite,Connectivité,Ponctualité,Espace de rangement,Wi-Fi gratuit,Ambiance chaleureuse,Musique,Chauffeur expérimenté,Langue parlée",Planner,Mbouda
3504,Buea,"Ambiance chaleureuse,Animaux acceptés,Climatisation,Espace de rangement,Sièges inclinables,Confort,Assistance bagages,Boisson gratuite,Éclairage tamisé,Wi-Fi gratuit,Connectivité",Planner,Meiganga
3060,Mbanga,"Chauffeur expérimenté,Sièges inclinables,Wi-Fi gratuit,Musique",Traveler,Bogo
1130,Belabo,"Éclairage tamisé,Ponctualité,Silence,Confort,Conduite souple,Sièges inclinables,Cuisine,Sport,Boisson gratuite,Musique,Chauffeur expérimenté",Traveler,Bandjoun
2921,Essos,"Confort,Silence,Sport,Musique,Vue panoramique,Climatisation,Cuisine,Assistance bagages,Boisson gratuite,Navigation GPS,Wi-Fi gratuit,Ambiance chaleureuse,Connectivité,Langue parlée,Animaux acceptés,Ponctualité,Sièges inclinables",Traveler,Nanga-Eboko
3644,Messa,"Navigation GPS,Wi-Fi gratuit",Planner,Muyuka
889,Dibombari,"Wi-Fi gratuit,Espace de rangement,Chauffeur expérimenté,Ambiance chaleureuse,Ponctualité,Assistance bagages,Vue panoramique,Sport",Traveler,Banga Bakundu
4725,Bamenda,"Langue parlée,Vue panoramique,Conversation,Connectivité,Navigation GPS,Cuisine,Chauffeur expérimenté,Silence,Ambiance chaleureuse,Espace de rangement,Sièges inclinables,Conduite souple,Confort,Sport,Animaux acceptés,Ponctualité,Wi-Fi gratuit,Musique,Climatisation,Éclairage tamisé",Planner,Nkongsamba
476,Kousseri,"Vue panoramique,Climatisation",Planner,Kousseri
2786,Mutengene,"Boisson gratuite,Langue parlée,Ponctualité,Espace de rangement,Ambiance chaleureuse,Navigation GPS,Musique,Wi-Fi gratuit,Sièges inclinables,Animaux acceptés,Éclairage tamisé,Chauffeur expérimenté,Assistance bagages,Climatisation,Conversation",Planner,Bonamoussadi
4323,Mbanga,"Chauffeur expérimenté,Espace de rangement,Sport",Planner,Bonabéri
2935,Mutengene,"Confort,Éclairage tamisé,Wi-Fi gratuit",Traveler,Bimbia
4447,Figuif,"Éclairage tamisé,Langue parlée,Vue panoramique,Animaux acceptés,Connectivité,Ambiance chaleureuse,Sport,Cuisine,Wi-Fi gratuit,Boisson gratuite,Conversation,Conduite souple,Ponctualité",Traveler,Bonakouamouang
4518,Bertoua,"Silence,Sport,Musique,Animaux acceptés,Wi-Fi gratuit",Planner,Bafia
660,Muyuka,"Cuisine,Sièges inclinables,Connectivité,Navigation GPS,Vue panoramique,Silence,Conversation,Éclairage tamisé,Confort,Espace de rangement",Traveler,Mora
3082,Yagoua,"Assistance bagages,Sport,Espace de rangement,Ambiance chaleureuse,Conduite souple,Conversation,Confort,Cuisine,Langue parlée,Animaux acceptés,Connectivité,Éclairage tamisé,Silence,Musique,Ponctualité,Sièges inclinables,Navigation GPS,Wi-Fi gratuit,Chauffeur expérimenté,Vue panoramique,Climatisation",Planner,Mbanga
648,Douala,"Éclairage tamisé,Navigation GPS,Chauffeur expérimenté,Wi-Fi gratuit,Confort,Musique,Connectivité,Silence,Ponctualité,Sièges inclinables,Langue parlée,Climatisation,Cuisine,Conduite souple,Vue panoramique,Boisson gratuite,Animaux acceptés,Ambiance chaleureuse,Assistance bagages,Sport",Traveler,Melong
349,Bimbia,"Chauffeur expérimenté,Langue parlée,Navigation GPS,Espace de rangement",Planner,Bogo
141,Essos,"Ponctualité,Vue panoramique,Animaux acceptés,Assistance bagages,Boisson gratuite,Ambiance chaleureuse,Connectivité",Traveler,Kribi
3238,Belo,"Assistance bagages,Silence,Sport,Espace de rangement,Ponctualité,Cuisine,Musique,Wi-Fi gratuit,Éclairage tamisé,Conduite souple,Conversation,Ambiance chaleureuse,Animaux acceptés",Traveler,Edéa
3313,Fontem,"Sport,Ponctualité,Conduite souple,Musique,Vue panoramique,Wi-Fi gratuit,Boisson gratuite,Chauffeur expérimenté,Navigation GPS,Éclairage tamisé,Silence,Confort,Cuisine,Conversation,Connectivité,Climatisation,Langue parlée,Animaux acceptés,Ambiance chaleureuse",Traveler,Bertoua
2174,Figuif,"Wi-Fi gratuit,Éclairage tamisé,Chauffeur expérimenté,Cuisine,Sièges inclinables,Langue parlée,Navigation GPS,Confort,Ponctualité,Boisson gratuite,Espace de rangement,Vue panoramique,Connectivité",Planner,Buea
3224,Kousseri,"Navigation GPS,Chauffeur expérimenté",Planner,Dibombari
2812,Yaounde,"Assistance bagages,Conversation,Boisson gratuite,Sport,Sièges inclinables,Musique,Chauffeur expérimenté,Ambiance chaleureuse,Vue panoramique,Navigation GPS,Silence,Climatisation,Connectivité,Éclairage tamisé,Cuisine",Planner,Messa
1874,Bimbia,"Vue panoramique,Langue parlée",Traveler,Bogo
1298,Dibombari,"Conduite souple,Climatisation,Confort,Navigation GPS,Animaux acceptés,Assistance bagages,Langue parlée,Sièges inclinables,Cuisine,Chauffeur expérimenté,Sport,Wi-Fi gratuit,Silence,Ambiance chaleureuse,Éclairage tamisé,Espace de rangement",Planner,Mora
62,Melong,"Cuisine,Ponctualité,Navigation GPS,Assistance bagages,Silence,Connectivité,Climatisation,Animaux acceptés,Sport,Wi-Fi gratuit,Espace de rangement,Langue parlée,Conduite souple,Éclairage tamisé,Vue panoramique,Confort,Sièges inclinables,Chauffeur expérimenté",Planner,Yaounde
179,Bimbia,"Connectivité,Conversation,Animaux acceptés,Sport,Assistance bagages,Conduite souple,Silence,Vue panoramique,Musique,Ambiance chaleureuse,Wi-Fi gratuit,Langue parlée,Climatisation,Cuisine,Espace de rangement,Boisson gratuite",Traveler,Bali
3100,Bafoussam,"Sièges inclinables,Ambiance chaleureuse,Connectivité,Conduite souple,Espace de rangement,Cuisine,Confort,Boisson gratuite,Vue panoramique,Navigation GPS,Conversation,Climatisation,Assistance bagages,Musique,Wi-Fi gratuit,Langue parlée,Animaux acceptés",Planner,Bonakouamouang
4398,Yaounde,"Boisson gratuite,Chauffeur expérimenté,Cuisine,Sièges inclinables,Climatisation,Espace de rangement,Conversation,Navigation GPS,Ambiance chaleureuse,Wi-Fi gratuit,Éclairage tamisé,Conduite souple,Assistance bagages,Sport,Vue panoramique,Confort,Ponctualité,Musique,Animaux acceptés,Connectivité,Silence",Planner,Campo
3159,Mokolo,"Boisson gratuite,Langue parlée,Chauffeur expérimenté,Espace de rangement,Sport,Éclairage tamisé",Traveler,Nanga-Eboko
1229,Bonaberi,"Langue parlée,Éclairage tamisé,Vue panoramique,Animaux acceptés,Silence,Sièges inclinables,Ponctualité",Planner,Melong
4649,Belabo,"Langue parlée,Espace de rangement",Traveler,Gazawa
1710,Buea,"Ponctualité,Animaux acceptés,Navigation GPS,Vue panoramique,Cuisine,Boisson gratuite,Confort,Sport,Silence,Assistance bagages,Conversation,Langue parlée,Wi-Fi gratuit,Ambiance chaleureuse,Connectivité,Espace de rangement,Éclairage tamisé,Climatisation",Traveler,Bafang
936,Bandjoun,"Sièges inclinables,Navigation GPS,Éclairage tamisé,Silence,Boisson gratuite,Ambiance chaleureuse,Animaux acceptés,Conversation,Climatisation,Ponctualité,Assistance bagages,Chauffeur expérimenté,Musique,Cuisine,Confort,Wi-Fi gratuit,Connectivité,Langue parlée,Vue panoramique",Planner,Nkongsamba
3074,Guider,"Assistance bagages,Boisson gratuite,Sièges inclinables,Ambiance chaleureuse,Vue panoramique,Connectivité,Navigation GPS,Confort,Cuisine,Conversation,Conduite souple,Langue parlée,Wi-Fi gratuit,Ponctualité,Sport,Éclairage tamisé,Silence,Chauffeur expérimenté",Traveler,Muyuka
3717,Bali Nyonga,"Cuisine,Musique,Silence,Assistance bagages,Espace de rangement,Boisson gratuite,Wi-Fi gratuit,Connectivité,Conduite souple,Climatisation,Chauffeur expérimenté,Confort,Conversation,Sièges inclinables,Ponctualité",Traveler,Mbouda
765,Boutours,Climatisation,Traveler,Mokolo
1748,Beti,"Vue panoramique,Boisson gratuite,Assistance bagages,Silence,Animaux acceptés,Musique,Sièges inclinables,Wi-Fi gratuit,Langue parlée,Confort,Conduite souple",Traveler,Mokolo
2655,Mbanga,"Silence,Boisson gratuite,Musique,Assistance bagages,Navigation GPS,Wi-Fi gratuit,Ponctualité,Vue panoramique,Éclairage tamisé,Espace de rangement,Sièges inclinables,Conversation,Climatisation,Chauffeur expérimenté,Connectivité,Animaux acceptés,Cuisine,Ambiance chaleureuse",Traveler,Bonabéri
61,Bogo,"Sport,Conduite souple,Assistance bagages,Confort,Connectivité,Silence,Musique,Ponctualité,Animaux acceptés,Langue parlée,Ambiance chaleureuse,Climatisation,Boisson gratuite,Vue panoramique,Éclairage tamisé,Espace de rangement,Wi-Fi gratuit,Navigation GPS,Cuisine,Chauffeur expérimenté",Planner,Mora
1629,Guider,"Musique,Assistance bagages",Planner,Mutengene
4106,Banga Bakundu,Sièges inclinables,Traveler,Beti
2939,Kousseri,"Assistance bagages,Confort,Musique,Sièges inclinables,Chauffeur expérimenté,Cuisine,Navigation GPS,Boisson gratuite,Climatisation,Sport,Ambiance chaleureuse",Traveler,Kribi
4234,Kribi,"Confort,Vue panoramique,Climatisation,Éclairage tamisé,Navigation GPS,Silence,Musique,Animaux acceptés,Sport,Ambiance chaleureuse,Conversation,Conduite souple",Planner,Nkongsamba
3889,Messa,"Ponctualité,Conduite souple,Sièges inclinables,Connectivité,Navigation GPS,Conversation,Climatisation,Confort,Assistance bagages,Chauffeur expérimenté,Vue panoramique,Musique,Cuisine,Sport,Wi-Fi gratuit,Langue parlée,Ambiance chaleureuse,Éclairage tamisé",Planner,Mora
253,Mbouda,"Assistance bagages,Navigation GPS,Vue panoramique,Confort,Sport,Éclairage tamisé,Conduite souple,Conversation,Connectivité,Boisson gratuite,Sièges inclinables",Planner,Mbouda
2754,Bandjoun,"Wi-Fi gratuit,Ambiance chaleureuse,Connectivité,Silence,Chauffeur expérimenté,Confort",Planner,Bafia
1681,Loum,"Ambiance chaleureuse,Musique,Connectivité,Espace de rangement,Navigation GPS,Chauffeur expérimenté,Animaux acceptés,Assistance bagages,Climatisation,Langue parlée,Sièges inclinables,Conduite souple,Ponctualité,Éclairage tamisé,Silence,Confort,Boisson gratuite",Planner,Bafang
4888,Dibombari,"Boisson gratuite,Éclairage tamisé,Connectivité,Langue parlée",Traveler,Mbalmayo
2961,Yagoua,"Confort,Espace de rangement,Ambiance chaleureuse,Musique,Wi-Fi gratuit,Cuisine,Boisson gratuite,Chauffeur expérimenté,Langue parlée,Silence,Animaux acceptés,Connectivité,Éclairage tamisé",Traveler,Bertoua
4831,Bali Nyonga,"Éclairage tamisé,Cuisine,Animaux acceptés,Musique,Chauffeur expérimenté,Navigation GPS,Confort,Ambiance chaleureuse,Langue parlée,Espace de rangement",Planner,Bafia
2974,Bali Nyonga,"Conduite souple,Sport,Langue parlée,Cuisine,Connectivité,Musique,Ponctualité,Chauffeur expérimenté",Traveler,Figuif
1821,Mbouda,"Boisson gratuite,Silence,Confort,Cuisine,Animaux acceptés,Vue panoramique,Sport,Langue parlée,Chauffeur expérimenté,Assistance bagages,Conduite souple,Musique,Wi-Fi gratuit,Espace de rangement",Planner,Banga Bakundu
2131,Mokolo,"Silence,Assistance bagages,Espace de rangement,Vue panoramique,Éclairage tamisé,Sport,Climatisation,Navigation GPS,Cuisine,Chauffeur expérimenté,Ambiance chaleureuse,Langue parlée",Traveler,Bandjoun
891,Bafia,"Ambiance chaleureuse,Sièges inclinables,Vue panoramique,Assistance bagages,Chauffeur expérimenté,Boisson gratuite,Wi-Fi gratuit,Sport,Langue parlée,Confort,Conversation,Conduite souple,Musique,Silence,Connectivité",Traveler,Mokolo
1345,Yaounde,"Ambiance chaleureuse,Silence,Musique,Chauffeur expérimenté,Langue parlée,Espace de rangement,Wi-Fi gratuit,Boisson gratuite,Cuisine,Animaux acceptés,Navigation GPS,Climatisation,Conduite souple,Assistance bagages,Ponctualité,Connectivité,Sièges inclinables,Conversation,Sport",Traveler,Belo
3835,Buea,"Connectivité,Silence,Sièges inclinables,Cuisine,Conversation,Vue panoramique",Traveler,Beti
2964,Kousseri,"Navigation GPS,Cuisine,Wi-Fi gratuit",Planner,Belo
4178,Fontem,"Sièges inclinables,Ambiance chaleureuse,Conduite souple,Confort,Wi-Fi gratuit,Ponctualité,Langue parlée,Éclairage tamisé,Animaux acceptés,Musique,Espace de rangement,Conversation,Climatisation,Boisson gratuite,Cuisine,Assistance bagages,Chauffeur expérimenté,Silence",Planner,Bandjoun
2912,Banga Bakundu,"Sièges inclinables,Conduite souple",Planner,Bonamoussadi
2506,Bertoua,"Ambiance chaleureuse,Conduite souple,Sport,Climatisation,Assistance bagages,Boisson gratuite,Animaux acceptés,Chauffeur expérimenté,Conversation",Traveler,Kumba
1747,Buea,"Animaux acceptés,Ambiance chaleureuse,Silence,Espace de rangement,Boisson gratuite,Conversation,Sièges inclinables,Chauffeur expérimenté,Cuisine,Langue parlée,Vue panoramique,Musique,Confort,Connectivité,Navigation GPS,Sport,Éclairage tamisé,Ponctualité,Wi-Fi gratuit,Conduite souple,Climatisation",Planner,Bonanjo
4202,Bafoussam,"Sièges inclinables,Éclairage tamisé,Espace de rangement,Ambiance chaleureuse,Langue parlée,Boisson gratuite,Musique,Connectivité,Navigation GPS,Silence,Vue panoramique,Animaux acceptés,Chauffeur expérimenté,Conduite souple,Wi-Fi gratuit,Ponctualité,Climatisation,Assistance bagages",Traveler,Melong
3769,Gazawa,"Animaux acceptés,Confort,Silence,Assistance bagages,Conduite souple",Planner,Beti
3778,Mbanga,Chauffeur expérimenté,Traveler,Batibo
3461,Figuif,"Navigation GPS,Wi-Fi gratuit,Connectivité,Cuisine,Espace de rangement,Conversation,Ponctualité,Ambiance chaleureuse,Boisson gratuite,Sièges inclinables",Traveler,Bandjoun
4275,Bertoua,"Animaux acceptés,Wi-Fi gratuit,Climatisation,Connectivité,Conversation,Sièges inclinables,Ponctualité,Musique,Navigation GPS,Langue parlée,Cuisine,Conduite souple,Assistance bagages,Vue panoramique",Traveler,Bafoussam
1831,Campo,"Navigation GPS,Sièges inclinables,Cuisine,Langue parlée,Silence,Musique,Vue panoramique,Ambiance chaleureuse,Assistance bagages,Animaux acceptés,Conversation,Éclairage tamisé,Ponctualité,Chauffeur expérimenté,Connectivité,Climatisation,Boisson gratuite",Planner,Loum
4088,Garoua,"Cuisine,Confort,Connectivité,Musique,Navigation GPS,Langue parlée,Wi-Fi gratuit,Sport,Climatisation,Éclairage tamisé",Planner,Dibombari
2400,Bali,"Ambiance chaleureuse,Navigation GPS,Assistance bagages,Langue parlée,Wi-Fi gratuit,Musique,Connectivité,Conduite souple,Chauffeur expérimenté,Boisson gratuite,Climatisation,Sport,Cuisine,Confort,Animaux acceptés,Éclairage tamisé,Silence,Vue panoramique,Espace de rangement",Traveler,Mora
4568,Bertoua,"Ambiance chaleureuse,Conduite souple,Cuisine,Climatisation,Musique,Animaux acceptés,Langue parlée",Traveler,Buea
2169,Banga Bakundu,"Confort,Chauffeur expérimenté,Vue panoramique",Planner,Bonanjo
1086,Douala,"Conduite souple,Confort,Sport,Animaux acceptés,Connectivité,Assistance bagages,Boisson gratuite,Musique,Éclairage tamisé,Espace de rangement",Planner,Mbalmayo
1858,Kumba,"Ponctualité,Conduite souple,Sièges inclinables,Sport,Silence,Éclairage tamisé,Espace de rangement,Assistance bagages,Confort",Traveler,Bogo
4916,Messa,"Assistance bagages,Vue panoramique,Éclairage tamisé,Silence,Sport,Connectivité,Conversation",Planner,Kumba
1811,Mokolo,"Animaux acceptés,Éclairage tamisé,Sièges inclinables,Cuisine,Assistance bagages",Planner,Buea
1254,Bonamoussadi,"Wi-Fi gratuit,Confort,Sièges inclinables,Ponctualité,Ambiance chaleureuse,Conversation,Espace de rangement,Chauffeur expérimenté,Assistance bagages,Vue panoramique,Langue parlée,Sport,Conduite souple,Cuisine,Musique,Éclairage tamisé,Climatisation,Connectivité,Boisson gratuite,Silence,Animaux acceptés,Navigation GPS",Planner,Bonabéri
1111,Bimbia,"Espace de rangement,Vue panoramique,Conduite souple,Navigation GPS,Connectivité,Ponctualité,Wi-Fi gratuit,Confort,Langue parlée,Sport,Cuisine,Chauffeur expérimenté,Assistance bagages,Musique,Conversation,Boisson gratuite,Éclairage tamisé,Silence,Animaux acceptés",Planner,Bonakouamouang
1256,Bonanjo,"Langue parlée,Boisson gratuite,Animaux acceptés,Vue panoramique,Conversation,Confort,Cuisine",Planner,Bonamoussadi
978,Messa,"Boisson gratuite,Espace de rangement,Éclairage tamisé,Assistance bagages,Animaux acceptés,Wi-Fi gratuit,Musique,Cuisine,Sièges inclinables,Vue panoramique,Conversation,Climatisation,Conduite souple,Connectivité,Confort,Ponctualité,Chauffeur expérimenté,Ambiance chaleureuse",Traveler,Mbouda
2710,Batibo,"Boisson gratuite,Cuisine,Espace de rangement,Conversation,Wi-Fi gratuit,Sport,Ponctualité,Musique,Silence,Langue parlée,Connectivité,Animaux acceptés,Ambiance chaleureuse",Planner,Batibo
2057,Muyuka,"Ambiance chaleureuse,Cuisine,Assistance bagages,Ponctualité,Vue panoramique,Éclairage tamisé,Animaux acceptés,Navigation GPS,Musique,Wi-Fi gratuit,Espace de rangement,Conversation,Connectivité,Chauffeur expérimenté,Boisson gratuite,Confort,Sport,Silence,Sièges inclinables,Langue parlée,Conduite souple,Climatisation",Planner,Melong
3437,Maroua,"Climatisation,Ambiance chaleureuse",Planner,Yaounde
3616,Limbe,"Confort,Connectivité,Assistance bagages",Traveler,Kousseri
1433,Nkongsamba,"Ponctualité,Conversation,Conduite souple,Silence,Langue parlée,Ambiance chaleureuse,Chauffeur expérimenté,Climatisation,Navigation GPS,Animaux acceptés,Espace de rangement,Assistance bagages,Éclairage tamisé,Sièges inclinables,Confort,Boisson gratuite,Vue panoramique",Planner,Fontem
3597,Kribi,"Musique,Climatisation,Conversation,Ponctualité,Assistance bagages,Ambiance chaleureuse,Éclairage tamisé,Confort,Conduite souple,Boisson gratuite",Traveler,Yaounde
3912,Bonaberi,Ambiance chaleureuse,Planner,Bonaberi
4506,Yagoua,"Conversation,Éclairage tamisé,Chauffeur expérimenté,Musique,Espace de rangement,Sport,Conduite souple,Vue panoramique,Cuisine,Wi-Fi gratuit,Ambiance chaleureuse,Confort,Ponctualité,Connectivité,Animaux acceptés,Climatisation,Langue parlée,Navigation GPS",Traveler,Douala
2090,Guider,"Ponctualité,Langue parlée,Conversation,Silence,Éclairage tamisé,Conduite souple,Espace de rangement,Chauffeur expérimenté,Musique,Vue panoramique,Navigation GPS,Climatisation,Boisson gratuite,Cuisine,Wi-Fi gratuit,Connectivité,Animaux acceptés,Sport,Ambiance chaleureuse,Sièges inclinables",Planner,Bimbia
2340,Belabo,"Ponctualité,Musique,Espace de rangement",Traveler,Yaounde
1702,Yaounde,Wi-Fi gratuit,Planner,Belabo
399,Bimbia,"Sièges inclinables,Espace de rangement,Confort,Assistance bagages,Wi-Fi gratuit,Boisson gratuite,Conversation,Connectivité,Sport,Silence,Navigation GPS,Ambiance chaleureuse,Chauffeur expérimenté,Éclairage tamisé,Ponctualité,Langue parlée,Conduite souple,Cuisine,Musique",Planner,Mbandjock
4290,Kumba,"Sport,Sièges inclinables,Animaux acceptés,Ponctualité,Musique",Traveler,Melong
4016,Bamenda,"Confort,Sport,Vue panoramique,Assistance bagages,Chauffeur expérimenté,Musique,Ponctualité,Climatisation,Espace de rangement,Langue parlée,Silence,Connectivité,Animaux acceptés",Planner,Buea
1374,Bafang,"Chauffeur expérimenté,Espace de rangement,Connectivité,Confort,Assistance bagages,Musique,Animaux acceptés,Vue panoramique,Conduite souple,Conversation,Ponctualité,Wi-Fi gratuit,Sièges inclinables,Silence,Ambiance chaleureuse,Navigation GPS,Éclairage tamisé,Boisson gratuite,Sport",Traveler,Mutengene
3535,Bonanjo,"Sport,Chauffeur expérimenté,Animaux acceptés,Connectivité,Wi-Fi gratuit,Éclairage tamisé,Boisson gratuite,Climatisation,Ponctualité,Confort,Silence,Assistance bagages,Ambiance chaleureuse,Conduite souple,Sièges inclinables,Conversation,Langue parlée",Traveler,Yaounde
3946,Mbalmayo,"Langue parlée,Musique,Silence,Ambiance chaleureuse,Espace de rangement,Animaux acceptés,Wi-Fi gratuit,Climatisation,Vue panoramique",Traveler,Bimbia
1460,Melong,"Éclairage tamisé,Boisson gratuite,Sport,Connectivité,Climatisation,Langue parlée,Silence",Planner,Yaounde
4186,Buea,"Langue parlée,Confort,Musique,Connectivité,Espace de rangement,Conduite souple,Cuisine,Navigation GPS,Sport,Ponctualité,Chauffeur expérimenté,Éclairage tamisé,Boisson gratuite",Traveler,Bamenda
646,Bonaberi,"Vue panoramique,Éclairage tamisé,Cuisine,Animaux acceptés,Climatisation,Chauffeur expérimenté,Conduite souple,Ambiance chaleureuse,Sport,Confort,Sièges inclinables,Wi-Fi gratuit,Silence,Musique,Assistance bagages",Planner,Banga Bakundu
3399,Gazawa,"Cuisine,Conversation,Climatisation,Confort,Éclairage tamisé,Langue parlée,Chauffeur expérimenté,Animaux acceptés,Espace de rangement,Ambiance chaleureuse,Ponctualité,Conduite souple,Assistance bagages,Musique,Boisson gratuite,Navigation GPS,Vue panoramique,Connectivité",Planner,Bafang
3335,Bertoua,"Ambiance chaleureuse,Connectivité,Sport,Silence,Navigation GPS,Musique,Assistance bagages,Climatisation,Éclairage tamisé,Animaux acceptés,Boisson gratuite,Langue parlée,Conduite souple,Wi-Fi gratuit,Chauffeur expérimenté",Planner,Bonabéri
4939,Limbe,"Ambiance chaleureuse,Vue panoramique,Sport,Éclairage tamisé,Sièges inclinables,Espace de rangement,Langue parlée,Connectivité,Silence,Conversation,Conduite souple,Assistance bagages,Navigation GPS,Confort,Boisson gratuite",Planner,Mbanga
673,Messa,"Conversation,Animaux acceptés,Éclairage tamisé,Vue panoramique,Conduite souple,Wi-Fi gratuit,Navigation GPS,Cuisine,Boisson gratuite,Langue parlée,Sièges inclinables,Sport,Assistance bagages,Chauffeur expérimenté,Silence,Ponctualité,Confort,Espace de rangement",Traveler,Nkongsamba
629,Bamenda,"Vue panoramique,Sièges inclinables,Ambiance chaleureuse",Traveler,Limbe
791,Bimbia,"Climatisation,Conduite souple,Ponctualité,Wi-Fi gratuit,Boisson gratuite,Conversation,Musique,Langue parlée,Navigation GPS,Espace de rangement,Ambiance chaleureuse,Vue panoramique,Assistance bagages,Sièges inclinables,Éclairage tamisé,Animaux acceptés,Cuisine,Confort,Sport,Chauffeur expérimenté,Silence",Planner,Dibombari
835,Yagoua,Navigation GPS,Traveler,Beti
2329,Bafang,"Chauffeur expérimenté,Confort,Assistance bagages,Silence,Connectivité,Langue parlée,Climatisation,Éclairage tamisé,Musique,Conversation,Vue panoramique,Sièges inclinables,Boisson gratuite",Traveler,Mbandjock
804,Bimbia,"Conduite souple,Sièges inclinables,Espace de rangement,Conversation,Éclairage tamisé,Confort,Ambiance chaleureuse,Wi-Fi gratuit,Langue parlée,Connectivité",Planner,Batibo
3629,Mbalmayo,"Vue panoramique,Sièges inclinables,Cuisine,Connectivité,Climatisation,Éclairage tamisé,Chauffeur expérimenté,Espace de rangement,Ambiance chaleureuse,Silence,Musique,Confort,Navigation GPS,Conversation,Animaux acceptés,Assistance bagages,Langue parlée",Planner,Banga Bakundu
1161,Loum,"Climatisation,Conversation,Assistance bagages,Ponctualité,Boisson gratuite,Ambiance chaleureuse,Confort,Langue parlée,Connectivité,Cuisine,Conduite souple",Planner,Bamenda
3404,Campo,"Animaux acceptés,Boisson gratuite",Planner,Douala
2702,Bafang,"Musique,Chauffeur expérimenté",Planner,Meiganga
3790,Yaounde,"Wi-Fi gratuit,Confort,Ponctualité,Conversation,Navigation GPS,Connectivité,Cuisine,Musique,Animaux acceptés,Vue panoramique,Conduite souple,Langue parlée,Ambiance chaleureuse,Climatisation,Chauffeur expérimenté,Sport",Traveler,Batibo
672,Garoua,"Vue panoramique,Assistance bagages,Animaux acceptés,Conduite souple,Sport,Chauffeur expérimenté,Musique",Traveler,Meiganga
1464,Buea,"Musique,Espace de rangement,Conversation,Silence,Ambiance chaleureuse,Langue parlée,Animaux acceptés,Wi-Fi gratuit,Boisson gratuite,Sièges inclinables,Vue panoramique,Sport,Conduite souple,Navigation GPS,Climatisation,Connectivité,Ponctualité,Assistance bagages,Éclairage tamisé,Confort,Chauffeur expérimenté,Cuisine",Traveler,Buea
2594,Limbe,"Confort,Boisson gratuite,Ponctualité,Navigation GPS,Animaux acceptés,Sièges inclinables,Conversation,Chauffeur expérimenté,Ambiance chaleureuse,Connectivité",Planner,Mokolo
2180,Bertoua,"Sport,Sièges inclinables,Ponctualité,Chauffeur expérimenté,Ambiance chaleureuse,Musique,Éclairage tamisé,Wi-Fi gratuit,Conduite souple,Conversation,Silence,Animaux acceptés,Cuisine,Confort,Assistance bagages,Vue panoramique,Espace de rangement",Traveler,Mbandjock
3103,Bandjoun,"Vue panoramique,Cuisine",Traveler,Nkongsamba
886,Limbe,"Sièges inclinables,Climatisation,Ambiance chaleureuse,Assistance bagages,Musique,Langue parlée,Conduite souple,Chauffeur expérimenté,Confort,Wi-Fi gratuit",Traveler,Bafoussam
430,Bonanjo,"Chauffeur expérimenté,Conduite souple,Langue parlée,Confort,Ambiance chaleureuse,Conversation,Musique,Climatisation,Espace de rangement,Assistance bagages,Connectivité,Boisson gratuite",Planner,Gazawa
432,Melong,"Assistance bagages,Cuisine,Connectivité,Ponctualité,Climatisation,Éclairage tamisé",Traveler,Melong
2747,Mutengene,"Espace de rangement,Langue parlée,Confort,Ponctualité,Boisson gratuite,Chauffeur expérimenté,Conversation,Connectivité,Conduite souple",Planner,Muyuka
4895,Loum,"Wi-Fi gratuit,Chauffeur expérimenté,Boisson gratuite,Cuisine,Langue parlée,Espace de rangement,Conduite souple,Ponctualité,Assistance bagages,Sièges inclinables,Navigation GPS",Planner,Bali
2357,Bonabéri,"Climatisation,Assistance bagages,Navigation GPS,Éclairage tamisé,Ambiance chaleureuse",Planner,Bonakouamouang
89,Bonabéri,"Climatisation,Conversation,Connectivité,Sièges inclinables,Sport,Assistance bagages,Boisson gratuite,Langue parlée",Planner,Gazawa
3729,Bafang,"Chauffeur expérimenté,Wi-Fi gratuit,Musique,Éclairage tamisé,Silence,Ponctualité,Sport,Langue parlée,Espace de rangement",Traveler,Gazawa
172,Bonabéri,"Navigation GPS,Éclairage tamisé,Espace de rangement,Musique,Wi-Fi gratuit,Sport,Boisson gratuite,Vue panoramique,Confort,Conversation,Assistance bagages,Animaux acceptés",Planner,Buea
229,Melong,"Éclairage tamisé,Conversation",Planner,Guider
2897,Buea,"Vue panoramique,Éclairage tamisé,Musique,Cuisine,Sièges inclinables,Assistance bagages,Connectivité,Ambiance chaleureuse,Conversation,Silence,Confort,Navigation GPS",Traveler,Fontem
2806,Dibombari,"Boisson gratuite,Éclairage tamisé,Espace de rangement,Connectivité,Vue panoramique,Assistance bagages,Confort,Cuisine,Wi-Fi gratuit,Conduite souple,Sièges inclinables,Chauffeur expérimenté,Conversation,Navigation GPS,Animaux acceptés",Planner,Bonanjo
978,Batibo,"Boisson gratuite,Cuisine,Ambiance chaleureuse,Espace de rangement,Navigation GPS,Vue panoramique,Chauffeur expérimenté,Silence,Connectivité,Wi-Fi gratuit,Confort,Musique,Sièges inclinables,Langue parlée,Conduite souple,Sport,Conversation",Planner,Belabo
52,Bandjoun,"Confort,Éclairage tamisé,Conversation,Musique,Espace de rangement,Sièges inclinables,Conduite souple",Planner,Mutengene
3632,Mora,"Wi-Fi gratuit,Silence,Climatisation,Navigation GPS",Traveler,Batibo
1461,Nanga-Eboko,"Wi-Fi gratuit,Sport,Animaux acceptés,Assistance bagages,Connectivité,Cuisine,Langue parlée,Climatisation,Ponctualité,Musique,Navigation GPS,Vue panoramique,Ambiance chaleureuse,Boisson gratuite,Espace de rangement",Planner,Bonakouamouang
4846,Mora,"Ambiance chaleureuse,Navigation GPS,Ponctualité,Confort,Conversation,Animaux acceptés,Conduite souple,Cuisine,Éclairage tamisé,Assistance bagages,Boisson gratuite,Langue parlée,Sièges inclinables,Silence",Traveler,Bonanjo
3810,Loum,"Sport,Silence,Éclairage tamisé,Sièges inclinables,Musique,Wi-Fi gratuit,Confort",Planner,Messa
880,Beti,"Silence,Confort,Assistance bagages,Chauffeur expérimenté,Conduite souple,Navigation GPS,Connectivité,Cuisine,Éclairage tamisé,Musique,Ponctualité,Langue parlée,Wi-Fi gratuit,Climatisation,Vue panoramique,Sport,Sièges inclinables,Conversation,Animaux acceptés,Boisson gratuite",Traveler,Fontem
2285,Bali Nyonga,Éclairage tamisé,Planner,Bonabéri
2238,Buea,"Assistance bagages,Espace de rangement,Climatisation,Langue parlée,Animaux acceptés,Ambiance chaleureuse,Musique,Connectivité,Boisson gratuite,Confort,Chauffeur expérimenté,Vue panoramique,Cuisine,Navigation GPS",Traveler,Mbalmayo
2170,Boutours,"Éclairage tamisé,Navigation GPS,Sièges inclinables,Conduite souple,Ponctualité,Sport,Wi-Fi gratuit,Connectivité,Musique,Animaux acceptés,Conversation,Assistance bagages,Climatisation,Confort,Cuisine,Chauffeur expérimenté",Traveler,Melong
2236,Beti,"Éclairage tamisé,Wi-Fi gratuit,Confort",Traveler,Bertoua
3531,Bali,"Animaux acceptés,Silence,Sièges inclinables,Chauffeur expérimenté,Conduite souple,Navigation GPS,Cuisine,Ambiance chaleureuse,Langue parlée,Sport,Musique,Vue panoramique,Espace de rangement,Connectivité,Ponctualité,Boisson gratuite,Wi-Fi gratuit,Assistance bagages,Confort,Éclairage tamisé,Conversation,Climatisation",Planner,Muyuka
352,Douala,"Boisson gratuite,Vue panoramique,Sport,Ambiance chaleureuse,Navigation GPS,Wi-Fi gratuit,Conduite souple,Musique,Silence,Connectivité,Sièges inclinables,Assistance bagages,Ponctualité",Traveler,Bonanjo
4502,Gazawa,"Wi-Fi gratuit,Cuisine,Navigation GPS,Ambiance chaleureuse,Confort,Ponctualité,Éclairage tamisé,Sièges inclinables,Animaux acceptés,Vue panoramique,Conduite souple,Sport,Assistance bagages,Climatisation,Conversation,Espace de rangement,Chauffeur expérimenté,Connectivité,Musique,Boisson gratuite,Silence,Langue parlée",Traveler,Bertoua
704,Mora,"Ponctualité,Wi-Fi gratuit,Confort,Boisson gratuite,Animaux acceptés,Connectivité,Espace de rangement,Silence,Navigation GPS,Assistance bagages,Sièges inclinables,Climatisation",Planner,Yaounde
1586,Kribi,"Éclairage tamisé,Navigation GPS,Langue parlée,Conversation,Sièges inclinables,Conduite souple,Ambiance chaleureuse,Chauffeur expérimenté,Ponctualité,Silence,Climatisation,Musique,Sport,Confort,Animaux acceptés",Planner,Banga Bakundu
3246,Boutours,"Sport,Musique,Conversation,Conduite souple,Boisson gratuite,Sièges inclinables,Ambiance chaleureuse,Animaux acceptés,Langue parlée,Espace de rangement,Ponctualité,Assistance bagages,Confort",Traveler,Muyuka
1109,Mokolo,"Climatisation,Chauffeur expérimenté,Langue parlée,Assistance bagages,Vue panoramique,Conversation,Silence,Sport,Navigation GPS,Cuisine,Ambiance chaleureuse,Wi-Fi gratuit,Sièges inclinables,Ponctualité,Connectivité",Planner,Bonabéri
67,Bogo,"Conduite souple,Connectivité,Navigation GPS",Planner,Belabo
218,Mutengene,"Ponctualité,Connectivité,Wi-Fi gratuit,Vue panoramique,Animaux acceptés,Navigation GPS,Sièges inclinables,Chauffeur expérimenté,Assistance bagages,Silence,Conversation,Boisson gratuite,Musique",Planner,Nanga-Eboko
2270,Fontem,"Cuisine,Animaux acceptés,Ambiance chaleureuse,Sièges inclinables,Éclairage tamisé,Assistance bagages,Chauffeur expérimenté,Boisson gratuite,Climatisation,Espace de rangement,Ponctualité,Connectivité,Conversation,Navigation GPS,Wi-Fi gratuit,Musique,Sport,Conduite souple,Vue panoramique,Langue parlée,Confort",Planner,Maroua
3497,Bonaberi,"Espace de rangement,Conversation,Navigation GPS,Ponctualité,Langue parlée,Musique,Sièges inclinables",Planner,Bali Nyonga
282,Meiganga,"Assistance bagages,Espace de rangement,Cuisine,Sport,Conversation,Éclairage tamisé,Connectivité",Traveler,Belo
4896,Batibo,"Conduite souple,Sport,Assistance bagages,Ponctualité,Animaux acceptés,Sièges inclinables,Ambiance chaleureuse,Vue panoramique,Cuisine,Silence,Espace de rangement,Chauffeur expérimenté,Connectivité,Confort,Conversation,Navigation GPS,Langue parlée,Boisson gratuite,Climatisation,Musique",Traveler,Campo
904,Messa,"Sièges inclinables,Éclairage tamisé,Conversation,Connectivité,Chauffeur expérimenté,Musique,Sport,Silence,Ambiance chaleureuse,Langue parlée,Cuisine,Wi-Fi gratuit,Boisson gratuite,Ponctualité",Planner,Garoua
3974,Belabo,"Conversation,Conduite souple,Connectivité,Confort,Ambiance chaleureuse,Animaux acceptés,Chauffeur expérimenté,Cuisine,Wi-Fi gratuit,Espace de rangement,Sport,Assistance bagages,Vue panoramique,Éclairage tamisé,Climatisation,Silence,Navigation GPS,Ponctualité,Langue parlée,Musique,Sièges inclinables,Boisson gratuite",Planner,Dibombari
1606,Bafoussam,"Chauffeur expérimenté,Assistance bagages,Conversation",Planner,Melong
4962,Bonakouamouang,"Animaux acceptés,Sport,Vue panoramique,Conduite souple,Navigation GPS,Sièges inclinables",Planner,Loum
440,Mbouda,"Sport,Boisson gratuite,Espace de rangement,Climatisation,Silence,Chauffeur expérimenté,Langue parlée,Conversation,Ambiance chaleureuse,Ponctualité,Animaux acceptés,Assistance bagages,Connectivité,Wi-Fi gratuit,Musique,Vue panoramique,Éclairage tamisé",Traveler,Batibo
3306,Messa,"Animaux acceptés,Assistance bagages,Espace de rangement,Sport,Silence,Climatisation,Langue parlée,Navigation GPS,Confort,Éclairage tamisé,Conversation,Conduite souple,Cuisine,Ambiance chaleureuse,Ponctualité,Boisson gratuite,Connectivité,Musique,Wi-Fi gratuit,Sièges inclinables",Planner,Melong
3904,Muyuka,"Musique,Cuisine,Confort,Langue parlée,Conduite souple,Éclairage tamisé,Ponctualité,Chauffeur expérimenté,Sport,Connectivité,Espace de rangement,Vue panoramique,Wi-Fi gratuit,Climatisation,Ambiance chaleureuse,Boisson gratuite,Animaux acceptés,Sièges inclinables,Assistance bagages,Navigation GPS,Conversation",Planner,Mbouda
1644,Muyuka,"Conversation,Musique,Connectivité,Boisson gratuite,Espace de rangement,Sport,Langue parlée,Ponctualité,Confort,Assistance bagages,Animaux acceptés,Éclairage tamisé,Climatisation,Conduite souple,Sièges inclinables,Ambiance chaleureuse,Silence,Wi-Fi gratuit",Traveler,Essos
3880,Bertoua,"Boisson gratuite,Espace de rangement,Assistance bagages,Navigation GPS,Éclairage tamisé,Ponctualité,Vue panoramique,Conversation,Connectivité,Confort,Chauffeur expérimenté,Sport,Wi-Fi gratuit,Cuisine,Climatisation,Animaux acceptés,Langue parlée,Musique,Ambiance chaleureuse,Conduite souple,Silence,Sièges inclinables",Planner,Bogo
4205,Mbalmayo,"Ponctualité,Espace de rangement,Cuisine,Conduite souple,Confort,Connectivité,Boisson gratuite,Silence,Sport,Chauffeur expérimenté,Navigation GPS,Vue panoramique,Ambiance chaleureuse,Climatisation,Langue parlée,Musique,Wi-Fi gratuit",Traveler,Bertoua
1921,Bali,"Animaux acceptés,Langue parlée,Climatisation,Sièges inclinables,Assistance bagages,Vue panoramique,Éclairage tamisé,Sport,Navigation GPS,Silence,Ambiance chaleureuse",Planner,Mokolo
636,Bonakouamouang,"Conduite souple,Climatisation,Animaux acceptés,Ponctualité,Ambiance chaleureuse,Conversation,Langue parlée,Vue panoramique,Confort,Sport,Espace de rangement,Éclairage tamisé,Assistance bagages",Traveler,Gazawa
4632,Bonanjo,"Musique,Éclairage tamisé,Navigation GPS,Connectivité,Chauffeur expérimenté,Ponctualité,Climatisation,Animaux acceptés,Ambiance chaleureuse,Sièges inclinables,Sport,Boisson gratuite,Wi-Fi gratuit,Langue parlée,Confort,Conversation,Vue panoramique,Assistance bagages,Espace de rangement,Conduite souple,Silence,Cuisine",Planner,Banga Bakundu
2816,Gazawa,"Connectivité,Animaux acceptés,Confort,Assistance bagages,Sport,Vue panoramique,Conversation,Chauffeur expérimenté",Traveler,Mokolo
2675,Mutengene,"Musique,Sièges inclinables,Animaux acceptés,Cuisine,Assistance bagages,Chauffeur expérimenté,Confort,Espace de rangement,Climatisation,Langue parlée,Navigation GPS,Éclairage tamisé,Wi-Fi gratuit,Conduite souple",Planner,Buea
4726,Muyuka,"Espace de rangement,Silence,Conversation,Sièges inclinables,Ponctualité,Chauffeur expérimenté,Éclairage tamisé,Ambiance chaleureuse,Langue parlée,Boisson gratuite,Wi-Fi gratuit,Cuisine",Traveler,Bafoussam
1064,Edéa,"Assistance bagages,Espace de rangement,Conduite souple,Climatisation,Boisson gratuite,Conversation,Vue panoramique,Connectivité,Cuisine,Musique,Sièges inclinables,Silence,Chauffeur expérimenté,Confort,Langue parlée,Ambiance chaleureuse",Planner,Loum
3111,Edéa,"Sièges inclinables,Confort,Climatisation,Silence,Espace de rangement,Boisson gratuite,Musique,Sport,Navigation GPS",Traveler,Mora
3387,Boutours,"Espace de rangement,Assistance bagages,Éclairage tamisé,Sport,Climatisation,Ponctualité,Ambiance chaleureuse,Chauffeur expérimenté,Confort,Silence,Animaux acceptés,Wi-Fi gratuit,Cuisine,Langue parlée,Navigation GPS,Boisson gratuite,Conduite souple",Traveler,Douala
4293,Gazawa,"Climatisation,Animaux acceptés,Boisson gratuite,Musique,Espace de rangement,Confort,Silence,Connectivité,Conversation,Ponctualité,Ambiance chaleureuse,Vue panoramique,Conduite souple,Wi-Fi gratuit,Éclairage tamisé,Cuisine,Sport,Langue parlée,Chauffeur expérimenté,Assistance bagages",Traveler,Essos
3721,Buea,"Navigation GPS,Animaux acceptés,Sièges inclinables,Ponctualité,Sport,Musique,Espace de rangement,Ambiance chaleureuse,Cuisine,Confort,Conduite souple,Langue parlée",Planner,Kribi
673,Bimbia,"Chauffeur expérimenté,Boisson gratuite,Ambiance chaleureuse,Conduite souple,Cuisine,Vue panoramique,Langue parlée,Silence,Wi-Fi gratuit",Traveler,Limbe
2325,Yagoua,"Ambiance chaleureuse,Sport,Boisson gratuite,Musique,Navigation GPS,Cuisine,Assistance bagages,Confort,Conduite souple,Climatisation,Silence,Ponctualité,Conversation",Planner,Yagoua
2179,Bonanjo,"Navigation GPS,Assistance bagages,Ambiance chaleureuse",Planner,Mbandjock
104,Meiganga,"Espace de rangement,Navigation GPS,Animaux acceptés,Cuisine,Langue parlée,Ambiance chaleureuse,Sport",Planner,Batibo
3145,Bonamoussadi,"Silence,Ambiance chaleureuse,Cuisine,Confort,Éclairage tamisé,Ponctualité,Conversation,Espace de rangement,Vue panoramique,Assistance bagages,Climatisation,Sport,Conduite souple,Chauffeur expérimenté,Musique,Langue parlée",Traveler,Meiganga
4228,Campo,"Sport,Cuisine,Assistance bagages,Langue parlée,Vue panoramique",Planner,Garoua
4612,Bertoua,"Boisson gratuite,Éclairage tamisé,Espace de rangement,Langue parlée,Navigation GPS,Conduite souple,Confort,Ambiance chaleureuse,Connectivité,Ponctualité,Vue panoramique",Traveler,Essos
4408,Bonabéri,"Cuisine,Connectivité,Sièges inclinables,Ponctualité,Wi-Fi gratuit,Vue panoramique,Climatisation,Confort,Chauffeur expérimenté,Assistance bagages,Navigation GPS,Ambiance chaleureuse,Éclairage tamisé,Espace de rangement,Boisson gratuite,Sport,Conduite souple,Animaux acceptés,Conversation,Silence,Langue parlée",Traveler,Douala
415,Mbandjock,"Musique,Confort,Wi-Fi gratuit,Conversation,Silence,Boisson gratuite",Traveler,Mora
4594,Nkongsamba,"Musique,Ambiance chaleureuse,Connectivité,Sport,Navigation GPS,Confort",Planner,Maroua
2534,Bonabéri,"Cuisine,Confort",Traveler,Bertoua
3311,Mbanga,"Chauffeur expérimenté,Assistance bagages,Ambiance chaleureuse,Vue panoramique,Conduite souple,Conversation,Espace de rangement,Navigation GPS,Ponctualité,Musique,Boisson gratuite",Traveler,Figuif
3211,Bafia,"Conduite souple,Boisson gratuite,Conversation,Espace de rangement,Assistance bagages,Chauffeur expérimenté,Ambiance chaleureuse,Ponctualité,Climatisation,Musique,Éclairage tamisé,Wi-Fi gratuit,Silence,Connectivité,Cuisine,Langue parlée",Traveler,Loum
2270,Belabo,"Conduite souple,Climatisation,Animaux acceptés,Sièges inclinables,Éclairage tamisé,Ponctualité,Chauffeur expérimenté,Wi-Fi gratuit,Vue panoramique,Musique,Cuisine,Confort,Connectivité",Traveler,Mbanga
468,Kumba,"Assistance bagages,Éclairage tamisé,Chauffeur expérimenté,Ambiance chaleureuse,Conduite souple,Wi-Fi gratuit,Sièges inclinables,Sport,Musique,Boisson gratuite,Vue panoramique,Connectivité,Conversation,Cuisine,Confort,Climatisation,Silence,Espace de rangement,Langue parlée",Traveler,Campo
2780,Belo,Wi-Fi gratuit,Traveler,Maroua
4410,Douala,"Ponctualité,Boisson gratuite,Ambiance chaleureuse,Confort,Éclairage tamisé",Traveler,Bertoua
3418,Bertoua,"Sièges inclinables,Silence,Ponctualité,Connectivité,Climatisation,Vue panoramique,Cuisine,Espace de rangement,Ambiance chaleureuse,Éclairage tamisé,Musique,Boisson gratuite,Wi-Fi gratuit,Confort,Animaux acceptés,Sport,Conversation,Langue parlée,Navigation GPS,Chauffeur expérimenté,Assistance bagages,Conduite souple",Traveler,Mora
2444,Mbalmayo,"Sport,Sièges inclinables,Chauffeur expérimenté,Silence,Conversation,Wi-Fi gratuit,Connectivité",Traveler,Boutours
3822,Mbanga,"Animaux acceptés,Chauffeur expérimenté,Musique,Espace de rangement,Cuisine,Vue panoramique,Assistance bagages,Confort,Boisson gratuite,Conduite souple,Navigation GPS",Traveler,Nkongsamba
355,Bonamoussadi,"Wi-Fi gratuit,Sièges inclinables,Navigation GPS,Silence,Assistance bagages,Ambiance chaleureuse,Cuisine,Confort,Conduite souple,Éclairage tamisé,Conversation,Sport,Climatisation,Animaux acceptés,Vue panoramique",Traveler,Nkongsamba
1838,Douala,"Wi-Fi gratuit,Langue parlée,Connectivité,Navigation GPS,Silence,Conduite souple,Boisson gratuite,Sièges inclinables,Sport,Ponctualité,Chauffeur expérimenté,Cuisine,Musique,Climatisation,Conversation",Planner,Mbouda
4708,Bamenda,"Langue parlée,Confort,Assistance bagages",Traveler,Mbandjock
2312,Muyuka,"Assistance bagages,Sièges inclinables,Silence,Navigation GPS,Wi-Fi gratuit,Boisson gratuite,Musique,Sport,Vue panoramique,Chauffeur expérimenté,Cuisine,Conversation,Ponctualité,Confort",Traveler,Bafang
101,Mbalmayo,"Silence,Confort,Conversation,Chauffeur expérimenté,Langue parlée,Espace de rangement,Animaux acceptés,Conduite souple,Cuisine,Sport,Climatisation,Navigation GPS,Connectivité,Musique,Éclairage tamisé,Sièges inclinables,Ambiance chaleureuse,Assistance bagages",Traveler,Bertoua
2452,Bandjoun,"Silence,Sport,Assistance bagages,Ponctualité,Conversation",Planner,Bogo
1832,Messa,"Wi-Fi gratuit,Sièges inclinables,Boisson gratuite,Ambiance chaleureuse,Confort,Navigation GPS,Silence,Assistance bagages,Animaux acceptés,Cuisine,Ponctualité,Connectivité,Musique,Conduite souple,Sport,Vue panoramique,Espace de rangement,Climatisation",Traveler,Bertoua
476,Mora,"Boisson gratuite,Silence,Sièges inclinables,Vue panoramique,Langue parlée,Wi-Fi gratuit,Confort,Espace de rangement,Musique,Chauffeur expérimenté,Sport,Ponctualité,Conversation,Ambiance chaleureuse,Assistance bagages,Navigation GPS,Connectivité,Éclairage tamisé,Conduite souple,Animaux acceptés,Climatisation",Traveler,Bonaberi
685,Bertoua,"Sièges inclinables,Langue parlée,Ambiance chaleureuse,Wi-Fi gratuit,Confort,Musique,Silence,Connectivité,Animaux acceptés,Sport,Espace de rangement,Ponctualité,Navigation GPS,Assistance bagages,Éclairage tamisé",Traveler,Meiganga
281,Bonabéri,"Cuisine,Animaux acceptés,Conversation,Confort,Langue parlée,Assistance bagages,Climatisation,Chauffeur expérimenté,Conduite souple,Musique",Planner,Figuif
2271,Garoua,"Confort,Espace de rangement,Silence,Conversation,Cuisine,Ambiance chaleureuse,Boisson gratuite,Navigation GPS,Climatisation,Chauffeur expérimenté,Connectivité,Sièges inclinables,Conduite souple,Vue panoramique,Musique,Langue parlée,Animaux acceptés,Wi-Fi gratuit,Assistance bagages,Sport,Ponctualité,Éclairage tamisé",Planner,Mokolo
4531,Maroua,"Sièges inclinables,Espace de rangement,Langue parlée,Conduite souple",Planner,Bafia
2074,Fontem,Éclairage tamisé,Traveler,Essos
1422,Bonabéri,"Assistance bagages,Ponctualité,Boisson gratuite,Chauffeur expérimenté,Espace de rangement,Silence,Confort,Éclairage tamisé",Planner,Bamenda
3436,Bandjoun,"Cuisine,Chauffeur expérimenté,Confort,Conversation,Silence",Planner,Bonaberi
1409,Messa,"Vue panoramique,Climatisation,Ponctualité,Conduite souple,Wi-Fi gratuit,Espace de rangement,Assistance bagages,Chauffeur expérimenté,Connectivité,Silence,Sport,Conversation",Traveler,Mutengene
2962,Yaounde,"Animaux acceptés,Climatisation,Navigation GPS,Confort,Chauffeur expérimenté,Ambiance chaleureuse,Wi-Fi gratuit,Silence,Langue parlée,Musique",Traveler,Mbandjock
1553,Bonamoussadi,"Cuisine,Silence,Chauffeur expérimenté,Wi-Fi gratuit,Navigation GPS,Conversation,Espace de rangement,Langue parlée,Sport,Climatisation,Confort",Traveler,Mbandjock
3257,Banga Bakundu,"Chauffeur expérimenté,Connectivité,Boisson gratuite,Silence,Espace de rangement,Ambiance chaleureuse,Éclairage tamisé,Conversation,Langue parlée,Vue panoramique,Confort,Cuisine,Sièges inclinables,Navigation GPS,Musique,Conduite souple,Ponctualité",Traveler,Bafoussam
4994,Garoua,"Musique,Ambiance chaleureuse,Boisson gratuite,Wi-Fi gratuit,Assistance bagages,Sièges inclinables,Conduite souple,Espace de rangement,Conversation,Vue panoramique,Animaux acceptés,Ponctualité,Silence,Climatisation,Connectivité,Chauffeur expérimenté,Sport,Cuisine,Confort,Navigation GPS,Langue parlée",Traveler,Edéa
1239,Nkongsamba,"Langue parlée,Conversation,Assistance bagages,Boisson gratuite",Planner,Fontem
2835,Bandjoun,"Vue panoramique,Langue parlée,Conversation,Navigation GPS,Ambiance chaleureuse,Chauffeur expérimenté,Confort,Climatisation,Cuisine,Silence,Sièges inclinables,Connectivité,Ponctualité,Conduite souple,Assistance bagages,Boisson gratuite,Wi-Fi gratuit",Traveler,Essos
1304,Bandjoun,"Cuisine,Confort,Éclairage tamisé,Sièges inclinables",Planner,Mokolo
4096,Kousseri,"Sport,Ponctualité,Vue panoramique,Assistance bagages,Langue parlée,Chauffeur expérimenté,Climatisation,Confort,Conduite souple,Navigation GPS,Wi-Fi gratuit,Espace de rangement,Sièges inclinables",Traveler,Maroua
782,Bonanjo,"Cuisine,Assistance bagages,Navigation GPS,Ponctualité,Sièges inclinables,Vue panoramique,Musique,Connectivité,Éclairage tamisé,Animaux acceptés",Planner,Campo
3143,Maroua,"Sièges inclinables,Sport,Musique,Boisson gratuite,Wi-Fi gratuit,Animaux acceptés,Éclairage tamisé,Navigation GPS,Cuisine,Conduite souple",Traveler,Bertoua
3389,Fontem,"Espace de rangement,Confort,Conversation,Ponctualité,Éclairage tamisé,Musique,Silence,Boisson gratuite,Conduite souple,Langue parlée,Climatisation,Vue panoramique,Ambiance chaleureuse,Sport,Assistance bagages,Chauffeur expérimenté,Wi-Fi gratuit,Animaux acceptés",Traveler,Mutengene
3505,Belabo,"Chauffeur expérimenté,Sièges inclinables,Climatisation,Silence,Musique,Ponctualité,Boisson gratuite,Connectivité,Vue panoramique,Ambiance chaleureuse,Cuisine",Traveler,Gazawa
3528,Yagoua,"Silence,Climatisation,Confort,Musique,Animaux acceptés,Wi-Fi gratuit,Langue parlée,Connectivité,Boisson gratuite,Cuisine,Assistance bagages,Conversation",Traveler,Kousseri
3935,Buea,Wi-Fi gratuit,Traveler,Meiganga
3857,Kousseri,"Silence,Conduite souple,Chauffeur expérimenté",Planner,Douala
4901,Messa,"Vue panoramique,Ponctualité,Connectivité,Navigation GPS,Climatisation,Wi-Fi gratuit,Conduite souple,Cuisine,Confort,Langue parlée,Boisson gratuite",Traveler,Edéa
679,Bonanjo,"Conversation,Ambiance chaleureuse,Éclairage tamisé",Traveler,Loum
532,Kousseri,"Silence,Sièges inclinables,Musique,Chauffeur expérimenté,Conduite souple,Conversation,Vue panoramique,Wi-Fi gratuit,Navigation GPS,Ambiance chaleureuse,Assistance bagages,Sport,Espace de rangement,Boisson gratuite,Connectivité,Cuisine,Animaux acceptés,Confort,Climatisation,Ponctualité,Éclairage tamisé,Langue parlée",Traveler,Belabo
4536,Bali,"Conduite souple,Chauffeur expérimenté",Traveler,Buea
167,Maroua,"Navigation GPS,Boisson gratuite,Sièges inclinables,Animaux acceptés,Éclairage tamisé,Vue panoramique,Chauffeur expérimenté,Wi-Fi gratuit,Ponctualité,Conduite souple,Assistance bagages,Sport,Conversation,Cuisine,Espace de rangement,Silence,Langue parlée,Confort,Climatisation",Traveler,Boutours
3799,Garoua,"Musique,Wi-Fi gratuit,Boisson gratuite,Espace de rangement,Conversation,Chauffeur expérimenté,Langue parlée,Confort,Conduite souple,Assistance bagages",Traveler,Nkongsamba
344,Garoua,"Navigation GPS,Animaux acceptés,Confort,Ambiance chaleureuse,Musique,Connectivité,Wi-Fi gratuit,Éclairage tamisé,Chauffeur expérimenté,Ponctualité,Espace de rangement,Langue parlée,Assistance bagages,Conduite souple",Planner,Limbe
1733,Yagoua,"Musique,Conversation,Conduite souple,Connectivité,Climatisation,Navigation GPS,Silence,Vue panoramique,Wi-Fi gratuit,Chauffeur expérimenté",Planner,Buea
234,Bogo,"Climatisation,Musique,Assistance bagages,Conversation,Sport,Espace de rangement,Confort,Sièges inclinables,Connectivité,Wi-Fi gratuit,Chauffeur expérimenté,Boisson gratuite,Ponctualité,Silence,Conduite souple,Navigation GPS,Animaux acceptés,Vue panoramique,Ambiance chaleureuse,Langue parlée,Cuisine,Éclairage tamisé",Planner,Mora
2249,Bafoussam,"Vue panoramique,Sport,Langue parlée,Ponctualité,Boisson gratuite,Navigation GPS,Silence,Assistance bagages,Éclairage tamisé,Animaux acceptés,Conduite souple,Cuisine,Climatisation,Wi-Fi gratuit,Sièges inclinables,Musique,Confort,Conversation,Espace de rangement",Planner,Boutours
112,Loum,"Navigation GPS,Boisson gratuite,Silence,Wi-Fi gratuit,Chauffeur expérimenté,Langue parlée,Confort,Connectivité,Musique,Conversation,Ambiance chaleureuse,Cuisine,Espace de rangement,Sièges inclinables,Assistance bagages",Planner,Bali
1638,Bamenda,"Wi-Fi gratuit,Ponctualité,Langue parlée,Animaux acceptés",Planner,Boutours
4234,Messa,"Sport,Espace de rangement,Confort,Navigation GPS,Sièges inclinables,Chauffeur expérimenté,Climatisation,Boisson gratuite,Vue panoramique",Traveler,Bonamoussadi
3302,Bafia,"Assistance bagages,Ponctualité,Sport,Chauffeur expérimenté,Wi-Fi gratuit,Cuisine",Traveler,Figuif
1552,Bafang,"Boisson gratuite,Cuisine,Climatisation,Langue parlée,Assistance bagages,Musique,Éclairage tamisé,Conversation,Wi-Fi gratuit,Connectivité",Traveler,Campo
1858,Mbanga,Ponctualité,Planner,Messa
327,Maroua,"Éclairage tamisé,Climatisation,Silence,Wi-Fi gratuit,Confort,Vue panoramique,Assistance bagages,Cuisine,Conduite souple,Langue parlée,Ambiance chaleureuse,Navigation GPS,Musique",Planner,Boutours
2123,Yaounde,"Cuisine,Sport,Climatisation,Boisson gratuite,Confort,Animaux acceptés,Ponctualité",Planner,Bimbia
831,Bonamoussadi,"Silence,Connectivité,Assistance bagages,Confort,Vue panoramique,Conversation,Sièges inclinables,Ponctualité,Wi-Fi gratuit",Planner,Fontem
797,Bafia,"Sièges inclinables,Silence",Planner,Douala
1643,Bali,"Cuisine,Ambiance chaleureuse",Traveler,Bonanjo
368,Bali Nyonga,"Wi-Fi gratuit,Ambiance chaleureuse,Musique,Éclairage tamisé,Espace de rangement,Confort,Sport,Animaux acceptés,Silence",Planner,Bogo
3534,Mbanga,Musique,Planner,Bonakouamouang
4275,Belabo,"Confort,Sport",Traveler,Limbe
2232,Campo,"Vue panoramique,Cuisine,Langue parlée,Espace de rangement,Silence,Ambiance chaleureuse,Chauffeur expérimenté,Navigation GPS,Musique,Climatisation,Ponctualité,Sport,Assistance bagages,Conduite souple,Confort,Boisson gratuite,Éclairage tamisé,Sièges inclinables",Traveler,Mora
816,Garoua,"Silence,Navigation GPS,Chauffeur expérimenté,Cuisine,Sièges inclinables,Conversation,Musique,Langue parlée,Espace de rangement,Wi-Fi gratuit,Ponctualité,Conduite souple,Confort,Assistance bagages,Éclairage tamisé,Climatisation,Boisson gratuite,Connectivité,Animaux acceptés,Vue panoramique",Planner,Mokolo
2211,Muyuka,"Ambiance chaleureuse,Ponctualité,Cuisine,Langue parlée,Confort,Musique,Wi-Fi gratuit,Boisson gratuite,Connectivité,Sièges inclinables,Espace de rangement,Assistance bagages,Sport,Conduite souple,Silence",Planner,Essos
2065,Bamenda,"Climatisation,Éclairage tamisé,Musique,Ambiance chaleureuse,Connectivité,Sport,Assistance bagages,Vue panoramique,Espace de rangement",Traveler,Nanga-Eboko
3002,Mbanga,"Conversation,Wi-Fi gratuit,Éclairage tamisé,Langue parlée,Climatisation,Animaux acceptés,Chauffeur expérimenté,Ponctualité,Espace de rangement,Vue panoramique,Cuisine,Sièges inclinables,Silence,Boisson gratuite,Confort,Ambiance chaleureuse,Navigation GPS,Musique",Traveler,Bamenda
988,Buea,"Climatisation,Connectivité,Musique,Conversation,Chauffeur expérimenté,Conduite souple,Animaux acceptés,Cuisine,Ponctualité,Langue parlée,Confort,Navigation GPS,Vue panoramique,Sport,Sièges inclinables,Silence,Boisson gratuite",Traveler,Maroua
4118,Mutengene,"Wi-Fi gratuit,Éclairage tamisé,Animaux acceptés,Vue panoramique,Navigation GPS,Sport,Silence,Assistance bagages,Espace de rangement,Connectivité",Planner,Bonakouamouang
520,Garoua,"Assistance bagages,Langue parlée,Conduite souple,Vue panoramique,Ambiance chaleureuse,Musique,Sièges inclinables,Ponctualité,Connectivité,Navigation GPS,Sport,Confort,Conversation,Boisson gratuite",Planner,Nanga-Eboko
1355,Campo,"Confort,Éclairage tamisé,Espace de rangement,Chauffeur expérimenté,Ponctualité,Ambiance chaleureuse,Musique,Navigation GPS,Animaux acceptés,Boisson gratuite,Langue parlée,Sièges inclinables,Wi-Fi gratuit,Sport,Assistance bagages,Vue panoramique,Cuisine",Planner,Buea
2114,Douala,"Silence,Animaux acceptés,Climatisation,Conduite souple,Assistance bagages,Conversation,Connectivité,Éclairage tamisé,Navigation GPS,Confort",Planner,Bafoussam
1359,Mutengene,"Conduite souple,Animaux acceptés,Connectivité,Cuisine,Ponctualité,Assistance bagages,Sport,Éclairage tamisé,Vue panoramique,Ambiance chaleureuse,Navigation GPS,Chauffeur expérimenté,Conversation,Espace de rangement,Boisson gratuite",Traveler,Maroua
2372,Beti,"Sport,Climatisation,Espace de rangement,Confort,Sièges inclinables,Cuisine,Langue parlée,Musique,Éclairage tamisé,Ponctualité,Conduite souple,Navigation GPS,Conversation,Vue panoramique,Animaux acceptés,Chauffeur expérimenté,Assistance bagages,Wi-Fi gratuit",Traveler,Garoua
4583,Belabo,"Musique,Assistance bagages,Connectivité,Cuisine,Vue panoramique,Ambiance chaleureuse,Wi-Fi gratuit,Conduite souple,Animaux acceptés,Silence,Éclairage tamisé,Espace de rangement,Ponctualité,Navigation GPS,Boisson gratuite,Chauffeur expérimenté,Sièges inclinables,Langue parlée,Conversation,Confort,Climatisation,Sport",Traveler,Bimbia
2596,Dibombari,"Ponctualité,Navigation GPS,Sièges inclinables,Climatisation,Connectivité,Confort,Animaux acceptés",Traveler,Gazawa
4787,Bali Nyonga,Conversation,Traveler,Yaounde
2211,Nanga-Eboko,"Silence,Vue panoramique,Animaux acceptés,Sport,Assistance bagages,Cuisine,Wi-Fi gratuit,Langue parlée,Connectivité,Ponctualité,Conversation,Musique,Ambiance chaleureuse,Climatisation,Chauffeur expérimenté,Espace de rangement",Traveler,Edéa
3907,Boutours,"Ambiance chaleureuse,Langue parlée,Ponctualité,Silence,Confort,Wi-Fi gratuit,Sièges inclinables,Éclairage tamisé,Vue panoramique,Navigation GPS,Cuisine,Espace de rangement,Animaux acceptés,Musique,Sport",Planner,Buea
1977,Bonakouamouang,"Boisson gratuite,Sièges inclinables,Connectivité,Chauffeur expérimenté,Silence,Espace de rangement,Éclairage tamisé,Climatisation,Navigation GPS,Ponctualité,Wi-Fi gratuit,Conversation,Musique,Conduite souple,Sport,Assistance bagages,Confort,Ambiance chaleureuse,Cuisine,Langue parlée",Traveler,Essos
1778,Bafoussam,"Ponctualité,Conduite souple,Silence,Assistance bagages",Planner,Fontem
2167,Bonamoussadi,"Vue panoramique,Navigation GPS,Assistance bagages,Cuisine,Éclairage tamisé,Silence,Sport,Conversation,Connectivité,Musique,Chauffeur expérimenté,Conduite souple,Confort,Ambiance chaleureuse,Espace de rangement,Wi-Fi gratuit,Langue parlée,Ponctualité",Planner,Bali
4618,Bandjoun,"Musique,Wi-Fi gratuit,Conduite souple,Assistance bagages,Cuisine,Connectivité,Confort,Sport,Vue panoramique,Navigation GPS,Boisson gratuite,Sièges inclinables,Silence,Ambiance chaleureuse,Chauffeur expérimenté,Conversation,Éclairage tamisé,Ponctualité,Langue parlée",Traveler,Kribi
76,Loum,"Sport,Animaux acceptés,Espace de rangement,Confort,Sièges inclinables,Chauffeur expérimenté,Navigation GPS",Planner,Beti
1481,Melong,"Conversation,Boisson gratuite,Assistance bagages,Connectivité,Éclairage tamisé,Ambiance chaleureuse,Navigation GPS,Cuisine,Sièges inclinables,Vue panoramique,Conduite souple,Langue parlée,Ponctualité",Traveler,Nanga-Eboko
1388,Boutours,"Wi-Fi gratuit,Connectivité,Ambiance chaleureuse,Sport,Ponctualité,Cuisine,Navigation GPS,Animaux acceptés,Silence,Éclairage tamisé,Conversation,Assistance bagages,Chauffeur expérimenté,Vue panoramique,Conduite souple,Musique,Climatisation,Espace de rangement,Langue parlée,Boisson gratuite",Planner,Muyuka
741,Banga Bakundu,"Langue parlée,Vue panoramique,Cuisine,Connectivité,Silence,Sièges inclinables,Musique,Animaux acceptés,Chauffeur expérimenté,Conversation,Ambiance chaleureuse,Climatisation,Conduite souple,Ponctualité,Sport,Assistance bagages,Éclairage tamisé,Espace de rangement,Wi-Fi gratuit,Navigation GPS",Planner,Bafang
440,Nanga-Eboko,"Ponctualité,Éclairage tamisé,Sport,Vue panoramique",Planner,Bonabéri
168,Mutengene,"Boisson gratuite,Wi-Fi gratuit,Ponctualité,Conduite souple,Cuisine,Silence,Vue panoramique,Chauffeur expérimenté,Assistance bagages,Ambiance chaleureuse,Navigation GPS,Éclairage tamisé,Conversation,Langue parlée,Musique,Sièges inclinables",Traveler,Bandjoun
2468,Bertoua,"Navigation GPS,Conversation,Animaux acceptés,Ambiance chaleureuse,Cuisine,Ponctualité,Wi-Fi gratuit,Sièges inclinables,Connectivité,Musique,Confort,Sport,Boisson gratuite,Climatisation,Assistance bagages,Conduite souple,Vue panoramique,Chauffeur expérimenté,Espace de rangement,Langue parlée,Silence,Éclairage tamisé",Planner,Bonanjo
4153,Bonanjo,Navigation GPS,Planner,Batibo
2990,Belo,"Éclairage tamisé,Silence,Espace de rangement,Assistance bagages",Traveler,Bafia
3834,Mbanga,"Boisson gratuite,Connectivité,Langue parlée,Wi-Fi gratuit,Climatisation,Conduite souple,Espace de rangement,Sièges inclinables,Chauffeur expérimenté,Assistance bagages,Sport",Planner,Edéa
2131,Buea,"Connectivité,Wi-Fi gratuit,Animaux acceptés,Vue panoramique,Ambiance chaleureuse,Boisson gratuite,Sport,Ponctualité,Sièges inclinables,Conversation,Confort,Éclairage tamisé,Espace de rangement,Conduite souple,Assistance bagages,Climatisation,Cuisine,Langue parlée,Chauffeur expérimenté,Navigation GPS,Silence,Musique",Traveler,Douala
3491,Bertoua,"Assistance bagages,Sport,Confort,Cuisine,Navigation GPS,Chauffeur expérimenté,Connectivité,Climatisation,Espace de rangement,Langue parlée",Traveler,Bafoussam
2336,Mbandjock,"Assistance bagages,Musique,Conduite souple,Sport,Confort,Wi-Fi gratuit,Sièges inclinables,Cuisine,Navigation GPS,Chauffeur expérimenté,Climatisation,Silence,Boisson gratuite,Connectivité,Éclairage tamisé,Ponctualité,Animaux acceptés",Planner,Bertoua
1365,Boutours,"Wi-Fi gratuit,Sport,Assistance bagages",Traveler,Bonamoussadi
478,Essos,"Ambiance chaleureuse,Conduite souple,Confort,Éclairage tamisé,Connectivité,Sièges inclinables,Navigation GPS,Climatisation,Chauffeur expérimenté,Espace de rangement,Cuisine,Wi-Fi gratuit,Animaux acceptés,Musique,Ponctualité,Silence,Conversation,Assistance bagages,Langue parlée",Planner,Figuif
2530,Bafang,"Climatisation,Wi-Fi gratuit,Animaux acceptés,Conduite souple,Assistance bagages,Sièges inclinables,Ponctualité,Musique,Ambiance chaleureuse,Sport,Silence,Vue panoramique,Confort,Langue parlée,Navigation GPS,Connectivité,Éclairage tamisé,Boisson gratuite,Chauffeur expérimenté,Cuisine,Espace de rangement",Planner,Loum
2269,Buea,"Confort,Vue panoramique,Chauffeur expérimenté,Conversation,Cuisine,Wi-Fi gratuit,Connectivité,Ambiance chaleureuse,Ponctualité,Musique,Langue parlée,Animaux acceptés,Sièges inclinables,Climatisation",Planner,Kribi
3133,Kumba,"Climatisation,Boisson gratuite,Conduite souple,Cuisine,Ponctualité,Ambiance chaleureuse,Assistance bagages,Musique,Sièges inclinables,Langue parlée,Espace de rangement,Wi-Fi gratuit,Éclairage tamisé",Planner,Bonaberi
4330,Bertoua,"Silence,Musique,Navigation GPS,Langue parlée,Climatisation,Conversation,Conduite souple,Vue panoramique,Connectivité,Ponctualité,Animaux acceptés,Sièges inclinables,Sport,Wi-Fi gratuit,Chauffeur expérimenté,Éclairage tamisé",Planner,Kousseri
3026,Mbalmayo,"Climatisation,Cuisine,Chauffeur expérimenté,Musique",Planner,Bamenda
1591,Bertoua,"Connectivité,Sièges inclinables,Musique,Boisson gratuite,Confort,Conversation,Chauffeur expérimenté",Planner,Mutengene
1544,Mokolo,"Éclairage tamisé,Silence,Confort,Langue parlée,Wi-Fi gratuit,Ambiance chaleureuse,Animaux acceptés,Espace de rangement,Cuisine,Conduite souple,Navigation GPS,Assistance bagages,Sport,Climatisation,Ponctualité,Sièges inclinables,Boisson gratuite,Musique,Vue panoramique,Chauffeur expérimenté,Conversation,Connectivité",Planner,Bogo
3349,Essos,"Musique,Silence,Wi-Fi gratuit,Sièges inclinables,Ambiance chaleureuse,Espace de rangement,Cuisine,Chauffeur expérimenté,Conversation,Vue panoramique,Langue parlée,Navigation GPS,Conduite souple,Confort,Ponctualité,Sport,Éclairage tamisé,Animaux acceptés,Assistance bagages,Connectivité,Climatisation,Boisson gratuite",Planner,Edéa
3768,Bimbia,"Boisson gratuite,Ponctualité,Navigation GPS,Silence,Confort,Chauffeur expérimenté,Musique,Animaux acceptés,Assistance bagages,Climatisation,Sport,Sièges inclinables,Conduite souple,Vue panoramique",Traveler,Batibo
2747,Melong,"Éclairage tamisé,Ambiance chaleureuse",Planner,Melong
1759,Bafang,Wi-Fi gratuit,Traveler,Kousseri
4427,Campo,"Wi-Fi gratuit,Sièges inclinables,Ponctualité,Animaux acceptés,Boisson gratuite,Cuisine,Langue parlée,Conversation,Ambiance chaleureuse,Éclairage tamisé,Assistance bagages,Vue panoramique,Silence,Navigation GPS,Conduite souple,Climatisation,Musique,Chauffeur expérimenté,Connectivité,Sport,Confort,Espace de rangement",Planner,Essos
2003,Nanga-Eboko,"Sport,Climatisation,Sièges inclinables",Planner,Campo
3542,Banga Bakundu,Navigation GPS,Traveler,Garoua
4693,Batibo,"Espace de rangement,Cuisine,Chauffeur expérimenté,Silence,Sport,Conduite souple,Conversation",Planner,Bonakouamouang
2854,Bafoussam,"Confort,Ambiance chaleureuse,Conduite souple,Sport,Vue panoramique,Silence,Animaux acceptés,Musique,Espace de rangement,Sièges inclinables,Éclairage tamisé,Conversation,Navigation GPS,Langue parlée",Traveler,Limbe
2065,Edéa,"Navigation GPS,Éclairage tamisé,Climatisation,Langue parlée,Musique,Silence,Espace de rangement,Sport,Chauffeur expérimenté,Assistance bagages,Boisson gratuite,Conduite souple,Confort,Wi-Fi gratuit,Ambiance chaleureuse,Cuisine",Traveler,Guider
4989,Nkongsamba,"Silence,Vue panoramique,Navigation GPS,Langue parlée,Connectivité,Conversation",Planner,Essos
4888,Muyuka,"Cuisine,Éclairage tamisé,Connectivité,Ponctualité,Sièges inclinables",Planner,Figuif
501,Limbe,"Ponctualité,Wi-Fi gratuit,Conduite souple,Boisson gratuite,Conversation,Animaux acceptés,Connectivité,Silence,Ambiance chaleureuse,Musique,Chauffeur expérimenté,Langue parlée,Navigation GPS",Planner,Melong
1997,Gazawa,"Espace de rangement,Assistance bagages",Traveler,Buea
471,Bamenda,"Musique,Animaux acceptés,Espace de rangement,Sièges inclinables,Climatisation,Conversation,Ambiance chaleureuse,Conduite souple,Wi-Fi gratuit,Ponctualité,Sport,Éclairage tamisé,Chauffeur expérimenté",Planner,Gazawa
2534,Bogo,"Espace de rangement,Navigation GPS,Conversation,Langue parlée,Animaux acceptés,Chauffeur expérimenté,Ponctualité,Confort,Cuisine,Éclairage tamisé,Sport,Assistance bagages,Conduite souple,Connectivité,Vue panoramique,Ambiance chaleureuse,Wi-Fi gratuit,Climatisation,Musique,Silence,Sièges inclinables",Planner,Kousseri
1244,Mbandjock,"Navigation GPS,Langue parlée,Silence,Assistance bagages,Animaux acceptés",Planner,Fontem
2719,Figuif,"Vue panoramique,Animaux acceptés,Boisson gratuite,Silence,Climatisation,Assistance bagages,Navigation GPS,Conduite souple,Wi-Fi gratuit,Confort,Ponctualité,Sport",Traveler,Bali
4728,Beti,"Animaux acceptés,Sièges inclinables,Boisson gratuite,Assistance bagages",Traveler,Bafoussam
2892,Bonaberi,"Ambiance chaleureuse,Conduite souple,Chauffeur expérimenté,Assistance bagages,Confort,Vue panoramique,Conversation,Cuisine,Animaux acceptés,Langue parlée",Planner,Bonanjo
1110,Loum,"Langue parlée,Assistance bagages,Cuisine,Espace de rangement,Ponctualité,Conduite souple,Wi-Fi gratuit",Traveler,Fontem
102,Fontem,"Sièges inclinables,Boisson gratuite,Cuisine,Confort,Chauffeur expérimenté",Planner,Batibo
751,Belo,"Silence,Vue panoramique,Sport",Traveler,Fontem
50,Buea,"Connectivité,Éclairage tamisé,Confort,Chauffeur expérimenté,Cuisine,Conduite souple,Assistance bagages,Animaux acceptés",Planner,Bafang
805,Bandjoun,"Assistance bagages,Chauffeur expérimenté,Climatisation,Espace de rangement,Cuisine,Confort,Boisson gratuite,Conduite souple,Sport,Connectivité,Musique,Éclairage tamisé,Silence,Conversation,Ambiance chaleureuse,Navigation GPS,Sièges inclinables,Ponctualité,Vue panoramique",Planner,Garoua
4446,Buea,"Confort,Assistance bagages",Planner,Belo
2164,Mbandjock,"Ponctualité,Silence,Sport,Confort,Langue parlée,Navigation GPS,Connectivité,Conversation,Sièges inclinables,Assistance bagages,Conduite souple,Wi-Fi gratuit,Boisson gratuite,Animaux acceptés,Ambiance chaleureuse,Éclairage tamisé",Planner,Buea
3473,Batibo,Chauffeur expérimenté,Planner,Bafang
4490,Yaounde,"Animaux acceptés,Sport,Confort,Sièges inclinables,Ambiance chaleureuse,Connectivité,Vue panoramique",Planner,Bafoussam
3680,Muyuka,"Navigation GPS,Cuisine,Chauffeur expérimenté,Animaux acceptés,Musique,Ambiance chaleureuse,Sport,Éclairage tamisé",Planner,Mokolo
3941,Mutengene,"Vue panoramique,Sport,Chauffeur expérimenté,Boisson gratuite,Sièges inclinables,Langue parlée,Climatisation,Animaux acceptés,Musique,Éclairage tamisé,Assistance bagages",Traveler,Bafang
2560,Garoua,"Sport,Espace de rangement,Ambiance chaleureuse,Cuisine,Climatisation,Assistance bagages,Ponctualité,Conversation,Confort,Wi-Fi gratuit,Navigation GPS,Connectivité,Animaux acceptés,Conduite souple,Vue panoramique,Boisson gratuite,Éclairage tamisé,Chauffeur expérimenté,Musique,Sièges inclinables",Traveler,Guider
4005,Gazawa,"Musique,Langue parlée,Connectivité,Ambiance chaleureuse,Espace de rangement,Ponctualité,Sport,Climatisation,Vue panoramique,Chauffeur expérimenté,Assistance bagages,Animaux acceptés,Navigation GPS,Confort,Conduite souple",Planner,Figuif
42,Dibombari,"Cuisine,Espace de rangement,Musique,Animaux acceptés,Boisson gratuite,Conversation,Navigation GPS,Chauffeur expérimenté,Connectivité,Conduite souple,Ponctualité,Vue panoramique,Éclairage tamisé",Traveler,Belabo
1274,Mora,"Wi-Fi gratuit,Confort,Chauffeur expérimenté,Conduite souple,Cuisine,Navigation GPS,Sièges inclinables,Espace de rangement,Vue panoramique,Sport,Musique,Animaux acceptés,Assistance bagages,Ponctualité,Connectivité,Éclairage tamisé,Boisson gratuite,Climatisation,Ambiance chaleureuse,Langue parlée,Conversation",Planner,Guider
218,Beti,"Chauffeur expérimenté,Navigation GPS,Ponctualité,Sport,Conduite souple,Espace de rangement,Conversation,Assistance bagages,Vue panoramique,Climatisation",Planner,Figuif
4794,Muyuka,"Langue parlée,Ponctualité,Navigation GPS,Éclairage tamisé,Cuisine,Sièges inclinables,Silence,Wi-Fi gratuit,Assistance bagages,Boisson gratuite,Conversation,Climatisation,Animaux acceptés,Connectivité,Ambiance chaleureuse,Chauffeur expérimenté",Planner,Kousseri
4220,Batibo,"Conversation,Chauffeur expérimenté,Climatisation,Éclairage tamisé,Ambiance chaleureuse,Confort,Boisson gratuite,Ponctualité,Vue panoramique,Silence,Assistance bagages,Sport,Cuisine,Animaux acceptés",Traveler,Yagoua
935,Bonanjo,"Langue parlée,Navigation GPS,Musique,Ponctualité,Boisson gratuite,Animaux acceptés,Espace de rangement,Ambiance chaleureuse,Sièges inclinables,Wi-Fi gratuit,Chauffeur expérimenté,Cuisine,Vue panoramique,Confort,Sport,Connectivité,Assistance bagages",Planner,Bamenda
3344,Loum,"Langue parlée,Chauffeur expérimenté,Climatisation,Conversation,Animaux acceptés,Sport,Boisson gratuite,Silence,Wi-Fi gratuit,Ambiance chaleureuse,Espace de rangement,Vue panoramique,Navigation GPS",Traveler,Yaounde
2758,Boutours,"Conduite souple,Vue panoramique",Planner,Kribi
2655,Maroua,"Conduite souple,Boisson gratuite,Connectivité",Traveler,Mora
3945,Bonabéri,"Silence,Ponctualité,Sport,Vue panoramique,Climatisation,Chauffeur expérimenté,Langue parlée,Confort,Conduite souple,Assistance bagages,Ambiance chaleureuse,Boisson gratuite,Conversation,Éclairage tamisé,Espace de rangement,Sièges inclinables,Navigation GPS,Musique,Wi-Fi gratuit,Cuisine,Animaux acceptés",Traveler,Bandjoun
4668,Bimbia,"Cuisine,Ponctualité,Espace de rangement,Sport,Éclairage tamisé,Boisson gratuite,Confort,Conduite souple,Navigation GPS,Musique,Chauffeur expérimenté,Ambiance chaleureuse,Animaux acceptés,Connectivité",Planner,Bonabéri
1272,Mora,"Sport,Climatisation,Wi-Fi gratuit,Conduite souple,Boisson gratuite,Navigation GPS",Traveler,Edéa
4968,Mutengene,"Chauffeur expérimenté,Ambiance chaleureuse",Planner,Guider
4500,Bandjoun,"Sport,Espace de rangement,Wi-Fi gratuit,Vue panoramique,Cuisine,Ponctualité,Assistance bagages,Connectivité,Chauffeur expérimenté,Sièges inclinables",Planner,Bimbia
1989,Mora,"Vue panoramique,Wi-Fi gratuit,Animaux acceptés,Conversation,Langue parlée,Climatisation,Ambiance chaleureuse,Sport,Chauffeur expérimenté,Cuisine,Assistance bagages,Navigation GPS,Espace de rangement,Sièges inclinables,Ponctualité,Boisson gratuite,Confort,Connectivité,Musique,Conduite souple,Silence,Éclairage tamisé",Planner,Bafoussam
2213,Mbalmayo,"Climatisation,Chauffeur expérimenté,Connectivité,Assistance bagages,Navigation GPS,Langue parlée,Cuisine,Boisson gratuite,Sièges inclinables,Confort,Wi-Fi gratuit,Espace de rangement,Conversation,Éclairage tamisé,Silence,Ambiance chaleureuse,Conduite souple,Vue panoramique,Ponctualité,Sport",Traveler,Bandjoun
565,Mokolo,"Langue parlée,Sièges inclinables,Wi-Fi gratuit,Cuisine,Animaux acceptés,Ponctualité,Sport,Navigation GPS,Conduite souple,Conversation,Chauffeur expérimenté,Musique,Espace de rangement",Traveler,Bafia
1807,Bafia,"Musique,Cuisine,Éclairage tamisé,Conversation,Wi-Fi gratuit,Navigation GPS,Sport,Espace de rangement",Traveler,Muyuka
514,Messa,"Wi-Fi gratuit,Sport,Conversation,Chauffeur expérimenté",Planner,Bertoua
3728,Maroua,"Connectivité,Chauffeur expérimenté,Cuisine,Assistance bagages,Navigation GPS,Conversation,Ambiance chaleureuse,Sport,Climatisation",Traveler,Gazawa
2673,Muyuka,"Espace de rangement,Sièges inclinables,Langue parlée,Conversation,Confort,Éclairage tamisé,Wi-Fi gratuit,Navigation GPS,Connectivité,Sport,Conduite souple",Planner,Banga Bakundu
2466,Essos,"Boisson gratuite,Cuisine,Musique,Conduite souple,Connectivité,Chauffeur expérimenté,Climatisation,Silence,Ponctualité,Sièges inclinables,Vue panoramique,Confort,Ambiance chaleureuse,Animaux acceptés",Planner,Bonamoussadi
1278,Meiganga,"Vue panoramique,Espace de rangement,Conversation,Assistance bagages,Silence,Confort,Éclairage tamisé,Ambiance chaleureuse,Chauffeur expérimenté,Sièges inclinables,Sport,Ponctualité,Langue parlée,Animaux acceptés,Conduite souple,Wi-Fi gratuit,Musique,Connectivité",Traveler,Bertoua
2440,Yaounde,"Ponctualité,Connectivité,Langue parlée,Conversation,Wi-Fi gratuit,Sport,Sièges inclinables,Ambiance chaleureuse,Confort,Assistance bagages,Vue panoramique,Chauffeur expérimenté",Traveler,Bonamoussadi
3726,Bali,"Animaux acceptés,Éclairage tamisé,Silence,Ponctualité,Cuisine,Sièges inclinables,Climatisation,Confort,Assistance bagages,Navigation GPS,Conversation,Espace de rangement",Planner,Bimbia
4782,Boutours,"Vue panoramique,Ponctualité,Silence,Boisson gratuite,Wi-Fi gratuit,Ambiance chaleureuse,Sport,Connectivité,Confort,Assistance bagages,Langue parlée,Éclairage tamisé,Chauffeur expérimenté,Animaux acceptés,Espace de rangement,Navigation GPS,Conduite souple,Sièges inclinables",Traveler,Buea
4835,Beti,"Langue parlée,Sièges inclinables,Silence,Éclairage tamisé,Chauffeur expérimenté,Conduite souple,Wi-Fi gratuit,Vue panoramique,Animaux acceptés,Confort,Ponctualité,Boisson gratuite,Cuisine,Musique,Connectivité,Conversation,Ambiance chaleureuse",Traveler,Mbandjock
3440,Bali,"Ambiance chaleureuse,Conversation,Connectivité,Animaux acceptés,Éclairage tamisé,Chauffeur expérimenté,Sièges inclinables,Musique,Espace de rangement,Climatisation,Assistance bagages,Boisson gratuite,Langue parlée,Confort,Conduite souple,Vue panoramique,Wi-Fi gratuit,Ponctualité,Sport,Silence",Planner,Fontem
881,Muyuka,"Éclairage tamisé,Chauffeur expérimenté,Conduite souple,Assistance bagages,Confort,Navigation GPS,Animaux acceptés,Cuisine,Wi-Fi gratuit,Musique,Ponctualité,Espace de rangement,Langue parlée,Connectivité,Boisson gratuite,Conversation,Sport,Climatisation,Silence,Ambiance chaleureuse",Planner,Bandjoun
3649,Mbanga,"Conduite souple,Chauffeur expérimenté,Animaux acceptés,Navigation GPS",Traveler,Campo
1129,Bonabéri,"Navigation GPS,Sièges inclinables,Éclairage tamisé,Climatisation,Silence,Espace de rangement,Wi-Fi gratuit,Conversation,Sport,Assistance bagages,Ambiance chaleureuse,Boisson gratuite,Confort,Musique,Cuisine,Connectivité",Planner,Kumba
1398,Edéa,"Assistance bagages,Wi-Fi gratuit,Boisson gratuite",Planner,Gazawa
3020,Bafia,"Musique,Conduite souple,Conversation,Confort,Ponctualité,Espace de rangement,Éclairage tamisé,Climatisation,Sport,Boisson gratuite,Ambiance chaleureuse,Langue parlée,Connectivité,Navigation GPS,Chauffeur expérimenté,Silence,Animaux acceptés,Assistance bagages",Traveler,Batibo
192,Mbandjock,"Langue parlée,Climatisation,Confort,Wi-Fi gratuit,Animaux acceptés,Assistance bagages,Navigation GPS,Ponctualité,Conversation,Éclairage tamisé,Conduite souple,Musique,Sport,Boisson gratuite,Sièges inclinables,Vue panoramique,Cuisine,Ambiance chaleureuse,Chauffeur expérimenté,Silence,Connectivité",Traveler,Bafang
527,Garoua,"Langue parlée,Silence,Chauffeur expérimenté,Climatisation,Conduite souple,Confort,Animaux acceptés,Espace de rangement,Vue panoramique,Musique,Éclairage tamisé,Cuisine,Boisson gratuite,Ponctualité,Assistance bagages,Connectivité,Ambiance chaleureuse,Conversation,Wi-Fi gratuit",Planner,Bafia
11,Muyuka,"Chauffeur expérimenté,Langue parlée,Wi-Fi gratuit,Ponctualité,Boisson gratuite,Climatisation,Vue panoramique,Espace de rangement,Silence,Sièges inclinables,Animaux acceptés",Traveler,Buea
1761,Bonaberi,"Éclairage tamisé,Connectivité,Musique,Conversation,Espace de rangement,Climatisation,Confort,Navigation GPS,Cuisine,Silence,Sièges inclinables,Animaux acceptés,Vue panoramique,Ambiance chaleureuse,Sport,Langue parlée,Wi-Fi gratuit,Conduite souple,Assistance bagages,Ponctualité,Chauffeur expérimenté,Boisson gratuite",Planner,Bandjoun
3203,Meiganga,"Sièges inclinables,Ponctualité,Assistance bagages,Confort,Chauffeur expérimenté,Conversation,Langue parlée,Silence,Éclairage tamisé,Cuisine,Vue panoramique,Boisson gratuite,Animaux acceptés,Conduite souple,Sport,Navigation GPS,Connectivité,Climatisation,Musique",Planner,Dibombari
1587,Campo,"Boisson gratuite,Ambiance chaleureuse,Wi-Fi gratuit,Confort,Chauffeur expérimenté,Climatisation,Connectivité,Navigation GPS,Conduite souple,Sièges inclinables,Langue parlée,Éclairage tamisé,Ponctualité,Espace de rangement",Planner,Beti
3710,Mutengene,"Assistance bagages,Cuisine,Connectivité,Espace de rangement,Sièges inclinables,Chauffeur expérimenté,Boisson gratuite,Wi-Fi gratuit,Langue parlée",Traveler,Nkongsamba
4577,Belo,"Conversation,Ponctualité,Confort,Espace de rangement,Navigation GPS,Sièges inclinables,Langue parlée,Vue panoramique,Silence,Boisson gratuite,Climatisation,Chauffeur expérimenté,Éclairage tamisé,Connectivité,Sport,Assistance bagages,Wi-Fi gratuit,Ambiance chaleureuse",Planner,Bali Nyonga
189,Maroua,"Musique,Confort,Vue panoramique,Silence,Cuisine,Conversation,Boisson gratuite,Chauffeur expérimenté,Climatisation,Conduite souple,Animaux acceptés,Connectivité,Sport,Sièges inclinables,Navigation GPS,Langue parlée,Ambiance chaleureuse,Ponctualité",Planner,Maroua
3116,Garoua,"Espace de rangement,Conversation,Sièges inclinables,Conduite souple,Vue panoramique,Cuisine,Animaux acceptés,Climatisation,Ponctualité,Confort,Langue parlée,Éclairage tamisé,Silence,Sport,Wi-Fi gratuit,Boisson gratuite",Planner,Mbouda
485,Mokolo,"Conduite souple,Chauffeur expérimenté,Conversation,Navigation GPS,Cuisine,Boisson gratuite,Éclairage tamisé,Ambiance chaleureuse",Planner,Nkongsamba
3842,Melong,"Espace de rangement,Conversation,Ponctualité,Vue panoramique,Cuisine,Connectivité,Confort,Silence,Chauffeur expérimenté,Animaux acceptés,Éclairage tamisé,Ambiance chaleureuse",Planner,Mora
2583,Melong,"Langue parlée,Animaux acceptés,Assistance bagages,Musique,Ambiance chaleureuse,Sièges inclinables,Confort,Éclairage tamisé",Traveler,Bali Nyonga
209,Guider,"Wi-Fi gratuit,Sièges inclinables,Cuisine,Musique,Connectivité,Éclairage tamisé,Climatisation,Navigation GPS,Silence,Sport,Conversation,Ambiance chaleureuse,Boisson gratuite,Assistance bagages,Confort,Animaux acceptés,Chauffeur expérimenté,Ponctualité",Planner,Kumba
2726,Meiganga,"Animaux acceptés,Sport,Langue parlée,Connectivité",Traveler,Batibo
4133,Bonanjo,"Conversation,Langue parlée,Silence,Cuisine,Éclairage tamisé,Chauffeur expérimenté,Ponctualité,Ambiance chaleureuse,Sièges inclinables,Conduite souple,Connectivité,Boisson gratuite",Traveler,Boutours
1020,Banga Bakundu,"Vue panoramique,Wi-Fi gratuit,Animaux acceptés,Conversation,Connectivité,Assistance bagages,Boisson gratuite,Éclairage tamisé,Cuisine,Sport",Traveler,Gazawa
2911,Bafia,"Ambiance chaleureuse,Sport,Wi-Fi gratuit,Climatisation,Ponctualité,Chauffeur expérimenté,Conversation,Conduite souple,Assistance bagages,Navigation GPS,Boisson gratuite,Connectivité,Musique,Silence",Planner,Loum
1569,Mbalmayo,"Silence,Connectivité,Sièges inclinables,Espace de rangement,Chauffeur expérimenté,Vue panoramique,Sport,Assistance bagages,Ponctualité,Navigation GPS,Boisson gratuite,Confort,Musique,Cuisine,Animaux acceptés,Éclairage tamisé,Langue parlée,Ambiance chaleureuse,Conduite souple",Traveler,Bonanjo
1954,Nanga-Eboko,"Sièges inclinables,Wi-Fi gratuit,Cuisine,Assistance bagages,Musique,Sport",Traveler,Bafia
765,Figuif,"Chauffeur expérimenté,Éclairage tamisé,Ponctualité,Climatisation,Espace de rangement,Conduite souple,Assistance bagages,Animaux acceptés,Sièges inclinables,Silence,Vue panoramique,Musique,Sport,Cuisine,Confort,Conversation,Wi-Fi gratuit,Connectivité,Langue parlée,Boisson gratuite,Ambiance chaleureuse",Planner,Meiganga
2239,Mbandjock,"Sièges inclinables,Conduite souple,Sport,Animaux acceptés,Navigation GPS,Espace de rangement,Chauffeur expérimenté,Assistance bagages,Cuisine,Ponctualité,Musique,Éclairage tamisé,Wi-Fi gratuit,Confort,Langue parlée",Traveler,Bafoussam
158,Mbouda,"Vue panoramique,Ambiance chaleureuse,Espace de rangement,Chauffeur expérimenté,Musique,Confort,Animaux acceptés,Conduite souple,Silence,Sièges inclinables,Wi-Fi gratuit,Conversation,Cuisine,Connectivité,Boisson gratuite,Éclairage tamisé,Navigation GPS,Sport,Assistance bagages",Traveler,Bimbia
3819,Mbandjock,"Musique,Conduite souple,Assistance bagages,Éclairage tamisé,Sièges inclinables,Connectivité,Silence,Espace de rangement,Climatisation,Confort,Ponctualité,Sport,Ambiance chaleureuse,Cuisine,Boisson gratuite,Navigation GPS,Langue parlée,Wi-Fi gratuit,Conversation,Chauffeur expérimenté",Planner,Batibo
2181,Figuif,"Navigation GPS,Musique,Langue parlée",Traveler,Muyuka
4518,Bimbia,"Confort,Connectivité,Cuisine,Boisson gratuite,Silence,Ponctualité",Planner,Yagoua
4391,Limbe,"Connectivité,Conduite souple,Sièges inclinables,Boisson gratuite,Sport,Climatisation,Navigation GPS,Vue panoramique,Silence,Espace de rangement,Musique,Langue parlée",Traveler,Garoua
757,Belo,"Vue panoramique,Conduite souple,Ambiance chaleureuse,Wi-Fi gratuit,Boisson gratuite,Navigation GPS,Sièges inclinables,Espace de rangement",Traveler,Fontem
4422,Loum,"Confort,Vue panoramique,Connectivité,Espace de rangement,Animaux acceptés,Ponctualité,Sport,Navigation GPS,Ambiance chaleureuse,Boisson gratuite,Wi-Fi gratuit,Musique,Éclairage tamisé,Sièges inclinables,Conduite souple,Langue parlée,Chauffeur expérimenté,Assistance bagages,Cuisine,Climatisation,Silence,Conversation",Traveler,Fontem
4808,Limbe,"Espace de rangement,Climatisation,Connectivité,Silence,Wi-Fi gratuit,Éclairage tamisé,Confort,Vue panoramique,Conduite souple,Ponctualité,Animaux acceptés,Langue parlée,Cuisine,Assistance bagages,Boisson gratuite,Navigation GPS,Musique,Sièges inclinables,Ambiance chaleureuse,Sport,Chauffeur expérimenté",Traveler,Bonanjo
1456,Bertoua,"Conduite souple,Langue parlée,Climatisation",Traveler,Gazawa
1927,Boutours,"Langue parlée,Conversation,Animaux acceptés,Chauffeur expérimenté,Navigation GPS,Conduite souple,Connectivité,Confort,Sport,Climatisation,Vue panoramique,Cuisine,Silence,Ponctualité,Ambiance chaleureuse",Planner,Muyuka
4943,Douala,"Langue parlée,Wi-Fi gratuit,Conversation",Traveler,Nkongsamba
4389,Muyuka,"Cuisine,Ambiance chaleureuse,Climatisation,Sièges inclinables",Planner,Buea
2250,Gazawa,"Vue panoramique,Silence,Wi-Fi gratuit,Conduite souple,Chauffeur expérimenté,Langue parlée,Connectivité,Ambiance chaleureuse,Assistance bagages,Éclairage tamisé,Espace de rangement,Conversation,Musique,Ponctualité,Navigation GPS,Boisson gratuite,Sport,Animaux acceptés,Confort,Sièges inclinables,Cuisine",Traveler,Mbalmayo
2219,Nkongsamba,Silence,Planner,Bandjoun
1221,Kumba,Espace de rangement,Planner,Bonabéri
1240,Bafia,"Climatisation,Silence,Sport,Chauffeur expérimenté,Musique,Cuisine,Conduite souple,Connectivité,Wi-Fi gratuit,Ambiance chaleureuse,Conversation,Vue panoramique,Assistance bagages,Confort,Langue parlée,Sièges inclinables,Éclairage tamisé,Espace de rangement,Boisson gratuite",Planner,Loum
839,Yagoua,"Vue panoramique,Navigation GPS,Animaux acceptés",Traveler,Mbandjock
3257,Bonanjo,"Navigation GPS,Conversation,Espace de rangement,Animaux acceptés,Sièges inclinables,Langue parlée,Boisson gratuite,Wi-Fi gratuit,Sport,Chauffeur expérimenté,Musique,Conduite souple,Confort,Vue panoramique,Ponctualité",Traveler,Batibo
2426,Nanga-Eboko,"Éclairage tamisé,Confort,Animaux acceptés,Conversation,Silence,Ponctualité,Conduite souple,Vue panoramique,Climatisation,Ambiance chaleureuse,Navigation GPS",Planner,Guider
718,Bafia,"Assistance bagages,Climatisation,Chauffeur expérimenté,Connectivité,Langue parlée,Cuisine,Espace de rangement",Planner,Bonanjo
763,Mokolo,"Vue panoramique,Ambiance chaleureuse,Musique",Traveler,Garoua
435,Bafia,"Connectivité,Musique,Animaux acceptés,Ponctualité,Cuisine,Assistance bagages,Ambiance chaleureuse,Sport,Conduite souple,Silence,Boisson gratuite,Confort,Langue parlée,Wi-Fi gratuit,Sièges inclinables,Espace de rangement,Éclairage tamisé,Chauffeur expérimenté,Conversation",Planner,Limbe
1323,Buea,"Ponctualité,Wi-Fi gratuit,Conversation,Cuisine,Navigation GPS,Chauffeur expérimenté,Boisson gratuite,Sport,Espace de rangement,Vue panoramique,Climatisation",Planner,Batibo
4066,Meiganga,"Navigation GPS,Silence,Wi-Fi gratuit,Espace de rangement,Confort,Conversation,Connectivité",Planner,Bimbia
3077,Batibo,"Climatisation,Cuisine,Conversation,Boisson gratuite",Traveler,Belabo
2749,Bonabéri,"Wi-Fi gratuit,Animaux acceptés,Ponctualité,Éclairage tamisé,Ambiance chaleureuse,Conduite souple,Silence,Vue panoramique,Langue parlée,Conversation,Boisson gratuite,Chauffeur expérimenté,Sièges inclinables,Musique,Navigation GPS,Sport",Planner,Bafoussam
1204,Essos,"Éclairage tamisé,Espace de rangement,Chauffeur expérimenté,Climatisation,Assistance bagages,Conduite souple,Langue parlée,Wi-Fi gratuit,Ponctualité,Boisson gratuite,Cuisine,Sièges inclinables",Planner,Bonakouamouang
2456,Kousseri,"Espace de rangement,Climatisation,Confort,Ambiance chaleureuse,Cuisine,Assistance bagages,Musique,Vue panoramique",Planner,Essos
1190,Edéa,"Conduite souple,Cuisine,Sièges inclinables,Silence,Connectivité,Langue parlée",Planner,Mbouda
4841,Buea,"Sport,Conduite souple,Sièges inclinables,Navigation GPS,Ponctualité,Confort,Ambiance chaleureuse,Climatisation,Conversation,Éclairage tamisé,Wi-Fi gratuit,Assistance bagages,Musique,Vue panoramique,Langue parlée,Animaux acceptés,Cuisine,Connectivité,Chauffeur expérimenté,Silence",Traveler,Belabo
210,Nanga-Eboko,"Boisson gratuite,Assistance bagages,Vue panoramique,Espace de rangement",Planner,Bandjoun
3594,Limbe,"Conduite souple,Espace de rangement,Navigation GPS,Chauffeur expérimenté",Traveler,Campo
3160,Bali Nyonga,"Animaux acceptés,Connectivité,Assistance bagages,Vue panoramique,Sièges inclinables,Ponctualité,Climatisation,Chauffeur expérimenté,Conduite souple,Sport,Langue parlée",Planner,Mbanga
2386,Bafoussam,"Sport,Wi-Fi gratuit,Vue panoramique,Climatisation,Musique,Ambiance chaleureuse,Éclairage tamisé,Chauffeur expérimenté,Boisson gratuite,Silence,Animaux acceptés,Navigation GPS,Cuisine,Confort,Langue parlée,Sièges inclinables,Ponctualité",Planner,Nanga-Eboko
1629,Edéa,"Boisson gratuite,Connectivité,Musique,Chauffeur expérimenté,Navigation GPS,Cuisine,Conduite souple,Confort,Climatisation,Éclairage tamisé,Ponctualité,Ambiance chaleureuse,Silence,Conversation,Wi-Fi gratuit",Traveler,Kousseri
2389,Bafang,"Wi-Fi gratuit,Chauffeur expérimenté,Conversation,Sièges inclinables,Assistance bagages,Éclairage tamisé,Silence,Espace de rangement,Climatisation,Langue parlée,Connectivité,Animaux acceptés,Ponctualité,Sport,Musique,Cuisine,Navigation GPS,Conduite souple,Boisson gratuite,Ambiance chaleureuse",Traveler,Mbouda
1326,Bogo,"Ambiance chaleureuse,Animaux acceptés,Vue panoramique",Planner,Bafia
1768,Essos,Navigation GPS,Planner,Kousseri
1244,Mbandjock,"Ambiance chaleureuse,Sièges inclinables,Cuisine,Confort,Climatisation,Conduite souple,Animaux acceptés,Vue panoramique,Ponctualité,Conversation,Musique,Espace de rangement,Langue parlée,Boisson gratuite,Chauffeur expérimenté",Planner,Fontem
3920,Campo,"Conversation,Ponctualité,Silence,Espace de rangement,Boisson gratuite,Wi-Fi gratuit,Climatisation,Sièges inclinables",Traveler,Bimbia
3607,Limbe,"Wi-Fi gratuit,Vue panoramique,Assistance bagages,Cuisine,Musique,Navigation GPS,Ambiance chaleureuse,Langue parlée,Connectivité,Confort,Sport",Traveler,Gazawa
2000,Figuif,"Sièges inclinables,Vue panoramique,Connectivité,Ponctualité,Assistance bagages,Musique,Langue parlée,Éclairage tamisé",Planner,Figuif
1841,Nanga-Eboko,"Assistance bagages,Musique,Espace de rangement,Conduite souple,Vue panoramique,Animaux acceptés,Éclairage tamisé,Ambiance chaleureuse,Confort,Sièges inclinables,Navigation GPS,Connectivité,Sport,Wi-Fi gratuit,Chauffeur expérimenté,Cuisine,Ponctualité,Conversation",Planner,Loum
4944,Dibombari,"Confort,Wi-Fi gratuit,Conduite souple,Sièges inclinables,Vue panoramique,Animaux acceptés,Cuisine,Langue parlée,Climatisation,Chauffeur expérimenté,Espace de rangement,Éclairage tamisé,Assistance bagages,Connectivité,Sport,Ponctualité,Navigation GPS,Silence,Conversation",Traveler,Muyuka
2769,Mutengene,"Ponctualité,Musique,Langue parlée,Assistance bagages,Conversation,Sièges inclinables,Sport,Boisson gratuite,Climatisation,Animaux acceptés,Cuisine,Silence,Espace de rangement,Vue panoramique,Wi-Fi gratuit,Navigation GPS,Connectivité,Ambiance chaleureuse",Traveler,Mutengene
2362,Buea,"Éclairage tamisé,Conduite souple,Silence,Confort,Wi-Fi gratuit,Vue panoramique,Boisson gratuite,Musique,Navigation GPS,Espace de rangement,Climatisation,Ambiance chaleureuse,Sièges inclinables,Chauffeur expérimenté,Conversation,Assistance bagages,Langue parlée,Ponctualité,Sport",Traveler,Bafia
2959,Figuif,"Vue panoramique,Confort,Silence,Sièges inclinables,Éclairage tamisé,Climatisation,Sport,Wi-Fi gratuit,Espace de rangement,Assistance bagages,Conduite souple,Conversation,Connectivité,Ponctualité,Chauffeur expérimenté,Cuisine,Musique,Navigation GPS,Ambiance chaleureuse",Traveler,Mbandjock
2486,Bali Nyonga,"Éclairage tamisé,Animaux acceptés,Wi-Fi gratuit,Assistance bagages,Ponctualité,Conversation,Ambiance chaleureuse,Navigation GPS,Cuisine,Climatisation,Conduite souple,Sièges inclinables,Vue panoramique,Silence,Musique,Langue parlée,Connectivité,Boisson gratuite",Planner,Bafang
2745,Banga Bakundu,"Wi-Fi gratuit,Vue panoramique,Connectivité,Chauffeur expérimenté,Musique,Navigation GPS,Climatisation,Sport,Cuisine,Éclairage tamisé,Ponctualité,Silence,Assistance bagages,Langue parlée,Confort,Animaux acceptés,Ambiance chaleureuse,Conversation,Conduite souple",Traveler,Melong
426,Yaounde,"Connectivité,Conversation,Vue panoramique,Silence,Ponctualité,Langue parlée,Chauffeur expérimenté,Animaux acceptés,Éclairage tamisé,Espace de rangement,Sport,Wi-Fi gratuit,Confort,Cuisine,Climatisation,Assistance bagages,Musique,Navigation GPS,Boisson gratuite,Sièges inclinables,Ambiance chaleureuse,Conduite souple",Traveler,Douala
2729,Mbanga,"Wi-Fi gratuit,Confort,Cuisine,Animaux acceptés,Connectivité,Climatisation,Boisson gratuite,Langue parlée,Assistance bagages,Sport,Silence,Navigation GPS,Vue panoramique,Ambiance chaleureuse,Sièges inclinables,Conduite souple,Éclairage tamisé,Conversation,Ponctualité,Musique,Chauffeur expérimenté",Traveler,Bonaberi
2051,Belabo,"Climatisation,Espace de rangement",Planner,Campo
2027,Melong,"Wi-Fi gratuit,Climatisation,Conduite souple,Éclairage tamisé,Sport,Cuisine,Chauffeur expérimenté,Ambiance chaleureuse,Assistance bagages,Animaux acceptés,Musique,Sièges inclinables,Ponctualité,Conversation,Silence,Confort,Espace de rangement,Boisson gratuite,Langue parlée,Connectivité",Traveler,Bonanjo
4415,Yagoua,"Confort,Musique,Animaux acceptés,Wi-Fi gratuit,Sièges inclinables,Éclairage tamisé,Navigation GPS,Silence",Traveler,Beti
3896,Mora,"Cuisine,Connectivité,Conversation",Traveler,Bonamoussadi
4935,Boutours,"Confort,Ambiance chaleureuse,Connectivité,Espace de rangement,Assistance bagages,Langue parlée,Sièges inclinables,Animaux acceptés,Boisson gratuite",Traveler,Messa
2185,Dibombari,"Conduite souple,Sièges inclinables,Connectivité,Langue parlée,Boisson gratuite,Ambiance chaleureuse,Animaux acceptés,Musique",Planner,Bonakouamouang
388,Bertoua,"Ambiance chaleureuse,Musique,Vue panoramique,Connectivité,Climatisation,Sièges inclinables,Espace de rangement,Éclairage tamisé,Silence,Cuisine,Wi-Fi gratuit,Langue parlée,Confort,Assistance bagages",Planner,Bonakouamouang
858,Bamenda,"Boisson gratuite,Vue panoramique,Confort,Conduite souple,Sport,Animaux acceptés,Éclairage tamisé,Ambiance chaleureuse,Espace de rangement",Traveler,Douala
3285,Banga Bakundu,Vue panoramique,Traveler,Guider
803,Bafang,"Assistance bagages,Animaux acceptés,Espace de rangement,Boisson gratuite,Silence,Climatisation,Musique,Conduite souple,Éclairage tamisé",Planner,Melong
3603,Mbalmayo,"Langue parlée,Chauffeur expérimenté,Vue panoramique,Sièges inclinables,Ponctualité,Connectivité,Animaux acceptés,Ambiance chaleureuse,Navigation GPS,Conduite souple,Boisson gratuite,Wi-Fi gratuit,Confort,Éclairage tamisé,Climatisation,Assistance bagages,Sport,Musique,Silence",Planner,Yagoua
2005,Campo,"Boisson gratuite,Musique,Vue panoramique,Animaux acceptés,Assistance bagages,Cuisine,Conduite souple,Climatisation,Connectivité,Ponctualité,Confort",Planner,Mbouda
4181,Bamenda,"Musique,Silence,Ponctualité,Boisson gratuite",Traveler,Gazawa
3063,Limbe,"Sièges inclinables,Chauffeur expérimenté,Conduite souple,Sport,Cuisine,Ambiance chaleureuse,Wi-Fi gratuit,Espace de rangement,Confort,Assistance bagages",Planner,Belabo
3730,Nanga-Eboko,"Vue panoramique,Langue parlée,Assistance bagages,Conduite souple,Cuisine,Ponctualité,Silence,Conversation",Traveler,Meiganga
1220,Edéa,"Ambiance chaleureuse,Climatisation",Traveler,Mbanga
1010,Kribi,"Silence,Wi-Fi gratuit,Navigation GPS,Chauffeur expérimenté",Traveler,Mbanga
3125,Bafia,"Wi-Fi gratuit,Ambiance chaleureuse",Planner,Bali Nyonga
1177,Yagoua,"Climatisation,Connectivité,Wi-Fi gratuit",Planner,Mbouda
2489,Bali,"Ponctualité,Éclairage tamisé,Sièges inclinables,Ambiance chaleureuse,Cuisine,Musique,Conversation,Langue parlée,Vue panoramique,Chauffeur expérimenté,Espace de rangement,Animaux acceptés,Conduite souple,Silence,Navigation GPS,Climatisation,Connectivité",Traveler,Boutours
3978,Buea,"Wi-Fi gratuit,Ponctualité,Conduite souple,Conversation,Cuisine,Espace de rangement,Confort,Sièges inclinables,Climatisation,Assistance bagages,Connectivité,Vue panoramique,Ambiance chaleureuse,Navigation GPS,Boisson gratuite,Musique,Chauffeur expérimenté,Silence,Sport",Planner,Campo
3061,Beti,"Conduite souple,Boisson gratuite,Sport,Espace de rangement,Ambiance chaleureuse,Conversation,Sièges inclinables,Éclairage tamisé",Planner,Bandjoun
2981,Douala,"Conversation,Climatisation,Musique,Cuisine,Ambiance chaleureuse,Boisson gratuite,Wi-Fi gratuit,Navigation GPS,Langue parlée",Planner,Boutours
2971,Buea,"Vue panoramique,Wi-Fi gratuit,Sport,Confort,Éclairage tamisé,Animaux acceptés,Boisson gratuite,Ambiance chaleureuse,Connectivité,Silence,Climatisation,Sièges inclinables,Navigation GPS,Chauffeur expérimenté,Musique,Assistance bagages,Conversation",Traveler,Banga Bakundu
4357,Kribi,"Climatisation,Musique,Animaux acceptés,Espace de rangement,Wi-Fi gratuit,Sport,Ambiance chaleureuse,Cuisine,Vue panoramique,Conversation",Planner,Bonamoussadi
4198,Batibo,"Silence,Wi-Fi gratuit,Navigation GPS,Climatisation,Conduite souple,Sport,Ambiance chaleureuse,Langue parlée,Connectivité,Vue panoramique,Ponctualité,Cuisine,Espace de rangement,Boisson gratuite,Animaux acceptés,Éclairage tamisé,Conversation,Musique,Sièges inclinables,Confort,Assistance bagages,Chauffeur expérimenté",Traveler,Bafia
3941,Bonabéri,Confort,Planner,Bimbia
3795,Fontem,"Sièges inclinables,Conversation,Langue parlée,Wi-Fi gratuit,Conduite souple,Navigation GPS,Assistance bagages,Silence,Ponctualité",Planner,Guider
4563,Bandjoun,"Boisson gratuite,Cuisine,Assistance bagages,Wi-Fi gratuit,Musique,Confort,Silence,Chauffeur expérimenté",Planner,Mbandjock
4946,Mbouda,"Animaux acceptés,Éclairage tamisé,Confort,Espace de rangement,Conduite souple,Boisson gratuite,Connectivité,Sièges inclinables,Navigation GPS,Climatisation,Musique,Vue panoramique,Assistance bagages,Chauffeur expérimenté,Conversation,Wi-Fi gratuit,Sport",Traveler,Bafoussam
2526,Yagoua,"Sièges inclinables,Navigation GPS,Confort,Connectivité,Wi-Fi gratuit,Conversation",Planner,Mbandjock
4235,Bali Nyonga,"Conduite souple,Ambiance chaleureuse,Sport,Boisson gratuite,Navigation GPS,Sièges inclinables,Cuisine,Chauffeur expérimenté,Conversation,Éclairage tamisé,Confort,Animaux acceptés,Langue parlée,Wi-Fi gratuit,Connectivité,Silence,Espace de rangement,Assistance bagages,Ponctualité,Climatisation,Vue panoramique,Musique",Planner,Bafia
4377,Belo,"Connectivité,Assistance bagages,Animaux acceptés,Ambiance chaleureuse,Éclairage tamisé",Traveler,Buea
4819,Mutengene,"Wi-Fi gratuit,Sièges inclinables,Conduite souple,Assistance bagages,Vue panoramique,Conversation,Silence,Confort,Ambiance chaleureuse,Boisson gratuite,Animaux acceptés,Chauffeur expérimenté,Connectivité,Sport,Ponctualité,Climatisation,Musique",Planner,Meiganga
2492,Bonamoussadi,"Assistance bagages,Musique,Ambiance chaleureuse",Planner,Meiganga
4988,Bonanjo,"Sièges inclinables,Ponctualité",Traveler,Belo
2438,Bonakouamouang,"Sport,Navigation GPS,Chauffeur expérimenté,Ambiance chaleureuse,Conduite souple,Assistance bagages,Confort,Musique,Silence,Espace de rangement,Connectivité,Sièges inclinables,Conversation,Ponctualité,Cuisine",Traveler,Bonamoussadi
4459,Bali,"Chauffeur expérimenté,Sport,Éclairage tamisé,Navigation GPS,Silence",Traveler,Bonabéri
1879,Bogo,"Conversation,Animaux acceptés,Connectivité,Wi-Fi gratuit,Navigation GPS,Ambiance chaleureuse,Ponctualité,Sport,Éclairage tamisé",Traveler,Bamenda
4961,Bonabéri,"Ambiance chaleureuse,Confort,Conduite souple,Langue parlée,Sièges inclinables,Animaux acceptés,Éclairage tamisé,Navigation GPS,Cuisine,Espace de rangement",Traveler,Fontem
1719,Bertoua,"Sièges inclinables,Conversation,Climatisation,Animaux acceptés",Planner,Nkongsamba
930,Belabo,"Vue panoramique,Climatisation,Boisson gratuite,Connectivité,Sport,Ponctualité,Assistance bagages,Conduite souple,Cuisine,Sièges inclinables,Ambiance chaleureuse",Planner,Kumba
4071,Bafoussam,"Vue panoramique,Espace de rangement,Sport,Conversation,Ambiance chaleureuse",Traveler,Douala
3874,Beti,"Conversation,Confort,Wi-Fi gratuit,Espace de rangement,Navigation GPS,Sport,Langue parlée,Connectivité,Vue panoramique,Éclairage tamisé,Animaux acceptés,Ambiance chaleureuse",Planner,Bali Nyonga
3147,Belo,"Ambiance chaleureuse,Assistance bagages,Boisson gratuite,Vue panoramique,Musique,Conduite souple,Éclairage tamisé,Espace de rangement,Climatisation,Silence,Langue parlée,Cuisine,Chauffeur expérimenté",Planner,Yaounde
3270,Gazawa,"Confort,Conduite souple,Éclairage tamisé,Langue parlée,Assistance bagages,Silence,Sièges inclinables,Connectivité,Navigation GPS,Vue panoramique,Climatisation,Cuisine,Animaux acceptés,Ambiance chaleureuse,Boisson gratuite,Chauffeur expérimenté,Wi-Fi gratuit,Conversation,Ponctualité,Espace de rangement,Musique",Traveler,Nanga-Eboko
1226,Bonakouamouang,"Sièges inclinables,Climatisation,Connectivité,Chauffeur expérimenté,Silence,Animaux acceptés,Conduite souple,Confort,Sport,Conversation",Planner,Yagoua
126,Bafang,"Silence,Conduite souple,Sport,Ambiance chaleureuse,Boisson gratuite,Assistance bagages,Connectivité,Animaux acceptés,Conversation,Navigation GPS,Cuisine,Climatisation",Traveler,Mbalmayo
1280,Mbalmayo,Sièges inclinables,Planner,Mbouda
512,Bali,Ponctualité,Traveler,Bonabéri
4221,Bertoua,"Wi-Fi gratuit,Langue parlée,Espace de rangement,Sièges inclinables,Assistance bagages",Planner,Beti
4592,Banga Bakundu,"Chauffeur expérimenté,Sport,Assistance bagages,Confort,Conversation,Ambiance chaleureuse,Animaux acceptés,Ponctualité",Planner,Belo
3639,Meiganga,"Animaux acceptés,Confort,Ponctualité,Ambiance chaleureuse,Musique,Conduite souple",Traveler,Belabo
2783,Campo,"Sport,Boisson gratuite,Assistance bagages,Espace de rangement,Climatisation",Planner,Buea
4945,Nkongsamba,"Climatisation,Assistance bagages,Langue parlée,Vue panoramique,Conduite souple,Connectivité,Silence,Conversation,Boisson gratuite,Confort,Ponctualité,Éclairage tamisé,Ambiance chaleureuse,Chauffeur expérimenté,Animaux acceptés,Sièges inclinables",Planner,Belabo
2921,Edéa,"Silence,Ponctualité,Navigation GPS,Langue parlée",Traveler,Kribi
4934,Garoua,"Navigation GPS,Animaux acceptés,Wi-Fi gratuit,Conduite souple",Planner,Mbandjock
3981,Dibombari,"Navigation GPS,Climatisation,Ponctualité,Sièges inclinables,Éclairage tamisé,Espace de rangement,Cuisine,Langue parlée,Assistance bagages,Silence,Conduite souple,Ambiance chaleureuse,Confort",Traveler,Banga Bakundu
595,Bali,"Wi-Fi gratuit,Vue panoramique,Sièges inclinables,Assistance bagages,Cuisine,Connectivité,Conduite souple,Navigation GPS,Sport,Boisson gratuite,Silence,Animaux acceptés,Éclairage tamisé",Planner,Garoua
1963,Douala,"Sièges inclinables,Sport,Connectivité,Vue panoramique,Chauffeur expérimenté,Boisson gratuite,Wi-Fi gratuit,Ponctualité,Navigation GPS,Animaux acceptés",Planner,Mora
3099,Bandjoun,"Espace de rangement,Silence,Sièges inclinables,Connectivité,Sport,Conduite souple,Vue panoramique,Assistance bagages,Wi-Fi gratuit,Cuisine,Musique,Confort,Animaux acceptés,Navigation GPS",Planner,Bertoua
705,Campo,"Sport,Connectivité,Cuisine,Conduite souple,Éclairage tamisé,Espace de rangement,Chauffeur expérimenté,Sièges inclinables,Animaux acceptés,Navigation GPS,Climatisation,Ponctualité,Musique,Boisson gratuite",Planner,Campo
2949,Bafia,"Musique,Conversation,Conduite souple,Silence,Navigation GPS",Traveler,Campo
2381,Bonabéri,"Climatisation,Sièges inclinables,Conversation,Langue parlée,Ambiance chaleureuse,Cuisine,Conduite souple,Silence,Assistance bagages,Connectivité,Ponctualité",Traveler,Bali
3205,Bertoua,"Chauffeur expérimenté,Ponctualité,Animaux acceptés,Vue panoramique,Connectivité,Wi-Fi gratuit",Planner,Bonakouamouang
3625,Dibombari,"Ponctualité,Silence,Conversation,Boisson gratuite,Vue panoramique,Espace de rangement,Sièges inclinables,Sport,Animaux acceptés,Wi-Fi gratuit,Confort,Musique,Ambiance chaleureuse,Chauffeur expérimenté,Langue parlée,Cuisine,Éclairage tamisé,Connectivité,Conduite souple,Navigation GPS,Assistance bagages",Planner,Belabo
1838,Kousseri,"Animaux acceptés,Sport,Assistance bagages,Éclairage tamisé,Navigation GPS,Espace de rangement,Wi-Fi gratuit,Boisson gratuite,Cuisine,Connectivité,Silence,Confort",Planner,Belabo
4449,Buea,"Silence,Boisson gratuite,Langue parlée,Climatisation,Musique,Animaux acceptés,Wi-Fi gratuit,Cuisine,Conversation,Ambiance chaleureuse,Sièges inclinables",Planner,Kumba
1306,Batibo,"Assistance bagages,Confort,Navigation GPS,Langue parlée,Ponctualité,Chauffeur expérimenté,Sport,Espace de rangement,Musique,Conduite souple,Éclairage tamisé,Cuisine,Wi-Fi gratuit,Vue panoramique,Silence,Connectivité,Animaux acceptés,Boisson gratuite,Ambiance chaleureuse,Sièges inclinables,Conversation",Planner,Mutengene
3136,Guider,"Espace de rangement,Navigation GPS,Musique,Climatisation,Sport,Chauffeur expérimenté,Ponctualité,Conversation,Animaux acceptés",Traveler,Melong
3821,Bali Nyonga,"Espace de rangement,Langue parlée,Animaux acceptés,Ponctualité,Conduite souple,Vue panoramique,Conversation,Connectivité,Wi-Fi gratuit,Boisson gratuite,Éclairage tamisé,Confort,Musique,Cuisine,Assistance bagages,Sport,Sièges inclinables",Planner,Gazawa
3840,Maroua,"Animaux acceptés,Conversation,Chauffeur expérimenté,Espace de rangement,Navigation GPS,Assistance bagages,Cuisine,Climatisation,Sièges inclinables,Langue parlée,Confort,Ponctualité,Silence,Sport",Traveler,Nkongsamba
4730,Bamenda,"Assistance bagages,Conduite souple,Ponctualité,Boisson gratuite,Climatisation,Animaux acceptés,Vue panoramique,Sièges inclinables,Conversation,Musique,Wi-Fi gratuit,Langue parlée,Connectivité,Navigation GPS",Planner,Figuif
3037,Bafang,"Conduite souple,Musique,Ambiance chaleureuse,Éclairage tamisé,Sport,Wi-Fi gratuit,Vue panoramique,Conversation,Navigation GPS,Sièges inclinables,Ponctualité,Silence,Connectivité,Cuisine,Assistance bagages",Traveler,Bonabéri
583,Bonamoussadi,"Climatisation,Assistance bagages,Conduite souple,Sièges inclinables,Espace de rangement",Traveler,Nanga-Eboko
2259,Bafoussam,"Espace de rangement,Wi-Fi gratuit",Traveler,Garoua
3465,Mora,"Connectivité,Navigation GPS,Animaux acceptés,Langue parlée,Conversation,Éclairage tamisé,Wi-Fi gratuit,Silence,Climatisation,Musique,Conduite souple,Assistance bagages,Sièges inclinables,Cuisine,Ambiance chaleureuse,Sport,Boisson gratuite",Traveler,Bonanjo
4095,Loum,"Boisson gratuite,Sièges inclinables",Traveler,Maroua
4039,Melong,"Confort,Boisson gratuite,Sport,Wi-Fi gratuit,Cuisine,Chauffeur expérimenté,Connectivité,Langue parlée,Espace de rangement,Musique,Climatisation,Sièges inclinables,Conversation,Ponctualité,Silence,Assistance bagages,Éclairage tamisé,Animaux acceptés,Ambiance chaleureuse,Navigation GPS,Vue panoramique",Traveler,Batibo
1091,Bonaberi,"Cuisine,Navigation GPS,Ambiance chaleureuse,Wi-Fi gratuit,Sièges inclinables",Planner,Fontem
701,Gazawa,"Wi-Fi gratuit,Ambiance chaleureuse,Confort,Conduite souple,Connectivité,Silence,Conversation,Climatisation,Espace de rangement,Cuisine,Navigation GPS,Ponctualité,Animaux acceptés,Vue panoramique,Éclairage tamisé,Assistance bagages,Musique,Boisson gratuite,Langue parlée,Sport,Chauffeur expérimenté",Planner,Yaounde
67,Kousseri,"Connectivité,Climatisation,Confort,Chauffeur expérimenté,Conversation,Éclairage tamisé,Vue panoramique,Sport,Wi-Fi gratuit,Espace de rangement,Boisson gratuite,Assistance bagages,Animaux acceptés,Sièges inclinables,Musique",Traveler,Meiganga
2215,Yagoua,"Conduite souple,Ambiance chaleureuse,Musique,Assistance bagages,Wi-Fi gratuit,Chauffeur expérimenté,Silence,Espace de rangement,Sport,Éclairage tamisé,Navigation GPS",Traveler,Campo
1102,Bimbia,"Sièges inclinables,Confort,Climatisation,Conduite souple,Ponctualité,Conversation,Éclairage tamisé,Cuisine,Espace de rangement,Connectivité,Langue parlée,Boisson gratuite,Vue panoramique,Sport,Musique,Animaux acceptés,Assistance bagages,Ambiance chaleureuse,Wi-Fi gratuit,Navigation GPS,Silence,Chauffeur expérimenté",Planner,Muyuka
4772,Messa,"Connectivité,Vue panoramique,Silence,Cuisine,Climatisation,Langue parlée,Ambiance chaleureuse,Musique,Navigation GPS,Wi-Fi gratuit,Espace de rangement,Éclairage tamisé,Sièges inclinables,Ponctualité,Boisson gratuite,Animaux acceptés,Chauffeur expérimenté",Planner,Maroua
1636,Bertoua,Espace de rangement,Planner,Yagoua
1903,Bafang,"Ponctualité,Conduite souple",Planner,Bafia
250,Belo,"Musique,Éclairage tamisé,Connectivité,Langue parlée,Conversation,Boisson gratuite,Navigation GPS,Climatisation",Planner,Yagoua
4455,Beti,"Animaux acceptés,Éclairage tamisé,Musique,Wi-Fi gratuit",Planner,Guider
704,Nkongsamba,"Assistance bagages,Wi-Fi gratuit,Espace de rangement,Chauffeur expérimenté,Éclairage tamisé,Vue panoramique,Boisson gratuite,Navigation GPS,Animaux acceptés,Silence",Traveler,Bali Nyonga
3750,Gazawa,"Espace de rangement,Navigation GPS,Assistance bagages,Silence,Vue panoramique",Planner,Meiganga
3944,Bandjoun,"Climatisation,Animaux acceptés,Cuisine,Sièges inclinables,Chauffeur expérimenté,Ponctualité,Vue panoramique,Navigation GPS,Ambiance chaleureuse,Éclairage tamisé,Musique,Silence,Conduite souple,Langue parlée,Sport",Planner,Dibombari
4268,Messa,"Climatisation,Confort,Connectivité,Langue parlée,Conversation,Boisson gratuite,Ambiance chaleureuse,Sièges inclinables,Navigation GPS,Wi-Fi gratuit,Assistance bagages,Cuisine,Chauffeur expérimenté,Musique",Planner,Essos
820,Mbalmayo,"Chauffeur expérimenté,Conversation,Ambiance chaleureuse,Connectivité,Vue panoramique,Éclairage tamisé",Planner,Beti
2262,Mbouda,"Conversation,Silence,Sport,Conduite souple,Éclairage tamisé,Connectivité,Espace de rangement,Chauffeur expérimenté,Sièges inclinables,Ambiance chaleureuse,Confort,Animaux acceptés,Vue panoramique,Climatisation,Wi-Fi gratuit,Cuisine,Assistance bagages,Navigation GPS,Boisson gratuite",Planner,Bimbia
517,Mutengene,"Sport,Wi-Fi gratuit,Cuisine,Vue panoramique,Conduite souple,Connectivité,Musique,Langue parlée,Climatisation,Sièges inclinables,Confort,Éclairage tamisé,Navigation GPS,Animaux acceptés,Assistance bagages,Espace de rangement,Ponctualité,Silence,Boisson gratuite,Ambiance chaleureuse,Conversation",Planner,Bali Nyonga
3744,Mora,"Chauffeur expérimenté,Navigation GPS,Espace de rangement,Conduite souple,Boisson gratuite,Conversation,Langue parlée,Assistance bagages,Sport,Silence,Confort,Climatisation,Connectivité,Cuisine,Vue panoramique,Éclairage tamisé,Sièges inclinables,Ponctualité,Ambiance chaleureuse,Animaux acceptés,Musique,Wi-Fi gratuit",Traveler,Gazawa
424,Yagoua,"Musique,Ponctualité,Espace de rangement,Ambiance chaleureuse,Boisson gratuite,Climatisation,Navigation GPS,Confort,Silence,Animaux acceptés,Sièges inclinables,Conduite souple,Sport,Langue parlée",Traveler,Yaounde
860,Kribi,"Sièges inclinables,Espace de rangement,Navigation GPS,Wi-Fi gratuit,Éclairage tamisé,Assistance bagages,Boisson gratuite,Sport",Planner,Campo
4536,Mutengene,"Wi-Fi gratuit,Vue panoramique,Silence,Climatisation,Connectivité,Assistance bagages,Boisson gratuite,Animaux acceptés,Langue parlée,Conversation,Navigation GPS,Sièges inclinables,Musique,Ambiance chaleureuse,Confort,Sport,Ponctualité,Éclairage tamisé",Planner,Bafia
889,Messa,"Musique,Chauffeur expérimenté,Éclairage tamisé,Boisson gratuite,Sièges inclinables,Vue panoramique,Ponctualité,Silence,Sport,Conversation,Animaux acceptés,Espace de rangement",Planner,Maroua
3839,Bonamoussadi,"Chauffeur expérimenté,Musique,Connectivité,Assistance bagages",Planner,Buea
2121,Bonabéri,"Langue parlée,Navigation GPS,Espace de rangement,Chauffeur expérimenté,Cuisine,Confort,Conduite souple,Assistance bagages",Traveler,Kousseri
2023,Gazawa,"Sièges inclinables,Wi-Fi gratuit,Assistance bagages,Langue parlée,Sport,Ambiance chaleureuse",Planner,Bonakouamouang
3976,Boutours,"Éclairage tamisé,Ambiance chaleureuse,Boisson gratuite,Conversation,Langue parlée,Assistance bagages",Traveler,Bogo
3389,Edéa,"Sièges inclinables,Cuisine,Conversation,Navigation GPS,Langue parlée,Animaux acceptés,Connectivité,Assistance bagages,Éclairage tamisé,Sport,Wi-Fi gratuit,Conduite souple,Ambiance chaleureuse,Silence,Ponctualité",Traveler,Bonabéri
2103,Limbe,"Climatisation,Sport,Vue panoramique,Confort,Silence,Espace de rangement,Animaux acceptés,Langue parlée,Assistance bagages,Chauffeur expérimenté,Cuisine,Sièges inclinables,Conversation",Traveler,Garoua
4598,Dibombari,"Langue parlée,Confort,Cuisine",Planner,Mbanga
3493,Campo,"Musique,Vue panoramique,Espace de rangement,Wi-Fi gratuit,Éclairage tamisé,Animaux acceptés,Boisson gratuite,Sport,Ponctualité",Planner,Bandjoun
4831,Bonaberi,"Connectivité,Wi-Fi gratuit,Conduite souple,Boisson gratuite",Planner,Bogo
1536,Garoua,"Navigation GPS,Assistance bagages,Cuisine,Sport,Chauffeur expérimenté,Espace de rangement,Boisson gratuite",Traveler,Banga Bakundu
2381,Mutengene,"Éclairage tamisé,Vue panoramique,Navigation GPS,Assistance bagages,Sièges inclinables,Ambiance chaleureuse,Langue parlée,Musique,Confort,Conduite souple",Traveler,Garoua
3366,Bogo,"Langue parlée,Boisson gratuite,Sièges inclinables,Animaux acceptés,Cuisine",Planner,Bandjoun
4292,Essos,"Silence,Ambiance chaleureuse,Climatisation,Connectivité,Wi-Fi gratuit,Animaux acceptés,Vue panoramique,Navigation GPS,Conversation,Conduite souple",Planner,Messa
198,Loum,"Sièges inclinables,Musique,Silence,Éclairage tamisé,Animaux acceptés,Boisson gratuite,Conduite souple",Traveler,Mbandjock
765,Douala,"Musique,Ambiance chaleureuse,Sport,Connectivité,Conduite souple,Boisson gratuite,Animaux acceptés,Sièges inclinables,Navigation GPS,Éclairage tamisé,Climatisation,Ponctualité,Cuisine",Traveler,Bertoua
4183,Bamenda,"Ponctualité,Climatisation,Confort,Conduite souple,Cuisine,Silence,Ambiance chaleureuse,Conversation,Sièges inclinables,Éclairage tamisé,Vue panoramique,Assistance bagages,Boisson gratuite,Langue parlée,Navigation GPS,Animaux acceptés,Espace de rangement",Planner,Batibo
1784,Bimbia,"Espace de rangement,Sièges inclinables,Animaux acceptés,Conduite souple,Climatisation,Wi-Fi gratuit,Boisson gratuite,Chauffeur expérimenté,Langue parlée,Musique,Assistance bagages,Connectivité,Navigation GPS,Sport,Ponctualité,Conversation,Vue panoramique,Éclairage tamisé",Traveler,Melong
4176,Bafia,"Cuisine,Assistance bagages",Planner,Bonamoussadi
3552,Batibo,"Éclairage tamisé,Ambiance chaleureuse,Cuisine,Langue parlée,Wi-Fi gratuit,Musique,Conduite souple,Animaux acceptés,Connectivité,Sport,Sièges inclinables,Boisson gratuite,Navigation GPS,Assistance bagages,Vue panoramique,Ponctualité,Confort,Conversation,Chauffeur expérimenté,Climatisation,Espace de rangement,Silence",Traveler,Fontem
2093,Bogo,"Assistance bagages,Cuisine,Langue parlée,Ambiance chaleureuse,Vue panoramique,Navigation GPS,Confort,Musique,Animaux acceptés,Espace de rangement,Sièges inclinables,Sport",Planner,Edéa
3746,Dibombari,"Silence,Ponctualité,Ambiance chaleureuse,Connectivité,Confort,Animaux acceptés,Chauffeur expérimenté,Sport",Planner,Muyuka
2962,Beti,"Ponctualité,Cuisine",Planner,Guider
363,Yaounde,"Éclairage tamisé,Assistance bagages,Animaux acceptés,Espace de rangement,Silence,Conversation,Conduite souple,Vue panoramique,Wi-Fi gratuit,Navigation GPS",Traveler,Bertoua
4215,Bonakouamouang,"Boisson gratuite,Espace de rangement,Éclairage tamisé,Navigation GPS,Confort,Ponctualité",Planner,Bonaberi
1820,Banga Bakundu,"Langue parlée,Confort,Conduite souple,Climatisation,Navigation GPS,Cuisine,Ambiance chaleureuse,Connectivité,Sièges inclinables,Vue panoramique",Planner,Mbalmayo
2939,Essos,"Climatisation,Éclairage tamisé,Wi-Fi gratuit,Animaux acceptés,Espace de rangement,Ponctualité,Conversation,Vue panoramique,Sièges inclinables,Boisson gratuite,Confort,Cuisine,Conduite souple,Navigation GPS",Traveler,Essos
4564,Bogo,"Assistance bagages,Langue parlée,Animaux acceptés,Conduite souple,Musique,Silence,Conversation,Vue panoramique,Climatisation,Chauffeur expérimenté,Boisson gratuite,Ponctualité,Éclairage tamisé,Cuisine,Connectivité,Espace de rangement,Wi-Fi gratuit,Ambiance chaleureuse,Navigation GPS",Planner,Mutengene
135,Buea,"Confort,Silence,Chauffeur expérimenté,Ponctualité,Assistance bagages",Traveler,Bamenda
692,Bali,"Silence,Wi-Fi gratuit,Conduite souple,Cuisine,Animaux acceptés,Boisson gratuite,Vue panoramique,Confort,Sièges inclinables,Climatisation,Chauffeur expérimenté,Musique,Ambiance chaleureuse,Ponctualité",Planner,Bonakouamouang
1035,Beti,"Ambiance chaleureuse,Vue panoramique,Conversation,Boisson gratuite,Navigation GPS,Ponctualité,Langue parlée,Silence,Assistance bagages,Cuisine,Sport",Traveler,Nanga-Eboko
4150,Mbandjock,"Navigation GPS,Ambiance chaleureuse,Wi-Fi gratuit,Cuisine,Silence,Conversation,Langue parlée,Confort,Assistance bagages,Connectivité,Vue panoramique,Espace de rangement,Éclairage tamisé,Ponctualité",Planner,Meiganga
3497,Mbanga,"Ponctualité,Sport,Conduite souple,Conversation,Ambiance chaleureuse,Musique,Assistance bagages,Boisson gratuite",Planner,Kousseri
4113,Buea,"Musique,Cuisine,Wi-Fi gratuit,Conversation,Silence,Ponctualité,Chauffeur expérimenté,Espace de rangement,Sièges inclinables,Conduite souple,Langue parlée,Ambiance chaleureuse,Sport,Assistance bagages,Climatisation,Navigation GPS,Animaux acceptés,Vue panoramique,Éclairage tamisé,Confort",Traveler,Mbalmayo
3979,Bafang,"Wi-Fi gratuit,Connectivité,Cuisine,Animaux acceptés",Planner,Belabo
4380,Bertoua,"Wi-Fi gratuit,Langue parlée,Vue panoramique,Connectivité,Musique,Ambiance chaleureuse,Éclairage tamisé,Assistance bagages,Chauffeur expérimenté,Cuisine,Climatisation,Conduite souple,Boisson gratuite,Confort,Sièges inclinables,Conversation",Traveler,Messa
4255,Melong,"Ambiance chaleureuse,Éclairage tamisé,Espace de rangement,Connectivité",Traveler,Mokolo
3676,Kousseri,"Conversation,Espace de rangement,Éclairage tamisé,Chauffeur expérimenté,Vue panoramique,Navigation GPS,Climatisation,Ambiance chaleureuse,Ponctualité,Musique,Sièges inclinables,Silence,Conduite souple,Wi-Fi gratuit,Cuisine,Sport,Animaux acceptés",Traveler,Buea
4859,Beti,"Cuisine,Éclairage tamisé,Navigation GPS",Traveler,Mokolo
2055,Mbouda,"Ambiance chaleureuse,Conduite souple,Sièges inclinables,Animaux acceptés,Langue parlée,Climatisation,Wi-Fi gratuit",Planner,Bertoua
4939,Bertoua,"Assistance bagages,Boisson gratuite,Sièges inclinables,Conversation,Espace de rangement,Silence,Vue panoramique,Chauffeur expérimenté,Conduite souple,Animaux acceptés,Cuisine,Ponctualité,Langue parlée,Ambiance chaleureuse,Climatisation",Traveler,Mora
4684,Loum,"Navigation GPS,Cuisine,Animaux acceptés,Chauffeur expérimenté,Musique,Sièges inclinables,Boisson gratuite,Connectivité,Silence,Climatisation,Assistance bagages,Ponctualité,Confort,Conduite souple,Langue parlée,Éclairage tamisé,Wi-Fi gratuit,Sport",Traveler,Belabo
4095,Melong,"Silence,Animaux acceptés,Climatisation,Espace de rangement",Planner,Bertoua
624,Gazawa,"Cuisine,Ambiance chaleureuse,Animaux acceptés,Éclairage tamisé,Sièges inclinables,Silence,Connectivité,Espace de rangement,Boisson gratuite",Planner,Bonamoussadi
1805,Boutours,"Ambiance chaleureuse,Wi-Fi gratuit,Confort,Climatisation,Boisson gratuite,Ponctualité",Planner,Bertoua
707,Guider,Silence,Traveler,Belo
1539,Bafia,"Chauffeur expérimenté,Conduite souple,Ponctualité,Connectivité,Espace de rangement,Navigation GPS,Wi-Fi gratuit,Sport,Boisson gratuite,Animaux acceptés,Confort,Langue parlée,Musique,Vue panoramique,Silence,Assistance bagages,Ambiance chaleureuse,Conversation,Sièges inclinables,Cuisine,Éclairage tamisé,Climatisation",Planner,Bertoua
3147,Bali,"Conduite souple,Espace de rangement,Langue parlée,Silence,Navigation GPS,Assistance bagages,Ambiance chaleureuse",Traveler,Bonaberi
2610,Belo,"Boisson gratuite,Ambiance chaleureuse,Vue panoramique,Confort,Wi-Fi gratuit,Animaux acceptés,Ponctualité,Éclairage tamisé,Conversation,Connectivité",Traveler,Guider
3641,Nkongsamba,"Sièges inclinables,Ponctualité,Chauffeur expérimenté,Langue parlée,Climatisation,Éclairage tamisé,Assistance bagages,Musique,Conversation,Vue panoramique,Connectivité,Wi-Fi gratuit",Planner,Messa
3133,Bonanjo,"Espace de rangement,Boisson gratuite,Connectivité,Conduite souple",Planner,Melong
656,Gazawa,"Chauffeur expérimenté,Cuisine,Ponctualité,Éclairage tamisé,Navigation GPS,Espace de rangement,Animaux acceptés,Sport,Confort,Silence,Conduite souple,Conversation,Vue panoramique,Connectivité,Boisson gratuite,Musique,Wi-Fi gratuit,Assistance bagages,Langue parlée,Climatisation,Ambiance chaleureuse",Planner,Dibombari
2070,Gazawa,"Wi-Fi gratuit,Langue parlée",Traveler,Douala
4243,Nanga-Eboko,"Éclairage tamisé,Connectivité,Confort,Navigation GPS,Espace de rangement,Sport,Musique,Silence,Conduite souple,Ponctualité,Vue panoramique,Conversation",Traveler,Mbalmayo
1643,Bamenda,"Langue parlée,Conduite souple,Éclairage tamisé,Sièges inclinables,Sport,Vue panoramique,Conversation,Animaux acceptés,Ambiance chaleureuse,Ponctualité,Espace de rangement,Musique,Navigation GPS,Cuisine,Assistance bagages,Boisson gratuite,Silence",Planner,Banga Bakundu
8,Garoua,"Conduite souple,Éclairage tamisé,Musique,Animaux acceptés,Cuisine,Navigation GPS,Confort,Silence,Chauffeur expérimenté,Boisson gratuite,Langue parlée,Connectivité,Ambiance chaleureuse,Vue panoramique,Conversation,Sport,Wi-Fi gratuit,Assistance bagages,Climatisation,Ponctualité,Sièges inclinables,Espace de rangement",Traveler,Bertoua
3816,Fontem,"Confort,Ambiance chaleureuse,Chauffeur expérimenté,Éclairage tamisé,Assistance bagages,Conduite souple,Boisson gratuite,Vue panoramique,Espace de rangement,Connectivité,Musique,Langue parlée,Conversation,Ponctualité,Animaux acceptés,Silence,Wi-Fi gratuit,Climatisation,Cuisine,Navigation GPS,Sport",Traveler,Batibo
235,Fontem,"Animaux acceptés,Boisson gratuite,Confort,Musique,Conduite souple,Silence,Chauffeur expérimenté,Assistance bagages,Vue panoramique,Navigation GPS,Connectivité,Éclairage tamisé,Conversation,Cuisine",Planner,Bonakouamouang
2183,Bimbia,"Navigation GPS,Conduite souple,Sport,Animaux acceptés,Musique,Silence,Espace de rangement,Sièges inclinables,Chauffeur expérimenté,Climatisation,Connectivité,Assistance bagages,Langue parlée,Wi-Fi gratuit,Éclairage tamisé,Ponctualité,Ambiance chaleureuse,Cuisine,Vue panoramique",Traveler,Batibo
1463,Melong,"Sièges inclinables,Sport,Climatisation,Silence,Chauffeur expérimenté,Espace de rangement,Cuisine,Musique,Conduite souple,Ponctualité,Boisson gratuite,Ambiance chaleureuse,Conversation,Confort,Langue parlée,Assistance bagages,Navigation GPS",Planner,Bonabéri
849,Boutours,"Conversation,Conduite souple,Cuisine,Climatisation,Confort,Chauffeur expérimenté",Traveler,Buea
1235,Dibombari,"Assistance bagages,Conversation,Climatisation,Animaux acceptés,Espace de rangement,Wi-Fi gratuit,Silence,Confort,Ambiance chaleureuse,Sièges inclinables,Vue panoramique,Langue parlée,Conduite souple,Éclairage tamisé,Navigation GPS",Planner,Mbanga
4634,Bonabéri,"Conversation,Wi-Fi gratuit,Cuisine,Chauffeur expérimenté,Sport,Éclairage tamisé,Confort,Silence,Espace de rangement,Ambiance chaleureuse,Vue panoramique,Conduite souple,Animaux acceptés",Traveler,Beti
2741,Kribi,"Confort,Sièges inclinables,Boisson gratuite,Ambiance chaleureuse,Musique,Espace de rangement,Assistance bagages,Navigation GPS,Wi-Fi gratuit",Traveler,Beti
491,Limbe,"Sièges inclinables,Ponctualité,Cuisine,Vue panoramique,Climatisation,Navigation GPS,Musique,Wi-Fi gratuit,Conversation,Sport,Connectivité,Éclairage tamisé,Conduite souple,Animaux acceptés,Boisson gratuite,Silence",Planner,Nanga-Eboko
4609,Loum,"Vue panoramique,Langue parlée,Silence,Navigation GPS,Chauffeur expérimenté,Climatisation,Conversation,Animaux acceptés,Assistance bagages",Traveler,Figuif
3902,Belabo,"Boisson gratuite,Climatisation,Musique,Navigation GPS,Vue panoramique,Wi-Fi gratuit,Assistance bagages,Sièges inclinables,Sport,Langue parlée,Chauffeur expérimenté,Éclairage tamisé,Conversation,Silence,Conduite souple,Ambiance chaleureuse,Ponctualité",Traveler,Bonabéri
4235,Dibombari,"Conduite souple,Vue panoramique,Chauffeur expérimenté,Animaux acceptés,Climatisation,Wi-Fi gratuit,Éclairage tamisé,Musique,Connectivité,Sièges inclinables",Planner,Bimbia
3788,Figuif,"Boisson gratuite,Sport,Assistance bagages,Cuisine,Ponctualité,Confort,Sièges inclinables,Silence,Animaux acceptés,Espace de rangement,Conversation,Navigation GPS,Ambiance chaleureuse,Musique,Éclairage tamisé,Conduite souple,Chauffeur expérimenté",Planner,Banga Bakundu
575,Edéa,"Assistance bagages,Ponctualité,Chauffeur expérimenté,Ambiance chaleureuse,Sport,Wi-Fi gratuit,Silence,Animaux acceptés,Conversation,Cuisine,Climatisation,Boisson gratuite,Navigation GPS,Éclairage tamisé,Musique,Confort",Planner,Mbalmayo
264,Meiganga,"Vue panoramique,Connectivité,Assistance bagages",Planner,Douala
1827,Campo,"Connectivité,Assistance bagages,Ambiance chaleureuse,Chauffeur expérimenté",Planner,Bali
66,Essos,"Conduite souple,Musique,Connectivité,Langue parlée,Wi-Fi gratuit,Ponctualité,Sièges inclinables,Assistance bagages,Boisson gratuite,Silence",Traveler,Bonanjo
219,Mbouda,"Musique,Boisson gratuite,Sport,Connectivité,Espace de rangement,Chauffeur expérimenté,Cuisine,Assistance bagages,Conduite souple,Navigation GPS,Silence,Confort,Ponctualité,Langue parlée,Sièges inclinables,Éclairage tamisé,Conversation,Ambiance chaleureuse,Wi-Fi gratuit,Animaux acceptés,Vue panoramique,Climatisation",Traveler,Campo
1894,Maroua,"Animaux acceptés,Chauffeur expérimenté,Sport,Conduite souple,Navigation GPS,Boisson gratuite,Confort,Wi-Fi gratuit",Planner,Bafoussam
4415,Bafia,"Éclairage tamisé,Wi-Fi gratuit,Espace de rangement,Assistance bagages,Navigation GPS,Ponctualité,Musique,Climatisation,Sport,Silence",Planner,Yaounde
550,Guider,"Chauffeur expérimenté,Vue panoramique,Boisson gratuite,Ponctualité,Ambiance chaleureuse,Conduite souple,Silence,Cuisine,Langue parlée,Assistance bagages,Confort,Animaux acceptés",Traveler,Dibombari
1941,Campo,"Musique,Conduite souple,Wi-Fi gratuit,Sièges inclinables,Silence,Espace de rangement,Ponctualité,Ambiance chaleureuse,Boisson gratuite,Navigation GPS,Vue panoramique,Climatisation,Animaux acceptés,Conversation,Confort,Cuisine,Connectivité,Langue parlée,Chauffeur expérimenté,Éclairage tamisé,Assistance bagages",Traveler,Bamenda
2675,Bali Nyonga,"Connectivité,Wi-Fi gratuit,Vue panoramique,Cuisine,Ponctualité,Ambiance chaleureuse,Chauffeur expérimenté,Boisson gratuite,Navigation GPS,Animaux acceptés,Climatisation,Musique,Espace de rangement,Silence,Sport,Confort,Langue parlée,Conversation,Conduite souple",Traveler,Kumba
3221,Figuif,"Boisson gratuite,Musique,Conversation,Navigation GPS,Espace de rangement,Langue parlée,Sièges inclinables,Ponctualité,Sport",Planner,Mora
4147,Campo,"Langue parlée,Climatisation,Sport,Espace de rangement,Cuisine,Wi-Fi gratuit,Navigation GPS,Ponctualité,Connectivité,Vue panoramique,Conversation,Assistance bagages,Confort,Chauffeur expérimenté,Sièges inclinables,Boisson gratuite,Silence,Animaux acceptés,Conduite souple,Musique,Ambiance chaleureuse",Planner,Mutengene
3448,Maroua,"Vue panoramique,Langue parlée,Connectivité,Chauffeur expérimenté,Ambiance chaleureuse,Ponctualité,Navigation GPS,Wi-Fi gratuit,Silence,Éclairage tamisé,Conversation,Climatisation,Sièges inclinables,Boisson gratuite",Planner,Bonakouamouang
804,Meiganga,"Langue parlée,Assistance bagages,Sport,Navigation GPS",Traveler,Kribi
59,Buea,"Chauffeur expérimenté,Assistance bagages,Conversation",Planner,Edéa
2493,Nkongsamba,"Wi-Fi gratuit,Conversation,Musique,Vue panoramique,Ponctualité,Animaux acceptés,Sport,Espace de rangement,Éclairage tamisé,Confort,Climatisation,Boisson gratuite,Langue parlée,Sièges inclinables,Cuisine,Conduite souple,Ambiance chaleureuse,Connectivité,Assistance bagages,Navigation GPS,Silence,Chauffeur expérimenté",Traveler,Bogo
1104,Douala,"Confort,Assistance bagages,Ponctualité,Silence,Conversation,Connectivité,Navigation GPS,Vue panoramique,Boisson gratuite,Cuisine,Éclairage tamisé,Sièges inclinables",Planner,Nanga-Eboko
500,Mbanga,Ponctualité,Traveler,Bandjoun
787,Belo,"Navigation GPS,Ambiance chaleureuse,Sport,Éclairage tamisé,Sièges inclinables,Assistance bagages,Cuisine,Langue parlée,Espace de rangement,Boisson gratuite,Animaux acceptés,Connectivité,Confort,Conversation,Ponctualité,Chauffeur expérimenté,Conduite souple,Silence,Climatisation,Wi-Fi gratuit,Musique",Planner,Yaounde
4125,Bafang,"Éclairage tamisé,Ponctualité,Confort,Espace de rangement,Climatisation,Silence,Assistance bagages,Animaux acceptés,Conduite souple",Traveler,Melong
672,Kumba,"Animaux acceptés,Chauffeur expérimenté,Boisson gratuite,Langue parlée,Climatisation,Ponctualité,Confort,Connectivité,Conversation,Ambiance chaleureuse,Espace de rangement",Traveler,Nkongsamba
2564,Batibo,"Assistance bagages,Wi-Fi gratuit,Silence,Langue parlée,Connectivité,Climatisation",Planner,Mbalmayo
3330,Bali,"Ponctualité,Animaux acceptés,Silence,Sièges inclinables,Assistance bagages,Chauffeur expérimenté",Planner,Boutours
1773,Kousseri,"Wi-Fi gratuit,Silence,Vue panoramique,Navigation GPS,Espace de rangement,Éclairage tamisé,Climatisation,Ponctualité,Boisson gratuite,Chauffeur expérimenté,Cuisine,Connectivité,Confort,Ambiance chaleureuse,Sièges inclinables,Assistance bagages",Traveler,Kribi
2281,Mora,"Sport,Navigation GPS,Vue panoramique,Silence,Chauffeur expérimenté,Conduite souple,Assistance bagages,Cuisine,Connectivité,Espace de rangement,Langue parlée,Ambiance chaleureuse,Ponctualité,Éclairage tamisé,Wi-Fi gratuit,Confort,Animaux acceptés,Boisson gratuite,Sièges inclinables,Musique,Climatisation,Conversation",Traveler,Edéa
4438,Kousseri,Éclairage tamisé,Traveler,Bonaberi
2626,Kribi,"Chauffeur expérimenté,Sport,Confort,Animaux acceptés,Boisson gratuite,Navigation GPS,Éclairage tamisé,Silence,Conduite souple,Langue parlée,Wi-Fi gratuit,Ambiance chaleureuse,Vue panoramique,Conversation,Climatisation,Musique,Assistance bagages,Espace de rangement,Cuisine,Connectivité,Sièges inclinables",Planner,Melong
996,Essos,"Sport,Ponctualité,Boisson gratuite,Navigation GPS,Conduite souple,Confort,Wi-Fi gratuit,Cuisine,Langue parlée,Ambiance chaleureuse,Vue panoramique,Connectivité,Chauffeur expérimenté,Conversation,Animaux acceptés",Traveler,Guider
4968,Guider,"Espace de rangement,Sport",Traveler,Bafang
3181,Bandjoun,"Conduite souple,Conversation,Boisson gratuite,Confort,Wi-Fi gratuit,Sport,Navigation GPS,Animaux acceptés,Langue parlée,Silence,Ponctualité,Éclairage tamisé,Chauffeur expérimenté,Connectivité,Vue panoramique,Assistance bagages",Planner,Mbouda
4798,Mbalmayo,"Conversation,Confort,Ponctualité,Éclairage tamisé,Connectivité,Boisson gratuite,Sport,Espace de rangement,Langue parlée,Navigation GPS,Animaux acceptés,Musique,Silence,Cuisine,Assistance bagages,Sièges inclinables,Conduite souple,Climatisation,Vue panoramique,Chauffeur expérimenté",Planner,Batibo
1081,Fontem,"Boisson gratuite,Musique,Wi-Fi gratuit",Planner,Kribi
1891,Beti,"Ponctualité,Conversation,Silence,Éclairage tamisé,Sièges inclinables,Langue parlée,Connectivité,Espace de rangement,Chauffeur expérimenté,Confort,Cuisine,Animaux acceptés,Assistance bagages,Sport,Boisson gratuite,Ambiance chaleureuse,Vue panoramique,Navigation GPS",Planner,Bonamoussadi
2344,Garoua,"Conversation,Chauffeur expérimenté,Animaux acceptés,Confort,Conduite souple,Cuisine,Sport,Sièges inclinables,Wi-Fi gratuit,Langue parlée,Silence,Éclairage tamisé,Ponctualité,Vue panoramique,Navigation GPS,Assistance bagages,Musique,Ambiance chaleureuse",Traveler,Buea
3981,Banga Bakundu,"Boisson gratuite,Vue panoramique,Sport,Navigation GPS,Sièges inclinables,Silence,Ponctualité,Langue parlée,Musique,Chauffeur expérimenté,Wi-Fi gratuit,Conversation,Assistance bagages,Ambiance chaleureuse,Animaux acceptés,Conduite souple,Espace de rangement,Connectivité,Cuisine",Planner,Mutengene
2032,Belo,"Vue panoramique,Sièges inclinables,Cuisine,Conduite souple,Climatisation,Éclairage tamisé,Boisson gratuite,Assistance bagages,Sport,Langue parlée,Chauffeur expérimenté,Espace de rangement",Traveler,Yaounde
4034,Bogo,"Conduite souple,Silence,Sièges inclinables,Chauffeur expérimenté,Vue panoramique,Espace de rangement,Connectivité,Ponctualité,Éclairage tamisé,Assistance bagages,Climatisation,Cuisine,Conversation,Sport,Musique",Traveler,Bertoua
3906,Guider,"Silence,Boisson gratuite,Wi-Fi gratuit,Espace de rangement,Éclairage tamisé,Navigation GPS,Musique,Conduite souple,Langue parlée,Connectivité,Climatisation,Ambiance chaleureuse,Cuisine,Chauffeur expérimenté,Sièges inclinables,Vue panoramique",Planner,Bamenda
4938,Mutengene,"Wi-Fi gratuit,Silence,Ambiance chaleureuse,Confort",Planner,Buea
1854,Bafoussam,"Vue panoramique,Musique,Confort,Espace de rangement,Conduite souple,Navigation GPS,Langue parlée,Ponctualité,Chauffeur expérimenté,Cuisine,Silence,Conversation,Sièges inclinables,Éclairage tamisé",Traveler,Bamenda
2781,Campo,"Ponctualité,Espace de rangement,Confort,Éclairage tamisé,Sièges inclinables,Boisson gratuite,Conversation,Assistance bagages",Planner,Bali Nyonga
959,Mokolo,"Ambiance chaleureuse,Langue parlée,Connectivité,Sièges inclinables,Conversation",Traveler,Bamenda
769,Campo,"Musique,Navigation GPS,Animaux acceptés,Silence,Espace de rangement,Ponctualité,Langue parlée,Conduite souple,Wi-Fi gratuit,Sièges inclinables,Ambiance chaleureuse,Cuisine,Sport,Vue panoramique,Connectivité,Chauffeur expérimenté",Traveler,Bimbia
1823,Bali,"Cuisine,Silence,Assistance bagages,Musique,Confort,Sièges inclinables,Conversation,Wi-Fi gratuit,Ponctualité,Éclairage tamisé,Navigation GPS,Climatisation,Connectivité,Conduite souple,Sport,Boisson gratuite,Vue panoramique,Chauffeur expérimenté",Traveler,Gazawa
4018,Yagoua,"Confort,Navigation GPS,Espace de rangement,Sièges inclinables,Animaux acceptés,Éclairage tamisé",Planner,Bonakouamouang
4054,Kumba,"Éclairage tamisé,Langue parlée,Confort,Navigation GPS,Conduite souple",Planner,Campo
58,Messa,"Éclairage tamisé,Musique,Ponctualité,Conduite souple,Espace de rangement",Traveler,Meiganga
1888,Mbouda,"Vue panoramique,Connectivité,Conduite souple,Sièges inclinables,Assistance bagages,Silence,Confort,Ponctualité,Chauffeur expérimenté,Langue parlée,Éclairage tamisé,Musique,Climatisation,Espace de rangement,Boisson gratuite,Cuisine,Wi-Fi gratuit,Conversation,Ambiance chaleureuse,Sport",Planner,Bonabéri
4081,Mbanga,"Vue panoramique,Sièges inclinables,Ponctualité,Confort,Silence,Wi-Fi gratuit,Chauffeur expérimenté,Animaux acceptés,Espace de rangement,Éclairage tamisé,Ambiance chaleureuse",Planner,Muyuka
927,Yaounde,"Assistance bagages,Ambiance chaleureuse,Ponctualité,Conduite souple,Langue parlée,Boisson gratuite,Animaux acceptés,Navigation GPS,Conversation,Cuisine,Chauffeur expérimenté,Silence,Sièges inclinables,Éclairage tamisé,Confort,Musique,Espace de rangement,Sport,Vue panoramique,Climatisation",Planner,Bertoua
3771,Bafang,"Conduite souple,Conversation,Silence,Ambiance chaleureuse,Cuisine,Musique,Confort,Navigation GPS,Boisson gratuite,Animaux acceptés,Chauffeur expérimenté,Ponctualité,Sport,Climatisation,Langue parlée",Planner,Bali
3965,Loum,"Conversation,Chauffeur expérimenté,Langue parlée,Confort,Animaux acceptés,Éclairage tamisé,Boisson gratuite,Conduite souple,Assistance bagages,Sport,Sièges inclinables,Wi-Fi gratuit",Planner,Batibo
96,Bafia,"Conversation,Confort,Chauffeur expérimenté,Navigation GPS",Planner,Bertoua
649,Buea,Ponctualité,Traveler,Gazawa
1287,Bonakouamouang,"Musique,Éclairage tamisé,Connectivité,Confort,Wi-Fi gratuit,Sièges inclinables,Silence,Animaux acceptés,Boisson gratuite,Assistance bagages,Cuisine,Chauffeur expérimenté,Vue panoramique,Conversation",Planner,Boutours
3288,Meiganga,"Animaux acceptés,Navigation GPS,Boisson gratuite,Silence,Sport,Vue panoramique,Conduite souple,Wi-Fi gratuit,Conversation,Ambiance chaleureuse",Traveler,Mutengene
4265,Bali Nyonga,"Sport,Cuisine",Traveler,Mbandjock
3284,Bafang,"Éclairage tamisé,Connectivité,Vue panoramique,Wi-Fi gratuit,Confort,Animaux acceptés,Cuisine",Traveler,Kribi
4489,Buea,"Animaux acceptés,Boisson gratuite,Wi-Fi gratuit,Vue panoramique,Silence,Conduite souple",Traveler,Gazawa
3818,Messa,"Éclairage tamisé,Musique,Conduite souple,Climatisation,Wi-Fi gratuit,Navigation GPS,Vue panoramique,Ambiance chaleureuse,Connectivité,Sport",Traveler,Bonakouamouang
1818,Mutengene,"Sièges inclinables,Connectivité,Wi-Fi gratuit,Vue panoramique,Silence,Animaux acceptés,Éclairage tamisé,Confort,Assistance bagages,Espace de rangement,Conduite souple,Langue parlée,Conversation,Boisson gratuite,Navigation GPS",Traveler,Mbouda
4136,Messa,"Langue parlée,Conduite souple,Wi-Fi gratuit,Navigation GPS,Ponctualité,Espace de rangement,Vue panoramique,Confort,Climatisation,Conversation,Sièges inclinables,Musique,Silence",Traveler,Nkongsamba
723,Essos,"Ponctualité,Climatisation,Sport,Wi-Fi gratuit,Espace de rangement,Silence,Éclairage tamisé,Assistance bagages,Sièges inclinables,Navigation GPS,Boisson gratuite,Langue parlée,Musique,Connectivité,Animaux acceptés",Traveler,Mbanga
189,Figuif,"Ponctualité,Espace de rangement,Assistance bagages,Langue parlée,Éclairage tamisé,Sport,Silence,Climatisation,Musique,Conversation,Chauffeur expérimenté,Navigation GPS,Cuisine",Planner,Mora
2469,Mbandjock,"Animaux acceptés,Sport,Climatisation,Musique,Navigation GPS,Silence,Espace de rangement,Ambiance chaleureuse,Cuisine,Boisson gratuite,Conversation,Chauffeur expérimenté,Wi-Fi gratuit,Assistance bagages,Éclairage tamisé,Sièges inclinables,Ponctualité,Connectivité,Vue panoramique,Confort,Langue parlée",Traveler,Dibombari
2008,Mora,"Éclairage tamisé,Espace de rangement,Langue parlée,Boisson gratuite,Wi-Fi gratuit,Conduite souple",Traveler,Yagoua
4481,Mutengene,"Conduite souple,Wi-Fi gratuit,Navigation GPS,Sport,Ponctualité,Boisson gratuite,Assistance bagages,Silence,Conversation,Climatisation,Cuisine,Connectivité,Chauffeur expérimenté",Planner,Messa
1990,Mutengene,Ponctualité,Planner,Bonamoussadi
351,Bandjoun,"Navigation GPS,Climatisation,Wi-Fi gratuit,Sièges inclinables,Ambiance chaleureuse,Chauffeur expérimenté,Cuisine,Animaux acceptés,Espace de rangement,Langue parlée,Vue panoramique,Boisson gratuite,Conversation,Éclairage tamisé,Silence,Assistance bagages,Ponctualité",Traveler,Mora
4099,Figuif,Musique,Traveler,Boutours
940,Fontem,"Chauffeur expérimenté,Vue panoramique,Wi-Fi gratuit,Langue parlée,Navigation GPS,Conversation",Traveler,Guider
3139,Buea,"Espace de rangement,Animaux acceptés,Musique,Boisson gratuite,Éclairage tamisé,Silence,Cuisine,Sport,Climatisation,Confort,Assistance bagages,Navigation GPS,Connectivité,Conduite souple,Langue parlée,Wi-Fi gratuit,Chauffeur expérimenté,Ponctualité,Sièges inclinables",Planner,Nanga-Eboko
2443,Kribi,"Cuisine,Animaux acceptés,Confort,Espace de rangement,Ponctualité,Climatisation,Éclairage tamisé,Ambiance chaleureuse,Sport,Assistance bagages,Navigation GPS",Traveler,Mokolo
2100,Mbalmayo,Assistance bagages,Planner,Bali Nyonga
4245,Meiganga,"Animaux acceptés,Vue panoramique,Navigation GPS,Silence,Langue parlée,Wi-Fi gratuit,Climatisation,Conversation,Connectivité,Boisson gratuite,Cuisine,Musique,Espace de rangement,Sièges inclinables,Ponctualité,Assistance bagages,Éclairage tamisé,Conduite souple,Sport,Confort,Ambiance chaleureuse,Chauffeur expérimenté",Traveler,Mora
3166,Beti,"Chauffeur expérimenté,Musique,Vue panoramique,Cuisine,Espace de rangement,Ponctualité,Boisson gratuite,Conversation,Conduite souple",Planner,Campo
823,Melong,"Ambiance chaleureuse,Connectivité,Silence,Cuisine,Wi-Fi gratuit,Animaux acceptés,Boisson gratuite,Sièges inclinables,Conduite souple,Ponctualité,Conversation,Langue parlée,Musique,Assistance bagages,Sport,Vue panoramique,Éclairage tamisé",Traveler,Mbandjock
451,Buea,"Éclairage tamisé,Sièges inclinables,Ponctualité,Silence,Vue panoramique,Assistance bagages,Boisson gratuite,Chauffeur expérimenté,Wi-Fi gratuit,Climatisation",Traveler,Bonanjo
1451,Bafoussam,"Silence,Espace de rangement,Climatisation,Connectivité,Animaux acceptés,Boisson gratuite,Vue panoramique",Traveler,Bogo
2242,Kousseri,"Conduite souple,Sport,Langue parlée,Animaux acceptés,Espace de rangement,Vue panoramique,Confort,Conversation,Sièges inclinables,Cuisine,Silence,Ambiance chaleureuse,Climatisation",Planner,Melong
1496,Buea,Assistance bagages,Traveler,Mbouda
4422,Buea,"Silence,Wi-Fi gratuit,Ponctualité,Connectivité,Assistance bagages,Langue parlée,Cuisine,Confort",Planner,Mora
4563,Bafia,Ambiance chaleureuse,Traveler,Mora
3919,Mbanga,"Conversation,Cuisine,Conduite souple,Ponctualité,Wi-Fi gratuit,Espace de rangement,Musique,Chauffeur expérimenté,Éclairage tamisé,Silence",Traveler,Fontem
4524,Douala,"Langue parlée,Conversation,Wi-Fi gratuit,Confort,Sport,Boisson gratuite,Espace de rangement",Traveler,Bafang
1015,Kribi,"Confort,Boisson gratuite,Assistance bagages,Musique,Navigation GPS,Espace de rangement,Animaux acceptés,Sièges inclinables,Connectivité,Cuisine,Ambiance chaleureuse",Traveler,Bafoussam
442,Essos,"Éclairage tamisé,Conduite souple,Confort,Ponctualité,Cuisine,Climatisation,Boisson gratuite,Animaux acceptés,Espace de rangement,Musique,Sièges inclinables,Connectivité,Conversation,Ambiance chaleureuse,Navigation GPS,Chauffeur expérimenté,Assistance bagages,Vue panoramique,Langue parlée",Planner,Nkongsamba
3732,Buea,"Espace de rangement,Conversation,Silence,Ambiance chaleureuse,Wi-Fi gratuit,Connectivité,Langue parlée,Sièges inclinables,Confort,Assistance bagages,Climatisation,Navigation GPS",Planner,Bonaberi
4526,Buea,"Ambiance chaleureuse,Sièges inclinables,Cuisine,Wi-Fi gratuit",Traveler,Nkongsamba
3528,Bafang,"Connectivité,Conversation,Vue panoramique,Ambiance chaleureuse,Musique,Sièges inclinables,Sport,Boisson gratuite,Animaux acceptés,Éclairage tamisé,Ponctualité,Navigation GPS,Cuisine,Climatisation,Langue parlée,Silence,Espace de rangement,Confort,Wi-Fi gratuit",Planner,Fontem
4048,Belabo,"Confort,Climatisation,Sièges inclinables,Ambiance chaleureuse,Chauffeur expérimenté,Animaux acceptés",Traveler,Bali Nyonga
2756,Kumba,"Confort,Sport,Silence,Espace de rangement,Vue panoramique,Conduite souple,Ponctualité",Traveler,Garoua
291,Buea,"Navigation GPS,Climatisation,Wi-Fi gratuit,Langue parlée,Ambiance chaleureuse,Conduite souple,Éclairage tamisé,Sport,Chauffeur expérimenté,Ponctualité,Silence,Animaux acceptés,Sièges inclinables,Conversation,Musique",Traveler,Bafang
3864,Bafang,"Navigation GPS,Conduite souple",Traveler,Mbanga
3483,Meiganga,"Ponctualité,Langue parlée,Conversation,Silence,Sport,Musique",Planner,Bonaberi
3772,Mora,"Assistance bagages,Connectivité,Conversation,Wi-Fi gratuit,Boisson gratuite,Navigation GPS,Langue parlée,Conduite souple",Planner,Kousseri
3038,Bonabéri,"Vue panoramique,Navigation GPS,Chauffeur expérimenté,Assistance bagages,Wi-Fi gratuit,Confort,Silence",Planner,Banga Bakundu
3756,Mokolo,"Boisson gratuite,Éclairage tamisé,Cuisine,Sport,Musique,Animaux acceptés,Silence,Sièges inclinables,Espace de rangement",Traveler,Bimbia
3112,Figuif,"Sièges inclinables,Confort,Silence,Navigation GPS,Ambiance chaleureuse,Wi-Fi gratuit,Sport",Planner,Yaounde
3444,Yagoua,"Connectivité,Confort,Ambiance chaleureuse,Conduite souple",Traveler,Kumba
4838,Bonakouamouang,"Connectivité,Wi-Fi gratuit,Musique,Ponctualité,Animaux acceptés,Sièges inclinables,Conduite souple,Assistance bagages,Sport,Langue parlée,Confort,Éclairage tamisé,Chauffeur expérimenté,Cuisine,Ambiance chaleureuse,Espace de rangement,Silence",Planner,Bafia
2428,Bonanjo,Confort,Planner,Bonamoussadi
3189,Campo,"Climatisation,Sport,Éclairage tamisé,Musique,Assistance bagages,Ponctualité",Traveler,Bafang
45,Meiganga,"Animaux acceptés,Ponctualité,Sièges inclinables,Chauffeur expérimenté,Langue parlée,Assistance bagages,Ambiance chaleureuse,Silence,Cuisine",Traveler,Loum
2513,Campo,"Connectivité,Climatisation,Espace de rangement,Animaux acceptés,Conduite souple,Wi-Fi gratuit,Ponctualité,Silence,Sport,Confort,Vue panoramique,Éclairage tamisé,Chauffeur expérimenté,Boisson gratuite,Langue parlée,Navigation GPS,Musique,Cuisine,Assistance bagages,Ambiance chaleureuse,Sièges inclinables,Conversation",Traveler,Belabo
3943,Meiganga,"Vue panoramique,Éclairage tamisé,Confort,Boisson gratuite,Navigation GPS,Musique,Connectivité,Chauffeur expérimenté,Conversation,Assistance bagages,Sièges inclinables,Espace de rangement,Langue parlée,Silence,Wi-Fi gratuit,Ambiance chaleureuse,Sport,Conduite souple,Climatisation,Ponctualité,Animaux acceptés,Cuisine",Planner,Bimbia
3598,Meiganga,"Langue parlée,Connectivité",Planner,Bafang
3661,Douala,"Sport,Conduite souple,Éclairage tamisé,Boisson gratuite",Traveler,Kousseri
137,Belo,"Sièges inclinables,Silence,Navigation GPS,Cuisine,Vue panoramique,Animaux acceptés,Climatisation,Wi-Fi gratuit,Assistance bagages,Musique,Espace de rangement,Chauffeur expérimenté,Confort,Boisson gratuite",Planner,Bonaberi
2490,Bamenda,"Connectivité,Climatisation,Assistance bagages,Vue panoramique,Ponctualité,Conversation,Espace de rangement,Conduite souple,Animaux acceptés,Sièges inclinables,Éclairage tamisé,Confort,Musique,Boisson gratuite,Wi-Fi gratuit,Langue parlée,Silence,Ambiance chaleureuse",Planner,Belo
4156,Mbanga,"Ponctualité,Éclairage tamisé,Assistance bagages,Chauffeur expérimenté,Wi-Fi gratuit,Animaux acceptés",Traveler,Edéa
1177,Belo,"Animaux acceptés,Vue panoramique,Chauffeur expérimenté,Connectivité,Silence,Éclairage tamisé,Ambiance chaleureuse,Navigation GPS,Musique,Climatisation,Sport,Assistance bagages,Ponctualité,Conduite souple,Boisson gratuite,Cuisine,Sièges inclinables,Conversation,Espace de rangement,Langue parlée",Traveler,Meiganga
2144,Bandjoun,"Navigation GPS,Musique,Silence,Connectivité,Éclairage tamisé,Climatisation,Ponctualité,Vue panoramique,Chauffeur expérimenté,Animaux acceptés,Conduite souple,Assistance bagages,Langue parlée,Conversation,Confort,Espace de rangement,Boisson gratuite,Cuisine,Ambiance chaleureuse,Sport,Wi-Fi gratuit,Sièges inclinables",Traveler,Messa
3751,Bertoua,"Boisson gratuite,Conduite souple,Éclairage tamisé,Vue panoramique,Espace de rangement,Sport,Climatisation,Musique,Wi-Fi gratuit,Animaux acceptés,Confort,Cuisine,Sièges inclinables,Langue parlée,Connectivité,Ambiance chaleureuse,Silence,Assistance bagages",Traveler,Gazawa
3356,Garoua,"Confort,Conduite souple,Éclairage tamisé,Chauffeur expérimenté,Sièges inclinables,Espace de rangement,Boisson gratuite,Climatisation,Ponctualité,Silence,Navigation GPS,Animaux acceptés,Connectivité",Traveler,Bafang
307,Limbe,"Silence,Musique,Chauffeur expérimenté,Navigation GPS,Sport,Boisson gratuite,Assistance bagages,Sièges inclinables,Langue parlée,Confort,Wi-Fi gratuit,Ponctualité,Conversation,Espace de rangement,Éclairage tamisé,Connectivité,Climatisation,Vue panoramique,Conduite souple,Cuisine,Ambiance chaleureuse",Planner,Bafia
2512,Bonanjo,"Conversation,Assistance bagages,Silence,Animaux acceptés,Sport,Conduite souple,Wi-Fi gratuit,Sièges inclinables,Vue panoramique,Navigation GPS,Espace de rangement,Musique,Ponctualité,Climatisation,Chauffeur expérimenté,Ambiance chaleureuse,Cuisine,Langue parlée,Confort,Boisson gratuite",Planner,Banga Bakundu
1203,Mbouda,"Musique,Vue panoramique,Connectivité,Cuisine,Sièges inclinables,Conversation,Silence",Planner,Figuif
4720,Essos,"Assistance bagages,Ponctualité,Conduite souple",Traveler,Bertoua
130,Mbandjock,"Conversation,Sport,Langue parlée,Espace de rangement,Navigation GPS,Connectivité,Musique",Planner,Campo
4808,Loum,"Wi-Fi gratuit,Espace de rangement,Langue parlée,Sport,Assistance bagages,Sièges inclinables",Planner,Kribi
4858,Bandjoun,"Animaux acceptés,Assistance bagages,Éclairage tamisé,Ambiance chaleureuse,Navigation GPS,Climatisation,Wi-Fi gratuit,Cuisine,Langue parlée,Sièges inclinables,Confort,Chauffeur expérimenté,Espace de rangement,Conduite souple,Ponctualité,Musique",Planner,Kousseri
1065,Mora,"Boisson gratuite,Confort,Sièges inclinables,Connectivité,Animaux acceptés,Éclairage tamisé,Assistance bagages,Vue panoramique,Musique,Cuisine,Ambiance chaleureuse,Conversation,Wi-Fi gratuit,Ponctualité,Conduite souple,Climatisation,Sport,Silence,Espace de rangement,Navigation GPS,Langue parlée,Chauffeur expérimenté",Traveler,Figuif
3089,Bonabéri,"Animaux acceptés,Langue parlée,Ambiance chaleureuse,Espace de rangement,Silence,Vue panoramique,Sièges inclinables,Chauffeur expérimenté",Planner,Edéa
4539,Dibombari,"Boisson gratuite,Langue parlée,Espace de rangement,Chauffeur expérimenté,Wi-Fi gratuit,Silence,Confort,Ambiance chaleureuse,Musique,Ponctualité,Sport,Navigation GPS,Cuisine,Sièges inclinables,Conversation,Assistance bagages,Éclairage tamisé",Planner,Bafoussam
4947,Meiganga,"Conduite souple,Navigation GPS,Assistance bagages,Langue parlée,Sièges inclinables,Vue panoramique",Traveler,Maroua
785,Dibombari,"Espace de rangement,Boisson gratuite,Cuisine,Ambiance chaleureuse,Navigation GPS",Traveler,Bafia
4560,Bonaberi,Cuisine,Traveler,Yaounde
2556,Bonakouamouang,"Conversation,Silence,Sport,Vue panoramique,Ponctualité,Langue parlée,Espace de rangement,Chauffeur expérimenté,Animaux acceptés,Sièges inclinables,Wi-Fi gratuit,Climatisation,Éclairage tamisé,Cuisine",Traveler,Bonabéri
4599,Muyuka,"Silence,Vue panoramique,Sport,Animaux acceptés,Navigation GPS,Éclairage tamisé,Cuisine,Conduite souple,Boisson gratuite,Conversation,Espace de rangement,Confort,Langue parlée,Chauffeur expérimenté,Ambiance chaleureuse,Climatisation",Planner,Mora
1587,Bonamoussadi,"Musique,Espace de rangement,Cuisine,Sièges inclinables,Silence,Sport,Animaux acceptés,Connectivité,Assistance bagages,Conduite souple,Boisson gratuite,Ambiance chaleureuse,Ponctualité",Planner,Fontem
1519,Kribi,"Chauffeur expérimenté,Wi-Fi gratuit,Ambiance chaleureuse,Conversation,Navigation GPS,Éclairage tamisé,Sièges inclinables,Sport,Espace de rangement",Traveler,Bertoua
1902,Dibombari,"Boisson gratuite,Assistance bagages,Animaux acceptés,Espace de rangement,Confort,Éclairage tamisé,Chauffeur expérimenté,Conversation,Musique,Vue panoramique,Climatisation,Sièges inclinables,Langue parlée,Connectivité,Conduite souple,Silence,Wi-Fi gratuit,Ambiance chaleureuse,Cuisine",Planner,Messa
1387,Bonabéri,"Chauffeur expérimenté,Sport,Ponctualité,Climatisation,Langue parlée",Planner,Belo
264,Yaounde,"Climatisation,Boisson gratuite,Confort,Animaux acceptés,Cuisine,Wi-Fi gratuit,Vue panoramique,Silence,Ponctualité,Connectivité,Conversation,Langue parlée,Espace de rangement,Ambiance chaleureuse,Navigation GPS,Assistance bagages",Planner,Bogo
1575,Dibombari,"Cuisine,Sport,Musique,Sièges inclinables,Ponctualité,Éclairage tamisé,Climatisation,Conversation,Assistance bagages,Navigation GPS,Animaux acceptés,Ambiance chaleureuse,Chauffeur expérimenté",Planner,Muyuka
4408,Bali,"Wi-Fi gratuit,Conversation,Musique,Climatisation,Connectivité,Langue parlée,Ambiance chaleureuse,Vue panoramique",Planner,Loum
747,Mokolo,"Silence,Langue parlée,Confort",Traveler,Garoua
2957,Bogo,"Silence,Cuisine,Connectivité",Traveler,Yagoua
4191,Mbalmayo,"Animaux acceptés,Espace de rangement,Conversation,Climatisation,Chauffeur expérimenté,Vue panoramique,Assistance bagages,Sport,Ambiance chaleureuse,Musique,Ponctualité,Conduite souple,Boisson gratuite,Sièges inclinables",Planner,Bonamoussadi
1985,Beti,"Sport,Wi-Fi gratuit,Langue parlée,Climatisation,Confort,Vue panoramique,Sièges inclinables,Chauffeur expérimenté,Animaux acceptés,Navigation GPS,Conversation,Éclairage tamisé,Ambiance chaleureuse,Silence,Cuisine,Espace de rangement,Connectivité,Boisson gratuite,Musique",Traveler,Muyuka
4094,Bafia,"Conduite souple,Silence,Espace de rangement,Sièges inclinables,Connectivité,Boisson gratuite,Ponctualité,Éclairage tamisé,Conversation,Navigation GPS,Climatisation,Chauffeur expérimenté,Assistance bagages",Planner,Bafoussam
910,Bogo,"Silence,Langue parlée,Confort,Espace de rangement,Animaux acceptés,Chauffeur expérimenté,Sièges inclinables,Vue panoramique",Traveler,Kousseri
2433,Buea,"Climatisation,Conduite souple,Silence,Confort,Chauffeur expérimenté,Langue parlée,Navigation GPS,Animaux acceptés,Sièges inclinables,Vue panoramique,Connectivité,Ponctualité,Ambiance chaleureuse,Musique,Wi-Fi gratuit,Cuisine,Boisson gratuite",Traveler,Bafang
1640,Campo,"Navigation GPS,Sport,Connectivité,Chauffeur expérimenté,Wi-Fi gratuit,Boisson gratuite,Assistance bagages,Ponctualité,Ambiance chaleureuse",Planner,Bonakouamouang
3898,Bonabéri,"Sièges inclinables,Conversation,Wi-Fi gratuit,Boisson gratuite,Climatisation,Ponctualité,Assistance bagages,Vue panoramique,Animaux acceptés,Espace de rangement,Confort,Connectivité,Ambiance chaleureuse,Silence,Chauffeur expérimenté,Conduite souple,Musique,Langue parlée,Navigation GPS,Éclairage tamisé,Cuisine",Planner,Mbanga
134,Mbandjock,"Espace de rangement,Langue parlée",Traveler,Bonanjo
2154,Bafoussam,"Silence,Navigation GPS,Sport,Animaux acceptés,Ponctualité,Langue parlée,Assistance bagages,Boisson gratuite,Vue panoramique,Conduite souple,Ambiance chaleureuse,Climatisation,Éclairage tamisé,Sièges inclinables,Espace de rangement,Chauffeur expérimenté,Wi-Fi gratuit,Confort,Connectivité,Cuisine",Traveler,Buea
4699,Kribi,"Espace de rangement,Musique,Ponctualité,Sièges inclinables,Conversation,Ambiance chaleureuse,Conduite souple,Connectivité",Traveler,Bonaberi
3587,Maroua,"Éclairage tamisé,Confort,Sport,Espace de rangement,Sièges inclinables,Boisson gratuite,Ponctualité,Silence,Cuisine,Assistance bagages,Wi-Fi gratuit,Conversation,Climatisation,Langue parlée",Traveler,Bonaberi
3707,Batibo,"Chauffeur expérimenté,Éclairage tamisé,Langue parlée",Planner,Beti
2540,Edéa,"Espace de rangement,Sport,Assistance bagages,Climatisation,Connectivité,Éclairage tamisé,Langue parlée,Musique,Sièges inclinables,Animaux acceptés,Ponctualité,Wi-Fi gratuit,Ambiance chaleureuse,Confort,Chauffeur expérimenté,Cuisine,Boisson gratuite,Vue panoramique",Traveler,Boutours
1187,Meiganga,"Assistance bagages,Boisson gratuite,Espace de rangement,Chauffeur expérimenté,Ambiance chaleureuse,Conduite souple,Navigation GPS,Sièges inclinables,Langue parlée,Conversation,Connectivité,Confort,Sport,Silence,Ponctualité,Animaux acceptés,Cuisine,Wi-Fi gratuit,Musique",Traveler,Bafia
967,Bafia,"Climatisation,Langue parlée",Planner,Bali Nyonga
2947,Boutours,"Climatisation,Boisson gratuite,Conversation,Sport,Conduite souple,Wi-Fi gratuit,Chauffeur expérimenté,Animaux acceptés",Traveler,Mora
2542,Meiganga,"Ponctualité,Vue panoramique,Navigation GPS,Sport,Climatisation,Conversation",Planner,Bertoua
4820,Belabo,"Boisson gratuite,Ponctualité,Animaux acceptés,Silence,Chauffeur expérimenté,Conduite souple,Conversation,Vue panoramique,Navigation GPS,Connectivité,Cuisine,Climatisation,Langue parlée,Sièges inclinables,Ambiance chaleureuse,Sport,Wi-Fi gratuit,Éclairage tamisé,Espace de rangement,Musique,Assistance bagages",Traveler,Nanga-Eboko
1280,Bafia,"Chauffeur expérimenté,Assistance bagages,Confort,Vue panoramique,Climatisation,Sport,Cuisine,Conversation,Navigation GPS,Conduite souple,Ambiance chaleureuse,Wi-Fi gratuit,Éclairage tamisé,Connectivité,Musique,Boisson gratuite,Animaux acceptés",Planner,Fontem
3577,Muyuka,"Confort,Assistance bagages,Climatisation,Chauffeur expérimenté,Silence,Éclairage tamisé,Animaux acceptés,Sport,Ponctualité,Sièges inclinables,Cuisine,Ambiance chaleureuse,Conduite souple,Navigation GPS,Musique,Conversation,Connectivité,Vue panoramique,Espace de rangement,Wi-Fi gratuit,Boisson gratuite",Planner,Nanga-Eboko
3275,Bamenda,"Vue panoramique,Musique,Ponctualité,Espace de rangement,Sièges inclinables,Langue parlée,Boisson gratuite,Navigation GPS,Silence,Connectivité,Chauffeur expérimenté,Confort",Planner,Campo
451,Belo,"Assistance bagages,Ambiance chaleureuse,Cuisine,Sport,Wi-Fi gratuit,Sièges inclinables,Espace de rangement,Vue panoramique",Planner,Bonaberi
4021,Boutours,"Sièges inclinables,Chauffeur expérimenté,Navigation GPS,Conduite souple,Animaux acceptés,Ponctualité,Espace de rangement,Connectivité,Langue parlée,Vue panoramique,Climatisation,Éclairage tamisé,Musique,Silence,Conversation,Wi-Fi gratuit,Sport,Cuisine,Confort,Ambiance chaleureuse,Boisson gratuite,Assistance bagages",Planner,Bonamoussadi
356,Boutours,"Éclairage tamisé,Climatisation,Boisson gratuite,Silence,Cuisine,Ambiance chaleureuse,Sièges inclinables,Assistance bagages,Confort,Animaux acceptés,Espace de rangement,Sport,Conduite souple,Langue parlée,Vue panoramique,Ponctualité,Conversation,Chauffeur expérimenté,Musique",Traveler,Bali
1309,Bali Nyonga,"Climatisation,Silence,Connectivité,Éclairage tamisé,Wi-Fi gratuit,Chauffeur expérimenté,Sièges inclinables,Ponctualité,Sport",Traveler,Mokolo
2853,Bali,"Ambiance chaleureuse,Confort,Boisson gratuite,Sport,Éclairage tamisé,Langue parlée,Connectivité,Vue panoramique",Planner,Bogo
4419,Bogo,"Navigation GPS,Langue parlée,Confort,Ponctualité,Connectivité,Cuisine,Ambiance chaleureuse,Animaux acceptés,Conversation,Conduite souple,Silence,Musique,Sport,Sièges inclinables,Chauffeur expérimenté,Assistance bagages,Climatisation,Espace de rangement,Wi-Fi gratuit,Vue panoramique,Boisson gratuite,Éclairage tamisé",Planner,Bimbia
3244,Bonaberi,"Connectivité,Climatisation,Cuisine,Animaux acceptés,Musique,Silence,Conduite souple,Espace de rangement,Éclairage tamisé,Confort,Assistance bagages,Navigation GPS,Ponctualité,Sport,Boisson gratuite,Sièges inclinables,Langue parlée,Conversation,Chauffeur expérimenté,Ambiance chaleureuse,Wi-Fi gratuit",Traveler,Gazawa
4224,Muyuka,"Langue parlée,Wi-Fi gratuit,Vue panoramique,Conversation,Chauffeur expérimenté,Ambiance chaleureuse,Conduite souple,Ponctualité,Musique,Cuisine,Éclairage tamisé,Connectivité,Espace de rangement,Animaux acceptés,Confort,Sièges inclinables,Silence,Climatisation,Navigation GPS,Sport",Traveler,Mora
2964,Bonaberi,"Ambiance chaleureuse,Cuisine,Boisson gratuite,Conduite souple,Ponctualité,Navigation GPS,Confort,Silence,Conversation,Wi-Fi gratuit,Climatisation,Musique,Espace de rangement,Animaux acceptés,Sport,Langue parlée,Sièges inclinables,Éclairage tamisé,Chauffeur expérimenté",Traveler,Mokolo
4629,Bali,"Animaux acceptés,Musique,Espace de rangement,Conduite souple,Langue parlée,Sport,Éclairage tamisé,Confort,Navigation GPS,Connectivité,Cuisine,Chauffeur expérimenté,Assistance bagages,Silence,Climatisation,Ponctualité,Vue panoramique",Planner,Mora
3953,Bali Nyonga,"Ambiance chaleureuse,Climatisation,Ponctualité,Sport,Animaux acceptés,Assistance bagages,Langue parlée,Boisson gratuite,Vue panoramique,Wi-Fi gratuit,Sièges inclinables,Chauffeur expérimenté",Planner,Mutengene
1837,Maroua,"Sport,Boisson gratuite,Conduite souple,Assistance bagages,Éclairage tamisé,Confort,Wi-Fi gratuit,Connectivité,Ponctualité,Musique,Ambiance chaleureuse,Espace de rangement,Climatisation,Navigation GPS,Animaux acceptés,Sièges inclinables,Silence,Langue parlée,Conversation,Chauffeur expérimenté",Planner,Kousseri
4846,Figuif,"Conversation,Chauffeur expérimenté,Silence,Musique,Ponctualité,Animaux acceptés,Conduite souple",Traveler,Garoua
1333,Figuif,"Chauffeur expérimenté,Sièges inclinables,Espace de rangement,Musique,Ambiance chaleureuse,Confort",Traveler,Guider
4609,Meiganga,"Boisson gratuite,Sport,Espace de rangement,Navigation GPS,Vue panoramique,Wi-Fi gratuit,Cuisine,Connectivité,Conversation,Musique,Conduite souple",Traveler,Yagoua
1492,Kousseri,"Chauffeur expérimenté,Musique,Sièges inclinables,Ambiance chaleureuse,Langue parlée,Vue panoramique,Ponctualité,Climatisation,Espace de rangement,Conversation,Assistance bagages,Wi-Fi gratuit,Sport,Navigation GPS,Boisson gratuite,Éclairage tamisé,Connectivité,Confort,Silence,Conduite souple,Cuisine,Animaux acceptés",Planner,Bonakouamouang
4161,Bafoussam,"Sport,Sièges inclinables,Musique,Climatisation,Animaux acceptés,Wi-Fi gratuit,Confort,Boisson gratuite,Vue panoramique",Planner,Guider
4217,Figuif,"Vue panoramique,Animaux acceptés,Climatisation,Cuisine,Musique",Traveler,Douala
1786,Buea,"Sport,Climatisation,Espace de rangement,Confort,Langue parlée,Ambiance chaleureuse,Navigation GPS,Wi-Fi gratuit,Chauffeur expérimenté,Vue panoramique,Conversation,Ponctualité",Traveler,Kribi
3040,Buea,"Climatisation,Sport,Langue parlée,Cuisine",Traveler,Figuif
3507,Messa,"Assistance bagages,Sport,Animaux acceptés,Sièges inclinables,Conduite souple,Ambiance chaleureuse,Boisson gratuite,Chauffeur expérimenté,Vue panoramique,Ponctualité,Musique,Climatisation",Traveler,Bafia
4875,Bali Nyonga,"Assistance bagages,Conduite souple,Silence,Musique,Éclairage tamisé,Cuisine,Climatisation,Conversation,Ambiance chaleureuse,Animaux acceptés,Wi-Fi gratuit,Langue parlée,Navigation GPS",Traveler,Bali
487,Beti,"Éclairage tamisé,Langue parlée,Assistance bagages,Sièges inclinables,Connectivité,Conversation",Planner,Mbanga
2503,Bafang,"Climatisation,Confort,Ambiance chaleureuse,Langue parlée,Conduite souple,Ponctualité,Connectivité,Musique,Conversation,Sièges inclinables,Sport,Silence",Traveler,Belo
4231,Garoua,"Espace de rangement,Sport,Assistance bagages,Langue parlée,Vue panoramique,Navigation GPS,Musique,Confort,Cuisine,Conversation,Conduite souple,Chauffeur expérimenté,Boisson gratuite,Ambiance chaleureuse,Ponctualité,Wi-Fi gratuit,Animaux acceptés,Connectivité,Éclairage tamisé,Sièges inclinables,Silence",Traveler,Gazawa
4977,Kousseri,"Boisson gratuite,Confort,Sport,Langue parlée,Chauffeur expérimenté,Vue panoramique,Climatisation,Silence,Éclairage tamisé,Espace de rangement,Navigation GPS,Assistance bagages,Ambiance chaleureuse,Cuisine,Sièges inclinables,Conduite souple,Musique,Ponctualité,Wi-Fi gratuit,Connectivité",Planner,Batibo
3441,Campo,"Musique,Connectivité,Conduite souple,Confort,Chauffeur expérimenté,Assistance bagages",Traveler,Nkongsamba
744,Belabo,Animaux acceptés,Planner,Essos
3145,Figuif,"Assistance bagages,Animaux acceptés,Ponctualité,Sièges inclinables,Confort,Espace de rangement,Silence",Planner,Belabo
1448,Bonaberi,"Sièges inclinables,Assistance bagages,Sport,Boisson gratuite,Éclairage tamisé,Musique,Conduite souple,Animaux acceptés,Climatisation,Cuisine,Chauffeur expérimenté,Navigation GPS,Connectivité,Langue parlée,Ambiance chaleureuse,Espace de rangement,Conversation,Ponctualité,Wi-Fi gratuit,Silence,Vue panoramique",Planner,Bamenda
3195,Boutours,"Vue panoramique,Ambiance chaleureuse,Connectivité,Ponctualité,Assistance bagages,Animaux acceptés,Langue parlée,Navigation GPS,Cuisine,Wi-Fi gratuit,Boisson gratuite,Chauffeur expérimenté,Conversation,Éclairage tamisé,Sport,Musique,Silence,Confort,Sièges inclinables,Climatisation,Espace de rangement",Traveler,Batibo
4575,Bafia,"Confort,Musique,Cuisine,Espace de rangement,Éclairage tamisé,Conduite souple,Sport,Ambiance chaleureuse,Langue parlée,Silence,Sièges inclinables,Climatisation,Conversation,Vue panoramique,Ponctualité,Chauffeur expérimenté",Planner,Melong
1900,Nanga-Eboko,"Conduite souple,Sport,Boisson gratuite,Éclairage tamisé,Vue panoramique,Ambiance chaleureuse,Wi-Fi gratuit,Conversation,Assistance bagages,Sièges inclinables,Chauffeur expérimenté,Navigation GPS,Musique,Animaux acceptés,Connectivité,Ponctualité,Climatisation,Espace de rangement,Cuisine,Langue parlée",Planner,Guider
3157,Mbalmayo,"Espace de rangement,Wi-Fi gratuit,Navigation GPS,Chauffeur expérimenté,Confort,Conduite souple,Cuisine,Musique,Sport,Langue parlée,Ambiance chaleureuse,Vue panoramique,Climatisation,Assistance bagages",Traveler,Banga Bakundu
1738,Mbalmayo,"Confort,Ponctualité,Wi-Fi gratuit,Vue panoramique,Silence,Chauffeur expérimenté,Musique,Climatisation,Conduite souple,Conversation,Animaux acceptés,Sport,Éclairage tamisé,Boisson gratuite,Cuisine",Planner,Bertoua
4701,Batibo,"Animaux acceptés,Chauffeur expérimenté",Planner,Belabo
3539,Bonaberi,"Silence,Climatisation,Wi-Fi gratuit,Animaux acceptés,Confort,Conduite souple,Sport,Espace de rangement,Ponctualité,Sièges inclinables,Boisson gratuite,Conversation,Chauffeur expérimenté,Connectivité,Assistance bagages,Éclairage tamisé",Traveler,Mbanga
710,Fontem,"Langue parlée,Animaux acceptés,Vue panoramique,Assistance bagages,Silence,Climatisation,Confort,Sport,Espace de rangement,Conduite souple,Sièges inclinables,Wi-Fi gratuit,Connectivité",Planner,Mbalmayo
1460,Bamenda,"Conduite souple,Chauffeur expérimenté,Ambiance chaleureuse",Planner,Batibo
368,Maroua,"Animaux acceptés,Confort,Assistance bagages,Espace de rangement,Connectivité,Chauffeur expérimenté,Sport,Conversation,Sièges inclinables,Conduite souple,Cuisine,Wi-Fi gratuit,Ambiance chaleureuse,Langue parlée,Climatisation",Planner,Bali
2582,Bonamoussadi,"Vue panoramique,Musique,Espace de rangement,Éclairage tamisé,Langue parlée,Confort,Sièges inclinables,Conduite souple,Climatisation,Silence,Navigation GPS,Ponctualité,Conversation,Ambiance chaleureuse,Boisson gratuite,Sport,Connectivité,Chauffeur expérimenté,Wi-Fi gratuit,Assistance bagages,Animaux acceptés",Traveler,Kumba
1432,Bandjoun,"Boisson gratuite,Wi-Fi gratuit,Navigation GPS,Assistance bagages,Cuisine,Sport,Éclairage tamisé",Traveler,Mbouda
3105,Bafang,"Vue panoramique,Conversation,Climatisation,Boisson gratuite,Ponctualité",Traveler,Mokolo
3586,Kousseri,"Ponctualité,Sport,Musique,Animaux acceptés,Conduite souple,Assistance bagages,Éclairage tamisé",Planner,Mora
4030,Bonanjo,"Ponctualité,Sport,Langue parlée,Silence,Animaux acceptés,Conduite souple,Cuisine",Planner,Bonanjo
2224,Belo,"Sièges inclinables,Climatisation,Silence,Confort,Connectivité,Conduite souple,Langue parlée,Vue panoramique,Ponctualité,Ambiance chaleureuse",Planner,Kribi
4797,Mokolo,"Vue panoramique,Espace de rangement,Sièges inclinables,Connectivité,Cuisine,Navigation GPS,Climatisation,Animaux acceptés,Éclairage tamisé,Chauffeur expérimenté,Conduite souple,Confort,Silence,Boisson gratuite,Assistance bagages,Conversation,Sport,Wi-Fi gratuit",Planner,Campo
1757,Kousseri,Langue parlée,Traveler,Bonabéri
4922,Belo,"Langue parlée,Ambiance chaleureuse,Conversation,Éclairage tamisé,Animaux acceptés,Confort,Chauffeur expérimenté,Ponctualité,Connectivité,Conduite souple,Navigation GPS,Silence,Espace de rangement,Vue panoramique,Cuisine,Sièges inclinables,Musique",Traveler,Yagoua
1402,Bonanjo,"Ambiance chaleureuse,Chauffeur expérimenté,Navigation GPS,Musique,Espace de rangement,Boisson gratuite,Ponctualité,Animaux acceptés,Sièges inclinables,Silence,Éclairage tamisé,Langue parlée,Conduite souple",Traveler,Melong
3653,Fontem,"Sport,Silence,Climatisation,Boisson gratuite,Chauffeur expérimenté,Confort,Sièges inclinables,Ambiance chaleureuse,Connectivité,Vue panoramique,Cuisine,Conduite souple,Wi-Fi gratuit,Navigation GPS,Éclairage tamisé,Musique,Ponctualité,Animaux acceptés,Langue parlée",Planner,Edéa
4912,Mbandjock,"Chauffeur expérimenté,Sport,Confort,Connectivité,Éclairage tamisé,Ponctualité,Ambiance chaleureuse,Boisson gratuite,Vue panoramique",Traveler,Bafoussam
4999,Limbe,"Sport,Ponctualité,Espace de rangement,Boisson gratuite,Navigation GPS,Wi-Fi gratuit,Animaux acceptés,Silence,Confort,Sièges inclinables,Ambiance chaleureuse,Langue parlée,Connectivité,Climatisation,Vue panoramique,Éclairage tamisé,Musique,Assistance bagages,Conduite souple,Conversation,Chauffeur expérimenté",Planner,Gazawa
3767,Buea,"Confort,Wi-Fi gratuit,Conversation,Ponctualité,Vue panoramique,Éclairage tamisé,Langue parlée,Climatisation,Cuisine,Assistance bagages,Musique,Connectivité",Traveler,Boutours
1837,Loum,"Navigation GPS,Sièges inclinables,Musique,Assistance bagages,Confort",Traveler,Bamenda
698,Bertoua,"Silence,Sport,Conduite souple,Climatisation,Boisson gratuite,Vue panoramique,Ponctualité,Espace de rangement,Assistance bagages,Musique,Navigation GPS,Confort,Wi-Fi gratuit,Animaux acceptés,Cuisine,Langue parlée,Ambiance chaleureuse,Conversation,Éclairage tamisé,Connectivité",Planner,Mbandjock
4924,Yagoua,"Animaux acceptés,Confort,Conversation,Cuisine,Wi-Fi gratuit,Sièges inclinables,Navigation GPS,Musique,Chauffeur expérimenté,Conduite souple,Silence,Langue parlée,Climatisation,Sport,Ponctualité,Connectivité,Espace de rangement,Boisson gratuite,Assistance bagages,Ambiance chaleureuse",Traveler,Mbouda
1142,Bandjoun,"Climatisation,Chauffeur expérimenté,Boisson gratuite,Ambiance chaleureuse,Ponctualité",Traveler,Gazawa
1570,Muyuka,"Confort,Éclairage tamisé,Ponctualité,Musique,Langue parlée,Connectivité,Navigation GPS,Conduite souple,Assistance bagages,Sport,Chauffeur expérimenté,Espace de rangement,Ambiance chaleureuse,Wi-Fi gratuit,Vue panoramique,Climatisation,Boisson gratuite,Silence,Sièges inclinables,Conversation,Animaux acceptés,Cuisine",Traveler,Maroua
2721,Bertoua,"Assistance bagages,Boisson gratuite,Ponctualité,Animaux acceptés,Chauffeur expérimenté,Éclairage tamisé,Conversation,Espace de rangement,Langue parlée",Planner,Bonakouamouang
2431,Garoua,"Animaux acceptés,Confort,Musique,Sièges inclinables,Assistance bagages,Silence,Navigation GPS,Chauffeur expérimenté,Espace de rangement,Sport,Connectivité,Ponctualité",Planner,Muyuka
22,Maroua,"Wi-Fi gratuit,Conversation,Vue panoramique,Cuisine,Climatisation,Musique,Navigation GPS",Traveler,Mbanga
113,Bali Nyonga,"Confort,Boisson gratuite,Assistance bagages,Cuisine,Musique,Connectivité,Espace de rangement,Conversation,Wi-Fi gratuit,Ponctualité,Conduite souple,Animaux acceptés,Navigation GPS,Vue panoramique,Ambiance chaleureuse,Sport,Silence,Climatisation,Langue parlée",Traveler,Guider
244,Limbe,"Sport,Boisson gratuite,Navigation GPS,Sièges inclinables,Chauffeur expérimenté,Musique,Silence,Conduite souple,Assistance bagages",Planner,Beti
2602,Mbouda,"Sièges inclinables,Éclairage tamisé,Silence,Conversation,Assistance bagages,Connectivité,Wi-Fi gratuit,Ambiance chaleureuse,Espace de rangement,Boisson gratuite,Musique,Vue panoramique",Planner,Edéa
1181,Muyuka,"Sièges inclinables,Éclairage tamisé,Navigation GPS,Climatisation,Conversation,Espace de rangement,Assistance bagages,Wi-Fi gratuit,Boisson gratuite,Chauffeur expérimenté",Traveler,Bandjoun
3941,Mutengene,"Conduite souple,Climatisation,Conversation,Connectivité,Ambiance chaleureuse,Wi-Fi gratuit,Sièges inclinables,Animaux acceptés,Boisson gratuite,Langue parlée,Musique,Ponctualité,Navigation GPS,Sport,Confort,Éclairage tamisé,Assistance bagages,Vue panoramique,Espace de rangement,Chauffeur expérimenté",Traveler,Messa
843,Bamenda,"Boisson gratuite,Animaux acceptés",Traveler,Campo
2784,Douala,"Animaux acceptés,Wi-Fi gratuit,Navigation GPS,Vue panoramique,Cuisine,Musique,Climatisation,Conversation",Planner,Batibo
2792,Limbe,"Langue parlée,Wi-Fi gratuit,Climatisation,Connectivité,Navigation GPS,Cuisine,Éclairage tamisé,Confort,Silence,Espace de rangement,Assistance bagages,Conduite souple,Animaux acceptés,Boisson gratuite,Musique,Vue panoramique,Ponctualité,Conversation,Sièges inclinables",Planner,Bertoua
3889,Buea,"Cuisine,Conversation,Wi-Fi gratuit",Planner,Mbalmayo
3477,Muyuka,"Animaux acceptés,Éclairage tamisé,Connectivité,Conduite souple,Sport,Ponctualité,Conversation",Traveler,Limbe
959,Bonakouamouang,Espace de rangement,Traveler,Mbouda
1108,Guider,"Langue parlée,Cuisine,Climatisation,Sport,Ponctualité,Connectivité,Éclairage tamisé,Sièges inclinables,Espace de rangement,Conduite souple,Confort,Musique",Traveler,Melong
4042,Kumba,"Silence,Conversation,Vue panoramique,Assistance bagages,Animaux acceptés,Espace de rangement",Traveler,Buea
4549,Figuif,"Animaux acceptés,Wi-Fi gratuit,Ponctualité,Éclairage tamisé,Musique,Vue panoramique,Cuisine,Chauffeur expérimenté,Conduite souple,Silence,Sport,Confort,Langue parlée,Connectivité",Planner,Meiganga
1087,Melong,"Musique,Sièges inclinables,Connectivité,Cuisine,Boisson gratuite,Vue panoramique,Langue parlée,Silence,Conduite souple,Animaux acceptés,Espace de rangement,Climatisation,Ambiance chaleureuse,Wi-Fi gratuit,Navigation GPS,Confort,Chauffeur expérimenté,Conversation,Sport,Ponctualité,Éclairage tamisé",Planner,Buea
4912,Bamenda,"Langue parlée,Boisson gratuite,Sièges inclinables,Wi-Fi gratuit,Assistance bagages,Sport,Confort,Climatisation,Chauffeur expérimenté,Ambiance chaleureuse,Conversation",Traveler,Mbandjock
615,Bonanjo,"Éclairage tamisé,Assistance bagages,Musique,Animaux acceptés,Cuisine,Ambiance chaleureuse,Conversation,Sièges inclinables,Vue panoramique,Chauffeur expérimenté,Boisson gratuite,Conduite souple,Navigation GPS",Traveler,Mbalmayo
496,Yagoua,"Boisson gratuite,Assistance bagages,Musique,Silence,Conversation,Vue panoramique,Chauffeur expérimenté,Sièges inclinables,Connectivité,Ambiance chaleureuse,Wi-Fi gratuit,Langue parlée,Conduite souple,Ponctualité,Éclairage tamisé,Navigation GPS,Confort,Animaux acceptés,Sport,Cuisine",Traveler,Messa
699,Bonanjo,"Navigation GPS,Langue parlée,Sièges inclinables,Silence,Confort,Vue panoramique,Climatisation,Ponctualité,Espace de rangement,Cuisine,Musique,Animaux acceptés,Conduite souple,Sport,Chauffeur expérimenté,Ambiance chaleureuse,Conversation,Boisson gratuite,Connectivité",Traveler,Gazawa
1379,Bamenda,"Musique,Assistance bagages,Navigation GPS,Chauffeur expérimenté,Wi-Fi gratuit,Ambiance chaleureuse,Espace de rangement,Animaux acceptés,Conduite souple,Boisson gratuite,Éclairage tamisé,Ponctualité,Silence,Climatisation,Connectivité,Sièges inclinables,Confort,Conversation",Planner,Loum
2084,Bafang,"Vue panoramique,Espace de rangement,Connectivité,Conversation,Langue parlée,Silence,Boisson gratuite,Éclairage tamisé,Confort,Sièges inclinables,Chauffeur expérimenté,Conduite souple,Wi-Fi gratuit",Planner,Mbandjock
946,Bafia,"Wi-Fi gratuit,Assistance bagages,Langue parlée,Musique,Boisson gratuite,Sièges inclinables,Ponctualité,Connectivité,Chauffeur expérimenté,Silence,Navigation GPS,Climatisation,Ambiance chaleureuse",Traveler,Essos
1712,Belabo,"Assistance bagages,Chauffeur expérimenté,Confort,Espace de rangement,Éclairage tamisé,Conversation,Ponctualité,Animaux acceptés,Boisson gratuite,Conduite souple,Connectivité,Musique,Sièges inclinables,Sport,Silence",Planner,Guider
2599,Garoua,"Animaux acceptés,Ponctualité,Langue parlée,Conversation,Cuisine,Conduite souple,Connectivité,Ambiance chaleureuse,Vue panoramique,Navigation GPS",Planner,Douala
1980,Bafia,Ambiance chaleureuse,Planner,Maroua
2576,Banga Bakundu,"Éclairage tamisé,Boisson gratuite,Musique,Wi-Fi gratuit,Assistance bagages,Chauffeur expérimenté,Cuisine,Vue panoramique,Connectivité,Conversation,Sport,Sièges inclinables,Navigation GPS",Planner,Yaounde
1132,Bonabéri,"Musique,Climatisation,Ponctualité,Espace de rangement,Langue parlée",Planner,Bonanjo
1778,Boutours,"Animaux acceptés,Langue parlée,Éclairage tamisé,Connectivité,Vue panoramique,Ponctualité,Conduite souple,Navigation GPS,Cuisine,Climatisation,Assistance bagages,Boisson gratuite,Sièges inclinables,Sport,Wi-Fi gratuit,Conversation,Musique,Chauffeur expérimenté,Silence,Espace de rangement",Planner,Fontem
1313,Bamenda,"Espace de rangement,Musique,Sport,Connectivité,Chauffeur expérimenté,Navigation GPS,Vue panoramique,Climatisation,Ponctualité,Éclairage tamisé,Langue parlée,Silence,Animaux acceptés,Sièges inclinables,Conduite souple,Boisson gratuite,Ambiance chaleureuse,Cuisine,Conversation",Traveler,Fontem
2803,Garoua,"Animaux acceptés,Assistance bagages,Navigation GPS,Éclairage tamisé,Sièges inclinables",Traveler,Bonamoussadi
2894,Mora,"Assistance bagages,Ambiance chaleureuse,Conduite souple,Confort,Climatisation,Conversation,Ponctualité,Cuisine,Navigation GPS,Boisson gratuite,Sport",Planner,Nanga-Eboko
1466,Messa,"Ambiance chaleureuse,Sièges inclinables,Boisson gratuite,Navigation GPS,Sport,Ponctualité,Musique,Connectivité,Vue panoramique,Silence,Espace de rangement",Planner,Nanga-Eboko
884,Yaounde,"Conversation,Wi-Fi gratuit,Sport,Vue panoramique,Sièges inclinables,Confort,Musique,Silence,Climatisation,Ambiance chaleureuse,Espace de rangement,Conduite souple,Langue parlée,Animaux acceptés,Navigation GPS,Éclairage tamisé,Boisson gratuite,Assistance bagages,Chauffeur expérimenté,Connectivité",Planner,Melong
1919,Bafia,"Chauffeur expérimenté,Conversation,Connectivité,Navigation GPS,Silence,Boisson gratuite",Traveler,Bonakouamouang
3495,Bonanjo,"Ambiance chaleureuse,Silence,Assistance bagages,Langue parlée,Éclairage tamisé,Chauffeur expérimenté,Musique",Traveler,Mbalmayo
2180,Bafia,"Chauffeur expérimenté,Connectivité,Boisson gratuite,Ponctualité,Vue panoramique,Sièges inclinables,Silence,Musique,Conduite souple",Traveler,Gazawa
453,Figuif,"Confort,Langue parlée,Navigation GPS,Sport,Ponctualité,Connectivité,Cuisine,Animaux acceptés,Boisson gratuite,Éclairage tamisé,Ambiance chaleureuse,Espace de rangement,Climatisation",Traveler,Limbe
3571,Bertoua,"Navigation GPS,Conversation,Climatisation,Assistance bagages,Espace de rangement,Musique,Confort,Boisson gratuite,Ambiance chaleureuse,Connectivité,Silence,Langue parlée,Conduite souple,Sport,Sièges inclinables,Cuisine,Éclairage tamisé,Animaux acceptés,Vue panoramique,Chauffeur expérimenté,Ponctualité",Traveler,Guider
1339,Fontem,"Sport,Sièges inclinables,Vue panoramique,Boisson gratuite",Planner,Yaounde
1202,Campo,"Confort,Boisson gratuite",Planner,Bonakouamouang
3639,Nkongsamba,"Confort,Boisson gratuite,Navigation GPS,Sièges inclinables,Langue parlée,Ponctualité",Planner,Beti
357,Bertoua,"Conduite souple,Langue parlée,Wi-Fi gratuit,Sièges inclinables,Vue panoramique,Connectivité,Boisson gratuite,Chauffeur expérimenté,Ambiance chaleureuse,Cuisine,Ponctualité,Musique,Conversation,Espace de rangement,Climatisation,Navigation GPS,Éclairage tamisé,Animaux acceptés,Assistance bagages,Confort,Silence,Sport",Planner,Douala
2291,Mutengene,"Musique,Conduite souple,Espace de rangement,Wi-Fi gratuit,Ponctualité,Navigation GPS,Sièges inclinables,Confort,Boisson gratuite,Vue panoramique,Sport,Assistance bagages,Éclairage tamisé,Connectivité,Langue parlée,Animaux acceptés",Planner,Douala
3424,Mutengene,"Conduite souple,Ambiance chaleureuse,Éclairage tamisé,Confort,Silence,Conversation,Cuisine,Espace de rangement,Vue panoramique,Connectivité,Musique,Langue parlée,Animaux acceptés",Traveler,Bandjoun
3159,Belabo,"Chauffeur expérimenté,Éclairage tamisé,Assistance bagages,Animaux acceptés",Planner,Mutengene
1720,Bonabéri,"Éclairage tamisé,Boisson gratuite,Navigation GPS,Sport,Espace de rangement,Confort,Ambiance chaleureuse,Conversation,Langue parlée",Planner,Bafoussam
4379,Yaounde,"Langue parlée,Chauffeur expérimenté,Conversation,Boisson gratuite,Sièges inclinables,Silence,Navigation GPS,Cuisine",Planner,Gazawa
2656,Kribi,"Vue panoramique,Langue parlée,Wi-Fi gratuit,Conduite souple,Espace de rangement,Confort,Cuisine,Ponctualité,Silence,Assistance bagages,Sièges inclinables,Sport,Chauffeur expérimenté,Ambiance chaleureuse,Musique,Climatisation,Connectivité,Boisson gratuite,Navigation GPS,Éclairage tamisé",Planner,Bimbia
480,Buea,"Conversation,Boisson gratuite",Planner,Banga Bakundu
4837,Bonanjo,"Conversation,Assistance bagages,Éclairage tamisé,Silence,Animaux acceptés,Chauffeur expérimenté,Ambiance chaleureuse,Espace de rangement,Vue panoramique,Navigation GPS,Boisson gratuite,Cuisine,Confort",Planner,Mbanga
3055,Mutengene,"Navigation GPS,Cuisine,Silence,Sport,Boisson gratuite,Chauffeur expérimenté,Sièges inclinables,Assistance bagages,Ponctualité,Wi-Fi gratuit,Climatisation",Traveler,Figuif
696,Mbanga,"Sièges inclinables,Climatisation,Chauffeur expérimenté,Assistance bagages,Musique,Animaux acceptés,Ponctualité,Éclairage tamisé,Ambiance chaleureuse,Espace de rangement,Cuisine,Conversation,Wi-Fi gratuit,Connectivité,Navigation GPS,Langue parlée",Planner,Yagoua
793,Campo,"Vue panoramique,Espace de rangement,Animaux acceptés,Ambiance chaleureuse,Langue parlée,Wi-Fi gratuit,Sport",Planner,Bertoua
1932,Nanga-Eboko,"Connectivité,Climatisation,Espace de rangement,Animaux acceptés,Langue parlée,Ambiance chaleureuse,Cuisine,Wi-Fi gratuit,Conversation,Conduite souple,Éclairage tamisé,Sièges inclinables,Assistance bagages,Navigation GPS,Confort",Traveler,Beti
4710,Essos,"Conduite souple,Boisson gratuite,Silence,Ambiance chaleureuse,Sièges inclinables,Langue parlée,Ponctualité,Chauffeur expérimenté,Climatisation,Assistance bagages,Connectivité,Vue panoramique,Wi-Fi gratuit,Navigation GPS",Planner,Messa
110,Garoua,"Silence,Ambiance chaleureuse,Climatisation,Conversation,Ponctualité,Espace de rangement,Langue parlée,Éclairage tamisé,Cuisine,Navigation GPS,Conduite souple,Confort,Sièges inclinables,Wi-Fi gratuit",Traveler,Bandjoun
2172,Nkongsamba,"Wi-Fi gratuit,Cuisine,Sport,Ponctualité,Chauffeur expérimenté,Sièges inclinables,Silence",Traveler,Fontem
2923,Bonabéri,"Sport,Confort,Sièges inclinables,Boisson gratuite",Planner,Mbanga
3398,Beti,"Ambiance chaleureuse,Conversation,Sièges inclinables,Wi-Fi gratuit,Vue panoramique,Climatisation,Éclairage tamisé,Connectivité,Conduite souple",Planner,Boutours
4379,Bafoussam,"Animaux acceptés,Connectivité,Musique,Confort,Ambiance chaleureuse,Navigation GPS,Wi-Fi gratuit,Boisson gratuite,Éclairage tamisé,Sièges inclinables,Silence,Espace de rangement,Cuisine,Langue parlée,Assistance bagages,Conduite souple",Traveler,Beti
2106,Figuif,"Vue panoramique,Boisson gratuite,Silence",Traveler,Messa
3421,Mokolo,"Chauffeur expérimenté,Connectivité,Sièges inclinables,Langue parlée,Musique,Ponctualité,Climatisation,Silence,Éclairage tamisé,Cuisine,Boisson gratuite,Navigation GPS",Planner,Bertoua
72,Dibombari,"Navigation GPS,Sport,Connectivité,Conduite souple,Climatisation,Ponctualité,Assistance bagages,Sièges inclinables,Espace de rangement,Silence",Traveler,Kribi
3730,Messa,"Vue panoramique,Langue parlée,Boisson gratuite,Chauffeur expérimenté,Animaux acceptés,Ambiance chaleureuse,Wi-Fi gratuit,Climatisation,Assistance bagages,Cuisine,Conduite souple,Confort,Éclairage tamisé",Traveler,Bamenda
2153,Bertoua,"Éclairage tamisé,Espace de rangement,Boisson gratuite,Sièges inclinables,Vue panoramique,Navigation GPS,Animaux acceptés,Assistance bagages,Ambiance chaleureuse,Confort,Climatisation,Musique,Conversation,Chauffeur expérimenté,Cuisine,Sport,Conduite souple,Langue parlée,Connectivité,Silence",Traveler,Yaounde
3940,Melong,"Climatisation,Confort,Ambiance chaleureuse,Animaux acceptés,Silence,Langue parlée,Ponctualité",Traveler,Mbandjock
1476,Melong,"Sièges inclinables,Boisson gratuite,Sport,Conduite souple,Cuisine,Langue parlée,Éclairage tamisé,Wi-Fi gratuit,Conversation,Animaux acceptés",Planner,Beti
2253,Nanga-Eboko,"Espace de rangement,Silence,Navigation GPS,Wi-Fi gratuit,Ambiance chaleureuse,Éclairage tamisé,Animaux acceptés,Ponctualité,Cuisine,Langue parlée,Boisson gratuite,Assistance bagages,Conduite souple,Musique",Planner,Gazawa
2696,Messa,"Wi-Fi gratuit,Sport,Boisson gratuite",Planner,Belo
3313,Mbalmayo,"Silence,Conduite souple,Confort,Cuisine,Navigation GPS,Ambiance chaleureuse,Sièges inclinables,Conversation,Éclairage tamisé",Traveler,Beti
2780,Yaounde,"Cuisine,Wi-Fi gratuit,Conduite souple,Animaux acceptés,Ponctualité,Éclairage tamisé,Boisson gratuite,Silence",Planner,Guider
10,Buea,"Wi-Fi gratuit,Ambiance chaleureuse,Langue parlée,Silence,Assistance bagages,Chauffeur expérimenté,Connectivité,Vue panoramique,Animaux acceptés,Ponctualité,Boisson gratuite,Conduite souple,Climatisation,Conversation,Espace de rangement,Sièges inclinables,Éclairage tamisé,Musique",Traveler,Muyuka
4357,Yagoua,Confort,Traveler,Belo
1930,Campo,"Conversation,Sport,Climatisation,Vue panoramique,Langue parlée,Cuisine,Ambiance chaleureuse,Boisson gratuite,Musique,Ponctualité,Conduite souple,Silence,Assistance bagages,Connectivité,Navigation GPS,Espace de rangement",Planner,Bonakouamouang
2599,Mbanga,"Ponctualité,Conduite souple,Connectivité,Éclairage tamisé,Climatisation,Wi-Fi gratuit,Animaux acceptés,Conversation,Assistance bagages,Silence,Chauffeur expérimenté,Ambiance chaleureuse,Confort,Sport,Sièges inclinables,Cuisine,Navigation GPS",Traveler,Mutengene
1014,Edéa,"Wi-Fi gratuit,Animaux acceptés,Climatisation,Connectivité,Silence,Sièges inclinables,Sport,Boisson gratuite",Planner,Messa
2431,Buea,"Cuisine,Conversation,Espace de rangement,Boisson gratuite,Animaux acceptés",Traveler,Nkongsamba
3063,Edéa,"Langue parlée,Silence,Musique,Ponctualité,Sièges inclinables,Boisson gratuite,Chauffeur expérimenté",Planner,Batibo
652,Belabo,"Assistance bagages,Ambiance chaleureuse,Espace de rangement,Boisson gratuite,Navigation GPS,Musique,Sport,Chauffeur expérimenté,Connectivité,Langue parlée,Éclairage tamisé,Silence",Planner,Belo
764,Figuif,"Conduite souple,Connectivité",Planner,Nanga-Eboko
2417,Melong,"Ambiance chaleureuse,Langue parlée,Conduite souple,Silence,Espace de rangement,Navigation GPS",Traveler,Belabo
1754,Belabo,"Boisson gratuite,Conversation,Éclairage tamisé,Ambiance chaleureuse,Connectivité,Ponctualité,Espace de rangement,Sport,Assistance bagages,Musique,Animaux acceptés,Silence",Planner,Mora
1664,Belo,"Wi-Fi gratuit,Espace de rangement,Ambiance chaleureuse,Conduite souple,Silence,Chauffeur expérimenté,Ponctualité,Vue panoramique,Assistance bagages,Navigation GPS,Cuisine,Sièges inclinables,Animaux acceptés,Climatisation,Éclairage tamisé,Conversation,Sport,Langue parlée,Boisson gratuite,Connectivité,Confort,Musique",Planner,Beti
1368,Yagoua,"Navigation GPS,Conversation,Vue panoramique,Silence,Chauffeur expérimenté,Éclairage tamisé,Boisson gratuite,Animaux acceptés,Langue parlée,Sièges inclinables,Confort,Musique,Espace de rangement,Sport,Connectivité,Wi-Fi gratuit,Ambiance chaleureuse,Climatisation",Planner,Kumba
4437,Bonanjo,"Confort,Ponctualité,Cuisine,Vue panoramique,Musique",Traveler,Nanga-Eboko
4905,Mbandjock,"Climatisation,Vue panoramique,Animaux acceptés,Musique,Cuisine,Confort,Sièges inclinables,Conversation,Ambiance chaleureuse,Assistance bagages,Ponctualité,Connectivité,Langue parlée,Navigation GPS,Boisson gratuite,Sport,Conduite souple",Planner,Loum
2722,Mbouda,"Ponctualité,Musique,Navigation GPS,Connectivité,Chauffeur expérimenté,Sièges inclinables,Wi-Fi gratuit,Assistance bagages,Éclairage tamisé,Cuisine,Climatisation,Confort,Langue parlée,Espace de rangement,Conduite souple,Sport,Animaux acceptés,Ambiance chaleureuse,Conversation,Vue panoramique",Planner,Mokolo
825,Bandjoun,"Ambiance chaleureuse,Sport,Vue panoramique,Conduite souple,Navigation GPS,Chauffeur expérimenté,Espace de rangement,Climatisation,Musique,Silence,Éclairage tamisé,Cuisine",Planner,Maroua
593,Kribi,"Connectivité,Wi-Fi gratuit,Musique",Traveler,Bonakouamouang
2874,Banga Bakundu,Connectivité,Planner,Batibo
2844,Belo,"Éclairage tamisé,Espace de rangement,Silence,Wi-Fi gratuit,Vue panoramique,Ponctualité,Conversation,Navigation GPS,Conduite souple,Musique,Confort,Sièges inclinables,Animaux acceptés,Connectivité,Ambiance chaleureuse,Langue parlée,Cuisine,Chauffeur expérimenté,Sport,Boisson gratuite,Climatisation",Traveler,Messa
4914,Bafia,"Langue parlée,Confort,Espace de rangement,Wi-Fi gratuit,Sport,Climatisation,Musique,Chauffeur expérimenté,Ambiance chaleureuse,Éclairage tamisé,Vue panoramique,Animaux acceptés,Assistance bagages,Ponctualité,Conversation,Boisson gratuite",Traveler,Batibo
3229,Mora,"Cuisine,Animaux acceptés",Planner,Bonakouamouang
1732,Campo,"Climatisation,Sièges inclinables,Wi-Fi gratuit,Chauffeur expérimenté,Éclairage tamisé,Langue parlée,Espace de rangement,Confort,Assistance bagages,Conduite souple,Ponctualité,Sport,Silence,Navigation GPS,Cuisine,Vue panoramique,Animaux acceptés,Ambiance chaleureuse,Boisson gratuite,Connectivité,Conversation",Planner,Bali Nyonga
2802,Bafang,"Navigation GPS,Cuisine,Conversation,Connectivité,Vue panoramique,Langue parlée,Climatisation,Sport,Sièges inclinables,Ambiance chaleureuse,Animaux acceptés,Wi-Fi gratuit,Confort,Espace de rangement,Conduite souple,Ponctualité,Boisson gratuite",Traveler,Nanga-Eboko
1068,Bamenda,Musique,Planner,Yagoua
2300,Meiganga,"Éclairage tamisé,Conduite souple,Assistance bagages,Cuisine,Wi-Fi gratuit,Vue panoramique,Espace de rangement,Animaux acceptés,Silence,Connectivité,Ambiance chaleureuse,Navigation GPS,Langue parlée,Confort,Climatisation,Conversation,Boisson gratuite,Ponctualité,Chauffeur expérimenté,Sport,Musique",Traveler,Yaounde
3916,Nkongsamba,"Climatisation,Ponctualité,Animaux acceptés,Assistance bagages,Ambiance chaleureuse,Cuisine",Planner,Mbandjock
592,Garoua,"Silence,Espace de rangement,Wi-Fi gratuit,Sièges inclinables,Vue panoramique,Chauffeur expérimenté,Climatisation,Confort,Assistance bagages,Cuisine,Conduite souple,Éclairage tamisé,Navigation GPS,Boisson gratuite,Conversation,Langue parlée,Ambiance chaleureuse,Animaux acceptés,Musique,Connectivité",Traveler,Mora
3469,Bertoua,"Ambiance chaleureuse,Conversation,Boisson gratuite,Vue panoramique,Musique,Ponctualité,Sport,Silence,Assistance bagages,Chauffeur expérimenté,Navigation GPS,Conduite souple,Espace de rangement",Traveler,Bamenda
3884,Mbandjock,"Animaux acceptés,Ambiance chaleureuse,Navigation GPS,Conduite souple,Silence,Éclairage tamisé,Cuisine,Confort,Vue panoramique,Conversation,Sport,Connectivité,Wi-Fi gratuit,Espace de rangement,Boisson gratuite,Assistance bagages,Climatisation,Langue parlée,Ponctualité",Traveler,Bamenda
4134,Mbalmayo,"Conversation,Langue parlée,Ponctualité,Ambiance chaleureuse,Éclairage tamisé,Connectivité,Espace de rangement,Navigation GPS,Silence,Cuisine,Sièges inclinables,Confort,Assistance bagages,Climatisation,Boisson gratuite",Traveler,Belabo
2132,Bamenda,"Conduite souple,Navigation GPS,Ambiance chaleureuse,Langue parlée,Musique,Cuisine,Ponctualité,Vue panoramique,Assistance bagages,Climatisation,Conversation,Animaux acceptés",Planner,Bertoua
2927,Mutengene,"Navigation GPS,Éclairage tamisé,Connectivité,Ponctualité,Assistance bagages,Chauffeur expérimenté,Vue panoramique,Musique,Climatisation,Boisson gratuite,Animaux acceptés,Conduite souple,Ambiance chaleureuse,Conversation,Wi-Fi gratuit,Espace de rangement,Silence,Sièges inclinables,Cuisine",Planner,Meiganga
1434,Bafang,"Conversation,Sport,Vue panoramique,Confort,Chauffeur expérimenté,Ponctualité",Traveler,Batibo
3109,Mokolo,"Chauffeur expérimenté,Conduite souple,Animaux acceptés,Boisson gratuite,Navigation GPS,Assistance bagages",Traveler,Nanga-Eboko
2127,Garoua,"Espace de rangement,Chauffeur expérimenté,Sièges inclinables,Silence,Animaux acceptés,Conversation,Confort,Climatisation,Éclairage tamisé,Vue panoramique,Conduite souple,Wi-Fi gratuit,Langue parlée,Connectivité,Sport,Ponctualité,Musique,Assistance bagages",Planner,Messa
149,Kousseri,"Sièges inclinables,Confort",Traveler,Limbe
2703,Banga Bakundu,"Conduite souple,Climatisation,Musique,Conversation,Espace de rangement,Cuisine,Sport,Wi-Fi gratuit",Traveler,Maroua
2955,Bimbia,"Sièges inclinables,Sport,Chauffeur expérimenté,Assistance bagages,Ambiance chaleureuse,Silence,Conversation,Confort,Ponctualité,Conduite souple,Wi-Fi gratuit",Planner,Banga Bakundu
321,Guider,"Animaux acceptés,Chauffeur expérimenté,Climatisation,Musique,Ponctualité,Ambiance chaleureuse,Wi-Fi gratuit,Sièges inclinables,Conduite souple,Boisson gratuite,Vue panoramique,Sport,Connectivité,Cuisine,Silence",Planner,Buea
44,Kribi,"Ponctualité,Conduite souple",Traveler,Nanga-Eboko
1493,Garoua,"Langue parlée,Connectivité,Climatisation,Vue panoramique,Chauffeur expérimenté,Cuisine,Animaux acceptés,Assistance bagages,Boisson gratuite,Ponctualité,Conversation,Musique,Ambiance chaleureuse,Éclairage tamisé,Silence,Navigation GPS,Sport",Traveler,Bogo
3953,Loum,"Ambiance chaleureuse,Boisson gratuite,Langue parlée,Wi-Fi gratuit,Climatisation,Chauffeur expérimenté,Navigation GPS,Sièges inclinables,Conversation,Confort,Silence,Assistance bagages,Vue panoramique",Traveler,Garoua
473,Mutengene,"Éclairage tamisé,Chauffeur expérimenté,Conversation,Sièges inclinables,Vue panoramique,Ponctualité,Climatisation,Wi-Fi gratuit,Sport,Espace de rangement,Langue parlée,Animaux acceptés,Assistance bagages,Cuisine,Navigation GPS,Conduite souple,Connectivité,Silence",Traveler,Bonakouamouang
482,Bertoua,"Langue parlée,Ponctualité,Wi-Fi gratuit,Cuisine,Sièges inclinables,Éclairage tamisé,Navigation GPS,Sport,Espace de rangement,Connectivité,Ambiance chaleureuse,Silence,Conversation,Vue panoramique,Assistance bagages,Climatisation",Traveler,Mbalmayo
1201,Bimbia,"Connectivité,Ponctualité,Espace de rangement,Silence,Boisson gratuite,Animaux acceptés,Cuisine,Ambiance chaleureuse,Confort,Sport,Vue panoramique,Chauffeur expérimenté,Conduite souple,Éclairage tamisé,Musique,Conversation,Langue parlée",Traveler,Yagoua
84,Mora,"Conduite souple,Chauffeur expérimenté,Climatisation,Musique,Connectivité,Boisson gratuite,Silence,Éclairage tamisé,Wi-Fi gratuit",Traveler,Mokolo
372,Kumba,"Silence,Ambiance chaleureuse,Musique,Sport,Sièges inclinables,Cuisine,Conversation,Navigation GPS,Conduite souple,Connectivité,Confort,Boisson gratuite,Éclairage tamisé,Ponctualité,Animaux acceptés",Traveler,Limbe
1492,Bandjoun,"Wi-Fi gratuit,Musique",Planner,Bertoua
1737,Bonakouamouang,"Langue parlée,Chauffeur expérimenté,Confort,Ambiance chaleureuse,Vue panoramique",Traveler,Yagoua
2286,Campo,"Sièges inclinables,Assistance bagages,Éclairage tamisé",Planner,Bertoua
3418,Mbouda,"Ambiance chaleureuse,Sport,Langue parlée",Traveler,Bonabéri
3826,Belabo,"Animaux acceptés,Navigation GPS,Sport,Sièges inclinables,Musique,Boisson gratuite,Connectivité,Chauffeur expérimenté,Ponctualité,Éclairage tamisé,Cuisine,Ambiance chaleureuse,Silence,Langue parlée,Assistance bagages,Conversation,Conduite souple,Wi-Fi gratuit,Climatisation",Planner,Campo
4970,Mokolo,"Wi-Fi gratuit,Sport,Cuisine,Connectivité,Animaux acceptés,Confort,Éclairage tamisé,Vue panoramique,Boisson gratuite,Silence,Conversation,Conduite souple,Navigation GPS,Sièges inclinables,Chauffeur expérimenté,Langue parlée,Assistance bagages,Ambiance chaleureuse,Ponctualité,Climatisation,Musique,Espace de rangement",Planner,Belo
3429,Bafang,"Sport,Langue parlée,Ponctualité,Sièges inclinables,Confort,Conversation,Éclairage tamisé,Climatisation,Navigation GPS,Wi-Fi gratuit,Cuisine,Assistance bagages,Ambiance chaleureuse,Musique,Connectivité,Boisson gratuite,Espace de rangement,Chauffeur expérimenté,Silence",Traveler,Bonanjo
326,Mbanga,"Cuisine,Climatisation,Confort,Wi-Fi gratuit,Assistance bagages,Langue parlée",Traveler,Mora
3209,Bertoua,"Ponctualité,Vue panoramique,Sport,Animaux acceptés,Conduite souple,Éclairage tamisé,Wi-Fi gratuit,Navigation GPS,Assistance bagages,Conversation,Climatisation,Espace de rangement,Langue parlée,Confort,Boisson gratuite,Sièges inclinables",Planner,Batibo
1442,Bali,"Conduite souple,Sport,Ambiance chaleureuse,Vue panoramique,Conversation,Boisson gratuite,Silence,Cuisine,Espace de rangement,Assistance bagages",Planner,Bertoua
1657,Mutengene,"Confort,Conduite souple,Éclairage tamisé,Animaux acceptés,Connectivité,Climatisation,Ambiance chaleureuse,Sièges inclinables,Boisson gratuite,Vue panoramique,Ponctualité,Assistance bagages,Langue parlée,Cuisine,Conversation,Musique",Traveler,Edéa
4796,Essos,"Sièges inclinables,Espace de rangement,Assistance bagages,Boisson gratuite,Musique,Éclairage tamisé,Climatisation,Ambiance chaleureuse,Silence,Navigation GPS,Langue parlée,Conversation,Ponctualité,Sport,Chauffeur expérimenté,Wi-Fi gratuit,Animaux acceptés,Cuisine",Planner,Meiganga
4716,Beti,"Silence,Ponctualité,Cuisine,Chauffeur expérimenté,Conversation,Ambiance chaleureuse,Assistance bagages,Conduite souple,Langue parlée",Traveler,Belabo
2771,Douala,"Wi-Fi gratuit,Silence,Conduite souple,Climatisation,Sièges inclinables,Éclairage tamisé,Musique,Langue parlée,Assistance bagages,Sport,Conversation,Cuisine,Ponctualité,Navigation GPS,Chauffeur expérimenté",Planner,Gazawa
4731,Loum,"Climatisation,Wi-Fi gratuit",Planner,Mutengene
2029,Limbe,"Climatisation,Espace de rangement,Langue parlée,Conversation,Sport,Assistance bagages,Sièges inclinables,Musique,Connectivité,Conduite souple,Vue panoramique,Chauffeur expérimenté",Traveler,Kousseri
1584,Beti,"Musique,Espace de rangement",Planner,Yagoua
943,Belabo,"Chauffeur expérimenté,Vue panoramique,Sièges inclinables,Sport,Assistance bagages,Conversation,Conduite souple,Ambiance chaleureuse,Éclairage tamisé,Espace de rangement,Connectivité,Ponctualité,Langue parlée,Animaux acceptés",Planner,Mbalmayo
3252,Mbalmayo,"Langue parlée,Espace de rangement,Conduite souple,Sièges inclinables,Navigation GPS,Wi-Fi gratuit,Ambiance chaleureuse,Sport,Confort,Connectivité,Chauffeur expérimenté,Climatisation,Silence,Animaux acceptés,Cuisine,Éclairage tamisé,Boisson gratuite,Ponctualité,Musique,Conversation",Planner,Belabo
257,Limbe,"Espace de rangement,Connectivité,Conversation,Langue parlée,Silence,Sièges inclinables,Éclairage tamisé,Sport,Cuisine,Vue panoramique,Conduite souple,Boisson gratuite,Animaux acceptés,Ponctualité,Confort,Wi-Fi gratuit,Ambiance chaleureuse,Climatisation",Planner,Mbandjock
57,Belo,"Vue panoramique,Connectivité,Conduite souple,Cuisine,Musique",Planner,Mbalmayo
1626,Bonakouamouang,"Silence,Musique,Confort,Vue panoramique,Navigation GPS,Sièges inclinables,Boisson gratuite,Ponctualité,Conduite souple",Traveler,Bertoua
398,Bogo,"Chauffeur expérimenté,Connectivité,Boisson gratuite,Silence,Conversation",Traveler,Messa
2434,Bamenda,"Espace de rangement,Sport,Musique,Langue parlée",Traveler,Buea
4272,Bimbia,"Ponctualité,Navigation GPS,Conduite souple,Cuisine,Sièges inclinables,Connectivité,Animaux acceptés,Confort,Langue parlée,Sport,Wi-Fi gratuit,Musique",Planner,Bertoua
3984,Bimbia,"Vue panoramique,Cuisine,Climatisation,Navigation GPS,Boisson gratuite,Connectivité,Chauffeur expérimenté,Sièges inclinables,Assistance bagages,Conversation,Espace de rangement,Ponctualité,Ambiance chaleureuse,Silence,Animaux acceptés,Musique,Éclairage tamisé,Confort,Langue parlée,Wi-Fi gratuit,Conduite souple",Planner,Mbalmayo
2106,Bali,"Climatisation,Conduite souple,Navigation GPS,Connectivité,Cuisine,Animaux acceptés,Silence,Sport,Ambiance chaleureuse,Éclairage tamisé,Espace de rangement,Assistance bagages,Vue panoramique,Boisson gratuite,Musique,Conversation,Wi-Fi gratuit,Langue parlée,Confort,Sièges inclinables,Ponctualité,Chauffeur expérimenté",Traveler,Nkongsamba
1710,Yagoua,"Éclairage tamisé,Chauffeur expérimenté,Boisson gratuite,Climatisation,Navigation GPS,Sièges inclinables,Cuisine,Connectivité,Musique,Assistance bagages,Conversation,Conduite souple,Espace de rangement,Langue parlée,Ambiance chaleureuse,Wi-Fi gratuit,Confort",Planner,Bonanjo
4812,Mbanga,"Assistance bagages,Confort,Musique,Sièges inclinables,Ambiance chaleureuse,Espace de rangement,Sport,Cuisine,Ponctualité,Connectivité",Planner,Bafoussam
1313,Nanga-Eboko,"Ponctualité,Wi-Fi gratuit,Climatisation,Animaux acceptés,Espace de rangement,Silence,Conversation,Langue parlée,Éclairage tamisé,Vue panoramique,Boisson gratuite,Cuisine,Conduite souple,Sport,Ambiance chaleureuse,Assistance bagages,Navigation GPS,Connectivité,Confort,Chauffeur expérimenté,Musique,Sièges inclinables",Planner,Beti
2292,Kumba,"Climatisation,Conduite souple",Planner,Douala
4871,Bonaberi,"Sport,Cuisine,Boisson gratuite,Confort,Silence,Sièges inclinables,Assistance bagages,Climatisation,Animaux acceptés,Ambiance chaleureuse,Langue parlée,Connectivité,Chauffeur expérimenté",Traveler,Campo
4531,Bamenda,"Confort,Silence,Langue parlée,Climatisation,Sport,Animaux acceptés",Traveler,Bali Nyonga
1863,Mbandjock,"Sièges inclinables,Cuisine,Langue parlée,Conversation,Ponctualité,Ambiance chaleureuse,Navigation GPS,Conduite souple,Silence,Animaux acceptés,Éclairage tamisé,Chauffeur expérimenté",Traveler,Banga Bakundu
599,Dibombari,"Vue panoramique,Cuisine,Conversation,Assistance bagages,Animaux acceptés,Boisson gratuite,Navigation GPS,Musique,Chauffeur expérimenté,Espace de rangement,Langue parlée",Planner,Douala
462,Mbanga,"Confort,Assistance bagages,Ponctualité,Musique,Conduite souple,Éclairage tamisé,Connectivité,Wi-Fi gratuit,Boisson gratuite,Chauffeur expérimenté,Langue parlée,Sièges inclinables",Planner,Yagoua
513,Figuif,"Navigation GPS,Boisson gratuite,Ambiance chaleureuse,Sport,Vue panoramique,Climatisation,Assistance bagages,Sièges inclinables,Cuisine,Conversation,Silence,Animaux acceptés,Éclairage tamisé,Wi-Fi gratuit,Ponctualité,Connectivité,Conduite souple,Confort,Langue parlée,Chauffeur expérimenté",Planner,Mbanga
3859,Bali,"Connectivité,Conversation,Climatisation,Espace de rangement,Confort,Conduite souple,Boisson gratuite,Musique,Silence",Planner,Nkongsamba
3731,Mora,"Conduite souple,Cuisine,Sièges inclinables,Navigation GPS,Ambiance chaleureuse,Éclairage tamisé,Confort,Connectivité,Boisson gratuite",Planner,Muyuka
14,Mutengene,"Vue panoramique,Boisson gratuite,Cuisine,Climatisation,Ponctualité,Confort,Sport,Conversation,Wi-Fi gratuit,Éclairage tamisé,Assistance bagages,Connectivité,Musique,Silence,Animaux acceptés,Chauffeur expérimenté,Ambiance chaleureuse,Sièges inclinables,Langue parlée,Navigation GPS,Conduite souple",Planner,Gazawa
1924,Belabo,"Sièges inclinables,Connectivité",Traveler,Mora
4248,Bimbia,"Cuisine,Musique,Boisson gratuite,Sièges inclinables,Espace de rangement",Planner,Mbanga
3409,Mora,"Silence,Espace de rangement,Assistance bagages,Conduite souple",Planner,Belo
639,Bogo,"Cuisine,Éclairage tamisé,Musique,Assistance bagages,Espace de rangement,Vue panoramique",Traveler,Beti
3728,Buea,"Conduite souple,Wi-Fi gratuit,Connectivité,Vue panoramique,Assistance bagages,Espace de rangement,Chauffeur expérimenté,Ambiance chaleureuse,Musique,Climatisation,Animaux acceptés,Éclairage tamisé,Navigation GPS,Cuisine,Conversation",Planner,Boutours
3951,Garoua,"Musique,Espace de rangement,Navigation GPS,Vue panoramique,Assistance bagages",Planner,Nkongsamba
3605,Bertoua,"Langue parlée,Espace de rangement,Ambiance chaleureuse,Ponctualité,Musique,Cuisine,Confort,Wi-Fi gratuit,Chauffeur expérimenté",Planner,Edéa
1011,Yaounde,"Animaux acceptés,Connectivité,Chauffeur expérimenté,Boisson gratuite,Wi-Fi gratuit,Conversation,Musique,Confort,Assistance bagages,Sport,Langue parlée,Espace de rangement,Conduite souple,Cuisine,Silence,Climatisation,Ambiance chaleureuse,Sièges inclinables",Planner,Bandjoun
2005,Mbanga,"Confort,Connectivité,Ponctualité,Conversation,Animaux acceptés,Climatisation,Sièges inclinables,Éclairage tamisé,Langue parlée,Boisson gratuite,Chauffeur expérimenté,Cuisine,Navigation GPS",Traveler,Beti
538,Bonabéri,"Wi-Fi gratuit,Sièges inclinables,Ambiance chaleureuse,Climatisation,Chauffeur expérimenté,Boisson gratuite,Ponctualité,Animaux acceptés,Conversation,Éclairage tamisé,Assistance bagages,Sport,Espace de rangement,Silence,Vue panoramique",Traveler,Figuif
2186,Kousseri,"Conduite souple,Ponctualité,Vue panoramique,Boisson gratuite",Traveler,Batibo
3774,Bonamoussadi,"Climatisation,Musique,Sport,Animaux acceptés,Navigation GPS,Ponctualité,Éclairage tamisé,Sièges inclinables,Connectivité,Assistance bagages,Ambiance chaleureuse,Langue parlée,Cuisine,Vue panoramique,Conversation",Traveler,Figuif
3109,Beti,"Chauffeur expérimenté,Conduite souple,Éclairage tamisé,Animaux acceptés,Ponctualité,Boisson gratuite,Assistance bagages,Langue parlée,Vue panoramique",Traveler,Bali Nyonga
3254,Muyuka,Sport,Traveler,Bonamoussadi
3273,Buea,"Vue panoramique,Conversation,Animaux acceptés,Navigation GPS,Sièges inclinables",Traveler,Edéa
3400,Maroua,"Wi-Fi gratuit,Cuisine,Langue parlée,Espace de rangement,Boisson gratuite,Musique,Navigation GPS,Chauffeur expérimenté,Sport,Confort,Assistance bagages,Connectivité,Ambiance chaleureuse,Éclairage tamisé,Silence,Conduite souple,Conversation,Sièges inclinables,Vue panoramique,Climatisation,Ponctualité",Traveler,Campo
1970,Boutours,"Musique,Navigation GPS,Éclairage tamisé,Conduite souple,Assistance bagages",Planner,Buea
4700,Mokolo,"Conversation,Cuisine,Éclairage tamisé,Boisson gratuite,Conduite souple,Navigation GPS,Assistance bagages,Sport,Musique,Wi-Fi gratuit,Chauffeur expérimenté",Planner,Melong
284,Bali Nyonga,"Espace de rangement,Sièges inclinables,Langue parlée,Climatisation,Ambiance chaleureuse,Conduite souple,Animaux acceptés,Silence,Sport,Connectivité,Ponctualité,Chauffeur expérimenté,Conversation,Confort,Musique,Boisson gratuite,Vue panoramique",Traveler,Kumba
1665,Meiganga,"Espace de rangement,Assistance bagages,Animaux acceptés,Vue panoramique,Musique,Silence,Chauffeur expérimenté,Conversation,Langue parlée,Sport",Traveler,Nkongsamba
4375,Mbouda,"Langue parlée,Wi-Fi gratuit,Navigation GPS,Ponctualité,Assistance bagages,Conversation,Confort,Silence,Conduite souple,Animaux acceptés,Espace de rangement",Traveler,Banga Bakundu
3268,Mbalmayo,"Sièges inclinables,Espace de rangement,Musique,Boisson gratuite,Connectivité,Navigation GPS,Éclairage tamisé,Ponctualité,Conversation,Chauffeur expérimenté,Langue parlée,Assistance bagages,Conduite souple,Silence,Cuisine,Sport,Confort,Ambiance chaleureuse,Animaux acceptés,Wi-Fi gratuit,Climatisation",Traveler,Maroua
1375,Bonanjo,"Langue parlée,Sièges inclinables,Navigation GPS,Éclairage tamisé,Ponctualité,Confort,Connectivité,Conversation,Cuisine,Musique,Animaux acceptés,Conduite souple,Vue panoramique,Silence,Wi-Fi gratuit,Espace de rangement,Ambiance chaleureuse",Planner,Yagoua
4538,Belo,"Musique,Wi-Fi gratuit,Chauffeur expérimenté",Planner,Guider
4815,Bonanjo,"Ponctualité,Ambiance chaleureuse,Chauffeur expérimenté,Conversation,Sport,Conduite souple,Éclairage tamisé,Silence,Cuisine,Musique,Navigation GPS,Climatisation,Confort,Animaux acceptés,Espace de rangement",Planner,Buea
4009,Guider,"Animaux acceptés,Boisson gratuite,Conversation,Vue panoramique,Climatisation,Navigation GPS,Silence,Éclairage tamisé",Traveler,Mora
3179,Kousseri,"Conduite souple,Espace de rangement,Animaux acceptés,Connectivité,Conversation,Sièges inclinables,Navigation GPS,Cuisine,Vue panoramique,Ponctualité,Wi-Fi gratuit,Ambiance chaleureuse,Sport,Assistance bagages,Éclairage tamisé,Langue parlée,Silence,Climatisation,Boisson gratuite",Planner,Campo
256,Batibo,"Connectivité,Wi-Fi gratuit,Animaux acceptés,Conversation,Conduite souple,Boisson gratuite,Confort,Espace de rangement,Ambiance chaleureuse,Éclairage tamisé,Navigation GPS",Traveler,Limbe
363,Yaounde,"Navigation GPS,Vue panoramique,Assistance bagages,Ponctualité,Wi-Fi gratuit,Confort,Chauffeur expérimenté,Langue parlée,Boisson gratuite,Animaux acceptés,Silence,Conduite souple,Cuisine,Sièges inclinables,Musique,Climatisation,Éclairage tamisé,Sport,Espace de rangement,Conversation,Connectivité,Ambiance chaleureuse",Planner,Belabo
3144,Garoua,"Confort,Boisson gratuite,Ponctualité,Wi-Fi gratuit,Silence,Connectivité,Animaux acceptés,Ambiance chaleureuse,Espace de rangement,Navigation GPS,Vue panoramique,Éclairage tamisé,Musique,Chauffeur expérimenté,Sport,Conduite souple,Conversation,Assistance bagages,Climatisation,Langue parlée",Traveler,Bonabéri
3699,Nkongsamba,"Musique,Espace de rangement,Conversation,Ponctualité,Connectivité,Climatisation,Ambiance chaleureuse,Silence,Éclairage tamisé,Conduite souple,Sièges inclinables,Cuisine,Navigation GPS,Vue panoramique,Langue parlée,Assistance bagages,Animaux acceptés,Wi-Fi gratuit,Chauffeur expérimenté,Boisson gratuite,Confort",Planner,Maroua
1777,Campo,"Espace de rangement,Climatisation,Connectivité,Conduite souple,Sport,Éclairage tamisé,Conversation,Musique,Vue panoramique,Chauffeur expérimenté,Langue parlée,Confort",Traveler,Bafia
3493,Bonanjo,"Animaux acceptés,Confort,Ponctualité,Langue parlée,Éclairage tamisé,Navigation GPS",Planner,Mora
4567,Meiganga,"Navigation GPS,Confort,Sièges inclinables,Vue panoramique,Animaux acceptés,Climatisation,Boisson gratuite,Silence,Conduite souple,Assistance bagages,Espace de rangement,Musique,Conversation,Wi-Fi gratuit,Langue parlée,Éclairage tamisé,Ambiance chaleureuse",Traveler,Bonanjo
379,Bafang,"Ponctualité,Vue panoramique,Animaux acceptés,Silence,Langue parlée,Sport,Chauffeur expérimenté,Navigation GPS,Climatisation,Connectivité,Sièges inclinables,Cuisine,Wi-Fi gratuit,Assistance bagages,Boisson gratuite,Conversation,Éclairage tamisé,Espace de rangement,Ambiance chaleureuse,Conduite souple",Planner,Figuif
2674,Mbanga,"Navigation GPS,Conversation,Sièges inclinables,Chauffeur expérimenté,Animaux acceptés,Silence,Langue parlée,Conduite souple,Boisson gratuite,Sport,Climatisation,Espace de rangement,Confort,Ponctualité,Vue panoramique,Connectivité,Assistance bagages",Planner,Belabo
685,Kumba,"Cuisine,Wi-Fi gratuit,Connectivité,Animaux acceptés,Navigation GPS,Sport,Conversation,Ambiance chaleureuse,Langue parlée,Assistance bagages,Espace de rangement,Musique",Planner,Bonaberi
1213,Meiganga,"Sièges inclinables,Confort,Navigation GPS,Chauffeur expérimenté,Assistance bagages,Ambiance chaleureuse,Silence,Éclairage tamisé,Cuisine,Vue panoramique,Boisson gratuite,Animaux acceptés,Connectivité,Climatisation,Musique,Conduite souple,Espace de rangement,Conversation",Traveler,Belo
4941,Bonaberi,"Chauffeur expérimenté,Sport,Boisson gratuite,Ambiance chaleureuse,Climatisation",Traveler,Gazawa
3838,Mbouda,"Chauffeur expérimenté,Conduite souple,Assistance bagages,Wi-Fi gratuit,Connectivité,Ponctualité,Climatisation,Confort,Navigation GPS,Éclairage tamisé,Boisson gratuite,Vue panoramique,Cuisine,Musique",Planner,Bogo
4405,Nkongsamba,"Animaux acceptés,Sièges inclinables,Climatisation,Connectivité,Espace de rangement,Éclairage tamisé,Conduite souple,Conversation,Assistance bagages,Sport",Planner,Bafoussam
4853,Batibo,"Climatisation,Sport,Espace de rangement,Cuisine,Boisson gratuite,Assistance bagages,Musique,Ambiance chaleureuse,Vue panoramique,Confort",Traveler,Belo
3031,Bonanjo,"Boisson gratuite,Cuisine,Ambiance chaleureuse,Connectivité,Navigation GPS,Animaux acceptés,Assistance bagages,Éclairage tamisé,Musique,Wi-Fi gratuit,Chauffeur expérimenté,Langue parlée,Ponctualité,Silence,Vue panoramique,Climatisation,Conversation,Sièges inclinables,Sport",Planner,Mora
4372,Edéa,"Ambiance chaleureuse,Climatisation,Confort,Ponctualité,Conduite souple,Conversation,Chauffeur expérimenté,Langue parlée,Espace de rangement,Sièges inclinables,Vue panoramique,Cuisine,Connectivité",Traveler,Bandjoun
1,Kribi,"Climatisation,Sièges inclinables,Boisson gratuite",Planner,Yaounde
2018,Maroua,"Navigation GPS,Conduite souple,Ponctualité,Connectivité,Cuisine,Silence,Vue panoramique,Musique",Traveler,Batibo
1014,Muyuka,"Cuisine,Vue panoramique,Sport,Confort,Musique,Climatisation,Wi-Fi gratuit,Assistance bagages,Navigation GPS,Ambiance chaleureuse,Ponctualité,Langue parlée",Planner,Bimbia
2574,Mbalmayo,"Connectivité,Vue panoramique",Planner,Muyuka
3811,Batibo,"Chauffeur expérimenté,Animaux acceptés,Boisson gratuite,Silence,Wi-Fi gratuit,Ambiance chaleureuse,Sièges inclinables,Éclairage tamisé,Langue parlée,Conduite souple,Connectivité,Confort",Traveler,Nkongsamba
1831,Fontem,"Conversation,Wi-Fi gratuit,Musique,Vue panoramique,Assistance bagages,Sport,Ponctualité",Traveler,Bogo
1692,Buea,"Sièges inclinables,Conduite souple,Chauffeur expérimenté,Éclairage tamisé,Confort,Navigation GPS,Langue parlée,Musique,Silence,Assistance bagages,Animaux acceptés,Ponctualité,Wi-Fi gratuit,Connectivité,Ambiance chaleureuse,Espace de rangement,Conversation,Cuisine,Climatisation,Sport",Planner,Guider
4277,Bimbia,"Espace de rangement,Cuisine,Ponctualité,Sièges inclinables,Connectivité,Conversation,Conduite souple,Assistance bagages,Sport,Confort,Chauffeur expérimenté,Boisson gratuite,Silence,Animaux acceptés,Éclairage tamisé,Wi-Fi gratuit,Musique",Planner,Kousseri
3479,Mbanga,"Cuisine,Navigation GPS,Langue parlée,Éclairage tamisé,Espace de rangement,Chauffeur expérimenté,Conversation,Ponctualité,Sport,Ambiance chaleureuse,Confort",Traveler,Dibombari
3342,Bali,"Conduite souple,Cuisine,Conversation,Confort,Navigation GPS,Langue parlée,Wi-Fi gratuit,Sport,Éclairage tamisé,Connectivité,Vue panoramique,Chauffeur expérimenté,Animaux acceptés",Traveler,Boutours
4815,Dibombari,"Sièges inclinables,Silence,Sport,Langue parlée,Éclairage tamisé,Animaux acceptés,Musique,Wi-Fi gratuit,Boisson gratuite,Conversation,Navigation GPS",Traveler,Yaounde
4785,Bonabéri,"Conversation,Ambiance chaleureuse,Wi-Fi gratuit,Confort,Langue parlée,Assistance bagages,Connectivité,Climatisation,Éclairage tamisé,Conduite souple",Traveler,Figuif
4186,Mbouda,"Wi-Fi gratuit,Ponctualité,Silence,Ambiance chaleureuse,Espace de rangement,Chauffeur expérimenté,Vue panoramique,Sièges inclinables",Planner,Mbouda
3836,Dibombari,"Animaux acceptés,Cuisine,Boisson gratuite,Silence,Conduite souple,Navigation GPS,Espace de rangement,Vue panoramique,Climatisation",Planner,Garoua
1538,Boutours,"Vue panoramique,Boisson gratuite,Musique,Conversation,Cuisine,Animaux acceptés,Silence,Wi-Fi gratuit,Climatisation,Conduite souple,Ponctualité,Éclairage tamisé,Assistance bagages,Ambiance chaleureuse,Sièges inclinables,Connectivité,Confort,Sport,Chauffeur expérimenté,Espace de rangement",Planner,Essos
3223,Bonamoussadi,"Assistance bagages,Navigation GPS,Cuisine,Boisson gratuite,Langue parlée,Confort,Ponctualité,Conversation,Wi-Fi gratuit,Silence",Traveler,Bafia
1834,Figuif,"Ponctualité,Assistance bagages,Éclairage tamisé,Musique,Conduite souple,Conversation,Connectivité,Espace de rangement,Boisson gratuite,Cuisine,Sport,Wi-Fi gratuit,Chauffeur expérimenté,Climatisation,Silence,Langue parlée",Planner,Dibombari
313,Nanga-Eboko,"Sport,Langue parlée,Conduite souple",Traveler,Garoua
4619,Bertoua,"Animaux acceptés,Conduite souple,Musique,Éclairage tamisé,Vue panoramique,Assistance bagages,Sport,Espace de rangement,Climatisation,Cuisine,Ambiance chaleureuse,Sièges inclinables,Confort,Silence,Conversation,Boisson gratuite,Ponctualité,Connectivité,Navigation GPS,Langue parlée,Wi-Fi gratuit",Planner,Mokolo
2168,Buea,"Espace de rangement,Sport,Chauffeur expérimenté,Connectivité,Boisson gratuite,Conduite souple,Ambiance chaleureuse,Vue panoramique,Conversation,Climatisation,Wi-Fi gratuit",Planner,Campo
4074,Bonaberi,"Chauffeur expérimenté,Conduite souple,Langue parlée,Ambiance chaleureuse,Musique,Cuisine,Connectivité,Wi-Fi gratuit,Assistance bagages,Climatisation,Animaux acceptés,Conversation,Sport,Boisson gratuite,Ponctualité,Éclairage tamisé,Sièges inclinables,Vue panoramique,Espace de rangement,Silence",Planner,Kribi
3053,Bafang,"Sport,Chauffeur expérimenté,Boisson gratuite,Confort,Conversation,Navigation GPS,Musique,Conduite souple,Climatisation,Sièges inclinables,Assistance bagages,Espace de rangement,Connectivité,Éclairage tamisé,Cuisine,Ambiance chaleureuse,Langue parlée,Animaux acceptés,Silence,Vue panoramique,Wi-Fi gratuit,Ponctualité",Planner,Gazawa
1536,Bonaberi,"Cuisine,Confort,Ambiance chaleureuse,Chauffeur expérimenté",Planner,Limbe
314,Fontem,"Conversation,Animaux acceptés,Langue parlée,Espace de rangement,Navigation GPS,Sièges inclinables,Sport,Assistance bagages,Chauffeur expérimenté,Confort,Musique,Éclairage tamisé,Boisson gratuite,Climatisation,Ambiance chaleureuse,Wi-Fi gratuit",Traveler,Bertoua
615,Meiganga,"Langue parlée,Vue panoramique,Cuisine,Climatisation,Silence,Musique,Espace de rangement,Navigation GPS,Confort,Ambiance chaleureuse,Assistance bagages,Animaux acceptés,Conduite souple,Connectivité,Boisson gratuite,Sport,Ponctualité,Sièges inclinables,Wi-Fi gratuit,Éclairage tamisé,Conversation",Traveler,Yagoua
1793,Gazawa,"Vue panoramique,Boisson gratuite,Assistance bagages,Confort,Éclairage tamisé,Silence,Animaux acceptés,Sièges inclinables,Espace de rangement,Cuisine,Wi-Fi gratuit,Langue parlée,Conduite souple,Conversation,Ambiance chaleureuse,Chauffeur expérimenté,Connectivité,Ponctualité,Climatisation,Sport",Traveler,Figuif
1708,Mbouda,"Langue parlée,Conversation,Vue panoramique,Espace de rangement,Boisson gratuite,Ponctualité,Confort,Assistance bagages",Planner,Bafoussam
4677,Meiganga,"Ambiance chaleureuse,Silence,Navigation GPS,Cuisine,Conversation,Animaux acceptés,Wi-Fi gratuit,Boisson gratuite,Connectivité,Conduite souple,Langue parlée,Climatisation,Musique,Sport,Éclairage tamisé,Vue panoramique,Espace de rangement,Confort",Planner,Meiganga
3333,Mora,"Langue parlée,Sport,Cuisine,Chauffeur expérimenté,Silence,Conversation,Ponctualité,Wi-Fi gratuit,Éclairage tamisé,Espace de rangement,Climatisation,Boisson gratuite,Musique,Vue panoramique,Sièges inclinables,Ambiance chaleureuse,Connectivité,Conduite souple",Planner,Belo
704,Mokolo,"Éclairage tamisé,Conduite souple,Musique,Boisson gratuite,Connectivité",Traveler,Mbandjock
4684,Mora,"Sport,Animaux acceptés",Planner,Fontem
1624,Mbanga,"Confort,Climatisation,Connectivité,Espace de rangement,Sièges inclinables,Animaux acceptés,Cuisine,Conversation,Chauffeur expérimenté,Conduite souple,Navigation GPS,Musique,Wi-Fi gratuit,Éclairage tamisé,Ponctualité,Vue panoramique,Boisson gratuite,Assistance bagages,Ambiance chaleureuse",Planner,Bandjoun
653,Dibombari,"Conduite souple,Climatisation,Chauffeur expérimenté,Silence,Confort,Animaux acceptés,Conversation,Langue parlée,Navigation GPS,Éclairage tamisé,Assistance bagages,Wi-Fi gratuit,Cuisine,Ambiance chaleureuse,Sport,Musique",Traveler,Bonamoussadi
1228,Kribi,"Conduite souple,Espace de rangement,Climatisation,Boisson gratuite,Wi-Fi gratuit,Connectivité,Silence,Sièges inclinables,Assistance bagages,Langue parlée",Traveler,Mora
1719,Buea,"Cuisine,Espace de rangement,Langue parlée,Chauffeur expérimenté,Assistance bagages,Musique,Conduite souple,Animaux acceptés,Conversation",Planner,Nkongsamba
3683,Mbalmayo,"Musique,Boisson gratuite,Vue panoramique,Conduite souple,Éclairage tamisé,Assistance bagages,Silence,Conversation,Wi-Fi gratuit,Navigation GPS,Espace de rangement,Ambiance chaleureuse,Connectivité",Planner,Douala
2951,Nkongsamba,"Vue panoramique,Sport",Planner,Beti
2973,Messa,"Ambiance chaleureuse,Climatisation,Boisson gratuite,Langue parlée,Wi-Fi gratuit,Connectivité,Espace de rangement",Traveler,Bertoua
2813,Kribi,"Musique,Navigation GPS,Sport,Boisson gratuite,Silence,Confort,Ambiance chaleureuse,Espace de rangement,Climatisation,Langue parlée,Wi-Fi gratuit,Animaux acceptés,Éclairage tamisé,Chauffeur expérimenté,Ponctualité,Sièges inclinables,Assistance bagages,Conversation,Conduite souple",Traveler,Mora
1167,Boutours,"Musique,Silence",Planner,Mbalmayo
3673,Bafoussam,"Chauffeur expérimenté,Wi-Fi gratuit,Éclairage tamisé,Espace de rangement,Animaux acceptés,Connectivité,Cuisine,Ambiance chaleureuse",Traveler,Buea
852,Mbanga,"Ambiance chaleureuse,Assistance bagages,Conversation,Espace de rangement,Connectivité,Sièges inclinables,Ponctualité,Chauffeur expérimenté,Confort,Sport,Wi-Fi gratuit,Conduite souple,Vue panoramique,Éclairage tamisé,Climatisation,Boisson gratuite,Silence,Animaux acceptés",Planner,Loum
4717,Bali Nyonga,"Animaux acceptés,Chauffeur expérimenté,Navigation GPS,Sport,Conduite souple,Boisson gratuite,Climatisation,Musique,Wi-Fi gratuit,Silence",Planner,Buea
790,Kumba,"Langue parlée,Vue panoramique,Confort,Climatisation,Ambiance chaleureuse,Cuisine,Silence,Musique,Assistance bagages,Sport,Wi-Fi gratuit,Ponctualité,Animaux acceptés,Chauffeur expérimenté,Conduite souple,Navigation GPS,Espace de rangement,Éclairage tamisé,Sièges inclinables,Connectivité,Conversation",Traveler,Yagoua
4581,Melong,"Ambiance chaleureuse,Langue parlée,Confort,Wi-Fi gratuit,Éclairage tamisé,Conversation,Conduite souple,Sièges inclinables,Boisson gratuite,Vue panoramique,Espace de rangement,Ponctualité,Navigation GPS,Silence,Sport,Cuisine",Traveler,Bali
4376,Bimbia,"Ambiance chaleureuse,Sièges inclinables,Espace de rangement,Wi-Fi gratuit,Conversation,Langue parlée,Boisson gratuite,Ponctualité,Connectivité,Animaux acceptés,Conduite souple,Assistance bagages,Climatisation,Confort,Chauffeur expérimenté,Silence,Vue panoramique,Cuisine,Musique",Traveler,Dibombari
593,Beti,"Musique,Vue panoramique,Boisson gratuite,Chauffeur expérimenté,Conversation,Langue parlée,Espace de rangement,Animaux acceptés,Ponctualité,Connectivité,Wi-Fi gratuit,Assistance bagages,Conduite souple,Navigation GPS,Ambiance chaleureuse,Cuisine,Confort,Éclairage tamisé,Climatisation,Sièges inclinables,Silence",Traveler,Kumba
1414,Kribi,"Wi-Fi gratuit,Climatisation,Sièges inclinables,Espace de rangement,Conversation,Ambiance chaleureuse,Silence,Chauffeur expérimenté,Boisson gratuite,Éclairage tamisé,Ponctualité,Musique,Sport,Confort,Cuisine,Navigation GPS,Animaux acceptés,Vue panoramique,Conduite souple,Connectivité,Langue parlée,Assistance bagages",Traveler,Maroua
1675,Kumba,"Connectivité,Ambiance chaleureuse,Animaux acceptés,Cuisine,Vue panoramique",Traveler,Mbanga
2435,Belabo,"Ambiance chaleureuse,Chauffeur expérimenté,Sport,Cuisine,Boisson gratuite,Langue parlée,Espace de rangement,Assistance bagages,Confort,Sièges inclinables,Navigation GPS,Musique,Vue panoramique,Climatisation,Silence,Animaux acceptés,Wi-Fi gratuit,Connectivité",Planner,Bonaberi
2967,Bertoua,"Confort,Ambiance chaleureuse,Boisson gratuite,Langue parlée,Conversation,Ponctualité,Musique,Sport,Climatisation,Conduite souple",Planner,Bafia
3306,Messa,"Éclairage tamisé,Sièges inclinables,Conversation,Assistance bagages,Connectivité,Conduite souple,Ponctualité,Vue panoramique,Chauffeur expérimenté,Boisson gratuite,Wi-Fi gratuit,Climatisation,Langue parlée,Espace de rangement,Cuisine",Planner,Mbanga
3470,Bonamoussadi,"Wi-Fi gratuit,Cuisine,Vue panoramique,Connectivité,Conduite souple,Conversation,Ambiance chaleureuse,Sièges inclinables,Éclairage tamisé,Sport,Ponctualité,Climatisation,Espace de rangement",Planner,Bafia
4792,Kousseri,"Éclairage tamisé,Ambiance chaleureuse,Espace de rangement,Connectivité,Wi-Fi gratuit,Sport,Climatisation,Langue parlée,Silence,Cuisine,Confort,Ponctualité,Musique,Vue panoramique,Sièges inclinables,Navigation GPS,Boisson gratuite,Conduite souple",Traveler,Buea
1182,Buea,"Conduite souple,Climatisation,Ambiance chaleureuse,Silence,Chauffeur expérimenté,Langue parlée,Sport,Éclairage tamisé,Confort,Vue panoramique,Sièges inclinables,Navigation GPS,Espace de rangement,Animaux acceptés,Wi-Fi gratuit,Cuisine",Planner,Bimbia
4264,Belo,"Langue parlée,Vue panoramique,Musique,Éclairage tamisé,Espace de rangement,Wi-Fi gratuit,Connectivité,Ponctualité,Confort,Ambiance chaleureuse,Conversation,Sièges inclinables,Navigation GPS,Boisson gratuite,Cuisine,Animaux acceptés,Conduite souple,Silence,Chauffeur expérimenté,Sport",Planner,Bonabéri
4047,Bonakouamouang,"Sièges inclinables,Navigation GPS,Confort,Éclairage tamisé,Espace de rangement,Langue parlée,Ponctualité,Conversation,Wi-Fi gratuit,Animaux acceptés,Sport,Ambiance chaleureuse,Climatisation,Assistance bagages,Chauffeur expérimenté,Boisson gratuite",Planner,Belo
3222,Douala,"Sport,Connectivité,Conversation,Conduite souple,Vue panoramique,Assistance bagages,Éclairage tamisé,Animaux acceptés,Sièges inclinables,Silence,Navigation GPS,Ambiance chaleureuse,Cuisine,Chauffeur expérimenté,Climatisation,Wi-Fi gratuit",Planner,Garoua
1683,Campo,"Silence,Espace de rangement,Connectivité,Ambiance chaleureuse,Éclairage tamisé,Sièges inclinables,Sport",Planner,Bonabéri
4302,Bafang,"Navigation GPS,Chauffeur expérimenté,Conduite souple,Animaux acceptés,Silence,Climatisation,Cuisine,Conversation,Sièges inclinables,Vue panoramique,Espace de rangement",Planner,Bonabéri
549,Bafang,"Espace de rangement,Sport,Silence,Cuisine,Connectivité,Conduite souple,Ponctualité",Planner,Meiganga
3850,Bali Nyonga,"Musique,Conduite souple",Traveler,Meiganga
2391,Nkongsamba,"Sport,Ponctualité,Cuisine,Ambiance chaleureuse,Connectivité,Navigation GPS,Espace de rangement,Silence,Sièges inclinables,Boisson gratuite,Animaux acceptés",Traveler,Fontem
3285,Bafia,"Ponctualité,Langue parlée,Conduite souple",Planner,Bonabéri
4492,Bonamoussadi,"Confort,Climatisation,Ambiance chaleureuse,Éclairage tamisé,Musique,Conversation,Sport,Wi-Fi gratuit,Chauffeur expérimenté",Traveler,Mbouda
2287,Bafoussam,"Ambiance chaleureuse,Silence,Cuisine,Musique,Ponctualité,Vue panoramique,Climatisation,Espace de rangement,Chauffeur expérimenté,Sièges inclinables,Confort,Conduite souple,Navigation GPS,Éclairage tamisé,Assistance bagages,Boisson gratuite",Planner,Muyuka
611,Edéa,"Animaux acceptés,Confort,Vue panoramique,Climatisation,Sièges inclinables,Navigation GPS,Conduite souple,Silence,Espace de rangement,Conversation,Assistance bagages,Musique,Boisson gratuite,Ponctualité,Sport,Wi-Fi gratuit,Éclairage tamisé",Traveler,Gazawa
2531,Messa,Chauffeur expérimenté,Traveler,Muyuka
3090,Melong,"Cuisine,Boisson gratuite,Silence,Vue panoramique,Espace de rangement,Connectivité",Traveler,Limbe
565,Mbalmayo,"Sport,Climatisation,Éclairage tamisé,Langue parlée,Navigation GPS,Assistance bagages,Confort,Ponctualité,Espace de rangement,Silence,Connectivité,Chauffeur expérimenté,Conversation,Boisson gratuite",Planner,Kumba
2285,Figuif,"Langue parlée,Chauffeur expérimenté,Climatisation,Conversation,Animaux acceptés,Éclairage tamisé,Assistance bagages,Musique,Wi-Fi gratuit,Sport,Navigation GPS,Espace de rangement",Traveler,Kumba
3669,Yagoua,"Animaux acceptés,Vue panoramique,Sièges inclinables,Chauffeur expérimenté,Wi-Fi gratuit,Boisson gratuite,Confort,Éclairage tamisé,Ponctualité,Langue parlée,Climatisation,Cuisine,Connectivité,Musique,Conversation,Silence,Sport,Espace de rangement,Conduite souple",Planner,Bonaberi
113,Mbandjock,"Cuisine,Connectivité,Vue panoramique,Boisson gratuite,Conduite souple,Sièges inclinables,Navigation GPS,Confort,Assistance bagages,Espace de rangement,Silence",Planner,Bertoua
4290,Bonaberi,"Conversation,Climatisation,Sièges inclinables,Navigation GPS,Wi-Fi gratuit,Cuisine,Musique,Connectivité,Silence,Éclairage tamisé,Confort,Ponctualité,Chauffeur expérimenté,Ambiance chaleureuse,Espace de rangement,Sport,Conduite souple,Animaux acceptés,Assistance bagages",Traveler,Bali
23,Meiganga,"Chauffeur expérimenté,Langue parlée,Sport,Boisson gratuite,Confort,Cuisine,Animaux acceptés,Ambiance chaleureuse,Conduite souple,Navigation GPS,Éclairage tamisé",Traveler,Messa
4651,Maroua,"Connectivité,Espace de rangement,Ambiance chaleureuse,Boisson gratuite,Langue parlée,Navigation GPS,Éclairage tamisé,Chauffeur expérimenté,Ponctualité,Sièges inclinables,Vue panoramique,Silence,Animaux acceptés,Climatisation,Wi-Fi gratuit,Cuisine,Assistance bagages",Traveler,Kribi
1977,Limbe,"Musique,Wi-Fi gratuit,Connectivité,Sport,Animaux acceptés,Vue panoramique,Confort,Climatisation,Conversation,Espace de rangement,Sièges inclinables,Navigation GPS,Ambiance chaleureuse,Boisson gratuite,Cuisine,Conduite souple,Silence,Chauffeur expérimenté,Assistance bagages,Ponctualité,Langue parlée",Traveler,Kumba
1609,Bonakouamouang,Conversation,Traveler,Buea
1135,Mbalmayo,"Boisson gratuite,Silence,Animaux acceptés,Sièges inclinables,Sport",Traveler,Belo
877,Bonaberi,"Sport,Espace de rangement,Éclairage tamisé,Conversation",Traveler,Kribi
4891,Mora,"Musique,Connectivité,Silence,Vue panoramique,Climatisation,Boisson gratuite,Conversation,Confort,Conduite souple",Traveler,Loum
3727,Bimbia,"Musique,Connectivité,Éclairage tamisé,Navigation GPS,Silence,Boisson gratuite,Vue panoramique,Cuisine,Conversation,Chauffeur expérimenté,Conduite souple,Animaux acceptés,Ambiance chaleureuse,Climatisation,Assistance bagages",Planner,Guider
1521,Campo,"Vue panoramique,Animaux acceptés,Climatisation,Éclairage tamisé,Chauffeur expérimenté,Musique,Ponctualité,Confort",Traveler,Kumba
1067,Buea,"Boisson gratuite,Wi-Fi gratuit,Espace de rangement,Climatisation,Conduite souple,Vue panoramique,Musique,Ponctualité,Cuisine,Confort,Ambiance chaleureuse,Langue parlée",Planner,Maroua
2044,Mutengene,"Musique,Navigation GPS,Assistance bagages,Conduite souple,Sièges inclinables,Animaux acceptés,Connectivité,Silence,Sport,Climatisation,Wi-Fi gratuit,Boisson gratuite,Chauffeur expérimenté,Conversation,Langue parlée,Espace de rangement,Cuisine,Confort,Éclairage tamisé",Traveler,Loum
805,Meiganga,"Navigation GPS,Sièges inclinables,Musique,Boisson gratuite,Climatisation,Connectivité,Chauffeur expérimenté,Éclairage tamisé,Animaux acceptés,Confort,Ambiance chaleureuse",Planner,Bafoussam
2812,Maroua,"Conduite souple,Sport,Boisson gratuite,Éclairage tamisé,Connectivité,Ambiance chaleureuse,Sièges inclinables,Confort,Cuisine,Conversation,Ponctualité,Musique,Wi-Fi gratuit,Langue parlée,Animaux acceptés,Climatisation,Espace de rangement,Navigation GPS",Traveler,Bonabéri
2959,Bonabéri,"Cuisine,Wi-Fi gratuit,Langue parlée,Espace de rangement,Assistance bagages,Connectivité,Musique,Conversation,Éclairage tamisé,Boisson gratuite,Ambiance chaleureuse,Sport,Confort,Vue panoramique,Animaux acceptés,Sièges inclinables,Ponctualité,Climatisation,Navigation GPS,Chauffeur expérimenté,Conduite souple",Traveler,Buea
2637,Mbandjock,"Ponctualité,Climatisation,Confort,Silence,Ambiance chaleureuse,Assistance bagages,Animaux acceptés,Cuisine,Conduite souple,Chauffeur expérimenté,Navigation GPS,Éclairage tamisé,Boisson gratuite,Musique,Sièges inclinables,Wi-Fi gratuit,Connectivité,Langue parlée,Conversation,Vue panoramique,Espace de rangement",Planner,Bafia
3380,Nkongsamba,"Langue parlée,Boisson gratuite,Connectivité,Silence,Sièges inclinables,Climatisation,Sport,Assistance bagages,Cuisine,Wi-Fi gratuit,Conversation,Navigation GPS,Espace de rangement,Confort,Animaux acceptés,Éclairage tamisé,Ponctualité,Conduite souple",Traveler,Limbe
3378,Gazawa,"Silence,Animaux acceptés,Espace de rangement,Vue panoramique",Planner,Mbouda
3299,Bertoua,"Boisson gratuite,Confort",Planner,Loum
1619,Bonanjo,"Éclairage tamisé,Assistance bagages,Vue panoramique,Sport,Cuisine,Musique,Confort,Espace de rangement,Conversation,Animaux acceptés,Conduite souple,Connectivité,Boisson gratuite,Navigation GPS,Ponctualité,Wi-Fi gratuit,Chauffeur expérimenté,Climatisation",Traveler,Bafang
2734,Batibo,"Assistance bagages,Chauffeur expérimenté,Climatisation,Conduite souple,Animaux acceptés,Musique,Wi-Fi gratuit,Sièges inclinables,Langue parlée",Planner,Mokolo
2316,Bafoussam,"Ponctualité,Silence,Climatisation,Animaux acceptés,Cuisine,Ambiance chaleureuse,Espace de rangement,Boisson gratuite,Sport,Vue panoramique",Traveler,Mora
2278,Mbandjock,"Climatisation,Connectivité,Langue parlée,Assistance bagages,Ponctualité,Éclairage tamisé,Animaux acceptés,Silence,Sièges inclinables,Sport,Wi-Fi gratuit",Traveler,Bonaberi
2211,Buea,"Chauffeur expérimenté,Éclairage tamisé,Ambiance chaleureuse,Cuisine,Boisson gratuite,Assistance bagages,Langue parlée,Sport,Conversation,Climatisation,Conduite souple,Confort",Traveler,Mbalmayo
2662,Kousseri,"Conduite souple,Vue panoramique,Animaux acceptés,Langue parlée,Chauffeur expérimenté,Sièges inclinables,Assistance bagages,Silence,Ponctualité,Musique",Planner,Dibombari
3806,Bafang,"Ambiance chaleureuse,Vue panoramique,Confort",Planner,Bafoussam
1151,Mbouda,"Langue parlée,Musique,Ponctualité,Connectivité,Éclairage tamisé,Cuisine,Vue panoramique,Climatisation,Chauffeur expérimenté,Silence,Navigation GPS,Conversation,Animaux acceptés,Wi-Fi gratuit,Conduite souple",Planner,Bonaberi
1111,Garoua,"Cuisine,Assistance bagages,Confort,Boisson gratuite,Conduite souple,Sport,Espace de rangement,Wi-Fi gratuit,Éclairage tamisé,Musique,Navigation GPS,Ponctualité,Chauffeur expérimenté,Silence,Climatisation",Traveler,Yaounde
2123,Batibo,"Éclairage tamisé,Espace de rangement,Assistance bagages,Conversation,Navigation GPS,Silence,Ambiance chaleureuse,Langue parlée,Connectivité,Boisson gratuite,Cuisine,Musique,Animaux acceptés,Vue panoramique,Climatisation,Ponctualité,Sièges inclinables,Wi-Fi gratuit,Chauffeur expérimenté,Sport,Conduite souple,Confort",Planner,Bafoussam
3269,Essos,"Éclairage tamisé,Cuisine,Assistance bagages,Chauffeur expérimenté,Sièges inclinables,Navigation GPS,Vue panoramique,Climatisation,Ponctualité,Conduite souple,Confort,Boisson gratuite,Conversation",Traveler,Nanga-Eboko
912,Campo,"Connectivité,Confort,Musique",Traveler,Banga Bakundu
975,Belabo,"Conversation,Silence,Sièges inclinables,Chauffeur expérimenté,Animaux acceptés,Climatisation",Planner,Limbe
842,Meiganga,"Éclairage tamisé,Climatisation,Ponctualité,Conduite souple,Assistance bagages",Planner,Bogo
74,Batibo,"Wi-Fi gratuit,Animaux acceptés,Sièges inclinables,Assistance bagages,Climatisation,Silence,Connectivité,Boisson gratuite,Espace de rangement,Éclairage tamisé,Ambiance chaleureuse,Chauffeur expérimenté,Navigation GPS,Vue panoramique,Conduite souple,Ponctualité,Cuisine,Sport",Planner,Mutengene
2812,Edéa,"Sport,Climatisation,Boisson gratuite,Musique,Navigation GPS,Éclairage tamisé,Chauffeur expérimenté,Langue parlée,Silence,Assistance bagages",Planner,Mokolo
1582,Limbe,"Ambiance chaleureuse,Silence,Boisson gratuite,Éclairage tamisé,Sport,Chauffeur expérimenté,Connectivité,Espace de rangement,Animaux acceptés,Cuisine,Assistance bagages,Climatisation,Sièges inclinables,Ponctualité,Wi-Fi gratuit,Confort,Langue parlée,Musique,Vue panoramique,Conduite souple",Traveler,Bafoussam
3628,Guider,"Cuisine,Ambiance chaleureuse,Assistance bagages,Conduite souple,Sièges inclinables,Silence,Boisson gratuite,Espace de rangement,Éclairage tamisé,Ponctualité,Vue panoramique",Traveler,Mbanga
2172,Melong,"Sport,Confort,Assistance bagages,Espace de rangement,Ponctualité,Silence",Planner,Figuif
1060,Fontem,"Sièges inclinables,Connectivité,Ponctualité,Chauffeur expérimenté,Animaux acceptés,Vue panoramique,Langue parlée,Conversation,Climatisation,Musique,Navigation GPS,Ambiance chaleureuse,Espace de rangement,Wi-Fi gratuit,Boisson gratuite,Éclairage tamisé,Confort,Sport,Cuisine,Silence,Conduite souple",Planner,Loum
684,Edéa,Vue panoramique,Traveler,Bimbia
2301,Bafang,"Boisson gratuite,Conversation,Sièges inclinables,Connectivité,Musique,Confort,Ambiance chaleureuse,Navigation GPS,Assistance bagages",Traveler,Melong
3523,Figuif,"Cuisine,Boisson gratuite,Climatisation,Musique,Assistance bagages,Animaux acceptés,Sièges inclinables,Chauffeur expérimenté,Sport,Conduite souple,Wi-Fi gratuit,Connectivité,Confort,Ambiance chaleureuse,Navigation GPS,Espace de rangement,Vue panoramique",Traveler,Dibombari
1125,Messa,"Vue panoramique,Conversation,Sièges inclinables,Assistance bagages,Wi-Fi gratuit,Confort,Silence,Animaux acceptés,Langue parlée,Connectivité,Navigation GPS,Ambiance chaleureuse",Planner,Loum
607,Guider,"Cuisine,Conversation,Sport,Navigation GPS,Chauffeur expérimenté,Climatisation",Traveler,Dibombari
2767,Bonaberi,"Animaux acceptés,Navigation GPS,Sièges inclinables,Éclairage tamisé,Ambiance chaleureuse,Espace de rangement,Conduite souple,Confort,Connectivité,Assistance bagages,Cuisine,Langue parlée,Chauffeur expérimenté,Musique,Ponctualité,Sport,Conversation,Silence",Traveler,Melong
2605,Bafang,"Wi-Fi gratuit,Conversation,Boisson gratuite,Ponctualité,Assistance bagages,Connectivité,Navigation GPS,Animaux acceptés,Cuisine,Conduite souple",Traveler,Bafang
3687,Bonabéri,"Sièges inclinables,Vue panoramique,Assistance bagages,Animaux acceptés,Éclairage tamisé,Wi-Fi gratuit,Conduite souple,Musique,Connectivité",Planner,Bonakouamouang
2507,Bafang,"Conversation,Éclairage tamisé,Wi-Fi gratuit,Espace de rangement,Vue panoramique,Musique,Assistance bagages,Boisson gratuite",Planner,Mbalmayo
4300,Meiganga,"Connectivité,Animaux acceptés,Navigation GPS,Boisson gratuite,Ambiance chaleureuse,Langue parlée,Vue panoramique,Espace de rangement,Conduite souple,Éclairage tamisé,Wi-Fi gratuit,Climatisation,Assistance bagages,Sièges inclinables,Conversation,Ponctualité,Chauffeur expérimenté,Musique,Cuisine,Confort,Sport",Traveler,Messa
3041,Bamenda,"Cuisine,Boisson gratuite,Espace de rangement",Traveler,Kumba
3395,Bafia,"Langue parlée,Wi-Fi gratuit,Conduite souple,Sièges inclinables,Boisson gratuite,Espace de rangement,Chauffeur expérimenté,Vue panoramique,Silence,Ponctualité,Cuisine,Musique,Assistance bagages,Animaux acceptés,Éclairage tamisé,Climatisation,Navigation GPS,Confort,Conversation,Ambiance chaleureuse,Sport",Traveler,Bafia
3163,Kousseri,"Vue panoramique,Climatisation,Navigation GPS,Boisson gratuite,Ponctualité",Planner,Bertoua
1462,Mbalmayo,"Wi-Fi gratuit,Sièges inclinables,Conduite souple,Sport,Animaux acceptés,Ambiance chaleureuse,Silence,Connectivité,Chauffeur expérimenté,Éclairage tamisé,Assistance bagages,Climatisation,Navigation GPS,Boisson gratuite",Traveler,Belabo
1527,Boutours,"Éclairage tamisé,Confort,Conversation,Musique,Chauffeur expérimenté,Boisson gratuite,Sport,Sièges inclinables,Vue panoramique",Traveler,Bafoussam
4700,Mutengene,"Wi-Fi gratuit,Boisson gratuite,Chauffeur expérimenté,Navigation GPS",Traveler,Kribi
576,Bogo,"Sièges inclinables,Animaux acceptés,Assistance bagages,Silence,Navigation GPS,Sport",Traveler,Douala
2959,Buea,"Vue panoramique,Conversation,Sièges inclinables,Wi-Fi gratuit,Boisson gratuite,Musique,Ponctualité",Traveler,Bafang
2417,Bonanjo,"Musique,Assistance bagages,Boisson gratuite",Traveler,Bafang
3383,Bertoua,"Navigation GPS,Éclairage tamisé,Assistance bagages,Conduite souple,Vue panoramique,Climatisation,Chauffeur expérimenté,Confort,Sièges inclinables,Ambiance chaleureuse,Conversation,Connectivité,Ponctualité,Musique,Cuisine,Animaux acceptés,Silence,Boisson gratuite,Espace de rangement,Sport,Wi-Fi gratuit,Langue parlée",Planner,Belo
55,Kribi,Confort,Planner,Belabo
4928,Mutengene,"Musique,Espace de rangement,Confort",Planner,Bali Nyonga
1478,Bonanjo,"Vue panoramique,Cuisine,Boisson gratuite,Conversation,Animaux acceptés,Navigation GPS,Langue parlée,Éclairage tamisé,Musique,Ponctualité,Espace de rangement,Chauffeur expérimenté,Ambiance chaleureuse,Wi-Fi gratuit,Conduite souple,Silence,Sport,Connectivité,Climatisation,Assistance bagages",Traveler,Limbe
3695,Nanga-Eboko,"Assistance bagages,Chauffeur expérimenté,Cuisine,Confort,Conduite souple,Éclairage tamisé,Animaux acceptés,Conversation,Sport,Ponctualité,Wi-Fi gratuit,Connectivité,Ambiance chaleureuse,Vue panoramique,Silence,Musique,Climatisation,Navigation GPS,Langue parlée,Espace de rangement,Boisson gratuite",Traveler,Yaounde
3540,Dibombari,"Espace de rangement,Sport,Ponctualité,Vue panoramique,Chauffeur expérimenté,Ambiance chaleureuse,Assistance bagages,Confort,Navigation GPS,Éclairage tamisé,Boisson gratuite",Traveler,Douala
1434,Gazawa,"Chauffeur expérimenté,Langue parlée,Animaux acceptés,Espace de rangement,Vue panoramique,Ponctualité,Navigation GPS,Sièges inclinables,Éclairage tamisé,Cuisine,Boisson gratuite,Assistance bagages,Conduite souple,Conversation,Climatisation,Ambiance chaleureuse,Confort,Silence,Sport,Connectivité",Traveler,Guider
3918,Mbalmayo,"Assistance bagages,Chauffeur expérimenté,Sièges inclinables,Animaux acceptés,Ponctualité,Vue panoramique,Silence,Espace de rangement,Connectivité,Musique,Boisson gratuite",Planner,Bertoua
868,Edéa,"Langue parlée,Ponctualité,Climatisation,Conduite souple,Sport,Ambiance chaleureuse,Wi-Fi gratuit,Cuisine,Sièges inclinables,Silence,Musique,Conversation,Connectivité,Espace de rangement,Vue panoramique,Confort",Traveler,Melong
730,Belo,"Chauffeur expérimenté,Silence,Confort,Navigation GPS,Climatisation,Ambiance chaleureuse,Conduite souple",Planner,Campo
957,Mutengene,"Climatisation,Conversation,Connectivité,Langue parlée,Sport,Navigation GPS,Espace de rangement,Conduite souple,Ponctualité,Animaux acceptés,Sièges inclinables,Confort,Wi-Fi gratuit,Cuisine,Chauffeur expérimenté,Éclairage tamisé,Vue panoramique,Musique,Assistance bagages",Planner,Kousseri
3155,Edéa,"Climatisation,Boisson gratuite,Ponctualité,Chauffeur expérimenté,Animaux acceptés,Sièges inclinables,Navigation GPS,Connectivité,Langue parlée,Conversation,Sport,Wi-Fi gratuit,Musique",Traveler,Essos
3475,Meiganga,"Boisson gratuite,Ponctualité,Climatisation,Conduite souple,Espace de rangement,Ambiance chaleureuse,Connectivité,Silence,Sport,Musique,Wi-Fi gratuit,Conversation,Cuisine,Langue parlée,Confort,Éclairage tamisé",Traveler,Campo
2228,Yagoua,"Boisson gratuite,Éclairage tamisé,Sièges inclinables,Navigation GPS,Cuisine,Vue panoramique,Chauffeur expérimenté,Wi-Fi gratuit,Sport,Musique,Animaux acceptés,Connectivité,Conversation,Conduite souple,Climatisation,Ponctualité,Silence,Assistance bagages,Espace de rangement,Confort,Ambiance chaleureuse,Langue parlée",Traveler,Boutours
3850,Kumba,Wi-Fi gratuit,Traveler,Bonakouamouang
4317,Edéa,Espace de rangement,Planner,Buea
5000,Belabo,"Sport,Sièges inclinables,Climatisation,Chauffeur expérimenté,Langue parlée,Conversation,Animaux acceptés,Assistance bagages,Éclairage tamisé,Confort,Silence,Cuisine,Conduite souple,Ambiance chaleureuse,Musique,Connectivité,Vue panoramique,Ponctualité,Navigation GPS",Traveler,Bandjoun
4222,Bafoussam,"Animaux acceptés,Navigation GPS,Silence,Musique,Vue panoramique",Traveler,Bonakouamouang
4651,Bertoua,"Ponctualité,Espace de rangement,Wi-Fi gratuit,Conversation,Éclairage tamisé,Connectivité,Climatisation,Ambiance chaleureuse,Conduite souple,Musique,Animaux acceptés,Chauffeur expérimenté,Boisson gratuite,Navigation GPS,Sièges inclinables,Cuisine",Planner,Yagoua
2699,Mbandjock,"Navigation GPS,Conversation,Musique,Chauffeur expérimenté,Wi-Fi gratuit,Assistance bagages,Silence,Vue panoramique",Planner,Bonakouamouang
3217,Bali,"Conduite souple,Langue parlée,Espace de rangement,Vue panoramique,Conversation,Ambiance chaleureuse,Ponctualité,Confort,Cuisine,Musique,Sièges inclinables,Wi-Fi gratuit,Connectivité,Animaux acceptés,Chauffeur expérimenté",Traveler,Bafoussam
3610,Kumba,"Conversation,Éclairage tamisé,Espace de rangement",Traveler,Nkongsamba
2359,Nkongsamba,"Vue panoramique,Sièges inclinables,Espace de rangement,Climatisation,Boisson gratuite,Conduite souple,Cuisine,Musique,Connectivité,Navigation GPS,Ambiance chaleureuse,Sport,Chauffeur expérimenté,Éclairage tamisé,Animaux acceptés,Silence,Assistance bagages,Confort,Wi-Fi gratuit,Conversation",Planner,Limbe
3892,Mbalmayo,"Espace de rangement,Conduite souple,Conversation,Ambiance chaleureuse,Sport,Musique,Cuisine,Chauffeur expérimenté,Confort,Silence,Assistance bagages,Langue parlée",Traveler,Dibombari
2732,Bandjoun,"Langue parlée,Conversation,Animaux acceptés,Éclairage tamisé,Cuisine,Conduite souple,Assistance bagages,Connectivité",Planner,Mbandjock
2964,Maroua,"Silence,Wi-Fi gratuit,Climatisation,Conduite souple,Assistance bagages,Langue parlée,Chauffeur expérimenté,Sièges inclinables,Confort,Ponctualité,Éclairage tamisé,Sport,Musique,Espace de rangement,Ambiance chaleureuse,Navigation GPS,Conversation,Boisson gratuite,Animaux acceptés,Vue panoramique,Cuisine",Planner,Beti
2638,Mbandjock,"Connectivité,Wi-Fi gratuit",Traveler,Limbe
2567,Bonamoussadi,"Langue parlée,Musique,Confort,Espace de rangement,Conduite souple,Boisson gratuite",Traveler,Garoua
3694,Mokolo,"Conversation,Connectivité,Éclairage tamisé,Assistance bagages,Ponctualité,Cuisine,Climatisation,Chauffeur expérimenté,Langue parlée,Ambiance chaleureuse,Animaux acceptés,Conduite souple,Espace de rangement,Navigation GPS,Boisson gratuite,Sport",Planner,Mbalmayo
3990,Melong,"Éclairage tamisé,Boisson gratuite,Climatisation,Sièges inclinables,Conversation,Chauffeur expérimenté,Wi-Fi gratuit,Conduite souple,Langue parlée,Vue panoramique,Confort,Silence,Musique,Ambiance chaleureuse,Navigation GPS,Assistance bagages,Connectivité,Cuisine,Animaux acceptés,Ponctualité,Sport",Traveler,Yaounde
1221,Mbanga,"Sport,Espace de rangement,Navigation GPS",Planner,Melong
950,Buea,Espace de rangement,Planner,Nkongsamba
4404,Mokolo,"Conversation,Espace de rangement,Sièges inclinables,Boisson gratuite",Planner,Kribi
2608,Bimbia,"Langue parlée,Boisson gratuite,Sport,Musique,Silence,Cuisine,Connectivité,Conversation,Ambiance chaleureuse,Vue panoramique,Climatisation,Wi-Fi gratuit,Sièges inclinables,Espace de rangement,Ponctualité",Traveler,Belabo
1874,Maroua,"Assistance bagages,Ponctualité,Sièges inclinables,Animaux acceptés,Climatisation,Chauffeur expérimenté,Vue panoramique,Confort,Silence,Espace de rangement,Navigation GPS,Connectivité,Éclairage tamisé,Conversation,Wi-Fi gratuit,Langue parlée,Musique,Sport,Conduite souple,Ambiance chaleureuse,Boisson gratuite,Cuisine",Traveler,Essos
491,Nanga-Eboko,"Ambiance chaleureuse,Navigation GPS,Boisson gratuite",Traveler,Dibombari
4522,Garoua,"Conduite souple,Langue parlée,Éclairage tamisé,Animaux acceptés,Ponctualité,Confort,Sport,Ambiance chaleureuse,Wi-Fi gratuit,Boisson gratuite,Climatisation,Vue panoramique,Musique,Espace de rangement,Connectivité,Chauffeur expérimenté,Sièges inclinables",Traveler,Mora
1510,Bonanjo,"Conversation,Boisson gratuite,Cuisine,Sport,Espace de rangement,Musique,Langue parlée,Animaux acceptés,Chauffeur expérimenté,Sièges inclinables,Ambiance chaleureuse,Connectivité,Climatisation,Wi-Fi gratuit,Vue panoramique,Assistance bagages",Planner,Guider
4414,Messa,"Vue panoramique,Éclairage tamisé,Ponctualité,Conversation,Musique,Conduite souple,Sièges inclinables,Confort,Sport",Planner,Mora
2666,Batibo,"Vue panoramique,Conversation,Éclairage tamisé,Chauffeur expérimenté,Ponctualité,Boisson gratuite,Langue parlée,Silence,Animaux acceptés,Sièges inclinables,Conduite souple",Planner,Melong
2695,Loum,"Conduite souple,Langue parlée,Sport,Connectivité",Traveler,Belo
227,Dibombari,"Navigation GPS,Langue parlée,Conduite souple",Planner,Bertoua
1027,Bandjoun,"Vue panoramique,Conduite souple,Confort,Boisson gratuite,Silence,Espace de rangement,Animaux acceptés,Musique,Connectivité",Planner,Batibo
4716,Essos,"Espace de rangement,Animaux acceptés,Silence,Conduite souple,Sport,Connectivité,Langue parlée,Conversation,Wi-Fi gratuit,Ponctualité,Cuisine,Chauffeur expérimenté,Éclairage tamisé,Climatisation,Navigation GPS,Ambiance chaleureuse,Sièges inclinables",Planner,Kumba
334,Kribi,"Climatisation,Silence,Wi-Fi gratuit,Vue panoramique,Connectivité,Assistance bagages,Conversation,Boisson gratuite,Éclairage tamisé",Planner,Mbouda
1704,Dibombari,"Silence,Sièges inclinables,Conduite souple,Ponctualité,Cuisine,Confort,Musique,Chauffeur expérimenté",Planner,Loum
211,Campo,"Conduite souple,Chauffeur expérimenté,Langue parlée,Boisson gratuite,Confort,Silence,Climatisation,Navigation GPS,Ambiance chaleureuse,Sièges inclinables,Conversation,Cuisine,Ponctualité,Éclairage tamisé,Sport,Animaux acceptés,Espace de rangement,Connectivité,Assistance bagages",Traveler,Guider
1277,Bertoua,"Conversation,Confort,Sièges inclinables,Musique,Ponctualité,Conduite souple,Assistance bagages,Cuisine,Vue panoramique,Climatisation,Connectivité,Sport,Animaux acceptés,Boisson gratuite,Navigation GPS,Langue parlée,Éclairage tamisé",Traveler,Dibombari
3628,Bimbia,"Wi-Fi gratuit,Éclairage tamisé,Chauffeur expérimenté,Conversation,Espace de rangement,Ponctualité,Climatisation,Vue panoramique,Navigation GPS,Sièges inclinables,Cuisine,Silence",Planner,Batibo
4474,Muyuka,"Conversation,Connectivité,Confort,Sport",Planner,Mokolo
3285,Messa,"Conversation,Animaux acceptés,Éclairage tamisé,Langue parlée,Ambiance chaleureuse,Cuisine,Ponctualité,Sièges inclinables,Confort",Traveler,Kumba
3891,Bandjoun,"Langue parlée,Assistance bagages,Confort,Espace de rangement,Conversation,Éclairage tamisé,Wi-Fi gratuit,Navigation GPS,Connectivité,Cuisine,Silence,Chauffeur expérimenté,Sièges inclinables,Boisson gratuite,Musique,Vue panoramique,Conduite souple,Animaux acceptés,Sport,Ponctualité,Climatisation,Ambiance chaleureuse",Traveler,Bogo
4028,Dibombari,Ponctualité,Traveler,Boutours
2707,Mutengene,"Assistance bagages,Wi-Fi gratuit,Éclairage tamisé,Chauffeur expérimenté,Connectivité,Animaux acceptés,Sport,Musique,Sièges inclinables,Silence,Boisson gratuite,Navigation GPS,Langue parlée,Ponctualité,Cuisine",Traveler,Bertoua
3276,Bafang,"Cuisine,Espace de rangement,Wi-Fi gratuit",Traveler,Bonabéri
228,Loum,"Navigation GPS,Confort,Éclairage tamisé,Ponctualité",Planner,Kumba
1977,Guider,"Conduite souple,Assistance bagages,Ponctualité,Chauffeur expérimenté,Musique,Wi-Fi gratuit,Vue panoramique,Sport",Planner,Nkongsamba
763,Bonakouamouang,"Sport,Espace de rangement,Éclairage tamisé,Silence,Cuisine,Langue parlée,Wi-Fi gratuit,Climatisation,Chauffeur expérimenté,Sièges inclinables,Navigation GPS,Assistance bagages,Musique,Vue panoramique,Ambiance chaleureuse,Confort,Animaux acceptés",Traveler,Edéa
1928,Boutours,"Animaux acceptés,Confort,Climatisation,Sport,Espace de rangement,Ambiance chaleureuse,Chauffeur expérimenté,Musique,Assistance bagages,Éclairage tamisé,Conversation,Navigation GPS,Conduite souple,Langue parlée,Boisson gratuite,Connectivité,Wi-Fi gratuit,Silence,Cuisine,Ponctualité",Traveler,Bertoua
1948,Belabo,"Éclairage tamisé,Langue parlée,Sport,Sièges inclinables,Climatisation,Boisson gratuite,Espace de rangement,Cuisine,Chauffeur expérimenté,Conversation,Connectivité,Ambiance chaleureuse,Animaux acceptés,Navigation GPS,Vue panoramique,Musique,Conduite souple,Assistance bagages,Wi-Fi gratuit,Ponctualité,Silence,Confort",Planner,Mbanga
870,Bafia,"Conversation,Connectivité,Ambiance chaleureuse,Ponctualité,Sièges inclinables,Wi-Fi gratuit,Espace de rangement,Animaux acceptés,Boisson gratuite,Conduite souple,Éclairage tamisé,Silence,Langue parlée",Planner,Bonabéri
4445,Kribi,"Conduite souple,Sièges inclinables,Assistance bagages,Ambiance chaleureuse,Animaux acceptés,Ponctualité,Navigation GPS,Climatisation,Espace de rangement,Langue parlée,Musique,Silence,Confort,Vue panoramique,Conversation,Connectivité,Cuisine,Sport,Wi-Fi gratuit,Éclairage tamisé",Planner,Mora
3439,Mutengene,"Cuisine,Silence,Wi-Fi gratuit,Espace de rangement,Navigation GPS,Confort,Langue parlée,Animaux acceptés,Ambiance chaleureuse,Assistance bagages,Ponctualité,Boisson gratuite,Connectivité,Climatisation,Conduite souple,Conversation,Sport,Vue panoramique,Musique,Chauffeur expérimenté,Sièges inclinables,Éclairage tamisé",Traveler,Bertoua
2012,Bonabéri,"Cuisine,Assistance bagages,Climatisation,Ambiance chaleureuse,Sièges inclinables,Wi-Fi gratuit,Conduite souple,Silence,Musique,Navigation GPS",Planner,Batibo
2307,Fontem,"Conduite souple,Cuisine,Connectivité,Conversation,Climatisation,Musique,Vue panoramique,Wi-Fi gratuit,Chauffeur expérimenté,Silence,Assistance bagages,Éclairage tamisé,Sièges inclinables,Confort,Animaux acceptés,Sport,Langue parlée,Navigation GPS,Espace de rangement,Ambiance chaleureuse,Ponctualité,Boisson gratuite",Planner,Belo
2212,Bamenda,"Sièges inclinables,Musique,Cuisine,Navigation GPS,Animaux acceptés,Wi-Fi gratuit,Ambiance chaleureuse,Ponctualité,Conduite souple,Assistance bagages,Confort,Conversation",Traveler,Boutours
395,Bertoua,"Climatisation,Vue panoramique,Langue parlée,Conduite souple",Traveler,Mbanga
426,Meiganga,"Ambiance chaleureuse,Conversation,Conduite souple,Navigation GPS,Sport,Cuisine,Boisson gratuite,Langue parlée,Espace de rangement,Éclairage tamisé,Wi-Fi gratuit,Assistance bagages,Musique,Confort,Animaux acceptés,Vue panoramique",Planner,Banga Bakundu
4248,Gazawa,"Chauffeur expérimenté,Wi-Fi gratuit,Connectivité,Sport,Navigation GPS,Vue panoramique,Ambiance chaleureuse,Sièges inclinables,Cuisine,Assistance bagages,Éclairage tamisé,Boisson gratuite,Ponctualité,Musique",Traveler,Yagoua
4648,Beti,"Sièges inclinables,Vue panoramique,Conversation,Boisson gratuite,Chauffeur expérimenté,Climatisation,Navigation GPS,Assistance bagages,Cuisine,Connectivité,Éclairage tamisé,Musique,Espace de rangement",Planner,Buea
2810,Limbe,"Sport,Connectivité,Cuisine,Chauffeur expérimenté,Silence,Wi-Fi gratuit,Boisson gratuite,Éclairage tamisé,Sièges inclinables,Espace de rangement,Navigation GPS,Confort,Assistance bagages,Ponctualité,Conversation",Planner,Mbouda
1978,Maroua,"Langue parlée,Confort,Climatisation,Navigation GPS,Sport,Ambiance chaleureuse,Boisson gratuite",Planner,Mutengene
963,Melong,"Sièges inclinables,Langue parlée,Sport,Boisson gratuite,Musique,Vue panoramique,Animaux acceptés,Ponctualité,Conduite souple,Conversation,Espace de rangement,Ambiance chaleureuse,Assistance bagages,Chauffeur expérimenté,Navigation GPS,Silence,Wi-Fi gratuit,Confort",Planner,Batibo
1292,Guider,"Conversation,Musique,Climatisation,Sièges inclinables,Chauffeur expérimenté,Silence,Confort,Assistance bagages,Éclairage tamisé,Ponctualité,Connectivité,Wi-Fi gratuit,Cuisine",Traveler,Beti
3706,Bonakouamouang,"Connectivité,Confort",Traveler,Mbalmayo
890,Essos,"Wi-Fi gratuit,Langue parlée,Sièges inclinables,Musique,Vue panoramique,Assistance bagages,Ambiance chaleureuse,Climatisation,Silence,Éclairage tamisé",Traveler,Bonabéri
3682,Mbandjock,"Éclairage tamisé,Ambiance chaleureuse,Navigation GPS,Vue panoramique,Climatisation,Connectivité,Assistance bagages,Espace de rangement,Conversation,Sièges inclinables,Conduite souple,Musique,Boisson gratuite,Confort,Langue parlée",Planner,Nanga-Eboko
1401,Mora,"Conduite souple,Vue panoramique,Chauffeur expérimenté,Sport,Éclairage tamisé,Confort,Silence,Ponctualité,Ambiance chaleureuse,Musique,Langue parlée,Connectivité,Navigation GPS",Traveler,Bamenda
2344,Edéa,Conversation,Traveler,Beti
829,Bonaberi,"Conversation,Animaux acceptés,Wi-Fi gratuit,Boisson gratuite,Assistance bagages,Confort",Traveler,Bonaberi
3709,Fontem,"Cuisine,Chauffeur expérimenté",Traveler,Bonakouamouang
3695,Bonaberi,"Langue parlée,Connectivité,Silence,Boisson gratuite,Musique,Sièges inclinables,Espace de rangement,Conduite souple,Cuisine,Vue panoramique,Ponctualité",Planner,Bonakouamouang
366,Mokolo,"Musique,Assistance bagages,Ambiance chaleureuse,Ponctualité,Conversation,Sport,Confort",Planner,Campo
1499,Bonanjo,"Boisson gratuite,Confort,Climatisation,Conduite souple,Silence,Ponctualité,Connectivité,Espace de rangement,Assistance bagages,Sièges inclinables,Wi-Fi gratuit,Éclairage tamisé,Langue parlée,Cuisine,Sport,Animaux acceptés,Conversation,Musique",Traveler,Bonaberi
935,Bafang,"Boisson gratuite,Éclairage tamisé,Confort,Climatisation,Espace de rangement,Langue parlée,Sièges inclinables",Traveler,Bafia
3944,Gazawa,"Boisson gratuite,Sièges inclinables,Musique,Cuisine,Chauffeur expérimenté,Assistance bagages,Ambiance chaleureuse,Ponctualité,Vue panoramique,Connectivité,Conduite souple,Espace de rangement,Wi-Fi gratuit,Silence",Traveler,Douala
2623,Garoua,"Navigation GPS,Confort,Ponctualité,Conduite souple,Assistance bagages,Connectivité,Vue panoramique,Musique,Espace de rangement,Wi-Fi gratuit,Sport,Climatisation",Traveler,Mokolo
3529,Bafoussam,"Boisson gratuite,Chauffeur expérimenté,Navigation GPS,Animaux acceptés,Sport,Langue parlée,Musique,Ambiance chaleureuse,Éclairage tamisé,Ponctualité,Cuisine",Planner,Bafang
3747,Bonaberi,"Navigation GPS,Confort,Conversation,Sport,Ponctualité,Animaux acceptés,Assistance bagages,Espace de rangement,Silence,Sièges inclinables,Vue panoramique,Langue parlée,Wi-Fi gratuit,Éclairage tamisé,Climatisation,Boisson gratuite,Conduite souple,Chauffeur expérimenté,Cuisine,Ambiance chaleureuse,Connectivité,Musique",Planner,Garoua
536,Nanga-Eboko,"Silence,Sport,Vue panoramique,Ponctualité,Climatisation,Ambiance chaleureuse,Boisson gratuite,Musique,Confort,Conduite souple,Animaux acceptés",Traveler,Bafang
2653,Banga Bakundu,"Boisson gratuite,Cuisine,Animaux acceptés,Navigation GPS",Planner,Belabo
1829,Limbe,"Sièges inclinables,Vue panoramique,Conversation,Conduite souple,Boisson gratuite,Éclairage tamisé,Sport,Chauffeur expérimenté,Wi-Fi gratuit,Ambiance chaleureuse,Ponctualité,Cuisine,Navigation GPS,Connectivité,Confort,Espace de rangement,Animaux acceptés,Langue parlée,Assistance bagages,Climatisation,Silence,Musique",Planner,Mbouda
4195,Kribi,"Vue panoramique,Sport,Assistance bagages,Wi-Fi gratuit",Traveler,Belabo
3309,Belo,"Langue parlée,Espace de rangement,Cuisine,Wi-Fi gratuit,Animaux acceptés,Vue panoramique,Conversation,Connectivité,Éclairage tamisé,Sièges inclinables,Navigation GPS,Climatisation,Boisson gratuite,Conduite souple,Ponctualité,Musique,Chauffeur expérimenté,Sport,Ambiance chaleureuse,Assistance bagages,Confort",Planner,Gazawa
2804,Meiganga,"Ambiance chaleureuse,Silence,Vue panoramique",Planner,Douala
2556,Bandjoun,"Sièges inclinables,Espace de rangement,Assistance bagages,Connectivité,Éclairage tamisé,Sport,Conversation,Musique,Boisson gratuite,Ponctualité,Conduite souple",Planner,Nanga-Eboko
2955,Yaounde,"Chauffeur expérimenté,Conversation,Assistance bagages,Vue panoramique,Langue parlée,Éclairage tamisé,Conduite souple,Ambiance chaleureuse,Animaux acceptés,Sièges inclinables,Boisson gratuite,Silence,Wi-Fi gratuit,Navigation GPS,Espace de rangement,Cuisine,Ponctualité,Musique,Connectivité,Climatisation,Sport,Confort",Traveler,Mutengene
2769,Belo,"Animaux acceptés,Assistance bagages,Silence,Confort,Wi-Fi gratuit,Ambiance chaleureuse,Langue parlée,Connectivité,Boisson gratuite,Sport,Musique,Sièges inclinables,Cuisine,Conduite souple,Climatisation,Conversation,Ponctualité",Planner,Messa
3361,Nkongsamba,"Animaux acceptés,Boisson gratuite,Conversation,Espace de rangement",Planner,Gazawa
2893,Bali,"Connectivité,Confort,Assistance bagages,Sièges inclinables,Silence,Vue panoramique",Traveler,Mokolo
2288,Muyuka,"Conduite souple,Wi-Fi gratuit,Sport,Assistance bagages,Boisson gratuite,Conversation,Musique,Vue panoramique",Traveler,Mokolo
2691,Belo,"Chauffeur expérimenté,Climatisation,Vue panoramique,Confort",Traveler,Bonamoussadi
4952,Mbalmayo,Langue parlée,Traveler,Bertoua
4531,Muyuka,"Wi-Fi gratuit,Ponctualité,Boisson gratuite,Connectivité,Sièges inclinables,Chauffeur expérimenté,Navigation GPS,Espace de rangement,Animaux acceptés,Sport,Ambiance chaleureuse,Climatisation,Langue parlée,Conversation,Musique,Confort,Éclairage tamisé,Conduite souple,Cuisine,Silence",Traveler,Bafia
3155,Bonakouamouang,"Animaux acceptés,Conversation,Musique,Éclairage tamisé,Chauffeur expérimenté,Confort,Espace de rangement,Vue panoramique,Sport,Connectivité",Planner,Garoua
1670,Bafia,"Ponctualité,Ambiance chaleureuse,Navigation GPS,Climatisation,Confort,Wi-Fi gratuit",Traveler,Buea
726,Bali,"Musique,Langue parlée,Navigation GPS",Planner,Bonamoussadi
238,Maroua,"Musique,Éclairage tamisé,Ambiance chaleureuse,Sport,Animaux acceptés,Confort,Boisson gratuite",Planner,Melong
172,Bertoua,"Confort,Musique,Éclairage tamisé,Espace de rangement,Langue parlée",Traveler,Meiganga
4741,Essos,"Sport,Boisson gratuite,Confort",Planner,Bafoussam
1216,Bandjoun,"Chauffeur expérimenté,Espace de rangement",Traveler,Bogo
3688,Banga Bakundu,"Cuisine,Connectivité,Climatisation,Conversation,Ponctualité,Silence,Conduite souple,Espace de rangement,Éclairage tamisé",Planner,Buea
4902,Mbalmayo,"Climatisation,Assistance bagages",Traveler,Batibo
4438,Belabo,"Navigation GPS,Éclairage tamisé,Sièges inclinables,Connectivité,Chauffeur expérimenté,Confort,Wi-Fi gratuit,Animaux acceptés,Silence",Traveler,Bafang
4706,Mbandjock,Espace de rangement,Traveler,Bafoussam
3601,Kousseri,"Ambiance chaleureuse,Climatisation,Connectivité,Éclairage tamisé,Sport,Espace de rangement,Langue parlée",Traveler,Mutengene
604,Dibombari,"Climatisation,Conduite souple,Espace de rangement,Chauffeur expérimenté,Sièges inclinables,Vue panoramique,Boisson gratuite,Ponctualité",Traveler,Garoua
2082,Belo,"Confort,Assistance bagages,Chauffeur expérimenté,Musique,Sport,Climatisation,Ambiance chaleureuse,Connectivité,Cuisine,Wi-Fi gratuit,Sièges inclinables,Boisson gratuite,Vue panoramique,Espace de rangement,Animaux acceptés",Planner,Belo
1642,Muyuka,"Silence,Éclairage tamisé,Conversation,Chauffeur expérimenté,Langue parlée,Navigation GPS,Cuisine,Espace de rangement,Animaux acceptés,Assistance bagages,Ambiance chaleureuse,Musique,Climatisation,Conduite souple,Wi-Fi gratuit,Ponctualité,Sièges inclinables",Traveler,Figuif
3702,Buea,"Chauffeur expérimenté,Cuisine,Vue panoramique,Éclairage tamisé,Climatisation,Navigation GPS,Animaux acceptés,Wi-Fi gratuit,Espace de rangement,Sièges inclinables,Langue parlée",Planner,Bonabéri
3252,Bimbia,"Climatisation,Connectivité,Sièges inclinables,Sport,Assistance bagages,Ponctualité,Animaux acceptés,Vue panoramique,Wi-Fi gratuit",Traveler,Yagoua
1770,Beti,"Animaux acceptés,Espace de rangement,Connectivité,Ambiance chaleureuse,Éclairage tamisé,Langue parlée,Musique,Assistance bagages,Sport,Conversation",Traveler,Bonabéri
4514,Buea,"Espace de rangement,Sièges inclinables,Climatisation,Navigation GPS,Conduite souple,Ambiance chaleureuse,Conversation,Cuisine,Ponctualité,Confort,Wi-Fi gratuit,Animaux acceptés,Vue panoramique,Assistance bagages,Langue parlée",Planner,Gazawa
4628,Bertoua,"Navigation GPS,Chauffeur expérimenté,Sièges inclinables,Conduite souple,Connectivité,Cuisine,Langue parlée,Éclairage tamisé,Assistance bagages,Silence,Musique,Ponctualité,Espace de rangement,Boisson gratuite,Climatisation,Ambiance chaleureuse,Animaux acceptés,Conversation,Wi-Fi gratuit,Confort",Planner,Mbandjock
1682,Mbouda,"Animaux acceptés,Sport,Sièges inclinables,Vue panoramique,Conduite souple,Musique,Espace de rangement,Chauffeur expérimenté,Assistance bagages,Éclairage tamisé",Traveler,Bertoua
2959,Mokolo,"Sièges inclinables,Vue panoramique,Ambiance chaleureuse,Cuisine,Musique,Espace de rangement,Silence,Ponctualité,Éclairage tamisé,Connectivité,Wi-Fi gratuit,Conversation,Navigation GPS,Conduite souple,Confort,Boisson gratuite,Sport,Assistance bagages,Climatisation,Chauffeur expérimenté,Langue parlée",Planner,Boutours
4554,Bafang,"Langue parlée,Conduite souple,Confort,Sièges inclinables,Cuisine,Musique,Assistance bagages,Chauffeur expérimenté,Ambiance chaleureuse,Wi-Fi gratuit",Planner,Mbandjock
3019,Yaounde,"Ambiance chaleureuse,Boisson gratuite,Langue parlée",Planner,Limbe
3060,Bimbia,"Espace de rangement,Connectivité,Sièges inclinables,Wi-Fi gratuit,Conduite souple,Musique,Boisson gratuite,Vue panoramique,Assistance bagages,Sport,Silence,Navigation GPS,Climatisation,Éclairage tamisé,Conversation,Confort,Langue parlée,Ponctualité,Chauffeur expérimenté,Ambiance chaleureuse,Cuisine,Animaux acceptés",Traveler,Edéa
1118,Mbouda,"Connectivité,Boisson gratuite,Climatisation,Ambiance chaleureuse,Silence",Planner,Bonaberi
2675,Bafia,"Wi-Fi gratuit,Navigation GPS,Confort,Ambiance chaleureuse,Musique,Connectivité,Sport,Cuisine,Espace de rangement,Ponctualité,Silence,Langue parlée,Vue panoramique,Chauffeur expérimenté,Conduite souple,Sièges inclinables,Éclairage tamisé,Boisson gratuite,Assistance bagages",Traveler,Batibo
2246,Mbouda,"Sport,Conversation,Chauffeur expérimenté,Climatisation,Ponctualité,Cuisine,Confort,Vue panoramique,Musique,Connectivité,Boisson gratuite,Wi-Fi gratuit,Éclairage tamisé,Conduite souple,Sièges inclinables,Animaux acceptés",Traveler,Melong
977,Bafoussam,Confort,Planner,Buea
6,Loum,"Ambiance chaleureuse,Assistance bagages,Conversation,Cuisine,Confort,Boisson gratuite,Vue panoramique,Éclairage tamisé,Silence,Climatisation,Ponctualité,Sièges inclinables,Espace de rangement,Connectivité",Planner,Bafia
4581,Mutengene,"Chauffeur expérimenté,Climatisation,Silence,Éclairage tamisé,Ambiance chaleureuse,Confort,Connectivité,Conversation,Wi-Fi gratuit,Musique,Assistance bagages,Animaux acceptés,Sièges inclinables,Espace de rangement",Planner,Bafia
1013,Bafang,"Vue panoramique,Silence,Conduite souple,Espace de rangement,Conversation,Wi-Fi gratuit,Sport,Musique,Cuisine,Chauffeur expérimenté,Langue parlée,Assistance bagages,Ambiance chaleureuse,Connectivité,Animaux acceptés,Confort,Boisson gratuite,Sièges inclinables,Ponctualité,Éclairage tamisé",Traveler,Douala
3530,Bonamoussadi,"Éclairage tamisé,Sièges inclinables,Wi-Fi gratuit,Ponctualité,Espace de rangement,Animaux acceptés,Connectivité,Ambiance chaleureuse,Boisson gratuite,Silence,Sport,Chauffeur expérimenté,Climatisation,Musique,Assistance bagages",Planner,Gazawa
3098,Kousseri,"Ambiance chaleureuse,Musique,Connectivité,Espace de rangement,Boisson gratuite,Conduite souple,Confort,Sport,Sièges inclinables,Vue panoramique",Planner,Garoua
2605,Yaounde,"Connectivité,Musique,Sport,Ponctualité,Silence,Assistance bagages,Conversation,Cuisine,Ambiance chaleureuse,Wi-Fi gratuit,Éclairage tamisé,Boisson gratuite",Traveler,Batibo
3940,Gazawa,"Boisson gratuite,Espace de rangement,Conversation,Ambiance chaleureuse,Silence",Traveler,Bamenda
1720,Bamenda,"Ambiance chaleureuse,Chauffeur expérimenté,Confort,Assistance bagages,Langue parlée,Boisson gratuite,Navigation GPS,Espace de rangement,Animaux acceptés,Ponctualité,Silence,Connectivité",Traveler,Fontem
3886,Dibombari,"Assistance bagages,Sièges inclinables,Vue panoramique",Planner,Boutours
3357,Banga Bakundu,"Connectivité,Boisson gratuite,Climatisation,Sport,Confort,Espace de rangement,Sièges inclinables,Navigation GPS,Vue panoramique,Animaux acceptés,Cuisine,Chauffeur expérimenté",Planner,Maroua
1029,Douala,"Connectivité,Conversation,Ponctualité,Éclairage tamisé,Climatisation,Sièges inclinables,Musique,Confort,Boisson gratuite,Sport,Ambiance chaleureuse,Silence,Conduite souple,Navigation GPS,Espace de rangement,Animaux acceptés",Planner,Belo
4520,Batibo,"Espace de rangement,Wi-Fi gratuit,Silence,Animaux acceptés,Assistance bagages,Conduite souple,Chauffeur expérimenté,Confort,Musique,Langue parlée,Connectivité,Ambiance chaleureuse,Climatisation,Navigation GPS,Sièges inclinables,Éclairage tamisé,Vue panoramique,Sport",Traveler,Maroua
1562,Messa,"Assistance bagages,Sièges inclinables,Confort,Cuisine,Éclairage tamisé,Chauffeur expérimenté,Navigation GPS,Musique,Boisson gratuite,Vue panoramique",Traveler,Bafia
1436,Bafoussam,"Assistance bagages,Silence,Boisson gratuite,Wi-Fi gratuit,Navigation GPS,Cuisine,Ponctualité,Éclairage tamisé,Vue panoramique,Sièges inclinables,Climatisation,Confort,Espace de rangement,Ambiance chaleureuse,Animaux acceptés,Langue parlée,Conduite souple,Musique",Traveler,Bertoua
2970,Nkongsamba,"Silence,Espace de rangement,Ambiance chaleureuse,Éclairage tamisé,Ponctualité,Conversation,Connectivité,Conduite souple,Boisson gratuite,Vue panoramique,Climatisation,Musique,Animaux acceptés,Wi-Fi gratuit,Sport,Chauffeur expérimenté,Navigation GPS,Confort,Sièges inclinables,Langue parlée,Cuisine,Assistance bagages",Planner,Mbanga
1829,Mbouda,"Cuisine,Sport,Wi-Fi gratuit,Sièges inclinables,Espace de rangement,Navigation GPS,Ambiance chaleureuse,Chauffeur expérimenté,Conduite souple,Animaux acceptés,Éclairage tamisé,Silence,Assistance bagages,Ponctualité,Connectivité,Boisson gratuite,Langue parlée,Vue panoramique,Conversation,Confort",Planner,Buea
3660,Bafoussam,"Langue parlée,Boisson gratuite,Sièges inclinables,Animaux acceptés,Espace de rangement,Ambiance chaleureuse,Ponctualité,Conduite souple,Wi-Fi gratuit,Sport,Silence,Musique,Climatisation,Vue panoramique,Navigation GPS",Planner,Mbandjock
4035,Guider,"Sport,Ponctualité,Musique,Espace de rangement,Ambiance chaleureuse,Éclairage tamisé,Vue panoramique,Langue parlée,Cuisine,Conversation,Navigation GPS,Animaux acceptés,Chauffeur expérimenté",Traveler,Garoua
3028,Muyuka,"Climatisation,Sièges inclinables,Conduite souple,Vue panoramique,Ponctualité,Éclairage tamisé,Navigation GPS,Silence,Conversation,Cuisine,Sport,Animaux acceptés,Confort,Connectivité",Traveler,Bali
4253,Mbalmayo,"Confort,Ambiance chaleureuse,Navigation GPS",Traveler,Bali Nyonga
3303,Yagoua,"Sport,Confort,Conduite souple,Espace de rangement,Ponctualité,Sièges inclinables,Navigation GPS,Conversation",Planner,Edéa
4302,Bertoua,"Connectivité,Wi-Fi gratuit,Sport,Climatisation,Conversation,Chauffeur expérimenté,Musique,Cuisine,Conduite souple,Vue panoramique,Éclairage tamisé",Planner,Mutengene
3953,Bonakouamouang,"Éclairage tamisé,Vue panoramique,Climatisation",Traveler,Messa
2164,Bertoua,"Ambiance chaleureuse,Ponctualité,Wi-Fi gratuit,Assistance bagages,Sport,Climatisation",Planner,Loum
2821,Kumba,"Musique,Confort,Sport,Connectivité,Chauffeur expérimenté,Espace de rangement,Silence,Sièges inclinables,Ponctualité,Cuisine,Ambiance chaleureuse,Éclairage tamisé,Navigation GPS,Langue parlée,Conversation,Animaux acceptés,Assistance bagages,Conduite souple",Planner,Bonabéri
1515,Douala,"Cuisine,Musique,Ambiance chaleureuse,Animaux acceptés,Climatisation,Silence,Espace de rangement,Confort,Sport,Wi-Fi gratuit,Assistance bagages,Langue parlée,Vue panoramique,Boisson gratuite,Chauffeur expérimenté,Connectivité,Éclairage tamisé,Sièges inclinables,Conversation,Conduite souple,Navigation GPS",Planner,Muyuka
1661,Bonabéri,"Assistance bagages,Ponctualité,Espace de rangement,Ambiance chaleureuse,Cuisine,Wi-Fi gratuit,Vue panoramique,Silence,Langue parlée,Animaux acceptés,Éclairage tamisé,Climatisation,Conversation,Musique,Boisson gratuite",Traveler,Bogo
1923,Guider,"Cuisine,Conduite souple,Musique,Éclairage tamisé,Ambiance chaleureuse,Ponctualité,Espace de rangement,Silence,Assistance bagages,Navigation GPS,Animaux acceptés,Sport,Connectivité,Conversation,Langue parlée,Climatisation,Vue panoramique,Confort,Sièges inclinables,Boisson gratuite,Wi-Fi gratuit",Traveler,Essos
987,Bamenda,"Silence,Climatisation,Ponctualité",Planner,Guider
1803,Buea,"Wi-Fi gratuit,Conversation,Ambiance chaleureuse,Éclairage tamisé,Chauffeur expérimenté,Vue panoramique,Silence,Sièges inclinables,Cuisine,Musique,Confort",Traveler,Bonamoussadi
3905,Melong,"Navigation GPS,Boisson gratuite,Vue panoramique,Cuisine,Silence,Climatisation,Éclairage tamisé,Espace de rangement,Ambiance chaleureuse,Conversation,Sport,Ponctualité,Sièges inclinables,Wi-Fi gratuit,Confort,Langue parlée,Assistance bagages,Conduite souple,Animaux acceptés",Traveler,Bafoussam
4313,Campo,"Wi-Fi gratuit,Boisson gratuite,Conduite souple,Ambiance chaleureuse,Assistance bagages,Cuisine,Climatisation,Langue parlée,Confort",Traveler,Guider
4758,Yaounde,"Conduite souple,Éclairage tamisé,Musique,Ambiance chaleureuse,Vue panoramique,Chauffeur expérimenté,Confort,Espace de rangement,Sport,Conversation,Ponctualité,Navigation GPS,Cuisine,Wi-Fi gratuit,Sièges inclinables",Traveler,Belabo
1124,Mbandjock,"Cuisine,Wi-Fi gratuit,Animaux acceptés,Navigation GPS,Confort,Climatisation,Chauffeur expérimenté,Langue parlée,Vue panoramique,Espace de rangement",Planner,Kumba
4317,Banga Bakundu,"Animaux acceptés,Assistance bagages,Conduite souple,Musique,Sport,Chauffeur expérimenté,Connectivité,Ambiance chaleureuse,Vue panoramique,Climatisation,Éclairage tamisé,Silence,Langue parlée,Ponctualité,Confort,Sièges inclinables,Conversation,Boisson gratuite",Traveler,Edéa
2049,Buea,"Conversation,Animaux acceptés,Musique,Chauffeur expérimenté,Climatisation,Éclairage tamisé,Confort,Wi-Fi gratuit,Navigation GPS",Planner,Nanga-Eboko
1509,Muyuka,"Boisson gratuite,Connectivité,Wi-Fi gratuit,Chauffeur expérimenté,Assistance bagages,Ambiance chaleureuse,Ponctualité,Climatisation,Vue panoramique,Silence",Traveler,Loum
4745,Guider,"Animaux acceptés,Langue parlée,Ponctualité,Silence,Vue panoramique,Connectivité,Wi-Fi gratuit,Espace de rangement,Ambiance chaleureuse,Boisson gratuite,Assistance bagages",Planner,Bertoua
1072,Limbe,"Langue parlée,Sport,Espace de rangement,Vue panoramique,Silence,Conduite souple,Éclairage tamisé,Climatisation",Planner,Mbanga
1912,Limbe,"Ponctualité,Cuisine,Wi-Fi gratuit,Navigation GPS,Langue parlée,Boisson gratuite,Conduite souple,Ambiance chaleureuse,Chauffeur expérimenté,Assistance bagages,Silence,Vue panoramique,Climatisation,Sport,Connectivité,Conversation,Éclairage tamisé,Confort,Animaux acceptés,Sièges inclinables",Planner,Bafoussam
596,Bertoua,"Wi-Fi gratuit,Ponctualité,Ambiance chaleureuse,Conversation,Éclairage tamisé,Sièges inclinables,Sport,Assistance bagages,Connectivité,Climatisation,Langue parlée,Confort,Vue panoramique,Espace de rangement,Conduite souple,Musique",Traveler,Mbouda
4727,Bali,"Connectivité,Cuisine,Silence,Boisson gratuite,Climatisation,Conduite souple,Ambiance chaleureuse,Confort,Assistance bagages,Sport,Navigation GPS,Ponctualité,Chauffeur expérimenté,Wi-Fi gratuit,Vue panoramique,Espace de rangement,Langue parlée,Animaux acceptés,Éclairage tamisé",Traveler,Batibo
941,Mbalmayo,"Climatisation,Espace de rangement,Animaux acceptés,Assistance bagages,Chauffeur expérimenté,Navigation GPS",Traveler,Figuif
3937,Boutours,"Confort,Conversation,Conduite souple,Silence,Animaux acceptés,Assistance bagages,Ambiance chaleureuse,Cuisine,Vue panoramique,Éclairage tamisé,Navigation GPS,Climatisation,Boisson gratuite,Sport,Ponctualité,Sièges inclinables,Wi-Fi gratuit,Chauffeur expérimenté,Connectivité,Musique,Langue parlée",Traveler,Kousseri
1315,Mora,"Conversation,Connectivité,Musique,Confort,Sport,Chauffeur expérimenté,Animaux acceptés,Navigation GPS,Langue parlée,Assistance bagages,Cuisine",Traveler,Bafang
2106,Essos,Conversation,Traveler,Mbouda
372,Bafia,"Climatisation,Connectivité,Musique,Wi-Fi gratuit,Conduite souple,Espace de rangement,Chauffeur expérimenté,Conversation,Assistance bagages,Vue panoramique,Éclairage tamisé,Langue parlée,Ambiance chaleureuse,Boisson gratuite,Ponctualité,Silence,Sport,Navigation GPS,Animaux acceptés",Traveler,Bonaberi
2145,Mbanga,"Sièges inclinables,Vue panoramique,Confort,Climatisation,Conduite souple,Conversation,Ponctualité",Planner,Kousseri
938,Mutengene,"Conversation,Navigation GPS,Sport,Vue panoramique,Confort,Éclairage tamisé,Langue parlée,Ambiance chaleureuse,Assistance bagages,Musique,Connectivité,Boisson gratuite,Animaux acceptés,Espace de rangement,Cuisine,Climatisation,Wi-Fi gratuit,Conduite souple,Sièges inclinables,Silence,Ponctualité,Chauffeur expérimenté",Planner,Maroua
3578,Bonakouamouang,"Vue panoramique,Assistance bagages,Conversation,Ambiance chaleureuse,Sport,Musique,Ponctualité",Planner,Bonabéri
3334,Mbouda,"Conversation,Musique,Conduite souple,Boisson gratuite,Sièges inclinables,Ambiance chaleureuse,Sport,Navigation GPS,Éclairage tamisé,Chauffeur expérimenté,Langue parlée,Climatisation,Confort,Silence,Espace de rangement,Cuisine,Connectivité,Animaux acceptés",Traveler,Limbe
1330,Messa,"Éclairage tamisé,Assistance bagages,Ponctualité,Wi-Fi gratuit,Silence,Espace de rangement,Confort,Chauffeur expérimenté,Boisson gratuite",Traveler,Kribi
4055,Campo,"Cuisine,Éclairage tamisé,Silence,Confort,Conduite souple,Musique,Chauffeur expérimenté,Animaux acceptés,Ponctualité,Vue panoramique,Sièges inclinables,Boisson gratuite,Ambiance chaleureuse,Climatisation,Wi-Fi gratuit,Sport",Planner,Guider
4495,Muyuka,"Conversation,Espace de rangement,Langue parlée,Cuisine,Ponctualité,Assistance bagages,Wi-Fi gratuit",Traveler,Buea
825,Mutengene,"Assistance bagages,Conduite souple,Vue panoramique,Confort,Ambiance chaleureuse,Espace de rangement,Sport,Chauffeur expérimenté,Langue parlée,Navigation GPS",Traveler,Bali Nyonga
4563,Campo,"Musique,Connectivité,Conversation,Chauffeur expérimenté,Éclairage tamisé,Boisson gratuite,Assistance bagages,Langue parlée,Sport,Vue panoramique,Wi-Fi gratuit,Sièges inclinables,Confort,Ponctualité,Ambiance chaleureuse,Animaux acceptés,Cuisine,Climatisation",Traveler,Bimbia
487,Meiganga,"Ambiance chaleureuse,Ponctualité,Sièges inclinables,Espace de rangement,Conduite souple,Silence,Langue parlée,Climatisation,Boisson gratuite",Planner,Kumba
4649,Kribi,"Connectivité,Sièges inclinables,Wi-Fi gratuit,Vue panoramique,Assistance bagages,Langue parlée,Éclairage tamisé,Boisson gratuite,Ambiance chaleureuse,Ponctualité,Sport,Animaux acceptés,Confort,Cuisine,Conversation,Chauffeur expérimenté,Climatisation,Musique,Navigation GPS",Planner,Boutours
254,Figuif,"Boisson gratuite,Animaux acceptés,Éclairage tamisé",Planner,Bertoua
1640,Campo,"Ponctualité,Sièges inclinables,Conversation,Espace de rangement,Vue panoramique,Assistance bagages,Cuisine,Boisson gratuite,Navigation GPS,Langue parlée,Conduite souple,Silence,Ambiance chaleureuse,Animaux acceptés,Wi-Fi gratuit,Éclairage tamisé,Chauffeur expérimenté,Confort,Connectivité,Sport",Traveler,Maroua
1112,Boutours,"Langue parlée,Ponctualité,Éclairage tamisé,Animaux acceptés,Connectivité,Assistance bagages,Cuisine,Vue panoramique,Conduite souple,Navigation GPS,Conversation,Musique,Ambiance chaleureuse,Wi-Fi gratuit,Confort,Chauffeur expérimenté,Espace de rangement,Boisson gratuite,Sport",Traveler,Bonakouamouang
2693,Mbanga,"Musique,Sièges inclinables,Silence,Cuisine",Traveler,Kousseri
3907,Mora,"Wi-Fi gratuit,Ambiance chaleureuse,Espace de rangement,Sport,Navigation GPS,Ponctualité,Musique,Éclairage tamisé,Vue panoramique,Conduite souple",Traveler,Campo
3282,Yaounde,"Navigation GPS,Musique,Climatisation,Connectivité,Ambiance chaleureuse,Conduite souple,Langue parlée,Éclairage tamisé,Sport,Assistance bagages,Cuisine,Animaux acceptés,Espace de rangement,Sièges inclinables,Boisson gratuite,Confort,Conversation,Ponctualité,Silence,Chauffeur expérimenté,Wi-Fi gratuit",Planner,Dibombari
2488,Yagoua,"Espace de rangement,Ambiance chaleureuse,Conduite souple,Langue parlée,Connectivité,Boisson gratuite,Conversation,Vue panoramique,Animaux acceptés,Silence,Wi-Fi gratuit,Sièges inclinables,Navigation GPS,Éclairage tamisé,Chauffeur expérimenté,Sport,Confort,Assistance bagages",Planner,Bonaberi
1416,Mora,"Animaux acceptés,Ambiance chaleureuse,Vue panoramique,Cuisine,Navigation GPS,Silence,Chauffeur expérimenté,Wi-Fi gratuit,Conduite souple,Connectivité,Espace de rangement,Langue parlée,Confort,Musique,Assistance bagages",Planner,Kousseri
1293,Limbe,"Conversation,Animaux acceptés,Navigation GPS,Connectivité,Wi-Fi gratuit,Chauffeur expérimenté,Ambiance chaleureuse,Cuisine",Planner,Mutengene
1347,Melong,"Confort,Langue parlée,Climatisation,Navigation GPS",Planner,Bogo
4831,Figuif,"Langue parlée,Musique,Conversation,Ambiance chaleureuse,Vue panoramique,Sport,Ponctualité,Espace de rangement",Planner,Buea
1127,Essos,"Sièges inclinables,Connectivité,Vue panoramique,Climatisation,Boisson gratuite,Animaux acceptés",Traveler,Batibo
435,Bonamoussadi,"Conduite souple,Cuisine,Espace de rangement,Chauffeur expérimenté,Conversation,Connectivité,Assistance bagages,Boisson gratuite,Vue panoramique,Climatisation,Langue parlée,Éclairage tamisé,Navigation GPS,Wi-Fi gratuit,Sport,Animaux acceptés,Silence,Ponctualité,Musique,Ambiance chaleureuse,Confort",Traveler,Mbandjock
2846,Guider,"Boisson gratuite,Climatisation,Sièges inclinables,Musique,Animaux acceptés,Langue parlée,Ambiance chaleureuse,Navigation GPS,Confort,Éclairage tamisé,Cuisine,Chauffeur expérimenté,Connectivité,Assistance bagages,Wi-Fi gratuit",Planner,Kumba
554,Mora,"Chauffeur expérimenté,Conversation,Ambiance chaleureuse,Langue parlée,Animaux acceptés,Musique,Sièges inclinables,Vue panoramique,Connectivité,Ponctualité,Boisson gratuite,Confort,Sport,Espace de rangement,Éclairage tamisé",Planner,Bafia
4660,Melong,Langue parlée,Traveler,Bonakouamouang
4725,Guider,"Connectivité,Silence,Éclairage tamisé,Sport,Ponctualité,Climatisation,Confort,Espace de rangement,Assistance bagages,Langue parlée,Cuisine,Navigation GPS,Ambiance chaleureuse,Musique,Animaux acceptés,Conduite souple,Wi-Fi gratuit",Traveler,Belo
204,Bafoussam,"Conduite souple,Espace de rangement,Langue parlée,Éclairage tamisé,Assistance bagages,Ponctualité,Vue panoramique,Navigation GPS,Conversation,Wi-Fi gratuit,Sièges inclinables,Cuisine,Confort,Boisson gratuite,Climatisation",Traveler,Mbandjock
4281,Douala,"Musique,Ponctualité,Sièges inclinables,Assistance bagages,Cuisine,Boisson gratuite,Espace de rangement,Wi-Fi gratuit,Ambiance chaleureuse,Sport,Navigation GPS,Silence,Conduite souple,Animaux acceptés,Connectivité,Confort",Planner,Campo
4486,Batibo,"Climatisation,Confort",Planner,Edéa
2699,Loum,"Wi-Fi gratuit,Chauffeur expérimenté,Climatisation,Sièges inclinables,Sport,Navigation GPS,Cuisine,Ambiance chaleureuse,Ponctualité,Éclairage tamisé,Vue panoramique,Animaux acceptés,Conversation,Silence",Traveler,Batibo
1622,Nanga-Eboko,"Sport,Animaux acceptés",Traveler,Banga Bakundu
2513,Yaounde,"Éclairage tamisé,Wi-Fi gratuit,Ponctualité,Confort",Planner,Belo
1887,Bafia,"Ponctualité,Ambiance chaleureuse",Traveler,Bafia
2835,Kousseri,Connectivité,Planner,Bonabéri
39,Bonaberi,"Navigation GPS,Vue panoramique,Climatisation,Conversation,Musique,Conduite souple,Chauffeur expérimenté,Éclairage tamisé,Ponctualité,Connectivité,Cuisine,Langue parlée",Planner,Bertoua
1521,Guider,"Connectivité,Musique,Sport,Sièges inclinables,Langue parlée,Vue panoramique,Ponctualité,Éclairage tamisé,Animaux acceptés,Chauffeur expérimenté,Conversation,Navigation GPS,Climatisation",Traveler,Figuif
1116,Belabo,"Boisson gratuite,Assistance bagages,Espace de rangement,Climatisation,Silence,Sièges inclinables,Conversation,Animaux acceptés,Sport,Confort",Traveler,Gazawa
2328,Maroua,"Cuisine,Navigation GPS,Confort,Sièges inclinables,Wi-Fi gratuit",Planner,Bonanjo
2334,Douala,"Vue panoramique,Sièges inclinables,Langue parlée,Chauffeur expérimenté,Wi-Fi gratuit,Cuisine,Connectivité,Ponctualité",Traveler,Bali
3514,Edéa,"Sièges inclinables,Éclairage tamisé,Cuisine,Assistance bagages,Ponctualité,Boisson gratuite,Langue parlée,Conversation,Espace de rangement,Confort,Animaux acceptés,Climatisation,Navigation GPS",Traveler,Banga Bakundu
752,Belo,"Langue parlée,Wi-Fi gratuit,Vue panoramique,Conduite souple,Silence,Navigation GPS,Chauffeur expérimenté,Connectivité,Climatisation,Assistance bagages,Confort,Boisson gratuite,Ponctualité,Sièges inclinables,Cuisine,Musique,Ambiance chaleureuse,Éclairage tamisé,Espace de rangement,Conversation",Traveler,Mokolo
3347,Kousseri,"Navigation GPS,Connectivité,Éclairage tamisé,Espace de rangement,Musique,Vue panoramique,Chauffeur expérimenté,Ponctualité,Ambiance chaleureuse,Boisson gratuite,Confort,Sièges inclinables,Langue parlée,Animaux acceptés,Cuisine,Wi-Fi gratuit",Traveler,Figuif
196,Essos,"Sièges inclinables,Wi-Fi gratuit,Assistance bagages,Langue parlée,Sport,Confort,Conduite souple,Navigation GPS,Cuisine,Chauffeur expérimenté,Ambiance chaleureuse,Éclairage tamisé",Planner,Bonabéri
1976,Bafia,"Navigation GPS,Sport,Confort,Langue parlée,Espace de rangement,Musique,Connectivité,Vue panoramique,Sièges inclinables,Conduite souple,Climatisation,Chauffeur expérimenté,Ponctualité,Boisson gratuite,Conversation",Planner,Mokolo
2174,Douala,"Connectivité,Wi-Fi gratuit,Silence,Éclairage tamisé",Planner,Bogo
1825,Messa,"Assistance bagages,Vue panoramique,Wi-Fi gratuit,Boisson gratuite,Silence,Sièges inclinables,Conduite souple,Musique,Éclairage tamisé,Chauffeur expérimenté,Connectivité,Climatisation",Planner,Bimbia
2848,Dibombari,"Silence,Wi-Fi gratuit,Connectivité,Animaux acceptés,Espace de rangement,Éclairage tamisé,Assistance bagages,Ambiance chaleureuse,Navigation GPS,Chauffeur expérimenté,Climatisation,Boisson gratuite,Sièges inclinables,Confort",Traveler,Kumba
1787,Loum,"Espace de rangement,Wi-Fi gratuit,Confort,Sièges inclinables,Ponctualité,Éclairage tamisé,Silence,Climatisation",Traveler,Muyuka
2218,Messa,"Silence,Navigation GPS,Climatisation,Connectivité,Conduite souple,Ponctualité,Vue panoramique,Conversation,Assistance bagages",Planner,Muyuka
899,Messa,"Ambiance chaleureuse,Wi-Fi gratuit,Sport,Chauffeur expérimenté,Éclairage tamisé,Confort,Vue panoramique,Musique",Planner,Melong
4945,Bertoua,"Connectivité,Conversation,Ponctualité,Climatisation,Assistance bagages,Conduite souple,Musique,Espace de rangement",Traveler,Limbe
1365,Meiganga,"Langue parlée,Animaux acceptés,Wi-Fi gratuit,Boisson gratuite,Éclairage tamisé,Conduite souple,Conversation,Cuisine,Silence,Confort,Vue panoramique,Navigation GPS",Planner,Muyuka
3076,Beti,"Wi-Fi gratuit,Connectivité",Traveler,Loum
1330,Bonaberi,"Cuisine,Animaux acceptés,Assistance bagages,Sport,Espace de rangement",Traveler,Campo
2754,Messa,"Chauffeur expérimenté,Climatisation,Sport,Conversation,Animaux acceptés,Cuisine,Boisson gratuite,Sièges inclinables",Traveler,Beti
2332,Mbouda,"Vue panoramique,Espace de rangement,Climatisation,Silence,Conduite souple,Chauffeur expérimenté,Boisson gratuite,Assistance bagages,Confort,Langue parlée,Cuisine,Animaux acceptés,Conversation,Wi-Fi gratuit,Navigation GPS,Sièges inclinables,Connectivité,Ponctualité,Musique",Planner,Beti
3135,Melong,"Assistance bagages,Confort,Climatisation,Connectivité,Ponctualité",Planner,Bafang
2321,Muyuka,"Cuisine,Langue parlée,Boisson gratuite,Confort,Navigation GPS,Conduite souple,Conversation,Sièges inclinables",Planner,Limbe
332,Beti,"Langue parlée,Animaux acceptés,Connectivité,Conduite souple,Musique,Cuisine,Sport,Climatisation,Assistance bagages,Confort,Sièges inclinables,Wi-Fi gratuit",Traveler,Bafang
4333,Boutours,"Langue parlée,Sport,Musique,Ambiance chaleureuse,Éclairage tamisé,Ponctualité,Navigation GPS,Sièges inclinables,Conversation,Animaux acceptés,Assistance bagages,Boisson gratuite",Traveler,Guider
3415,Bonabéri,"Langue parlée,Espace de rangement,Ambiance chaleureuse,Assistance bagages,Vue panoramique,Conversation,Wi-Fi gratuit,Silence,Sièges inclinables,Cuisine,Climatisation",Planner,Bonanjo
2022,Mokolo,"Confort,Wi-Fi gratuit,Chauffeur expérimenté,Ponctualité,Éclairage tamisé,Assistance bagages,Musique,Vue panoramique,Animaux acceptés,Conduite souple,Langue parlée,Climatisation,Conversation,Connectivité,Ambiance chaleureuse,Espace de rangement,Cuisine,Boisson gratuite,Silence",Planner,Nkongsamba
2051,Dibombari,"Sièges inclinables,Boisson gratuite,Navigation GPS,Climatisation,Assistance bagages,Conversation,Musique,Espace de rangement,Silence,Animaux acceptés,Langue parlée,Confort,Chauffeur expérimenté,Connectivité,Cuisine,Wi-Fi gratuit",Planner,Batibo
1919,Figuif,"Ambiance chaleureuse,Animaux acceptés,Musique,Sport,Conduite souple,Cuisine,Wi-Fi gratuit,Navigation GPS,Vue panoramique,Confort,Assistance bagages,Sièges inclinables",Planner,Yaounde
3287,Guider,"Langue parlée,Assistance bagages,Vue panoramique,Climatisation,Confort,Cuisine,Ambiance chaleureuse,Navigation GPS,Conduite souple,Silence",Traveler,Bamenda
178,Bandjoun,"Espace de rangement,Chauffeur expérimenté,Conduite souple,Vue panoramique",Planner,Essos
4133,Mora,"Climatisation,Chauffeur expérimenté,Ponctualité,Conduite souple,Espace de rangement,Musique",Planner,Beti
2548,Mbanga,"Musique,Langue parlée,Ponctualité,Sièges inclinables,Espace de rangement,Conversation,Animaux acceptés,Chauffeur expérimenté,Climatisation,Sport,Cuisine,Silence,Connectivité,Assistance bagages,Vue panoramique,Confort,Conduite souple,Ambiance chaleureuse",Traveler,Gazawa
287,Bonanjo,"Chauffeur expérimenté,Vue panoramique,Connectivité,Boisson gratuite,Conduite souple,Espace de rangement,Confort,Conversation,Éclairage tamisé,Langue parlée,Ambiance chaleureuse,Cuisine,Wi-Fi gratuit,Ponctualité,Animaux acceptés,Sièges inclinables,Navigation GPS,Silence",Traveler,Batibo
4916,Kumba,"Chauffeur expérimenté,Sièges inclinables,Langue parlée,Wi-Fi gratuit,Animaux acceptés,Espace de rangement,Confort",Traveler,Mbouda
3651,Muyuka,"Navigation GPS,Vue panoramique,Assistance bagages,Climatisation",Traveler,Garoua
1013,Bafoussam,"Climatisation,Ambiance chaleureuse,Wi-Fi gratuit,Navigation GPS,Animaux acceptés,Sport,Espace de rangement,Assistance bagages,Éclairage tamisé",Traveler,Bandjoun
3715,Kumba,"Cuisine,Espace de rangement,Conduite souple,Silence,Ambiance chaleureuse,Navigation GPS,Sport,Musique,Sièges inclinables,Conversation,Connectivité,Langue parlée,Éclairage tamisé,Wi-Fi gratuit,Animaux acceptés,Vue panoramique",Traveler,Messa
951,Bali,"Assistance bagages,Ambiance chaleureuse,Wi-Fi gratuit,Chauffeur expérimenté,Langue parlée,Boisson gratuite,Climatisation,Sport,Sièges inclinables,Silence,Animaux acceptés,Musique,Conversation,Connectivité,Espace de rangement,Confort",Traveler,Belo
1209,Bonabéri,"Ambiance chaleureuse,Confort,Conversation,Vue panoramique,Boisson gratuite,Musique,Espace de rangement,Assistance bagages,Éclairage tamisé,Wi-Fi gratuit,Animaux acceptés,Navigation GPS,Sièges inclinables,Conduite souple,Ponctualité,Cuisine,Langue parlée,Sport,Silence",Traveler,Meiganga
3801,Campo,"Langue parlée,Espace de rangement,Chauffeur expérimenté,Sièges inclinables,Conduite souple,Silence,Assistance bagages,Musique,Vue panoramique,Cuisine,Sport,Wi-Fi gratuit,Navigation GPS",Traveler,Dibombari
2671,Belo,"Boisson gratuite,Ponctualité",Planner,Limbe
881,Bandjoun,"Conduite souple,Espace de rangement,Éclairage tamisé,Cuisine,Wi-Fi gratuit,Silence,Langue parlée,Sport,Ponctualité,Vue panoramique,Boisson gratuite,Ambiance chaleureuse,Sièges inclinables,Assistance bagages,Musique,Navigation GPS,Conversation,Connectivité",Traveler,Figuif
1992,Bandjoun,"Espace de rangement,Musique,Chauffeur expérimenté,Climatisation",Traveler,Nanga-Eboko
876,Bertoua,"Sièges inclinables,Chauffeur expérimenté,Ponctualité,Ambiance chaleureuse,Animaux acceptés,Langue parlée",Planner,Bonanjo
1689,Belo,"Climatisation,Wi-Fi gratuit,Animaux acceptés,Silence,Conduite souple,Assistance bagages,Connectivité,Espace de rangement,Cuisine,Sport,Musique,Confort,Chauffeur expérimenté,Navigation GPS,Ambiance chaleureuse,Éclairage tamisé,Langue parlée,Boisson gratuite,Sièges inclinables,Conversation",Planner,Maroua
4994,Bandjoun,"Boisson gratuite,Cuisine,Ponctualité,Connectivité,Musique,Ambiance chaleureuse,Assistance bagages,Navigation GPS,Espace de rangement,Conduite souple,Wi-Fi gratuit,Langue parlée,Sport,Animaux acceptés,Chauffeur expérimenté,Silence,Sièges inclinables,Éclairage tamisé,Confort,Climatisation,Vue panoramique",Planner,Bertoua
1373,Bonaberi,"Navigation GPS,Animaux acceptés,Conduite souple,Ponctualité,Vue panoramique,Climatisation,Espace de rangement,Éclairage tamisé,Cuisine,Confort,Connectivité,Assistance bagages,Ambiance chaleureuse,Langue parlée,Boisson gratuite,Musique,Sport,Chauffeur expérimenté,Silence,Sièges inclinables",Traveler,Fontem
1820,Belabo,"Sport,Ponctualité,Langue parlée,Conduite souple,Ambiance chaleureuse",Traveler,Mbouda
2041,Figuif,"Connectivité,Silence,Assistance bagages,Langue parlée,Cuisine,Sièges inclinables,Wi-Fi gratuit,Climatisation,Conduite souple,Conversation,Ponctualité,Chauffeur expérimenté,Boisson gratuite,Vue panoramique",Traveler,Banga Bakundu
3125,Bonakouamouang,"Chauffeur expérimenté,Connectivité,Vue panoramique,Sport,Sièges inclinables,Navigation GPS,Musique,Éclairage tamisé,Cuisine,Climatisation,Ponctualité,Silence,Wi-Fi gratuit,Espace de rangement,Boisson gratuite,Ambiance chaleureuse,Assistance bagages,Confort",Traveler,Melong
292,Bimbia,"Assistance bagages,Ponctualité,Boisson gratuite,Animaux acceptés,Musique,Connectivité,Espace de rangement,Vue panoramique,Navigation GPS,Climatisation,Sièges inclinables,Wi-Fi gratuit,Silence,Éclairage tamisé,Conversation",Traveler,Bonakouamouang
255,Muyuka,"Musique,Connectivité,Ambiance chaleureuse,Chauffeur expérimenté,Assistance bagages,Ponctualité,Wi-Fi gratuit,Langue parlée,Conduite souple,Climatisation,Conversation,Navigation GPS,Confort,Silence,Sport,Vue panoramique,Espace de rangement,Cuisine,Sièges inclinables,Boisson gratuite,Animaux acceptés,Éclairage tamisé",Planner,Edéa
4421,Bamenda,"Cuisine,Silence,Navigation GPS,Wi-Fi gratuit,Climatisation,Conversation,Animaux acceptés,Connectivité,Espace de rangement,Chauffeur expérimenté,Sport,Assistance bagages,Sièges inclinables,Ponctualité,Confort,Éclairage tamisé",Traveler,Mbandjock
1666,Limbe,"Musique,Éclairage tamisé,Chauffeur expérimenté,Confort,Sièges inclinables,Conduite souple,Navigation GPS,Silence,Animaux acceptés,Climatisation,Assistance bagages,Espace de rangement,Cuisine",Planner,Mutengene
3130,Mutengene,"Navigation GPS,Musique,Wi-Fi gratuit,Conduite souple,Sport,Vue panoramique",Traveler,Beti
1736,Mora,"Espace de rangement,Éclairage tamisé,Assistance bagages,Silence,Langue parlée,Navigation GPS,Boisson gratuite,Sport,Animaux acceptés,Ambiance chaleureuse,Wi-Fi gratuit,Confort,Vue panoramique,Conduite souple",Traveler,Bafang
4317,Bafang,"Langue parlée,Wi-Fi gratuit,Boisson gratuite,Sièges inclinables,Assistance bagages,Silence,Climatisation,Connectivité,Ambiance chaleureuse,Conduite souple,Espace de rangement,Animaux acceptés,Sport,Navigation GPS,Confort,Vue panoramique,Éclairage tamisé",Traveler,Banga Bakundu
379,Bonamoussadi,"Boisson gratuite,Connectivité,Vue panoramique,Silence,Sport,Climatisation,Confort,Animaux acceptés,Éclairage tamisé,Sièges inclinables,Wi-Fi gratuit,Assistance bagages,Conduite souple,Espace de rangement,Ponctualité,Chauffeur expérimenté,Musique",Traveler,Bafia
1065,Mora,"Ambiance chaleureuse,Boisson gratuite,Musique,Conduite souple,Éclairage tamisé,Chauffeur expérimenté,Sport,Sièges inclinables,Climatisation,Silence,Confort,Connectivité,Vue panoramique,Langue parlée,Assistance bagages,Cuisine",Traveler,Kribi
4502,Bonakouamouang,Conversation,Traveler,Muyuka
3047,Messa,"Conduite souple,Boisson gratuite,Ambiance chaleureuse,Climatisation,Silence,Sièges inclinables,Espace de rangement,Navigation GPS,Cuisine,Langue parlée,Conversation,Connectivité,Wi-Fi gratuit,Sport,Animaux acceptés,Assistance bagages,Chauffeur expérimenté,Ponctualité,Vue panoramique,Éclairage tamisé,Musique",Traveler,Bonamoussadi
2892,Limbe,"Sièges inclinables,Assistance bagages",Traveler,Figuif
2604,Bafang,"Sièges inclinables,Musique,Connectivité,Vue panoramique,Cuisine,Espace de rangement,Conduite souple,Confort,Navigation GPS,Animaux acceptés,Ambiance chaleureuse,Wi-Fi gratuit,Climatisation,Éclairage tamisé,Chauffeur expérimenté",Traveler,Guider
4756,Banga Bakundu,"Sièges inclinables,Musique,Connectivité,Chauffeur expérimenté,Espace de rangement,Sport,Ponctualité,Boisson gratuite,Confort,Éclairage tamisé,Langue parlée,Conversation,Vue panoramique,Ambiance chaleureuse,Animaux acceptés",Planner,Mbanga
3767,Mokolo,"Navigation GPS,Assistance bagages,Climatisation,Connectivité,Animaux acceptés,Confort,Chauffeur expérimenté,Sièges inclinables,Wi-Fi gratuit,Espace de rangement,Conduite souple,Musique",Planner,Dibombari
3861,Bafoussam,"Sièges inclinables,Wi-Fi gratuit,Animaux acceptés,Sport,Conversation,Ambiance chaleureuse,Cuisine,Silence,Connectivité,Climatisation,Vue panoramique,Langue parlée,Boisson gratuite,Conduite souple,Éclairage tamisé,Confort,Musique,Navigation GPS",Traveler,Yagoua
3697,Melong,"Chauffeur expérimenté,Animaux acceptés,Vue panoramique,Climatisation,Sport,Cuisine,Silence,Éclairage tamisé,Navigation GPS,Sièges inclinables,Ponctualité,Confort,Espace de rangement,Assistance bagages",Planner,Bafoussam
1152,Buea,"Éclairage tamisé,Confort,Navigation GPS,Chauffeur expérimenté,Ponctualité,Vue panoramique,Wi-Fi gratuit,Boisson gratuite,Musique,Sièges inclinables,Langue parlée,Ambiance chaleureuse,Assistance bagages,Animaux acceptés",Traveler,Mbandjock
79,Buea,"Climatisation,Ambiance chaleureuse,Wi-Fi gratuit,Assistance bagages,Confort,Boisson gratuite,Conversation,Espace de rangement",Traveler,Bonaberi
1051,Maroua,"Ponctualité,Climatisation,Navigation GPS,Espace de rangement,Animaux acceptés,Wi-Fi gratuit,Sport",Traveler,Bamenda
1053,Mutengene,"Wi-Fi gratuit,Cuisine,Confort,Conduite souple,Vue panoramique,Sport,Musique",Traveler,Buea
4340,Mbouda,"Cuisine,Navigation GPS,Conversation,Chauffeur expérimenté",Traveler,Messa
3160,Bonanjo,"Éclairage tamisé,Conduite souple,Silence,Confort,Connectivité,Chauffeur expérimenté,Ponctualité",Planner,Bafoussam
1138,Bali Nyonga,"Connectivité,Assistance bagages,Éclairage tamisé,Boisson gratuite,Sièges inclinables,Conversation,Vue panoramique,Ambiance chaleureuse,Sport,Ponctualité,Cuisine,Climatisation,Confort,Wi-Fi gratuit,Chauffeur expérimenté,Conduite souple,Silence,Musique",Traveler,Belo
498,Melong,"Animaux acceptés,Silence,Assistance bagages,Conduite souple,Connectivité,Climatisation",Traveler,Mutengene
2575,Bonabéri,"Wi-Fi gratuit,Connectivité,Sièges inclinables,Chauffeur expérimenté,Confort,Conduite souple,Musique,Assistance bagages,Ponctualité,Espace de rangement,Conversation,Animaux acceptés,Cuisine,Navigation GPS,Silence,Ambiance chaleureuse,Vue panoramique,Boisson gratuite,Sport,Climatisation,Langue parlée",Traveler,Maroua
3222,Banga Bakundu,"Cuisine,Animaux acceptés,Assistance bagages,Conversation,Sièges inclinables,Boisson gratuite,Langue parlée,Wi-Fi gratuit,Silence",Traveler,Meiganga
1813,Bafang,"Assistance bagages,Sport,Conversation,Espace de rangement,Musique,Navigation GPS",Traveler,Maroua
1533,Melong,"Sièges inclinables,Vue panoramique,Confort,Navigation GPS,Éclairage tamisé,Wi-Fi gratuit,Silence,Ambiance chaleureuse,Climatisation",Planner,Bogo
1630,Bonamoussadi,"Cuisine,Éclairage tamisé,Sport,Silence",Traveler,Mutengene
1892,Boutours,"Connectivité,Sièges inclinables,Boisson gratuite,Langue parlée,Sport,Cuisine,Confort,Espace de rangement,Conduite souple,Conversation,Ponctualité,Vue panoramique,Animaux acceptés",Planner,Campo
1138,Meiganga,"Confort,Cuisine,Musique,Climatisation",Planner,Maroua
4560,Yaounde,"Boisson gratuite,Musique,Connectivité,Navigation GPS,Ambiance chaleureuse,Éclairage tamisé,Assistance bagages,Vue panoramique,Wi-Fi gratuit,Sièges inclinables,Ponctualité,Conversation,Conduite souple,Confort,Chauffeur expérimenté,Silence",Planner,Bamenda
2014,Bandjoun,"Conduite souple,Ponctualité,Cuisine,Sport,Navigation GPS,Conversation,Animaux acceptés,Éclairage tamisé,Langue parlée,Connectivité,Assistance bagages,Sièges inclinables,Wi-Fi gratuit,Espace de rangement,Vue panoramique",Planner,Boutours
600,Bonaberi,"Connectivité,Conduite souple,Animaux acceptés",Planner,Mbandjock
4772,Boutours,"Sièges inclinables,Vue panoramique,Climatisation,Conversation,Ponctualité,Boisson gratuite,Confort,Navigation GPS,Connectivité,Conduite souple,Wi-Fi gratuit,Musique,Assistance bagages,Espace de rangement,Éclairage tamisé,Chauffeur expérimenté",Traveler,Nanga-Eboko
850,Boutours,"Sièges inclinables,Cuisine,Silence,Climatisation,Assistance bagages,Espace de rangement,Navigation GPS,Wi-Fi gratuit,Conduite souple,Ponctualité,Ambiance chaleureuse,Conversation,Éclairage tamisé,Chauffeur expérimenté,Animaux acceptés,Langue parlée,Confort,Boisson gratuite,Vue panoramique",Planner,Bonabéri
4117,Kousseri,"Silence,Assistance bagages,Conduite souple,Langue parlée,Sièges inclinables,Animaux acceptés,Wi-Fi gratuit,Chauffeur expérimenté,Éclairage tamisé,Connectivité,Confort,Ponctualité,Vue panoramique,Ambiance chaleureuse,Sport",Traveler,Bogo
442,Guider,"Navigation GPS,Espace de rangement,Confort,Musique,Ponctualité",Planner,Garoua
657,Buea,"Climatisation,Musique,Langue parlée,Confort,Animaux acceptés,Conversation,Sport,Cuisine,Ambiance chaleureuse,Éclairage tamisé",Planner,Kumba
1961,Mbouda,"Conversation,Espace de rangement,Animaux acceptés,Conduite souple,Confort,Éclairage tamisé,Assistance bagages,Navigation GPS,Langue parlée,Boisson gratuite",Traveler,Loum
243,Batibo,"Conduite souple,Animaux acceptés,Wi-Fi gratuit,Chauffeur expérimenté,Langue parlée,Ambiance chaleureuse,Confort,Éclairage tamisé,Silence,Musique,Sport,Connectivité,Sièges inclinables,Espace de rangement,Conversation,Cuisine,Vue panoramique,Ponctualité,Navigation GPS,Climatisation,Assistance bagages",Traveler,Batibo
2281,Mora,"Musique,Wi-Fi gratuit,Cuisine,Animaux acceptés,Vue panoramique,Conversation,Assistance bagages,Navigation GPS,Boisson gratuite,Conduite souple,Confort,Sport,Ponctualité,Chauffeur expérimenté,Silence,Sièges inclinables,Connectivité,Ambiance chaleureuse,Langue parlée,Éclairage tamisé",Planner,Gazawa
4929,Yaounde,"Navigation GPS,Musique,Animaux acceptés,Sièges inclinables,Wi-Fi gratuit,Vue panoramique,Connectivité,Langue parlée,Conversation,Assistance bagages,Ambiance chaleureuse,Chauffeur expérimenté,Cuisine,Boisson gratuite,Silence",Planner,Essos
2868,Garoua,"Assistance bagages,Musique,Animaux acceptés,Boisson gratuite,Confort,Ambiance chaleureuse,Vue panoramique",Planner,Garoua
2521,Gazawa,"Ambiance chaleureuse,Vue panoramique,Espace de rangement,Navigation GPS,Climatisation,Assistance bagages,Wi-Fi gratuit,Animaux acceptés,Connectivité,Langue parlée,Éclairage tamisé,Confort,Chauffeur expérimenté,Ponctualité,Sièges inclinables,Musique,Silence,Conduite souple,Sport,Cuisine,Conversation",Traveler,Mbandjock
3092,Fontem,"Vue panoramique,Conversation,Boisson gratuite,Navigation GPS,Climatisation,Animaux acceptés,Assistance bagages,Musique,Silence,Ambiance chaleureuse,Cuisine,Confort,Connectivité,Ponctualité",Traveler,Garoua
1620,Bonaberi,"Confort,Connectivité,Assistance bagages,Espace de rangement,Langue parlée,Éclairage tamisé,Ambiance chaleureuse,Musique,Navigation GPS,Ponctualité,Cuisine,Conduite souple",Planner,Mbandjock
2894,Kumba,"Connectivité,Assistance bagages,Musique,Conversation,Silence,Ponctualité,Ambiance chaleureuse,Climatisation,Confort,Langue parlée,Wi-Fi gratuit,Sport,Conduite souple,Sièges inclinables,Chauffeur expérimenté,Éclairage tamisé,Vue panoramique,Animaux acceptés",Planner,Campo
4726,Meiganga,"Animaux acceptés,Vue panoramique,Sport,Conversation",Traveler,Nkongsamba
4296,Bonaberi,"Silence,Navigation GPS,Chauffeur expérimenté,Ambiance chaleureuse,Langue parlée,Confort,Animaux acceptés,Conversation,Assistance bagages,Espace de rangement,Boisson gratuite",Planner,Bogo
4268,Bertoua,"Vue panoramique,Wi-Fi gratuit,Ambiance chaleureuse,Chauffeur expérimenté,Espace de rangement,Animaux acceptés,Sièges inclinables,Connectivité,Cuisine,Langue parlée,Climatisation,Navigation GPS,Assistance bagages,Conversation,Conduite souple,Sport,Ponctualité,Silence,Musique,Boisson gratuite",Traveler,Yaounde
4300,Douala,"Éclairage tamisé,Animaux acceptés,Wi-Fi gratuit,Conversation,Connectivité",Planner,Kousseri
3363,Bertoua,"Ambiance chaleureuse,Boisson gratuite,Sport,Sièges inclinables,Climatisation,Confort,Vue panoramique,Musique,Ponctualité,Conversation,Wi-Fi gratuit,Éclairage tamisé,Conduite souple,Silence,Chauffeur expérimenté,Navigation GPS,Assistance bagages",Traveler,Banga Bakundu
2408,Mbouda,"Silence,Sièges inclinables,Conduite souple,Navigation GPS,Vue panoramique,Ambiance chaleureuse,Assistance bagages,Boisson gratuite,Musique,Chauffeur expérimenté,Climatisation,Espace de rangement,Wi-Fi gratuit,Animaux acceptés,Éclairage tamisé,Sport,Langue parlée,Confort,Ponctualité,Connectivité,Conversation,Cuisine",Planner,Guider
541,Bandjoun,"Éclairage tamisé,Silence,Wi-Fi gratuit,Boisson gratuite,Navigation GPS,Chauffeur expérimenté,Conduite souple,Cuisine",Planner,Bamenda
1781,Batibo,"Langue parlée,Animaux acceptés,Navigation GPS,Confort,Conversation",Traveler,Essos
1281,Yaounde,"Connectivité,Vue panoramique,Ponctualité,Espace de rangement,Ambiance chaleureuse,Boisson gratuite,Éclairage tamisé,Musique,Silence,Chauffeur expérimenté,Assistance bagages",Traveler,Nkongsamba
2106,Nanga-Eboko,"Climatisation,Boisson gratuite,Chauffeur expérimenté,Espace de rangement,Navigation GPS,Animaux acceptés,Sport,Sièges inclinables,Vue panoramique,Ambiance chaleureuse,Musique,Ponctualité,Conversation,Silence,Cuisine,Wi-Fi gratuit,Confort,Conduite souple",Traveler,Kribi
4264,Dibombari,Assistance bagages,Traveler,Mokolo
702,Muyuka,"Connectivité,Langue parlée,Confort,Silence,Espace de rangement,Wi-Fi gratuit,Ponctualité,Climatisation,Assistance bagages,Conversation,Boisson gratuite,Éclairage tamisé,Ambiance chaleureuse,Vue panoramique,Cuisine,Sport,Navigation GPS",Traveler,Mbalmayo
925,Buea,"Boisson gratuite,Navigation GPS,Langue parlée,Ponctualité,Connectivité,Ambiance chaleureuse,Chauffeur expérimenté,Wi-Fi gratuit,Climatisation",Planner,Buea
311,Campo,"Sièges inclinables,Sport,Ponctualité",Traveler,Kousseri
4338,Bali Nyonga,"Connectivité,Espace de rangement,Ponctualité,Chauffeur expérimenté,Cuisine,Conduite souple,Navigation GPS,Ambiance chaleureuse,Sièges inclinables,Vue panoramique,Silence,Musique,Langue parlée,Climatisation,Conversation,Éclairage tamisé,Wi-Fi gratuit",Planner,Mbalmayo
2813,Edéa,"Chauffeur expérimenté,Ponctualité,Navigation GPS,Wi-Fi gratuit,Conduite souple,Silence,Musique,Climatisation,Connectivité,Sièges inclinables,Éclairage tamisé,Langue parlée",Planner,Buea
2919,Loum,"Sièges inclinables,Silence,Espace de rangement,Ambiance chaleureuse,Navigation GPS,Cuisine,Sport,Connectivité,Assistance bagages,Confort,Boisson gratuite,Climatisation,Animaux acceptés,Conversation,Wi-Fi gratuit,Éclairage tamisé,Musique,Conduite souple,Langue parlée,Chauffeur expérimenté,Ponctualité,Vue panoramique",Planner,Nkongsamba
4896,Bogo,"Musique,Conduite souple,Animaux acceptés,Éclairage tamisé,Silence,Connectivité,Confort,Climatisation,Conversation,Sport,Chauffeur expérimenté,Espace de rangement,Boisson gratuite,Ambiance chaleureuse,Ponctualité",Traveler,Bonabéri
3955,Figuif,"Conduite souple,Conversation,Ponctualité,Navigation GPS,Chauffeur expérimenté,Silence,Assistance bagages,Boisson gratuite,Climatisation,Espace de rangement,Connectivité,Confort,Cuisine,Éclairage tamisé",Traveler,Mbandjock
4782,Mbanga,"Assistance bagages,Vue panoramique,Musique,Ambiance chaleureuse,Boisson gratuite,Wi-Fi gratuit",Planner,Yagoua
2243,Douala,"Animaux acceptés,Chauffeur expérimenté,Vue panoramique,Ponctualité",Traveler,Guider
4352,Bandjoun,"Ambiance chaleureuse,Langue parlée",Planner,Bamenda
1099,Bertoua,"Conversation,Animaux acceptés,Chauffeur expérimenté,Vue panoramique,Navigation GPS,Ambiance chaleureuse,Assistance bagages,Ponctualité,Climatisation,Confort,Éclairage tamisé,Sièges inclinables,Silence,Wi-Fi gratuit,Cuisine,Espace de rangement,Langue parlée,Sport,Conduite souple,Boisson gratuite,Connectivité",Planner,Bertoua
365,Buea,Connectivité,Planner,Meiganga
192,Figuif,"Ponctualité,Assistance bagages,Connectivité,Musique,Climatisation,Langue parlée,Animaux acceptés,Espace de rangement,Navigation GPS,Cuisine,Vue panoramique,Sièges inclinables,Conduite souple,Conversation,Ambiance chaleureuse,Confort,Boisson gratuite",Planner,Nkongsamba
3577,Nanga-Eboko,"Sièges inclinables,Langue parlée,Silence,Confort,Conversation,Éclairage tamisé,Conduite souple,Boisson gratuite,Ponctualité,Chauffeur expérimenté,Climatisation,Vue panoramique,Animaux acceptés,Assistance bagages,Navigation GPS,Connectivité,Sport,Musique",Traveler,Melong
1239,Bonakouamouang,"Conversation,Boisson gratuite,Ponctualité,Connectivité,Silence,Sport,Musique,Assistance bagages,Cuisine,Espace de rangement,Sièges inclinables,Chauffeur expérimenté,Langue parlée,Animaux acceptés,Éclairage tamisé,Navigation GPS,Climatisation,Wi-Fi gratuit",Traveler,Muyuka
238,Kribi,"Conduite souple,Vue panoramique,Boisson gratuite,Confort,Espace de rangement,Cuisine,Assistance bagages,Langue parlée,Ponctualité,Musique,Éclairage tamisé,Silence",Traveler,Limbe
454,Bafia,"Sport,Conduite souple,Assistance bagages,Chauffeur expérimenté,Conversation,Wi-Fi gratuit,Connectivité,Navigation GPS,Sièges inclinables,Cuisine,Boisson gratuite,Climatisation,Silence",Planner,Garoua
2063,Bali,"Langue parlée,Musique,Sport,Éclairage tamisé,Assistance bagages,Silence,Navigation GPS,Chauffeur expérimenté,Boisson gratuite,Ambiance chaleureuse,Confort,Sièges inclinables,Wi-Fi gratuit,Animaux acceptés,Ponctualité,Espace de rangement,Vue panoramique",Traveler,Mokolo
4377,Dibombari,"Vue panoramique,Conduite souple,Langue parlée,Animaux acceptés,Connectivité,Navigation GPS,Sièges inclinables,Ambiance chaleureuse,Sport,Musique,Cuisine,Assistance bagages,Ponctualité,Conversation,Confort,Wi-Fi gratuit,Éclairage tamisé,Chauffeur expérimenté",Planner,Kousseri
3077,Batibo,"Climatisation,Silence,Ponctualité,Assistance bagages,Langue parlée,Ambiance chaleureuse,Éclairage tamisé,Cuisine,Conversation,Vue panoramique,Wi-Fi gratuit,Chauffeur expérimenté",Traveler,Dibombari
1420,Mutengene,"Vue panoramique,Éclairage tamisé,Espace de rangement,Conversation,Wi-Fi gratuit,Boisson gratuite,Sport,Confort,Conduite souple,Cuisine,Sièges inclinables",Traveler,Guider
4788,Boutours,"Langue parlée,Conversation,Animaux acceptés,Connectivité,Assistance bagages,Sport,Climatisation,Silence,Ambiance chaleureuse,Sièges inclinables,Ponctualité,Wi-Fi gratuit,Chauffeur expérimenté,Confort,Boisson gratuite,Conduite souple,Navigation GPS,Vue panoramique,Éclairage tamisé,Cuisine,Musique,Espace de rangement",Traveler,Bimbia
2780,Messa,"Musique,Chauffeur expérimenté,Cuisine,Conduite souple,Espace de rangement,Animaux acceptés,Silence,Connectivité,Langue parlée,Éclairage tamisé,Climatisation",Traveler,Essos
593,Mbouda,"Navigation GPS,Musique",Traveler,Fontem
624,Bali Nyonga,"Animaux acceptés,Langue parlée,Cuisine,Sièges inclinables,Climatisation,Wi-Fi gratuit,Silence,Ambiance chaleureuse,Ponctualité,Vue panoramique",Traveler,Yagoua
4204,Loum,"Connectivité,Sport,Langue parlée,Wi-Fi gratuit,Assistance bagages",Planner,Bonakouamouang
4911,Yaounde,"Conduite souple,Cuisine,Musique,Sport,Wi-Fi gratuit,Climatisation",Traveler,Kumba
3954,Essos,"Silence,Éclairage tamisé,Wi-Fi gratuit,Cuisine,Ambiance chaleureuse,Connectivité",Traveler,Bandjoun
2145,Garoua,"Connectivité,Climatisation,Conduite souple",Traveler,Buea
2189,Bamenda,"Conversation,Connectivité,Silence,Boisson gratuite,Wi-Fi gratuit,Climatisation,Espace de rangement,Ponctualité,Éclairage tamisé,Animaux acceptés,Conduite souple,Musique,Confort,Chauffeur expérimenté",Traveler,Edéa
3067,Belabo,"Assistance bagages,Wi-Fi gratuit,Éclairage tamisé,Confort,Ponctualité,Cuisine,Vue panoramique,Musique,Boisson gratuite,Navigation GPS,Sport,Sièges inclinables,Animaux acceptés,Connectivité,Conversation,Ambiance chaleureuse,Espace de rangement,Chauffeur expérimenté",Traveler,Bogo
3794,Bertoua,"Silence,Wi-Fi gratuit,Assistance bagages,Sièges inclinables,Ambiance chaleureuse,Conduite souple,Climatisation,Cuisine,Boisson gratuite,Sport,Ponctualité,Éclairage tamisé,Confort,Animaux acceptés,Langue parlée,Conversation,Musique,Chauffeur expérimenté,Vue panoramique,Navigation GPS,Espace de rangement,Connectivité",Planner,Mbandjock
2593,Bafia,"Assistance bagages,Connectivité,Musique,Animaux acceptés,Ambiance chaleureuse,Wi-Fi gratuit,Sport,Ponctualité,Sièges inclinables",Planner,Fontem
915,Douala,"Sport,Ambiance chaleureuse,Langue parlée,Ponctualité,Vue panoramique",Planner,Nanga-Eboko
3361,Buea,"Connectivité,Animaux acceptés,Climatisation,Wi-Fi gratuit,Ponctualité,Chauffeur expérimenté,Langue parlée,Espace de rangement,Confort,Sport,Vue panoramique,Boisson gratuite,Conduite souple,Cuisine,Musique,Navigation GPS,Sièges inclinables,Éclairage tamisé,Conversation,Assistance bagages,Silence",Traveler,Mbandjock
4607,Bonabéri,"Sport,Espace de rangement,Boisson gratuite,Conduite souple,Musique,Connectivité,Sièges inclinables,Wi-Fi gratuit,Climatisation,Éclairage tamisé,Animaux acceptés,Assistance bagages,Vue panoramique,Conversation,Cuisine,Langue parlée,Confort,Navigation GPS,Ponctualité,Ambiance chaleureuse,Chauffeur expérimenté",Traveler,Kribi
605,Bafang,"Silence,Vue panoramique,Conversation,Climatisation,Animaux acceptés,Conduite souple,Chauffeur expérimenté",Planner,Figuif
4489,Dibombari,"Conduite souple,Éclairage tamisé,Wi-Fi gratuit,Conversation,Silence,Cuisine,Ponctualité,Ambiance chaleureuse,Boisson gratuite,Sport,Musique,Espace de rangement,Langue parlée,Confort,Vue panoramique,Navigation GPS,Animaux acceptés,Connectivité,Climatisation,Sièges inclinables,Chauffeur expérimenté,Assistance bagages",Planner,Dibombari
3923,Mora,"Wi-Fi gratuit,Cuisine,Espace de rangement,Navigation GPS,Confort,Vue panoramique",Traveler,Fontem
3491,Campo,"Animaux acceptés,Connectivité,Ponctualité,Conduite souple,Cuisine,Climatisation,Navigation GPS,Boisson gratuite,Sièges inclinables",Traveler,Bimbia
4049,Dibombari,"Ponctualité,Ambiance chaleureuse,Sport,Chauffeur expérimenté,Éclairage tamisé,Langue parlée,Confort,Boisson gratuite",Traveler,Beti
4495,Bamenda,"Éclairage tamisé,Sièges inclinables,Ambiance chaleureuse,Vue panoramique,Conduite souple,Musique,Espace de rangement,Ponctualité,Assistance bagages,Confort,Conversation,Climatisation,Animaux acceptés,Connectivité,Cuisine,Boisson gratuite,Navigation GPS,Wi-Fi gratuit,Sport,Silence,Chauffeur expérimenté,Langue parlée",Planner,Mbanga
4565,Bamenda,"Assistance bagages,Conversation,Connectivité,Ponctualité,Animaux acceptés,Confort",Planner,Bonanjo
2671,Boutours,"Sport,Connectivité",Planner,Buea
3314,Guider,"Conversation,Vue panoramique,Sport,Ponctualité,Connectivité,Espace de rangement,Sièges inclinables,Éclairage tamisé,Chauffeur expérimenté",Planner,Kumba
3226,Limbe,"Cuisine,Assistance bagages,Éclairage tamisé,Conversation,Vue panoramique,Langue parlée,Connectivité",Planner,Maroua
260,Mbouda,"Assistance bagages,Confort,Ponctualité,Chauffeur expérimenté,Sièges inclinables,Langue parlée,Conversation,Boisson gratuite",Planner,Muyuka
2850,Mokolo,Connectivité,Planner,Limbe
2335,Bali,"Éclairage tamisé,Cuisine,Langue parlée,Navigation GPS,Ponctualité,Conversation,Chauffeur expérimenté,Vue panoramique,Sport,Confort,Musique,Climatisation,Conduite souple,Silence,Connectivité,Espace de rangement,Animaux acceptés",Planner,Buea
185,Messa,"Navigation GPS,Sièges inclinables,Climatisation",Planner,Bonanjo
2599,Mbouda,"Vue panoramique,Chauffeur expérimenté,Sièges inclinables,Climatisation,Langue parlée,Ambiance chaleureuse,Animaux acceptés,Cuisine,Ponctualité,Silence,Connectivité,Navigation GPS,Assistance bagages,Wi-Fi gratuit,Sport",Planner,Dibombari
815,Bonanjo,Conduite souple,Traveler,Mbalmayo
2353,Buea,"Wi-Fi gratuit,Boisson gratuite,Vue panoramique,Sport,Silence",Planner,Yaounde
2730,Mbandjock,"Ponctualité,Connectivité,Conduite souple,Éclairage tamisé,Silence,Conversation,Sport,Animaux acceptés,Ambiance chaleureuse",Planner,Bafoussam
3573,Beti,"Ambiance chaleureuse,Boisson gratuite,Silence,Conduite souple,Langue parlée,Éclairage tamisé,Connectivité",Planner,Bimbia
2010,Bonamoussadi,"Chauffeur expérimenté,Animaux acceptés,Boisson gratuite,Climatisation,Ponctualité,Connectivité,Silence,Sport,Navigation GPS,Conduite souple,Musique,Wi-Fi gratuit",Traveler,Bamenda
1221,Mokolo,"Langue parlée,Confort,Espace de rangement,Ambiance chaleureuse",Planner,Messa
4017,Figuif,"Éclairage tamisé,Ponctualité,Confort,Sport,Silence,Musique,Boisson gratuite,Wi-Fi gratuit,Connectivité,Vue panoramique,Conduite souple,Cuisine,Assistance bagages,Animaux acceptés,Langue parlée,Chauffeur expérimenté,Espace de rangement,Climatisation,Ambiance chaleureuse",Planner,Bonabéri
2933,Bandjoun,"Silence,Conversation,Cuisine,Musique,Vue panoramique,Navigation GPS,Sport,Climatisation,Animaux acceptés,Wi-Fi gratuit,Conduite souple,Espace de rangement,Ambiance chaleureuse,Confort,Sièges inclinables,Éclairage tamisé,Chauffeur expérimenté,Assistance bagages",Planner,Messa
1875,Bali Nyonga,"Animaux acceptés,Navigation GPS,Sport,Confort,Éclairage tamisé,Langue parlée,Climatisation,Chauffeur expérimenté,Ponctualité,Vue panoramique",Traveler,Belabo
1659,Mbandjock,"Musique,Ambiance chaleureuse,Animaux acceptés,Conduite souple",Planner,Kousseri
1038,Boutours,"Musique,Silence,Ambiance chaleureuse,Chauffeur expérimenté,Conversation,Climatisation,Connectivité,Éclairage tamisé,Animaux acceptés,Sièges inclinables,Navigation GPS,Wi-Fi gratuit,Confort,Espace de rangement,Conduite souple,Cuisine,Ponctualité,Boisson gratuite,Vue panoramique,Langue parlée",Planner,Mbalmayo
455,Bamenda,"Climatisation,Conversation,Connectivité,Sièges inclinables,Conduite souple,Langue parlée,Animaux acceptés,Silence,Confort,Ponctualité,Éclairage tamisé,Assistance bagages,Vue panoramique,Cuisine",Planner,Limbe
21,Kribi,"Langue parlée,Sport,Wi-Fi gratuit,Navigation GPS,Assistance bagages,Vue panoramique,Sièges inclinables,Ambiance chaleureuse",Planner,Yagoua
3123,Melong,"Navigation GPS,Vue panoramique,Sièges inclinables,Espace de rangement,Sport,Wi-Fi gratuit,Ambiance chaleureuse,Conduite souple,Cuisine,Climatisation,Langue parlée,Boisson gratuite,Animaux acceptés,Assistance bagages,Musique,Conversation,Connectivité,Éclairage tamisé,Confort,Ponctualité",Traveler,Essos
4100,Dibombari,"Cuisine,Connectivité,Conversation,Navigation GPS,Boisson gratuite,Langue parlée,Ambiance chaleureuse,Sport,Ponctualité,Sièges inclinables",Traveler,Kousseri
246,Bogo,"Assistance bagages,Sport,Conduite souple,Silence,Musique,Climatisation,Wi-Fi gratuit,Langue parlée,Vue panoramique,Animaux acceptés,Boisson gratuite,Ambiance chaleureuse,Ponctualité,Éclairage tamisé,Confort,Chauffeur expérimenté,Sièges inclinables,Connectivité,Cuisine",Traveler,Figuif
166,Limbe,"Cuisine,Chauffeur expérimenté,Climatisation,Vue panoramique,Langue parlée,Éclairage tamisé,Conversation,Ambiance chaleureuse,Assistance bagages,Animaux acceptés,Musique",Planner,Buea
4214,Kribi,"Vue panoramique,Musique,Confort,Silence,Navigation GPS,Sièges inclinables,Conduite souple,Boisson gratuite,Connectivité,Wi-Fi gratuit,Conversation,Assistance bagages,Ambiance chaleureuse,Climatisation,Langue parlée,Espace de rangement,Éclairage tamisé,Chauffeur expérimenté,Ponctualité",Planner,Belo
2541,Kousseri,"Ambiance chaleureuse,Éclairage tamisé,Chauffeur expérimenté,Wi-Fi gratuit,Vue panoramique,Espace de rangement,Connectivité,Musique,Navigation GPS,Silence,Boisson gratuite,Sport,Confort,Conversation,Cuisine,Animaux acceptés,Langue parlée,Conduite souple,Assistance bagages",Planner,Bertoua
2633,Bandjoun,"Assistance bagages,Sièges inclinables,Vue panoramique,Conversation,Sport,Conduite souple,Ambiance chaleureuse,Musique,Connectivité",Planner,Bimbia
3194,Figuif,"Ambiance chaleureuse,Chauffeur expérimenté,Ponctualité,Conduite souple,Assistance bagages,Connectivité,Silence,Sport,Musique,Confort,Espace de rangement,Climatisation,Animaux acceptés,Wi-Fi gratuit,Cuisine,Boisson gratuite,Sièges inclinables",Traveler,Mokolo
228,Buea,"Ponctualité,Confort,Sièges inclinables,Cuisine,Conduite souple,Ambiance chaleureuse,Climatisation,Chauffeur expérimenté,Langue parlée,Wi-Fi gratuit,Assistance bagages,Navigation GPS,Espace de rangement,Conversation",Traveler,Bali Nyonga
818,Kumba,"Silence,Sièges inclinables,Musique,Vue panoramique,Ponctualité,Ambiance chaleureuse,Assistance bagages,Climatisation,Navigation GPS,Conversation,Boisson gratuite,Éclairage tamisé,Wi-Fi gratuit,Connectivité,Cuisine,Langue parlée,Espace de rangement,Sport,Conduite souple,Animaux acceptés",Traveler,Buea
1693,Bafang,"Langue parlée,Assistance bagages,Espace de rangement,Conversation,Chauffeur expérimenté,Cuisine,Confort,Connectivité,Sièges inclinables,Ponctualité,Navigation GPS,Wi-Fi gratuit,Conduite souple,Vue panoramique,Boisson gratuite,Ambiance chaleureuse,Éclairage tamisé,Musique,Sport,Climatisation,Animaux acceptés,Silence",Traveler,Batibo
2727,Bali,"Conduite souple,Éclairage tamisé",Planner,Fontem
4276,Mbalmayo,"Animaux acceptés,Silence,Langue parlée,Chauffeur expérimenté,Ponctualité,Navigation GPS,Conduite souple,Vue panoramique,Assistance bagages,Connectivité,Sport,Cuisine,Éclairage tamisé,Espace de rangement,Boisson gratuite,Climatisation,Sièges inclinables,Wi-Fi gratuit,Confort,Ambiance chaleureuse",Planner,Bandjoun
4173,Melong,"Vue panoramique,Ponctualité,Wi-Fi gratuit,Sport,Climatisation,Musique,Connectivité,Cuisine,Silence,Conduite souple,Animaux acceptés,Sièges inclinables,Ambiance chaleureuse,Espace de rangement,Boisson gratuite,Navigation GPS,Éclairage tamisé,Confort,Langue parlée,Assistance bagages,Chauffeur expérimenté",Planner,Dibombari
3740,Bonaberi,"Chauffeur expérimenté,Musique,Silence,Animaux acceptés,Sport,Conversation,Assistance bagages,Espace de rangement,Éclairage tamisé,Wi-Fi gratuit,Conduite souple",Traveler,Bonakouamouang
2703,Bali,"Animaux acceptés,Chauffeur expérimenté,Cuisine,Éclairage tamisé,Langue parlée,Confort,Connectivité,Navigation GPS,Vue panoramique",Traveler,Mutengene
1969,Guider,"Chauffeur expérimenté,Sièges inclinables,Éclairage tamisé,Espace de rangement,Connectivité,Navigation GPS,Confort,Cuisine,Vue panoramique,Boisson gratuite,Assistance bagages,Ambiance chaleureuse",Traveler,Bafia
948,Bonanjo,"Éclairage tamisé,Vue panoramique,Chauffeur expérimenté,Ponctualité,Connectivité,Animaux acceptés,Musique,Sport,Navigation GPS,Sièges inclinables,Langue parlée,Confort",Planner,Mbanga
2487,Bertoua,"Ambiance chaleureuse,Sièges inclinables,Éclairage tamisé,Chauffeur expérimenté,Navigation GPS,Conversation,Musique,Wi-Fi gratuit,Ponctualité,Conduite souple,Climatisation,Connectivité,Confort,Boisson gratuite,Assistance bagages,Silence,Vue panoramique,Langue parlée,Animaux acceptés,Cuisine,Sport,Espace de rangement",Planner,Bertoua
1681,Beti,"Éclairage tamisé,Connectivité,Conduite souple,Vue panoramique",Traveler,Messa
726,Batibo,"Assistance bagages,Navigation GPS,Langue parlée,Vue panoramique,Espace de rangement,Wi-Fi gratuit,Climatisation,Boisson gratuite,Connectivité,Musique,Silence,Éclairage tamisé,Animaux acceptés,Cuisine,Confort,Ambiance chaleureuse,Conversation,Conduite souple,Sport,Chauffeur expérimenté",Planner,Edéa
2536,Dibombari,"Connectivité,Confort,Ambiance chaleureuse,Vue panoramique,Navigation GPS,Ponctualité,Espace de rangement,Sport,Silence,Assistance bagages,Chauffeur expérimenté,Conduite souple",Traveler,Mbanga
4563,Campo,"Vue panoramique,Musique,Langue parlée,Boisson gratuite,Sport,Conversation,Cuisine,Animaux acceptés,Ambiance chaleureuse,Connectivité,Chauffeur expérimenté,Climatisation",Planner,Messa
4189,Bonanjo,"Navigation GPS,Wi-Fi gratuit,Chauffeur expérimenté,Assistance bagages,Boisson gratuite,Sièges inclinables,Vue panoramique,Conversation,Confort,Silence,Cuisine,Ponctualité,Éclairage tamisé,Climatisation,Langue parlée,Ambiance chaleureuse",Traveler,Kousseri
4296,Buea,"Éclairage tamisé,Confort,Silence,Espace de rangement,Assistance bagages,Cuisine,Wi-Fi gratuit,Climatisation,Ambiance chaleureuse,Musique,Conduite souple,Conversation,Chauffeur expérimenté,Navigation GPS,Boisson gratuite,Animaux acceptés,Connectivité,Vue panoramique,Sièges inclinables,Langue parlée,Sport,Ponctualité",Planner,Bonamoussadi
2926,Fontem,"Sport,Climatisation,Vue panoramique,Conduite souple,Conversation,Chauffeur expérimenté,Boisson gratuite,Ponctualité,Animaux acceptés,Assistance bagages,Sièges inclinables,Confort,Wi-Fi gratuit,Cuisine,Silence,Langue parlée,Ambiance chaleureuse",Traveler,Dibombari
3512,Bafia,"Vue panoramique,Conversation,Boisson gratuite,Conduite souple,Animaux acceptés,Ambiance chaleureuse,Langue parlée,Chauffeur expérimenté,Sièges inclinables,Confort,Climatisation,Wi-Fi gratuit",Traveler,Campo
4176,Messa,"Éclairage tamisé,Silence,Conversation,Chauffeur expérimenté,Ambiance chaleureuse",Traveler,Bafoussam
4569,Bonamoussadi,"Animaux acceptés,Assistance bagages,Sièges inclinables,Climatisation,Wi-Fi gratuit,Conduite souple,Conversation,Chauffeur expérimenté,Langue parlée,Boisson gratuite,Vue panoramique,Confort",Traveler,Fontem
4136,Kribi,"Confort,Sièges inclinables,Vue panoramique,Wi-Fi gratuit,Ambiance chaleureuse,Sport,Connectivité,Navigation GPS,Chauffeur expérimenté,Langue parlée,Boisson gratuite",Planner,Mbouda
1015,Belo,"Boisson gratuite,Sièges inclinables,Navigation GPS,Éclairage tamisé,Ponctualité",Traveler,Bandjoun
1410,Guider,"Sport,Sièges inclinables,Vue panoramique,Silence,Éclairage tamisé,Espace de rangement,Cuisine,Confort,Navigation GPS,Wi-Fi gratuit,Musique,Conduite souple,Animaux acceptés,Langue parlée",Planner,Figuif
3006,Buea,"Confort,Climatisation,Cuisine,Chauffeur expérimenté,Boisson gratuite,Ponctualité,Éclairage tamisé,Wi-Fi gratuit",Traveler,Beti
101,Edéa,"Silence,Cuisine,Boisson gratuite,Chauffeur expérimenté,Langue parlée,Musique",Traveler,Campo
2939,Mutengene,"Assistance bagages,Sport,Cuisine,Chauffeur expérimenté,Animaux acceptés,Sièges inclinables,Espace de rangement,Ponctualité,Silence,Conduite souple,Navigation GPS,Éclairage tamisé,Boisson gratuite",Planner,Limbe
1297,Campo,"Confort,Connectivité,Langue parlée,Chauffeur expérimenté,Musique,Ambiance chaleureuse,Animaux acceptés,Sièges inclinables,Climatisation,Sport,Silence,Wi-Fi gratuit,Conduite souple,Espace de rangement",Planner,Nanga-Eboko
181,Bonanjo,"Musique,Cuisine,Connectivité,Sièges inclinables,Wi-Fi gratuit,Conversation,Espace de rangement,Sport,Climatisation,Vue panoramique,Confort,Langue parlée,Navigation GPS,Ambiance chaleureuse,Boisson gratuite,Chauffeur expérimenté",Planner,Batibo
3252,Mbanga,"Chauffeur expérimenté,Silence,Connectivité,Musique,Sport,Animaux acceptés,Vue panoramique,Climatisation,Conduite souple,Conversation,Navigation GPS,Langue parlée",Traveler,Mbandjock
2302,Kumba,"Assistance bagages,Cuisine,Wi-Fi gratuit,Sport,Animaux acceptés,Ambiance chaleureuse,Éclairage tamisé,Connectivité,Confort,Vue panoramique,Conduite souple",Traveler,Belabo
2391,Kousseri,"Connectivité,Éclairage tamisé,Conduite souple,Assistance bagages,Boisson gratuite",Traveler,Bogo
1600,Muyuka,"Sièges inclinables,Ambiance chaleureuse,Chauffeur expérimenté",Traveler,Figuif
1680,Figuif,"Sièges inclinables,Climatisation,Langue parlée,Ambiance chaleureuse,Sport,Wi-Fi gratuit,Musique,Conduite souple,Ponctualité,Espace de rangement,Assistance bagages,Éclairage tamisé,Navigation GPS,Connectivité,Boisson gratuite,Confort,Silence,Chauffeur expérimenté,Cuisine",Planner,Bonabéri
4786,Limbe,"Éclairage tamisé,Wi-Fi gratuit,Langue parlée,Vue panoramique,Espace de rangement,Animaux acceptés",Traveler,Mutengene
613,Bafia,"Chauffeur expérimenté,Wi-Fi gratuit,Confort,Vue panoramique,Navigation GPS,Sièges inclinables,Musique,Boisson gratuite,Espace de rangement",Planner,Maroua
259,Muyuka,"Espace de rangement,Ponctualité,Boisson gratuite,Vue panoramique,Cuisine,Musique,Sport,Climatisation,Connectivité,Langue parlée,Conversation,Ambiance chaleureuse,Éclairage tamisé,Wi-Fi gratuit",Planner,Bonaberi
3438,Bertoua,"Conversation,Climatisation,Vue panoramique,Assistance bagages,Musique,Connectivité,Ponctualité,Boisson gratuite,Confort,Animaux acceptés,Sport,Wi-Fi gratuit,Espace de rangement,Cuisine,Éclairage tamisé,Langue parlée,Ambiance chaleureuse,Conduite souple,Chauffeur expérimenté,Navigation GPS,Sièges inclinables,Silence",Traveler,Meiganga
2901,Bafoussam,"Chauffeur expérimenté,Climatisation,Sièges inclinables,Boisson gratuite,Musique,Conversation,Wi-Fi gratuit,Ponctualité,Sport,Espace de rangement,Conduite souple",Traveler,Bonanjo
3547,Bonamoussadi,"Éclairage tamisé,Conversation,Silence,Boisson gratuite,Chauffeur expérimenté,Vue panoramique,Conduite souple,Espace de rangement,Cuisine,Climatisation,Assistance bagages,Sièges inclinables,Animaux acceptés,Langue parlée",Traveler,Kumba
2516,Mokolo,"Vue panoramique,Assistance bagages,Éclairage tamisé,Sport,Chauffeur expérimenté,Langue parlée,Cuisine",Traveler,Meiganga
2764,Bonamoussadi,"Conversation,Wi-Fi gratuit,Sièges inclinables,Éclairage tamisé,Conduite souple",Planner,Bonabéri
2941,Dibombari,"Boisson gratuite,Climatisation,Wi-Fi gratuit,Animaux acceptés,Sport,Conduite souple",Planner,Bogo
2014,Bafoussam,"Assistance bagages,Espace de rangement,Chauffeur expérimenté,Connectivité,Sièges inclinables,Langue parlée,Navigation GPS,Éclairage tamisé,Boisson gratuite,Ambiance chaleureuse,Conversation,Wi-Fi gratuit,Climatisation,Vue panoramique,Animaux acceptés,Ponctualité,Confort,Cuisine,Conduite souple",Traveler,Maroua
1827,Banga Bakundu,"Langue parlée,Wi-Fi gratuit,Conduite souple,Éclairage tamisé,Connectivité,Climatisation,Espace de rangement,Conversation,Animaux acceptés,Musique,Assistance bagages,Confort,Ambiance chaleureuse,Sport,Sièges inclinables",Traveler,Guider
3560,Bafang,"Sport,Boisson gratuite,Sièges inclinables,Éclairage tamisé,Chauffeur expérimenté,Espace de rangement",Traveler,Bonanjo
832,Messa,"Musique,Espace de rangement,Navigation GPS,Assistance bagages,Chauffeur expérimenté",Traveler,Mbalmayo
1494,Garoua,"Climatisation,Conduite souple,Silence,Cuisine,Sport,Langue parlée,Vue panoramique,Chauffeur expérimenté,Ponctualité,Éclairage tamisé,Musique,Animaux acceptés,Boisson gratuite,Connectivité,Wi-Fi gratuit,Navigation GPS,Ambiance chaleureuse,Espace de rangement,Confort,Assistance bagages,Sièges inclinables",Planner,Belo
4522,Bonakouamouang,Chauffeur expérimenté,Traveler,Maroua
4399,Bafia,"Conduite souple,Connectivité,Éclairage tamisé,Climatisation,Cuisine,Langue parlée,Conversation",Planner,Bimbia
3748,Belabo,"Climatisation,Ambiance chaleureuse,Animaux acceptés,Chauffeur expérimenté,Ponctualité,Connectivité,Conduite souple,Sièges inclinables,Boisson gratuite,Silence,Conversation,Espace de rangement,Assistance bagages,Sport,Éclairage tamisé,Vue panoramique,Wi-Fi gratuit,Navigation GPS,Musique,Cuisine",Planner,Batibo
1078,Bimbia,"Wi-Fi gratuit,Connectivité,Langue parlée,Ponctualité,Boisson gratuite,Sièges inclinables,Conversation,Silence,Sport,Ambiance chaleureuse,Cuisine,Climatisation,Espace de rangement,Navigation GPS,Confort,Animaux acceptés,Vue panoramique,Assistance bagages",Planner,Bertoua
4494,Bafia,"Assistance bagages,Espace de rangement,Langue parlée,Wi-Fi gratuit,Conduite souple,Boisson gratuite,Navigation GPS,Sport",Planner,Bonaberi
4408,Buea,"Boisson gratuite,Langue parlée,Connectivité,Vue panoramique,Sport,Ambiance chaleureuse,Navigation GPS,Sièges inclinables,Confort,Espace de rangement,Conduite souple,Wi-Fi gratuit,Chauffeur expérimenté,Conversation,Climatisation,Assistance bagages,Ponctualité",Planner,Bafia
4357,Muyuka,"Climatisation,Conversation,Chauffeur expérimenté,Sport,Langue parlée,Wi-Fi gratuit,Éclairage tamisé,Espace de rangement,Ponctualité,Animaux acceptés,Ambiance chaleureuse",Planner,Beti
2713,Loum,"Conversation,Navigation GPS,Connectivité,Conduite souple,Éclairage tamisé,Sport,Ambiance chaleureuse,Wi-Fi gratuit,Confort,Vue panoramique,Animaux acceptés,Langue parlée,Cuisine,Sièges inclinables,Chauffeur expérimenté",Planner,Mora
825,Yagoua,"Navigation GPS,Vue panoramique,Wi-Fi gratuit,Chauffeur expérimenté,Conversation,Éclairage tamisé,Boisson gratuite,Climatisation,Sièges inclinables",Planner,Messa
1348,Muyuka,"Animaux acceptés,Vue panoramique,Climatisation,Ambiance chaleureuse,Sport,Langue parlée,Chauffeur expérimenté,Espace de rangement,Éclairage tamisé",Planner,Buea
2929,Fontem,"Boisson gratuite,Sièges inclinables,Conversation,Musique,Connectivité,Animaux acceptés,Climatisation,Assistance bagages,Wi-Fi gratuit,Ambiance chaleureuse,Sport,Éclairage tamisé,Chauffeur expérimenté",Planner,Beti
2872,Meiganga,"Sièges inclinables,Confort,Boisson gratuite,Espace de rangement,Langue parlée,Conduite souple,Musique,Cuisine,Chauffeur expérimenté,Ponctualité,Silence,Éclairage tamisé,Ambiance chaleureuse,Navigation GPS,Conversation,Connectivité",Planner,Muyuka
3023,Mbanga,"Confort,Connectivité,Climatisation,Vue panoramique,Conduite souple,Conversation,Éclairage tamisé,Silence,Boisson gratuite,Sièges inclinables,Animaux acceptés,Espace de rangement,Wi-Fi gratuit,Chauffeur expérimenté,Ambiance chaleureuse,Musique,Cuisine,Navigation GPS,Assistance bagages,Langue parlée,Sport,Ponctualité",Planner,Boutours
3713,Bonamoussadi,"Wi-Fi gratuit,Sièges inclinables,Conduite souple,Espace de rangement",Traveler,Bonanjo
3804,Mbouda,Cuisine,Planner,Muyuka
3617,Belo,"Vue panoramique,Cuisine,Climatisation,Navigation GPS,Wi-Fi gratuit,Musique,Ambiance chaleureuse,Animaux acceptés,Conduite souple,Confort,Connectivité,Chauffeur expérimenté",Planner,Mutengene
2211,Garoua,"Connectivité,Sièges inclinables,Animaux acceptés,Cuisine,Chauffeur expérimenté,Conversation,Musique,Boisson gratuite,Assistance bagages,Climatisation,Ponctualité,Vue panoramique,Silence,Langue parlée,Wi-Fi gratuit,Conduite souple,Navigation GPS,Éclairage tamisé,Sport",Planner,Bonaberi
2934,Buea,Sièges inclinables,Traveler,Bimbia
1421,Essos,"Musique,Assistance bagages,Conversation,Boisson gratuite,Ponctualité",Planner,Boutours
3346,Edéa,"Wi-Fi gratuit,Navigation GPS,Sièges inclinables,Chauffeur expérimenté,Animaux acceptés,Ambiance chaleureuse,Confort,Vue panoramique,Sport,Ponctualité,Éclairage tamisé,Espace de rangement,Climatisation,Musique,Assistance bagages,Conduite souple,Langue parlée,Cuisine,Connectivité,Boisson gratuite",Planner,Batibo
1726,Bali Nyonga,"Vue panoramique,Boisson gratuite,Wi-Fi gratuit,Éclairage tamisé,Langue parlée,Animaux acceptés,Climatisation,Conduite souple,Navigation GPS,Sport,Silence,Sièges inclinables",Traveler,Buea
4991,Fontem,"Sport,Conversation,Conduite souple,Ponctualité,Silence",Planner,Batibo
1587,Bonakouamouang,"Conduite souple,Confort,Vue panoramique,Wi-Fi gratuit,Silence,Langue parlée,Connectivité,Chauffeur expérimenté,Cuisine,Ambiance chaleureuse,Éclairage tamisé,Assistance bagages,Sport,Ponctualité,Boisson gratuite,Climatisation,Animaux acceptés,Navigation GPS,Musique,Conversation",Traveler,Mbalmayo
1706,Figuif,Silence,Traveler,Nanga-Eboko
2048,Banga Bakundu,"Ambiance chaleureuse,Conduite souple,Espace de rangement,Climatisation,Cuisine,Sport,Navigation GPS,Vue panoramique,Sièges inclinables,Chauffeur expérimenté,Wi-Fi gratuit",Planner,Mbouda
3471,Bandjoun,"Ambiance chaleureuse,Conversation,Langue parlée,Wi-Fi gratuit,Espace de rangement,Sport,Climatisation,Conduite souple,Navigation GPS,Cuisine,Confort,Vue panoramique,Boisson gratuite,Silence,Sièges inclinables,Éclairage tamisé,Assistance bagages,Musique,Animaux acceptés,Ponctualité,Chauffeur expérimenté,Connectivité",Traveler,Banga Bakundu
978,Dibombari,"Wi-Fi gratuit,Cuisine,Connectivité,Ponctualité,Conduite souple,Espace de rangement",Traveler,Loum
4391,Dibombari,"Cuisine,Silence,Sport,Assistance bagages,Connectivité,Espace de rangement,Animaux acceptés,Éclairage tamisé,Boisson gratuite,Conduite souple,Wi-Fi gratuit,Langue parlée,Sièges inclinables,Musique,Chauffeur expérimenté,Navigation GPS,Conversation,Confort,Vue panoramique,Ambiance chaleureuse,Climatisation",Traveler,Gazawa
315,Bertoua,"Assistance bagages,Confort,Cuisine,Ponctualité",Planner,Buea
154,Bafia,"Ponctualité,Conversation,Ambiance chaleureuse,Musique,Animaux acceptés,Cuisine,Boisson gratuite,Wi-Fi gratuit",Planner,Gazawa
1823,Edéa,"Musique,Sièges inclinables,Langue parlée,Climatisation,Navigation GPS",Traveler,Mokolo
4889,Boutours,"Silence,Sport,Chauffeur expérimenté,Vue panoramique,Assistance bagages,Wi-Fi gratuit,Éclairage tamisé,Confort,Climatisation,Sièges inclinables,Cuisine,Connectivité,Musique,Espace de rangement,Navigation GPS,Ambiance chaleureuse,Animaux acceptés,Langue parlée,Conversation,Conduite souple,Boisson gratuite,Ponctualité",Planner,Fontem
2661,Bonanjo,"Ponctualité,Connectivité,Animaux acceptés,Éclairage tamisé,Cuisine,Ambiance chaleureuse,Wi-Fi gratuit,Confort,Assistance bagages,Langue parlée",Planner,Mbandjock
4187,Bonakouamouang,"Navigation GPS,Ponctualité,Musique,Wi-Fi gratuit,Connectivité,Sport",Traveler,Mokolo
452,Yaounde,"Connectivité,Conduite souple,Sièges inclinables,Langue parlée,Sport,Ambiance chaleureuse,Climatisation,Espace de rangement,Animaux acceptés,Éclairage tamisé,Musique",Traveler,Yaounde
3233,Mbandjock,"Climatisation,Assistance bagages,Conduite souple,Confort,Sport,Conversation,Navigation GPS,Boisson gratuite,Sièges inclinables,Connectivité,Vue panoramique,Chauffeur expérimenté,Espace de rangement,Animaux acceptés,Silence,Wi-Fi gratuit,Cuisine,Éclairage tamisé",Traveler,Muyuka
582,Limbe,"Ambiance chaleureuse,Espace de rangement,Climatisation,Silence,Conversation,Confort,Connectivité",Traveler,Bamenda
150,Belabo,"Assistance bagages,Cuisine,Confort,Langue parlée,Sièges inclinables,Sport,Conversation,Espace de rangement,Éclairage tamisé,Boisson gratuite,Wi-Fi gratuit,Musique,Silence,Chauffeur expérimenté,Ponctualité,Connectivité,Ambiance chaleureuse,Vue panoramique,Navigation GPS,Conduite souple,Climatisation",Traveler,Buea
180,Douala,"Vue panoramique,Silence,Sièges inclinables,Connectivité,Ambiance chaleureuse",Traveler,Fontem
782,Muyuka,"Sièges inclinables,Wi-Fi gratuit,Musique,Confort,Navigation GPS,Climatisation,Connectivité,Silence,Éclairage tamisé,Assistance bagages,Sport,Conversation,Conduite souple,Boisson gratuite,Langue parlée,Animaux acceptés,Vue panoramique,Ponctualité,Cuisine,Espace de rangement,Ambiance chaleureuse",Planner,Bonamoussadi
1814,Guider,"Chauffeur expérimenté,Conversation,Ambiance chaleureuse,Langue parlée,Conduite souple,Navigation GPS,Vue panoramique,Boisson gratuite,Silence,Animaux acceptés,Assistance bagages,Sport,Confort,Musique,Wi-Fi gratuit,Éclairage tamisé,Sièges inclinables,Espace de rangement,Connectivité,Climatisation",Planner,Bali
1562,Mbanga,"Confort,Sport,Navigation GPS,Sièges inclinables,Climatisation,Wi-Fi gratuit,Ponctualité,Silence,Vue panoramique,Chauffeur expérimenté,Animaux acceptés,Conduite souple,Éclairage tamisé,Conversation,Langue parlée,Connectivité,Assistance bagages,Boisson gratuite",Traveler,Bafang
1355,Mbanga,"Conversation,Chauffeur expérimenté,Climatisation,Éclairage tamisé,Animaux acceptés,Espace de rangement,Assistance bagages,Sport,Conduite souple,Ponctualité,Boisson gratuite,Connectivité,Sièges inclinables,Ambiance chaleureuse,Silence,Confort,Navigation GPS,Vue panoramique,Langue parlée,Wi-Fi gratuit,Cuisine,Musique",Traveler,Maroua
3719,Maroua,"Wi-Fi gratuit,Sport,Assistance bagages,Ambiance chaleureuse,Conduite souple,Langue parlée,Conversation,Confort,Climatisation,Vue panoramique,Espace de rangement,Cuisine,Sièges inclinables,Éclairage tamisé,Musique,Connectivité",Planner,Bogo
3689,Edéa,"Ambiance chaleureuse,Éclairage tamisé,Sport,Ponctualité,Animaux acceptés,Chauffeur expérimenté",Traveler,Gazawa
4557,Meiganga,"Éclairage tamisé,Ponctualité,Wi-Fi gratuit,Climatisation,Langue parlée,Conversation,Navigation GPS,Espace de rangement,Animaux acceptés,Chauffeur expérimenté,Boisson gratuite,Conduite souple,Confort,Sièges inclinables,Vue panoramique,Connectivité,Cuisine,Assistance bagages,Sport",Traveler,Bafia
1867,Bafoussam,"Musique,Conversation,Ponctualité,Chauffeur expérimenté,Navigation GPS,Cuisine,Vue panoramique,Climatisation,Silence,Connectivité,Conduite souple,Langue parlée,Ambiance chaleureuse,Espace de rangement,Wi-Fi gratuit",Traveler,Nkongsamba
1241,Muyuka,"Conversation,Assistance bagages,Langue parlée,Musique,Connectivité,Sièges inclinables,Chauffeur expérimenté,Animaux acceptés,Climatisation,Cuisine,Espace de rangement,Ambiance chaleureuse,Confort,Boisson gratuite,Wi-Fi gratuit",Planner,Kribi
1570,Bertoua,"Boisson gratuite,Espace de rangement,Musique,Animaux acceptés,Silence,Assistance bagages,Sièges inclinables,Langue parlée,Vue panoramique,Conduite souple,Ambiance chaleureuse,Confort,Wi-Fi gratuit,Conversation,Chauffeur expérimenté,Ponctualité,Climatisation,Cuisine",Traveler,Campo
1558,Bamenda,"Sièges inclinables,Espace de rangement,Langue parlée,Éclairage tamisé,Sport,Cuisine,Conversation,Vue panoramique,Ambiance chaleureuse,Animaux acceptés,Boisson gratuite,Conduite souple,Silence,Climatisation,Confort,Musique,Ponctualité,Assistance bagages,Wi-Fi gratuit,Connectivité,Chauffeur expérimenté",Planner,Bonanjo
1552,Yagoua,"Confort,Ambiance chaleureuse,Connectivité,Ponctualité,Espace de rangement,Musique",Traveler,Figuif
2759,Bali,"Sport,Boisson gratuite,Cuisine,Sièges inclinables",Planner,Mbouda
4717,Nanga-Eboko,"Musique,Wi-Fi gratuit,Chauffeur expérimenté,Éclairage tamisé,Conversation,Animaux acceptés,Langue parlée,Cuisine,Conduite souple,Silence",Traveler,Limbe
3690,Essos,Éclairage tamisé,Traveler,Bonabéri
281,Edéa,"Silence,Éclairage tamisé,Ponctualité,Assistance bagages,Navigation GPS,Vue panoramique,Boisson gratuite,Connectivité,Conversation,Animaux acceptés,Chauffeur expérimenté,Conduite souple,Ambiance chaleureuse,Langue parlée",Traveler,Douala
337,Belo,"Sièges inclinables,Cuisine,Langue parlée,Espace de rangement,Conduite souple,Confort,Assistance bagages,Éclairage tamisé,Ambiance chaleureuse",Traveler,Batibo
3347,Campo,"Boisson gratuite,Silence,Conduite souple,Sport,Espace de rangement,Ponctualité,Navigation GPS,Connectivité",Planner,Bandjoun
772,Melong,"Wi-Fi gratuit,Conversation,Langue parlée,Musique,Assistance bagages,Ambiance chaleureuse,Éclairage tamisé,Sport,Vue panoramique,Navigation GPS,Animaux acceptés,Confort,Connectivité,Cuisine,Ponctualité",Traveler,Melong
2750,Guider,"Langue parlée,Boisson gratuite,Musique,Connectivité,Vue panoramique,Confort,Conduite souple,Navigation GPS,Chauffeur expérimenté,Sièges inclinables,Climatisation,Espace de rangement,Ambiance chaleureuse,Ponctualité,Wi-Fi gratuit,Assistance bagages,Sport,Animaux acceptés,Éclairage tamisé,Silence,Conversation",Traveler,Fontem
947,Yaounde,"Animaux acceptés,Chauffeur expérimenté,Sport,Ambiance chaleureuse,Sièges inclinables,Connectivité,Vue panoramique",Planner,Guider
4004,Meiganga,"Vue panoramique,Animaux acceptés,Silence,Confort,Assistance bagages,Connectivité,Cuisine,Sièges inclinables,Boisson gratuite,Conversation,Langue parlée,Éclairage tamisé,Climatisation",Traveler,Nkongsamba
3284,Mokolo,"Conduite souple,Conversation,Espace de rangement,Boisson gratuite,Langue parlée,Éclairage tamisé,Wi-Fi gratuit,Vue panoramique,Confort,Ambiance chaleureuse,Connectivité,Cuisine,Animaux acceptés,Silence,Chauffeur expérimenté,Sport,Climatisation,Musique,Assistance bagages,Navigation GPS",Traveler,Belabo
1280,Belo,"Navigation GPS,Musique,Silence,Confort,Cuisine,Éclairage tamisé,Chauffeur expérimenté,Boisson gratuite,Espace de rangement,Conversation,Ambiance chaleureuse,Connectivité,Sièges inclinables,Wi-Fi gratuit,Conduite souple",Planner,Yaounde
2635,Bertoua,"Connectivité,Ponctualité,Ambiance chaleureuse,Conduite souple,Espace de rangement,Assistance bagages,Sièges inclinables,Conversation,Vue panoramique,Musique,Animaux acceptés,Sport,Silence,Langue parlée,Wi-Fi gratuit,Chauffeur expérimenté",Planner,Melong
2887,Essos,"Langue parlée,Musique,Chauffeur expérimenté,Sport,Confort,Navigation GPS,Wi-Fi gratuit,Conversation,Éclairage tamisé,Conduite souple",Planner,Essos
4661,Batibo,"Wi-Fi gratuit,Climatisation,Ambiance chaleureuse",Traveler,Belabo
4419,Muyuka,"Connectivité,Espace de rangement",Planner,Meiganga
4725,Guider,"Silence,Conversation,Espace de rangement,Animaux acceptés,Wi-Fi gratuit,Chauffeur expérimenté,Musique,Assistance bagages,Sport,Boisson gratuite,Langue parlée,Navigation GPS,Éclairage tamisé,Ambiance chaleureuse,Ponctualité,Sièges inclinables,Climatisation",Traveler,Bertoua
770,Messa,"Assistance bagages,Wi-Fi gratuit,Silence,Éclairage tamisé,Ambiance chaleureuse",Traveler,Muyuka
3302,Kousseri,"Ponctualité,Chauffeur expérimenté,Confort,Langue parlée,Climatisation,Conduite souple,Sièges inclinables,Conversation,Connectivité,Musique",Traveler,Bogo
1197,Campo,"Conversation,Connectivité,Langue parlée,Vue panoramique,Animaux acceptés,Chauffeur expérimenté,Conduite souple,Espace de rangement,Confort",Traveler,Beti
4423,Bonabéri,"Musique,Conduite souple,Confort,Vue panoramique,Ponctualité,Boisson gratuite,Sièges inclinables,Cuisine,Éclairage tamisé,Sport,Climatisation,Assistance bagages,Chauffeur expérimenté,Animaux acceptés,Navigation GPS,Wi-Fi gratuit,Silence,Conversation,Connectivité",Traveler,Mora
4631,Bertoua,"Conversation,Ponctualité,Climatisation,Sièges inclinables,Chauffeur expérimenté,Vue panoramique,Wi-Fi gratuit,Éclairage tamisé,Navigation GPS,Confort,Conduite souple,Boisson gratuite,Assistance bagages,Cuisine,Animaux acceptés,Espace de rangement,Musique,Langue parlée",Traveler,Nkongsamba
3258,Beti,"Silence,Animaux acceptés,Sièges inclinables,Assistance bagages,Musique,Boisson gratuite,Wi-Fi gratuit,Conversation,Ambiance chaleureuse,Confort,Navigation GPS",Traveler,Belabo
2320,Mbalmayo,"Boisson gratuite,Vue panoramique,Assistance bagages,Connectivité,Confort,Conversation,Langue parlée,Musique,Animaux acceptés,Ambiance chaleureuse,Climatisation",Traveler,Bertoua
1168,Essos,"Confort,Climatisation,Éclairage tamisé,Boisson gratuite,Espace de rangement,Silence,Ponctualité,Wi-Fi gratuit,Ambiance chaleureuse,Chauffeur expérimenté,Connectivité,Animaux acceptés,Navigation GPS,Langue parlée,Conduite souple",Traveler,Melong
1806,Yagoua,"Cuisine,Espace de rangement,Langue parlée,Vue panoramique,Éclairage tamisé",Traveler,Mora
1569,Banga Bakundu,"Connectivité,Confort,Musique,Conversation",Planner,Loum
1141,Bertoua,"Connectivité,Éclairage tamisé,Sièges inclinables,Chauffeur expérimenté,Animaux acceptés,Sport,Ambiance chaleureuse,Silence,Wi-Fi gratuit,Climatisation,Ponctualité,Boisson gratuite,Espace de rangement,Langue parlée,Musique,Conduite souple,Assistance bagages,Vue panoramique,Navigation GPS,Confort",Traveler,Bali
4397,Bamenda,"Animaux acceptés,Sport,Conversation,Silence,Ponctualité,Langue parlée,Ambiance chaleureuse,Espace de rangement,Wi-Fi gratuit,Chauffeur expérimenté,Éclairage tamisé,Musique,Confort,Navigation GPS,Cuisine",Planner,Meiganga
1288,Bonabéri,"Boisson gratuite,Conduite souple,Musique,Éclairage tamisé,Silence,Ponctualité,Conversation,Sièges inclinables,Confort,Connectivité,Vue panoramique,Wi-Fi gratuit,Navigation GPS,Chauffeur expérimenté,Assistance bagages,Cuisine,Animaux acceptés,Climatisation,Ambiance chaleureuse,Sport",Traveler,Banga Bakundu
1345,Mbandjock,"Espace de rangement,Musique",Traveler,Yaounde
1967,Bafang,"Éclairage tamisé,Animaux acceptés,Conversation,Navigation GPS,Assistance bagages,Connectivité,Boisson gratuite,Chauffeur expérimenté,Ambiance chaleureuse,Cuisine,Ponctualité,Musique,Conduite souple,Climatisation,Wi-Fi gratuit",Traveler,Douala
3878,Edéa,"Confort,Silence,Ponctualité,Conduite souple",Traveler,Bonaberi
4694,Figuif,"Espace de rangement,Sièges inclinables,Wi-Fi gratuit,Ambiance chaleureuse",Planner,Belo
4377,Bandjoun,"Navigation GPS,Animaux acceptés,Espace de rangement,Confort,Assistance bagages,Chauffeur expérimenté,Langue parlée,Climatisation,Vue panoramique,Connectivité,Ambiance chaleureuse",Traveler,Nkongsamba
3031,Meiganga,"Sièges inclinables,Navigation GPS,Conduite souple,Cuisine,Assistance bagages,Vue panoramique,Connectivité,Ambiance chaleureuse,Éclairage tamisé,Climatisation,Boisson gratuite,Conversation,Animaux acceptés,Ponctualité",Planner,Bonakouamouang
3766,Mutengene,"Langue parlée,Boisson gratuite,Silence,Navigation GPS,Conduite souple,Animaux acceptés,Vue panoramique",Planner,Bali
3939,Kumba,"Animaux acceptés,Connectivité,Silence",Planner,Yaounde
3726,Beti,"Ambiance chaleureuse,Assistance bagages,Navigation GPS,Cuisine,Silence,Animaux acceptés,Vue panoramique,Connectivité,Boisson gratuite",Planner,Messa
4682,Bafang,"Navigation GPS,Ponctualité,Sièges inclinables,Connectivité,Boisson gratuite,Climatisation",Planner,Bimbia
2297,Bertoua,"Ponctualité,Sièges inclinables,Wi-Fi gratuit,Cuisine,Vue panoramique,Espace de rangement,Sport,Conversation,Boisson gratuite,Ambiance chaleureuse,Silence,Musique,Climatisation,Conduite souple,Navigation GPS,Éclairage tamisé,Langue parlée",Traveler,Bafoussam
2832,Bimbia,Espace de rangement,Planner,Guider
3848,Kribi,"Ambiance chaleureuse,Conversation,Boisson gratuite,Langue parlée,Assistance bagages,Ponctualité",Planner,Mbandjock
1963,Mbouda,"Éclairage tamisé,Sport,Conversation,Vue panoramique,Assistance bagages,Ponctualité,Climatisation,Connectivité,Chauffeur expérimenté",Traveler,Gazawa
2195,Bali Nyonga,"Animaux acceptés,Chauffeur expérimenté",Traveler,Bafang
531,Bandjoun,"Ponctualité,Éclairage tamisé,Silence,Wi-Fi gratuit,Assistance bagages,Sport,Conduite souple,Ambiance chaleureuse,Navigation GPS,Sièges inclinables,Confort,Animaux acceptés,Conversation,Langue parlée,Climatisation,Musique,Vue panoramique,Connectivité,Chauffeur expérimenté,Boisson gratuite,Espace de rangement",Traveler,Messa
21,Mbalmayo,"Langue parlée,Navigation GPS",Traveler,Mora
2251,Bonamoussadi,"Espace de rangement,Boisson gratuite,Silence,Navigation GPS,Climatisation,Langue parlée,Ambiance chaleureuse,Wi-Fi gratuit,Assistance bagages",Planner,Guider
3614,Bonakouamouang,"Musique,Silence,Conduite souple,Boisson gratuite,Espace de rangement,Sport,Ponctualité,Éclairage tamisé,Langue parlée,Conversation,Sièges inclinables,Ambiance chaleureuse,Assistance bagages,Vue panoramique,Climatisation,Animaux acceptés,Chauffeur expérimenté,Wi-Fi gratuit,Navigation GPS",Planner,Mokolo
2517,Gazawa,"Boisson gratuite,Espace de rangement,Assistance bagages,Silence,Wi-Fi gratuit,Chauffeur expérimenté,Conduite souple,Sièges inclinables,Animaux acceptés,Navigation GPS,Ponctualité,Confort,Vue panoramique",Planner,Melong
1872,Bonaberi,"Éclairage tamisé,Animaux acceptés,Confort,Climatisation,Langue parlée,Cuisine,Ambiance chaleureuse,Connectivité",Traveler,Mbanga
2709,Bafang,"Sport,Ponctualité,Navigation GPS,Musique,Climatisation,Assistance bagages,Wi-Fi gratuit,Ambiance chaleureuse,Éclairage tamisé,Conversation,Boisson gratuite,Vue panoramique,Langue parlée,Conduite souple",Traveler,Bertoua
3210,Boutours,"Navigation GPS,Assistance bagages,Wi-Fi gratuit,Espace de rangement,Éclairage tamisé,Animaux acceptés,Confort,Connectivité,Chauffeur expérimenté,Boisson gratuite,Conversation,Musique,Ambiance chaleureuse",Planner,Yagoua
2572,Bafoussam,"Wi-Fi gratuit,Conversation,Boisson gratuite,Musique,Ambiance chaleureuse,Langue parlée,Conduite souple,Assistance bagages,Vue panoramique,Cuisine,Sport,Espace de rangement,Navigation GPS,Éclairage tamisé,Confort,Sièges inclinables,Climatisation,Connectivité,Silence,Animaux acceptés,Chauffeur expérimenté,Ponctualité",Traveler,Bonanjo
